month_key,fiscal_year,fiscal_month,fiscal_month_no,fiscal_quarter,channel_key,channel,division,department,actual_sales_dollars,actual_sales_units,actual_aur,actual_markdown_dollars,actual_shrink_dollars,actual_gross_margin_dollars,actual_gross_margin_pct,actual_bom_retail,actual_eom_retail,actual_receipts_retail,actual_receipts_cost
FY2024-01,2024,Feb,1,Q1,ECOM,Ecommerce,Baby,Accessories,17516.19,704.0,24.88,2139.4,70.24,9167.98,0.5234,47705.47,49266.34,21286.7,7613.95
FY2024-02,2024,Mar,2,Q1,ECOM,Ecommerce,Baby,Accessories,32599.54,1343.0,24.27,3738.99,130.73,16327.23,0.5008,49760.69,59654.71,46363.28,14870.26
FY2024-03,2024,Apr,3,Q1,ECOM,Ecommerce,Baby,Accessories,31721.7,1272.0,24.94,4313.81,126.66,15622.89,0.4925,66012.75,73886.91,44036.33,13495.24
FY2024-04,2024,May,4,Q2,ECOM,Ecommerce,Baby,Accessories,26947.23,1051.0,25.64,4584.85,126.89,12830.45,0.4761,79109.42,76941.11,29490.66,11224.54
FY2024-05,2024,Jun,5,Q2,ECOM,Ecommerce,Baby,Accessories,24472.97,998.0,24.52,3634.0,117.39,12034.45,0.4917,78109.66,58741.14,8855.84,2968.19
FY2024-06,2024,Jul,6,Q2,ECOM,Ecommerce,Baby,Accessories,20157.23,823.0,24.49,3030.37,88.32,9978.79,0.495,59006.56,60624.44,24893.8,8709.75
FY2024-07,2024,Aug,7,Q3,ECOM,Ecommerce,Baby,Accessories,21480.83,881.0,24.38,4216.28,76.52,9577.37,0.4459,61606.76,60038.4,24205.27,8219.68
FY2024-08,2024,Sep,8,Q3,ECOM,Ecommerce,Baby,Accessories,27587.78,1143.0,24.14,3360.12,105.59,13766.13,0.499,60455.83,52633.26,23230.92,7242.24
FY2024-09,2024,Oct,9,Q3,ECOM,Ecommerce,Baby,Accessories,27101.71,1128.0,24.03,4679.13,103.93,12310.02,0.4542,54841.81,72483.01,49525.97,17611.72
FY2024-10,2024,Nov,10,Q4,ECOM,Ecommerce,Baby,Accessories,32153.3,1310.0,24.54,5251.45,142.81,15954.38,0.4962,73961.61,108123.26,71709.21,26835.77
FY2024-11,2024,Dec,11,Q4,ECOM,Ecommerce,Baby,Accessories,40974.76,1649.0,24.85,4078.12,170.59,21641.84,0.5282,104106.87,79517.46,20634.06,5972.83
FY2024-12,2024,Jan,12,Q4,ECOM,Ecommerce,Baby,Accessories,15241.96,607.0,25.11,2617.32,73.26,7242.74,0.4752,81270.26,63337.72,0.0,0.0
FY2025-01,2025,Feb,1,Q1,ECOM,Ecommerce,Baby,Accessories,22955.74,922.0,24.9,2327.16,101.87,12020.89,0.5237,63105.26,53535.54,15815.05,5736.06
FY2025-02,2025,Mar,2,Q1,ECOM,Ecommerce,Baby,Accessories,30695.67,1219.0,25.18,5101.14,133.43,14664.82,0.4777,56160.67,66002.76,45772.33,17632.01
FY2025-03,2025,Apr,3,Q1,ECOM,Ecommerce,Baby,Accessories,34215.39,1322.0,25.88,5053.89,146.47,16908.26,0.4942,70779.39,95380.6,64016.96,22794.15
FY2025-04,2025,May,4,Q2,ECOM,Ecommerce,Baby,Accessories,31471.56,1255.0,25.08,4216.15,121.6,15797.57,0.502,99227.91,86081.45,22662.85,8651.34
FY2025-05,2025,Jun,5,Q2,ECOM,Ecommerce,Baby,Accessories,25101.45,1061.0,23.66,5009.13,117.72,11467.88,0.4569,87296.8,62566.5,5498.0,2031.89
FY2025-06,2025,Jul,6,Q2,ECOM,Ecommerce,Baby,Accessories,27221.03,1047.0,26.0,3569.92,110.47,13514.81,0.4965,60843.18,70091.24,40149.48,14064.66
FY2025-07,2025,Aug,7,Q3,ECOM,Ecommerce,Baby,Accessories,21310.62,858.0,24.84,4033.04,98.73,10107.4,0.4743,73411.45,71152.64,23183.58,8480.34
FY2025-08,2025,Sep,8,Q3,ECOM,Ecommerce,Baby,Accessories,23924.14,991.0,24.14,4761.59,95.64,10996.18,0.4596,70448.96,66023.78,24356.19,9385.23
FY2025-09,2025,Oct,9,Q3,ECOM,Ecommerce,Baby,Accessories,20685.9,811.0,25.51,5368.13,143.17,8908.84,0.4307,64535.46,90301.9,51963.64,18527.38
FY2025-10,2025,Nov,10,Q4,ECOM,Ecommerce,Baby,Accessories,43084.04,1764.0,24.42,6360.29,177.33,20844.95,0.4838,85617.08,108325.83,72330.41,26862.81
FY2025-11,2025,Dec,11,Q4,ECOM,Ecommerce,Baby,Accessories,40535.16,1635.0,24.79,5805.67,191.22,20752.24,0.512,119115.54,102819.74,30236.25,10121.9
FY2025-12,2025,Jan,12,Q4,ECOM,Ecommerce,Baby,Accessories,16378.49,644.0,25.43,2553.94,65.27,8118.17,0.4957,98100.48,79102.78,0.0,0.0
FY2026-01,2026,Feb,1,Q1,ECOM,Ecommerce,Baby,Accessories,27996.82,1088.0,25.73,4716.81,115.5,12826.99,0.4582,77869.38,71509.92,26469.67,10779.91
FY2026-02,2026,Mar,2,Q1,ECOM,Ecommerce,Baby,Accessories,29015.86,1203.0,24.12,5533.06,133.37,13820.91,0.4763,77533.25,84415.35,41564.39,14127.42
FY2026-03,2026,Apr,3,Q1,ECOM,Ecommerce,Baby,Accessories,43268.23,1790.0,24.17,4800.67,181.6,22554.19,0.5213,78081.6,109312.86,79481.76,23740.1
FY2026-04,2026,May,4,Q2,ECOM,Ecommerce,Baby,Accessories,36211.84,1512.0,23.95,5006.05,128.61,18237.91,0.5036,111668.78,106641.2,36318.92,13611.37
FY2026-05,2026,Jun,5,Q2,ECOM,Ecommerce,Baby,Accessories,32374.87,1316.0,24.6,5585.69,118.39,15338.73,0.4738,107309.42,74179.85,4949.38,1903.07
FY2026-06,2026,Jul,6,Q2,ECOM,Ecommerce,Baby,Accessories,31279.25,1230.0,25.43,5180.64,108.78,14531.85,0.4646,73792.34,77869.7,40646.03,14138.35
FY2024-01,2024,Feb,1,Q1,STORE,Retail Stores,Baby,Accessories,8237.49,306.0,26.92,1261.46,76.57,4046.91,0.4913,24094.06,24971.58,10453.04,3822.01
FY2024-02,2024,Mar,2,Q1,STORE,Retail Stores,Baby,Accessories,10923.03,456.0,23.95,1307.22,114.91,5819.11,0.5327,25131.15,28064.13,15278.14,5689.91
FY2024-03,2024,Apr,3,Q1,STORE,Retail Stores,Baby,Accessories,12664.85,506.0,25.03,1378.69,112.46,6743.61,0.5325,27379.05,38892.57,25669.52,8430.19
FY2024-04,2024,May,4,Q2,STORE,Retail Stores,Baby,Accessories,13146.35,510.0,25.78,1740.03,127.58,6551.78,0.4984,36139.03,35248.76,14123.69,4872.91
FY2024-05,2024,Jun,5,Q2,STORE,Retail Stores,Baby,Accessories,12382.11,497.0,24.91,1457.71,102.13,6348.89,0.5127,36002.06,25185.22,3125.11,1038.28
FY2024-06,2024,Jul,6,Q2,STORE,Retail Stores,Baby,Accessories,8881.1,349.0,25.45,1067.4,94.57,4663.76,0.5251,26595.98,26319.84,9766.93,3675.59
FY2024-07,2024,Aug,7,Q3,STORE,Retail Stores,Baby,Accessories,10062.0,414.0,24.3,1068.38,101.62,5372.09,0.5339,26609.1,30513.93,15136.83,5744.14
FY2024-08,2024,Sep,8,Q3,STORE,Retail Stores,Baby,Accessories,11710.33,454.0,25.79,1201.76,112.31,6214.57,0.5307,30428.32,23439.17,6035.25,2109.15
FY2024-09,2024,Oct,9,Q3,STORE,Retail Stores,Baby,Accessories,12804.4,509.0,25.16,1742.34,110.19,6257.87,0.4887,25119.18,33447.85,22985.6,7527.22
FY2024-10,2024,Nov,10,Q4,STORE,Retail Stores,Baby,Accessories,18433.35,742.0,24.84,1797.5,159.66,9784.42,0.5308,33593.95,47305.14,34101.7,12029.7
FY2024-11,2024,Dec,11,Q4,STORE,Retail Stores,Baby,Accessories,18041.84,746.0,24.18,2068.96,179.01,9441.25,0.5233,49451.93,37376.16,8214.04,3576.57
FY2024-12,2024,Jan,12,Q4,STORE,Retail Stores,Baby,Accessories,7217.42,294.0,24.55,1060.67,57.91,3566.18,0.4941,39322.83,30986.83,0.0,0.0
FY2025-01,2025,Feb,1,Q1,STORE,Retail Stores,Baby,Accessories,9240.59,364.0,25.39,1107.93,94.34,4830.38,0.5227,31151.66,26207.93,5499.13,1727.58
FY2025-02,2025,Mar,2,Q1,STORE,Retail Stores,Baby,Accessories,14694.13,596.0,24.65,1521.71,110.16,7755.08,0.5278,25918.21,28443.03,18850.82,6440.14
FY2025-03,2025,Apr,3,Q1,STORE,Retail Stores,Baby,Accessories,15111.06,629.0,24.02,2187.16,152.72,7487.43,0.4955,29539.47,46293.52,34204.99,13240.82
FY2025-04,2025,May,4,Q2,STORE,Retail Stores,Baby,Accessories,12772.91,541.0,23.61,1951.11,138.75,6416.02,0.5023,45417.02,43186.69,12632.44,4143.09
FY2025-05,2025,Jun,5,Q2,STORE,Retail Stores,Baby,Accessories,12544.26,485.0,25.86,1522.81,106.37,6529.73,0.5205,41837.76,28516.06,851.74,322.58
FY2025-06,2025,Jul,6,Q2,STORE,Retail Stores,Baby,Accessories,11032.04,444.0,24.85,1289.6,103.55,5780.2,0.5239,28542.68,30567.96,14450.47,5097.88
FY2025-07,2025,Aug,7,Q3,STORE,Retail Stores,Baby,Accessories,11976.3,498.0,24.05,1568.62,118.55,6056.39,0.5057,30680.36,31959.93,14943.04,5996.36
FY2025-08,2025,Sep,8,Q3,STORE,Retail Stores,Baby,Accessories,11222.82,447.0,25.11,1440.42,102.86,5859.23,0.5221,32922.67,29209.74,9053.17,3067.56
FY2025-09,2025,Oct,9,Q3,STORE,Retail Stores,Baby,Accessories,11524.92,455.0,25.33,1484.25,98.62,6056.29,0.5255,28042.44,36316.72,21382.07,7459.12
FY2025-10,2025,Nov,10,Q4,STORE,Retail Stores,Baby,Accessories,19658.43,773.0,25.43,1661.3,186.19,10828.14,0.5508,37211.83,50067.37,34361.46,15113.65
FY2025-11,2025,Dec,11,Q4,STORE,Retail Stores,Baby,Accessories,19259.0,787.0,24.47,1950.51,155.33,10387.28,0.5393,56731.02,44124.18,8758.0,2851.79
FY2025-12,2025,Jan,12,Q4,STORE,Retail Stores,Baby,Accessories,8847.76,354.0,24.99,979.96,88.44,4566.58,0.5161,43909.32,33993.16,0.0,0.0
FY2026-01,2026,Feb,1,Q1,STORE,Retail Stores,Baby,Accessories,9935.03,394.0,25.22,1782.18,128.08,4728.2,0.4759,35009.72,31407.0,8242.57,2995.74
FY2026-02,2026,Mar,2,Q1,STORE,Retail Stores,Baby,Accessories,16778.31,657.0,25.54,1869.75,143.23,8833.11,0.5265,31201.68,35089.89,22679.5,8407.52
FY2026-03,2026,Apr,3,Q1,STORE,Retail Stores,Baby,Accessories,18336.05,703.0,26.08,2011.11,192.69,9749.34,0.5317,37569.44,50429.14,33399.55,14877.57
FY2026-04,2026,May,4,Q2,STORE,Retail Stores,Baby,Accessories,16111.18,657.0,24.52,1855.22,155.23,8547.66,0.5305,55227.64,48901.43,11795.42,3706.62
FY2026-05,2026,Jun,5,Q2,STORE,Retail Stores,Baby,Accessories,14003.25,566.0,24.74,1376.42,142.26,7692.05,0.5493,47462.56,35134.62,3193.99,1194.06
FY2026-06,2026,Jul,6,Q2,STORE,Retail Stores,Baby,Accessories,13363.84,532.0,25.12,1475.2,115.27,7037.13,0.5266,34077.8,36188.77,17065.28,5757.76
FY2024-01,2024,Feb,1,Q1,WHSL,Wholesale,Baby,Accessories,11318.19,589.0,19.22,345.69,15.0,5147.66,0.4548,14581.11,19140.98,16238.75,9622.22
FY2024-02,2024,Mar,2,Q1,WHSL,Wholesale,Baby,Accessories,13344.53,707.0,18.87,253.02,12.8,6139.42,0.4601,15010.1,8796.69,7396.94,3658.41
FY2024-03,2024,Apr,3,Q1,WHSL,Wholesale,Baby,Accessories,5829.24,310.0,18.8,99.39,7.52,2697.42,0.4627,9594.76,5827.6,2168.99,1202.0
FY2024-04,2024,May,4,Q2,WHSL,Wholesale,Baby,Accessories,5243.36,272.0,19.28,91.53,6.05,2419.8,0.4615,6033.27,5698.32,5005.99,2214.46
FY2024-05,2024,Jun,5,Q2,WHSL,Wholesale,Baby,Accessories,10456.28,547.0,19.12,194.84,14.33,4860.85,0.4649,5153.83,10104.3,15615.92,8990.7
FY2024-06,2024,Jul,6,Q2,WHSL,Wholesale,Baby,Accessories,12329.11,632.0,19.51,305.13,13.42,5625.74,0.4563,9568.59,13361.08,16440.15,8607.54
FY2024-07,2024,Aug,7,Q3,WHSL,Wholesale,Baby,Accessories,6730.77,363.0,18.54,149.26,8.04,3078.42,0.4574,13003.69,6115.62,0.0,0.0
FY2024-08,2024,Sep,8,Q3,WHSL,Wholesale,Baby,Accessories,10188.38,555.0,18.36,167.94,9.53,4712.44,0.4625,6289.8,6967.47,11043.52,4610.81
FY2024-09,2024,Oct,9,Q3,WHSL,Wholesale,Baby,Accessories,13925.79,786.0,17.72,340.31,11.87,6329.27,0.4545,7354.12,13349.62,20273.47,10035.95
FY2024-10,2024,Nov,10,Q4,WHSL,Wholesale,Baby,Accessories,8449.33,446.0,18.94,169.47,9.54,3877.17,0.4589,13069.16,7599.68,3158.86,1649.6
FY2024-11,2024,Dec,11,Q4,WHSL,Wholesale,Baby,Accessories,5627.88,268.0,21.0,87.82,5.19,2610.29,0.4638,8171.6,4118.72,1668.01,896.23
FY2024-12,2024,Jan,12,Q4,WHSL,Wholesale,Baby,Accessories,6274.97,336.0,18.68,141.77,6.55,2861.34,0.456,4380.28,5818.04,7861.05,3969.89
FY2025-01,2025,Feb,1,Q1,WHSL,Wholesale,Baby,Accessories,18929.47,1010.0,18.74,358.35,20.11,8695.27,0.4594,5764.64,15876.78,29420.07,15175.41
FY2025-02,2025,Mar,2,Q1,WHSL,Wholesale,Baby,Accessories,14429.6,739.0,19.53,289.0,15.53,6632.28,0.4596,17684.94,11627.44,8676.63,4479.86
FY2025-03,2025,Apr,3,Q1,WHSL,Wholesale,Baby,Accessories,7445.22,383.0,19.44,161.74,7.33,3395.51,0.4561,11965.54,5903.25,1552.0,935.07
FY2025-04,2025,May,4,Q2,WHSL,Wholesale,Baby,Accessories,6531.85,335.0,19.5,121.14,6.3,3002.14,0.4596,6897.55,5205.01,4966.75,2803.85
FY2025-05,2025,Jun,5,Q2,WHSL,Wholesale,Baby,Accessories,15104.62,775.0,19.49,311.31,16.56,6918.71,0.4581,6108.21,10109.25,19433.53,9336.06
FY2025-06,2025,Jul,6,Q2,WHSL,Wholesale,Baby,Accessories,14449.57,764.0,18.91,230.75,15.39,6724.37,0.4654,11132.88,17233.02,20795.85,9555.08
FY2025-07,2025,Aug,7,Q3,WHSL,Wholesale,Baby,Accessories,7583.8,392.0,19.35,186.29,9.44,3449.7,0.4549,16109.96,8330.43,0.0,0.0
FY2025-08,2025,Sep,8,Q3,WHSL,Wholesale,Baby,Accessories,10811.38,580.0,18.64,232.41,12.96,4960.15,0.4588,8550.3,8273.58,10780.03,5641.49
FY2025-09,2025,Oct,9,Q3,WHSL,Wholesale,Baby,Accessories,11851.25,611.0,19.4,389.54,15.89,5343.17,0.4509,8389.45,19001.78,22869.01,10921.17
FY2025-10,2025,Nov,10,Q4,WHSL,Wholesale,Baby,Accessories,9027.66,456.0,19.8,203.96,6.24,4126.76,0.4571,14741.29,8776.02,3272.59,1872.49
FY2025-11,2025,Dec,11,Q4,WHSL,Wholesale,Baby,Accessories,6078.17,305.0,19.93,136.68,6.73,2788.49,0.4588,9256.75,5276.05,2240.88,1212.39
FY2025-12,2025,Jan,12,Q4,WHSL,Wholesale,Baby,Accessories,7331.44,382.0,19.19,127.34,7.18,3382.11,0.4613,5018.62,6393.96,8841.3,4941.25
FY2026-01,2026,Feb,1,Q1,WHSL,Wholesale,Baby,Accessories,18035.45,977.0,18.46,496.94,19.83,8200.63,0.4547,7047.01,16822.11,28327.32,16560.24
FY2026-02,2026,Mar,2,Q1,WHSL,Wholesale,Baby,Accessories,14610.71,804.0,18.17,417.33,15.35,6640.34,0.4545,19293.55,14188.88,9938.72,5418.62
FY2026-03,2026,Apr,3,Q1,WHSL,Wholesale,Baby,Accessories,8365.29,418.0,20.01,171.29,8.17,3835.36,0.4585,12656.36,7122.42,3010.81,1935.66
FY2026-04,2026,May,4,Q2,WHSL,Wholesale,Baby,Accessories,7654.24,394.0,19.43,134.71,7.11,3523.66,0.4604,7899.47,6021.11,5917.7,2824.88
FY2026-05,2026,Jun,5,Q2,WHSL,Wholesale,Baby,Accessories,15966.74,806.0,19.81,312.58,19.6,7377.75,0.4621,6618.1,13937.19,23618.01,11974.93
FY2026-06,2026,Jul,6,Q2,WHSL,Wholesale,Baby,Accessories,17603.14,890.0,19.78,423.57,20.83,8041.47,0.4568,14267.87,20630.08,24409.75,12409.09
FY2024-01,2024,Feb,1,Q1,ECOM,Ecommerce,Baby,Rompers,43476.5,888.0,48.96,5924.65,196.23,22070.89,0.5077,131186.67,126994.85,45405.56,17221.07
FY2024-02,2024,Mar,2,Q1,ECOM,Ecommerce,Baby,Rompers,61276.06,1273.0,48.14,11331.4,233.59,28510.04,0.4653,129015.48,153666.07,97491.64,32451.31
FY2024-03,2024,Apr,3,Q1,ECOM,Ecommerce,Baby,Rompers,62805.7,1310.0,47.94,8957.29,248.34,32341.82,0.515,146720.1,206264.68,131555.91,53058.3
FY2024-04,2024,May,4,Q2,ECOM,Ecommerce,Baby,Rompers,56216.96,1144.0,49.14,9068.4,284.68,28132.19,0.5004,215755.38,202911.89,52726.55,17754.16
FY2024-05,2024,Jun,5,Q2,ECOM,Ecommerce,Baby,Rompers,53294.04,1077.0,49.48,7586.64,257.21,27794.54,0.5215,193079.99,146473.68,14531.58,4693.18
FY2024-06,2024,Jul,6,Q2,ECOM,Ecommerce,Baby,Rompers,46047.54,931.0,49.46,8475.86,220.5,21981.08,0.4774,134472.56,161661.75,81933.09,30436.91
FY2024-07,2024,Aug,7,Q3,ECOM,Ecommerce,Baby,Rompers,46125.31,991.0,46.54,7280.3,235.31,22980.22,0.4982,156490.09,153802.15,50952.98,19423.67
FY2024-08,2024,Sep,8,Q3,ECOM,Ecommerce,Baby,Rompers,50943.9,1105.0,46.1,11962.51,236.88,21951.58,0.4309,150161.27,143857.86,56839.88,21936.13
FY2024-09,2024,Oct,9,Q3,ECOM,Ecommerce,Baby,Rompers,58743.24,1241.0,47.34,9389.62,269.66,28609.56,0.487,138173.37,179547.24,109776.39,38402.41
FY2024-10,2024,Nov,10,Q4,ECOM,Ecommerce,Baby,Rompers,80017.54,1676.0,47.74,10909.39,363.32,41067.97,0.5132,166937.53,241345.24,165697.96,63207.33
FY2024-11,2024,Dec,11,Q4,ECOM,Ecommerce,Baby,Rompers,100219.77,2073.0,48.35,16412.58,388.56,47286.71,0.4718,234843.31,210186.65,92364.25,40842.69
FY2024-12,2024,Jan,12,Q4,ECOM,Ecommerce,Baby,Rompers,38912.58,879.0,44.27,5582.17,151.65,19330.63,0.4968,223121.92,178475.52,0.0,0.0
FY2025-01,2025,Feb,1,Q1,ECOM,Ecommerce,Baby,Rompers,54840.05,1161.0,47.24,6843.8,284.93,28006.4,0.5107,178959.27,145482.68,28492.19,8641.72
FY2025-02,2025,Mar,2,Q1,ECOM,Ecommerce,Baby,Rompers,74500.15,1593.0,46.77,14551.36,290.9,33311.09,0.4471,144087.07,163241.0,108496.34,36198.85
FY2025-03,2025,Apr,3,Q1,ECOM,Ecommerce,Baby,Rompers,80732.23,1717.0,47.02,12161.46,351.96,39554.38,0.4899,167717.54,214879.46,140407.57,47523.29
FY2025-04,2025,May,4,Q2,ECOM,Ecommerce,Baby,Rompers,88155.02,1797.0,49.06,7921.38,312.56,47015.28,0.5333,228517.04,213416.39,81288.31,26291.76
FY2025-05,2025,Jun,5,Q2,ECOM,Ecommerce,Baby,Rompers,68171.75,1398.0,48.76,11760.66,239.48,31819.74,0.4668,223995.7,145394.17,1570.36,676.49
FY2025-06,2025,Jul,6,Q2,ECOM,Ecommerce,Baby,Rompers,52610.13,1098.0,47.91,7913.5,235.75,26304.67,0.5,148879.68,150796.32,62676.02,25845.85
FY2025-07,2025,Aug,7,Q3,ECOM,Ecommerce,Baby,Rompers,57117.1,1178.0,48.49,10159.85,214.99,27219.42,0.4766,153913.16,185251.78,98830.56,35083.57
FY2025-08,2025,Sep,8,Q3,ECOM,Ecommerce,Baby,Rompers,67193.99,1408.0,47.72,9966.71,233.84,33050.06,0.4919,185594.13,153229.73,45030.14,18484.92
FY2025-09,2025,Oct,9,Q3,ECOM,Ecommerce,Baby,Rompers,57535.06,1296.0,44.39,7893.04,247.32,30329.08,0.5271,161090.21,210267.09,114852.3,47160.29
FY2025-10,2025,Nov,10,Q4,ECOM,Ecommerce,Baby,Rompers,95330.83,1886.0,50.55,14711.38,366.89,46985.0,0.4929,204102.95,262779.15,169085.3,58511.81
FY2025-11,2025,Dec,11,Q4,ECOM,Ecommerce,Baby,Rompers,114448.76,2360.0,48.5,17345.52,462.92,54953.79,0.4802,274692.76,241834.95,99399.39,29995.23
FY2025-12,2025,Jan,12,Q4,ECOM,Ecommerce,Baby,Rompers,39478.79,849.0,46.5,5750.99,179.86,20127.65,0.5098,240127.52,194717.88,0.0,0.0
FY2026-01,2026,Feb,1,Q1,ECOM,Ecommerce,Baby,Rompers,48517.31,948.0,51.18,7270.53,224.55,24222.74,0.4993,190039.68,148006.89,13979.6,5363.74
FY2026-02,2026,Mar,2,Q1,ECOM,Ecommerce,Baby,Rompers,73055.62,1491.0,49.0,13541.01,271.42,33572.73,0.4596,146827.3,162429.92,102470.67,39399.08
FY2026-03,2026,Apr,3,Q1,ECOM,Ecommerce,Baby,Rompers,87892.4,1692.0,51.95,9487.03,294.97,46408.71,0.528,165006.07,226886.31,159554.64,66876.69
FY2026-04,2026,May,4,Q2,ECOM,Ecommerce,Baby,Rompers,86319.97,1816.0,47.53,11377.68,331.64,42798.86,0.4958,244029.63,220635.76,74635.42,27276.81
FY2026-05,2026,Jun,5,Q2,ECOM,Ecommerce,Baby,Rompers,69906.91,1411.0,49.54,10068.12,267.27,34832.63,0.4983,233737.86,170756.45,17260.89,5631.32
FY2026-06,2026,Jul,6,Q2,ECOM,Ecommerce,Baby,Rompers,56610.04,1190.0,47.57,8204.68,231.36,28601.3,0.5052,167612.1,171998.96,69432.94,27613.25
FY2024-01,2024,Feb,1,Q1,STORE,Retail Stores,Baby,Rompers,19678.28,433.0,45.45,1817.84,180.58,10811.11,0.5494,56205.09,58227.47,23699.08,9029.14
FY2024-02,2024,Mar,2,Q1,STORE,Retail Stores,Baby,Rompers,26745.12,568.0,47.09,3512.74,299.42,13878.98,0.5189,57916.86,67037.99,39678.41,14437.53
FY2024-03,2024,Apr,3,Q1,STORE,Retail Stores,Baby,Rompers,34505.85,723.0,47.73,2489.01,267.92,19412.9,0.5626,64257.94,85924.6,58929.44,22036.34
FY2024-04,2024,May,4,Q2,STORE,Retail Stores,Baby,Rompers,26503.42,543.0,48.81,2697.25,368.83,14608.38,0.5512,91922.54,90391.87,28038.83,8752.2
FY2024-05,2024,Jun,5,Q2,STORE,Retail Stores,Baby,Rompers,28421.7,616.0,46.14,4175.54,288.54,14000.27,0.4926,86815.37,66653.38,12723.79,4330.31
FY2024-06,2024,Jul,6,Q2,STORE,Retail Stores,Baby,Rompers,22621.08,466.0,48.54,2701.28,205.24,11887.08,0.5255,67631.06,69758.89,27655.43,11252.18
FY2024-07,2024,Aug,7,Q3,STORE,Retail Stores,Baby,Rompers,21170.14,416.0,50.89,2274.35,220.61,11593.53,0.5476,69949.38,73607.31,27323.03,8977.97
FY2024-08,2024,Sep,8,Q3,STORE,Retail Stores,Baby,Rompers,25482.03,557.0,45.75,3258.79,288.12,13204.14,0.5182,70019.7,63004.34,22013.58,9189.94
FY2024-09,2024,Oct,9,Q3,STORE,Retail Stores,Baby,Rompers,26283.05,526.0,49.97,3280.06,293.68,13758.26,0.5235,64219.78,82900.16,48537.17,19364.3
FY2024-10,2024,Nov,10,Q4,STORE,Retail Stores,Baby,Rompers,37877.4,818.0,46.3,4649.09,323.02,19743.34,0.5212,81137.67,116165.16,77877.0,29418.33
FY2024-11,2024,Dec,11,Q4,STORE,Retail Stores,Baby,Rompers,36076.57,739.0,48.82,5174.37,444.7,18688.83,0.518,117301.17,112920.22,37314.69,11685.76
FY2024-12,2024,Jan,12,Q4,STORE,Retail Stores,Baby,Rompers,17361.78,357.0,48.63,1844.85,153.02,9334.82,0.5377,102525.3,83165.65,0.0,0.0
FY2025-01,2025,Feb,1,Q1,STORE,Retail Stores,Baby,Rompers,22259.42,462.0,48.18,1847.75,220.7,12543.58,0.5635,82341.47,73719.11,15705.51,5974.45
FY2025-02,2025,Mar,2,Q1,STORE,Retail Stores,Baby,Rompers,29681.44,621.0,47.8,3593.15,306.72,15711.72,0.5293,71513.53,73225.61,35293.39,13308.86
FY2025-03,2025,Apr,3,Q1,STORE,Retail Stores,Baby,Rompers,32597.97,675.0,48.29,4641.82,384.95,16778.55,0.5147,70003.27,116223.0,83844.47,29336.11
FY2025-04,2025,May,4,Q2,STORE,Retail Stores,Baby,Rompers,31007.11,649.0,47.78,3835.53,325.63,16341.76,0.527,109395.36,107740.06,33512.97,12050.74
FY2025-05,2025,Jun,5,Q2,STORE,Retail Stores,Baby,Rompers,30466.73,612.0,49.78,3854.06,256.39,15644.68,0.5135,102376.85,68352.49,552.82,220.36
FY2025-06,2025,Jul,6,Q2,STORE,Retail Stores,Baby,Rompers,21969.66,473.0,46.45,1870.83,282.39,12651.77,0.5759,69257.63,78972.54,33837.79,12348.06
FY2025-07,2025,Aug,7,Q3,STORE,Retail Stores,Baby,Rompers,27135.44,535.0,50.72,4682.44,280.42,12805.09,0.4719,76359.83,82090.21,37828.68,14452.32
FY2025-08,2025,Sep,8,Q3,STORE,Retail Stores,Baby,Rompers,27519.63,575.0,47.86,3248.77,292.51,14632.71,0.5317,84605.54,74775.25,21230.62,8173.55
FY2025-09,2025,Oct,9,Q3,STORE,Retail Stores,Baby,Rompers,30574.63,653.0,46.82,3537.81,257.27,16182.97,0.5293,73283.72,100460.55,61546.54,20505.46
FY2025-10,2025,Nov,10,Q4,STORE,Retail Stores,Baby,Rompers,47035.62,977.0,48.14,5617.46,403.48,24511.17,0.5211,95164.65,121843.79,79735.7,31006.66
FY2025-11,2025,Dec,11,Q4,STORE,Retail Stores,Baby,Rompers,46669.29,980.0,47.62,7405.92,431.74,22779.55,0.4881,128991.52,116160.01,41675.44,14222.41
FY2025-12,2025,Jan,12,Q4,STORE,Retail Stores,Baby,Rompers,16836.61,341.0,49.37,2299.17,166.78,8815.2,0.5236,116212.53,96909.97,0.0,0.0
FY2026-01,2026,Feb,1,Q1,STORE,Retail Stores,Baby,Rompers,26444.8,557.0,47.48,2546.56,212.51,14170.61,0.5359,93987.27,66936.78,2153.38,864.23
FY2026-02,2026,Mar,2,Q1,STORE,Retail Stores,Baby,Rompers,32898.43,700.0,47.0,3417.52,389.87,17807.67,0.5413,69634.87,81100.5,48171.45,16897.38
FY2026-03,2026,Apr,3,Q1,STORE,Retail Stores,Baby,Rompers,39580.97,814.0,48.63,4774.46,378.67,20463.62,0.517,77991.03,109610.82,76353.89,22513.99
FY2026-04,2026,May,4,Q2,STORE,Retail Stores,Baby,Rompers,30230.77,634.0,47.68,4633.04,346.91,15255.33,0.5046,106482.09,102258.75,30987.38,12778.27
FY2026-05,2026,Jun,5,Q2,STORE,Retail Stores,Baby,Rompers,32092.99,679.0,47.27,5475.61,347.5,15049.07,0.4689,101063.42,73474.02,10326.7,3597.24
FY2026-06,2026,Jul,6,Q2,STORE,Retail Stores,Baby,Rompers,25061.42,503.0,49.82,3658.78,298.27,12675.55,0.5058,75683.91,77358.67,30693.23,11154.96
FY2024-01,2024,Feb,1,Q1,WHSL,Wholesale,Baby,Rompers,35993.94,1005.0,35.81,709.49,43.89,16554.44,0.4599,35052.22,35761.46,37456.56,20524.02
FY2024-02,2024,Mar,2,Q1,WHSL,Wholesale,Baby,Rompers,27098.82,725.0,37.38,463.53,31.04,12583.62,0.4644,35786.09,26436.53,18243.83,10513.41
FY2024-03,2024,Apr,3,Q1,WHSL,Wholesale,Baby,Rompers,12205.18,310.0,39.37,314.58,15.42,5582.92,0.4574,24651.58,16692.22,4575.82,2284.65
FY2024-04,2024,May,4,Q2,WHSL,Wholesale,Baby,Rompers,12491.17,328.0,38.08,219.83,11.91,5777.81,0.4626,14664.81,13608.99,11667.09,5740.91
FY2024-05,2024,Jun,5,Q2,WHSL,Wholesale,Baby,Rompers,27867.12,771.0,36.14,719.75,38.22,12729.99,0.4568,12999.4,23902.26,39527.95,22928.32
FY2024-06,2024,Jul,6,Q2,WHSL,Wholesale,Baby,Rompers,31723.31,873.0,36.34,780.31,31.26,14461.33,0.4559,24999.44,36903.75,44439.19,23730.48
FY2024-07,2024,Aug,7,Q3,WHSL,Wholesale,Baby,Rompers,14822.01,411.0,36.06,246.08,18.66,6891.75,0.465,33494.16,18407.41,0.0,0.0
FY2024-08,2024,Sep,8,Q3,WHSL,Wholesale,Baby,Rompers,22042.22,591.0,37.3,509.38,22.52,10110.64,0.4587,17037.14,22389.75,27926.73,12423.27
FY2024-09,2024,Oct,9,Q3,WHSL,Wholesale,Baby,Rompers,29982.46,785.0,38.19,491.22,30.03,13928.8,0.4646,18546.59,31466.19,43423.31,26746.62
FY2024-10,2024,Nov,10,Q4,WHSL,Wholesale,Baby,Rompers,20768.43,552.0,37.62,417.64,19.54,9524.02,0.4586,32078.92,16948.74,6075.43,3669.22
FY2024-11,2024,Dec,11,Q4,WHSL,Wholesale,Baby,Rompers,13470.23,363.0,37.11,319.65,12.3,6146.18,0.4563,19145.58,11036.17,5692.77,2682.65
FY2024-12,2024,Jan,12,Q4,WHSL,Wholesale,Baby,Rompers,13691.12,383.0,35.75,331.09,14.31,6246.21,0.4562,10999.25,14447.1,17484.37,9461.8
FY2025-01,2025,Feb,1,Q1,WHSL,Wholesale,Baby,Rompers,37995.26,996.0,38.15,980.67,47.48,17322.71,0.4559,14196.92,36393.39,61219.88,32858.82
FY2025-02,2025,Mar,2,Q1,WHSL,Wholesale,Baby,Rompers,30067.97,840.0,35.8,874.76,31.25,13649.54,0.454,40003.76,33749.29,24719.51,12707.32
FY2025-03,2025,Apr,3,Q1,WHSL,Wholesale,Baby,Rompers,14901.57,395.0,37.73,432.25,17.34,6743.6,0.4525,28537.41,17737.2,4550.95,1747.6
FY2025-04,2025,May,4,Q2,WHSL,Wholesale,Baby,Rompers,15849.66,425.0,37.29,269.03,13.64,7301.93,0.4607,16294.12,11031.26,10869.47,5454.01
FY2025-05,2025,Jun,5,Q2,WHSL,Wholesale,Baby,Rompers,32341.54,849.0,38.09,781.79,33.46,14790.98,0.4573,13430.6,29389.58,49115.77,23619.34
FY2025-06,2025,Jul,6,Q2,WHSL,Wholesale,Baby,Rompers,33743.63,914.0,36.92,794.45,38.16,15457.73,0.4581,27606.06,38313.23,45283.41,22247.61
FY2025-07,2025,Aug,7,Q3,WHSL,Wholesale,Baby,Rompers,16909.17,458.0,36.92,458.72,19.05,7687.65,0.4546,35978.87,20626.16,2034.23,911.91
FY2025-08,2025,Sep,8,Q3,WHSL,Wholesale,Baby,Rompers,26951.82,758.0,35.56,515.5,28.51,12429.31,0.4612,18990.16,21126.19,29631.86,16749.96
FY2025-09,2025,Oct,9,Q3,WHSL,Wholesale,Baby,Rompers,36897.33,962.0,38.35,1004.81,33.67,16677.26,0.452,22816.06,39525.4,54645.15,25751.89
FY2025-10,2025,Nov,10,Q4,WHSL,Wholesale,Baby,Rompers,24930.97,659.0,37.83,490.75,28.21,11430.53,0.4585,35914.5,22095.56,11630.99,5097.39
FY2025-11,2025,Dec,11,Q4,WHSL,Wholesale,Baby,Rompers,16040.86,444.0,36.13,474.33,15.07,7216.63,0.4499,22732.13,12328.44,6126.57,3004.57
FY2025-12,2025,Jan,12,Q4,WHSL,Wholesale,Baby,Rompers,17250.56,450.0,38.33,307.5,18.53,7957.92,0.4613,12846.87,15816.38,20546.1,8645.15
FY2026-01,2026,Feb,1,Q1,WHSL,Wholesale,Baby,Rompers,40092.5,1119.0,35.83,1181.66,49.32,18095.65,0.4513,15664.78,38348.57,64007.27,39813.01
FY2026-02,2026,Mar,2,Q1,WHSL,Wholesale,Baby,Rompers,37596.17,1017.0,36.97,649.35,39.77,17355.75,0.4616,39294.96,25771.51,24761.84,12080.42
FY2026-03,2026,Apr,3,Q1,WHSL,Wholesale,Baby,Rompers,16394.14,448.0,36.59,419.56,12.95,7455.43,0.4548,28292.4,15967.91,4502.16,2393.16
FY2026-04,2026,May,4,Q2,WHSL,Wholesale,Baby,Rompers,13595.05,358.0,37.98,363.63,13.97,6186.51,0.4551,16071.56,15423.88,13324.97,6998.15
FY2026-05,2026,Jun,5,Q2,WHSL,Wholesale,Baby,Rompers,35409.73,977.0,36.24,852.82,40.26,16177.7,0.4569,13978.62,27838.28,50162.47,26176.55
FY2026-06,2026,Jul,6,Q2,WHSL,Wholesale,Baby,Rompers,37986.63,1020.0,37.24,535.69,43.1,17697.06,0.4659,28289.1,38549.35,48825.67,27813.99
FY2024-01,2024,Feb,1,Q1,ECOM,Ecommerce,Baby,Sets,25512.41,436.0,58.51,3553.55,92.69,12395.3,0.4859,71456.89,63169.55,20871.31,7539.34
FY2024-02,2024,Mar,2,Q1,ECOM,Ecommerce,Baby,Sets,33228.1,549.0,60.52,3886.39,136.6,17256.63,0.5193,68111.89,71325.54,40464.74,13587.83
FY2024-03,2024,Apr,3,Q1,ECOM,Ecommerce,Baby,Sets,34099.3,587.0,58.09,5463.39,146.53,16867.62,0.4947,73701.99,114774.47,80781.7,29878.45
FY2024-04,2024,May,4,Q2,ECOM,Ecommerce,Baby,Sets,28602.75,494.0,57.9,5631.52,148.3,13296.7,0.4649,113068.0,95070.27,16384.84,5035.33
FY2024-05,2024,Jun,5,Q2,ECOM,Ecommerce,Baby,Sets,28618.49,502.0,57.01,3324.55,139.68,15220.07,0.5318,91357.56,69930.45,10655.61,3315.71
FY2024-06,2024,Jul,6,Q2,ECOM,Ecommerce,Baby,Sets,27755.29,477.0,58.19,3184.48,137.42,14159.34,0.5101,67068.93,63640.86,27649.12,11262.85
FY2024-07,2024,Aug,7,Q3,ECOM,Ecommerce,Baby,Sets,24870.3,420.0,59.22,3537.66,126.92,12583.17,0.506,67978.85,77351.85,37907.88,14676.05
FY2024-08,2024,Sep,8,Q3,ECOM,Ecommerce,Baby,Sets,28477.87,480.0,59.33,4049.49,116.08,14177.13,0.4978,75789.25,61072.55,17926.74,6756.05
FY2024-09,2024,Oct,9,Q3,ECOM,Ecommerce,Baby,Sets,29292.82,513.0,57.1,5344.46,123.33,13547.19,0.4625,63874.78,79745.96,50631.79,19560.64
FY2024-10,2024,Nov,10,Q4,ECOM,Ecommerce,Baby,Sets,43382.54,715.0,60.67,5758.3,202.15,22079.93,0.509,83307.25,129698.99,95734.73,33150.56
FY2024-11,2024,Dec,11,Q4,ECOM,Ecommerce,Baby,Sets,46684.87,764.0,61.11,5105.86,199.43,24892.69,0.5332,131916.7,105027.59,25101.05,10207.42
FY2024-12,2024,Jan,12,Q4,ECOM,Ecommerce,Baby,Sets,19184.59,321.0,59.77,2327.89,64.22,9928.86,0.5175,105576.65,83999.95,0.0,0.0
FY2025-01,2025,Feb,1,Q1,ECOM,Ecommerce,Baby,Sets,22334.07,380.0,58.77,3155.46,126.37,11498.35,0.5148,84134.66,77779.59,19260.83,8182.6
FY2025-02,2025,Mar,2,Q1,ECOM,Ecommerce,Baby,Sets,33433.35,546.0,61.23,4957.85,145.44,16964.42,0.5074,76781.13,87873.3,49628.81,17396.52
FY2025-03,2025,Apr,3,Q1,ECOM,Ecommerce,Baby,Sets,34743.67,587.0,59.19,4582.06,170.67,18463.8,0.5314,86468.76,121684.65,74712.29,24844.08
FY2025-04,2025,May,4,Q2,ECOM,Ecommerce,Baby,Sets,38764.21,676.0,57.34,4539.03,153.04,20302.33,0.5237,111863.04,123748.9,55342.14,18474.53
FY2025-05,2025,Jun,5,Q2,ECOM,Ecommerce,Baby,Sets,32805.16,534.0,61.43,4818.71,139.36,16424.45,0.5007,118290.66,80527.43,0.0,0.0
FY2025-06,2025,Jul,6,Q2,ECOM,Ecommerce,Baby,Sets,26311.59,468.0,56.22,3478.69,112.23,13618.37,0.5176,78985.22,87838.39,38755.68,14876.5
FY2025-07,2025,Aug,7,Q3,ECOM,Ecommerce,Baby,Sets,28028.27,493.0,56.85,4576.8,140.05,13792.23,0.4921,86130.41,94561.79,41176.5,14101.16
FY2025-08,2025,Sep,8,Q3,ECOM,Ecommerce,Baby,Sets,27993.22,494.0,56.67,4431.46,149.97,14114.53,0.5042,91505.2,82672.08,23741.53,9496.72
FY2025-09,2025,Oct,9,Q3,ECOM,Ecommerce,Baby,Sets,30596.4,527.0,58.06,5021.0,151.61,15185.87,0.4963,75973.44,109739.35,69534.92,21351.25
FY2025-10,2025,Nov,10,Q4,ECOM,Ecommerce,Baby,Sets,41899.19,710.0,59.01,8495.11,213.92,19529.67,0.4661,103926.15,162378.09,109060.16,38253.57
FY2025-11,2025,Dec,11,Q4,ECOM,Ecommerce,Baby,Sets,52166.16,911.0,57.26,8739.82,223.41,24892.09,0.4772,149754.36,116523.12,27898.15,9238.13
FY2025-12,2025,Jan,12,Q4,ECOM,Ecommerce,Baby,Sets,19775.18,365.0,54.18,4409.53,85.91,8552.53,0.4325,116699.91,92429.29,0.0,0.0
FY2026-01,2026,Feb,1,Q1,ECOM,Ecommerce,Baby,Sets,26574.29,451.0,58.92,5097.8,106.53,12442.41,0.4682,91511.45,90379.83,30647.0,11044.08
FY2026-02,2026,Mar,2,Q1,ECOM,Ecommerce,Baby,Sets,41571.15,717.0,57.98,7120.81,174.08,19527.77,0.4697,88875.53,94504.28,54494.79,19723.46
FY2026-03,2026,Apr,3,Q1,ECOM,Ecommerce,Baby,Sets,50064.73,841.0,59.53,7891.15,231.51,23818.84,0.4758,93315.88,127645.26,92516.77,27760.35
FY2026-04,2026,May,4,Q2,ECOM,Ecommerce,Baby,Sets,37739.49,646.0,58.42,7239.9,172.17,17808.08,0.4719,132297.89,134736.05,47589.72,17198.0
FY2026-05,2026,Jun,5,Q2,ECOM,Ecommerce,Baby,Sets,43260.99,770.0,56.18,7084.92,161.36,20052.39,0.4635,128779.98,90941.92,12669.21,4807.5
FY2026-06,2026,Jul,6,Q2,ECOM,Ecommerce,Baby,Sets,35260.68,592.0,59.56,5698.54,174.24,16754.86,0.4752,95960.81,94428.81,39601.46,14161.07
FY2024-01,2024,Feb,1,Q1,STORE,Retail Stores,Baby,Sets,10499.76,180.0,58.33,1478.46,92.91,5245.95,0.4996,30905.35,31569.52,12735.3,3754.67
FY2024-02,2024,Mar,2,Q1,STORE,Retail Stores,Baby,Sets,12798.9,213.0,60.09,1454.84,112.15,6871.86,0.5369,31245.5,34760.63,17881.02,5811.43
FY2024-03,2024,Apr,3,Q1,STORE,Retail Stores,Baby,Sets,16945.55,282.0,60.09,1805.15,127.63,9036.54,0.5333,32382.06,43315.66,29811.93,12860.91
FY2024-04,2024,May,4,Q2,STORE,Retail Stores,Baby,Sets,15954.53,278.0,57.39,1250.23,149.84,8877.11,0.5564,47880.0,45194.93,14669.53,4666.51
FY2024-05,2024,Jun,5,Q2,STORE,Retail Stores,Baby,Sets,13493.23,235.0,57.42,1311.96,111.83,7329.15,0.5432,44953.62,32215.74,2179.14,835.52
FY2024-06,2024,Jul,6,Q2,STORE,Retail Stores,Baby,Sets,11959.86,208.0,57.5,1034.39,108.42,6587.77,0.5508,32292.76,33955.83,14765.74,4642.99
FY2024-07,2024,Aug,7,Q3,STORE,Retail Stores,Baby,Sets,11791.61,202.0,58.37,1113.57,116.8,6461.28,0.548,33541.13,34658.72,14139.57,4958.83
FY2024-08,2024,Sep,8,Q3,STORE,Retail Stores,Baby,Sets,14705.63,254.0,57.9,1440.66,143.15,7776.55,0.5288,34020.82,27050.08,9318.7,3804.98
FY2024-09,2024,Oct,9,Q3,STORE,Retail Stores,Baby,Sets,13124.67,227.0,57.82,1505.52,117.06,6958.74,0.5302,29690.93,38443.82,23500.14,7442.89
FY2024-10,2024,Nov,10,Q4,STORE,Retail Stores,Baby,Sets,18007.7,321.0,56.1,3030.46,195.71,8812.67,0.4894,37289.35,59089.6,43034.12,14113.59
FY2024-11,2024,Dec,11,Q4,STORE,Retail Stores,Baby,Sets,21260.27,375.0,56.69,3095.82,195.86,10563.89,0.4969,57011.74,47579.67,15119.88,5687.65
FY2024-12,2024,Jan,12,Q4,STORE,Retail Stores,Baby,Sets,8096.1,138.0,58.67,857.78,65.15,4385.87,0.5417,48329.21,39310.18,0.0,0.0
FY2025-01,2025,Feb,1,Q1,STORE,Retail Stores,Baby,Sets,11316.7,194.0,58.33,1286.4,100.38,5980.32,0.5285,38658.43,33334.56,7379.61,2708.27
FY2025-02,2025,Mar,2,Q1,STORE,Retail Stores,Baby,Sets,15907.89,265.0,60.03,1373.64,175.07,8882.04,0.5583,32994.68,36379.35,20841.27,8268.14
FY2025-03,2025,Apr,3,Q1,STORE,Retail Stores,Baby,Sets,18050.14,311.0,58.04,1833.25,148.42,9766.38,0.5411,36781.46,51166.23,34416.58,14615.95
FY2025-04,2025,May,4,Q2,STORE,Retail Stores,Baby,Sets,16613.68,285.0,58.29,1779.16,159.57,8946.2,0.5385,53502.51,52824.82,17874.72,6224.33
FY2025-05,2025,Jun,5,Q2,STORE,Retail Stores,Baby,Sets,15336.48,269.0,57.01,1697.76,149.18,8100.33,0.5282,50144.37,33918.27,957.32,340.71
FY2025-06,2025,Jul,6,Q2,STORE,Retail Stores,Baby,Sets,12195.08,199.0,61.28,1033.99,143.92,6899.88,0.5658,34458.47,41843.58,20758.1,7238.0
FY2025-07,2025,Aug,7,Q3,STORE,Retail Stores,Baby,Sets,15945.6,263.0,60.63,1706.28,101.76,8285.73,0.5196,40307.05,33287.37,10733.96,4481.8
FY2025-08,2025,Sep,8,Q3,STORE,Retail Stores,Baby,Sets,13464.73,229.0,58.8,1434.67,132.0,7344.35,0.5455,36985.52,39012.07,17057.95,5009.47
FY2025-09,2025,Oct,9,Q3,STORE,Retail Stores,Baby,Sets,14085.83,246.0,57.26,2457.65,157.03,6815.51,0.4839,35316.69,44835.34,26219.16,9812.54
FY2025-10,2025,Nov,10,Q4,STORE,Retail Stores,Baby,Sets,25666.58,444.0,57.81,2908.62,192.13,13168.08,0.513,44195.5,62801.14,47372.97,15801.4
FY2025-11,2025,Dec,11,Q4,STORE,Retail Stores,Baby,Sets,22635.91,385.0,58.79,1780.23,230.74,12866.75,0.5684,65522.68,59665.05,18789.25,6220.72
FY2025-12,2025,Jan,12,Q4,STORE,Retail Stores,Baby,Sets,9067.81,162.0,55.97,640.48,82.95,5218.46,0.5755,56754.47,46963.23,0.0,0.0
FY2026-01,2026,Feb,1,Q1,STORE,Retail Stores,Baby,Sets,14435.79,249.0,57.98,1574.29,117.75,7583.14,0.5253,46115.55,38575.24,8587.52,3270.87
FY2026-02,2026,Mar,2,Q1,STORE,Retail Stores,Baby,Sets,19835.61,330.0,60.11,2427.71,152.81,10208.1,0.5146,40411.01,45012.27,27017.39,8906.45
FY2026-03,2026,Apr,3,Q1,STORE,Retail Stores,Baby,Sets,23047.06,401.0,57.47,2972.06,163.98,11601.51,0.5034,47042.01,62441.71,41582.8,14020.74
FY2026-04,2026,May,4,Q2,STORE,Retail Stores,Baby,Sets,20633.84,352.0,58.62,2238.78,188.64,10922.93,0.5294,64245.24,57169.04,15985.06,5808.16
FY2026-05,2026,Jun,5,Q2,STORE,Retail Stores,Baby,Sets,20658.42,379.0,54.51,2084.96,137.38,10866.53,0.526,59024.5,38246.3,2102.56,743.18
FY2026-06,2026,Jul,6,Q2,STORE,Retail Stores,Baby,Sets,16803.31,286.0,58.75,1763.75,176.78,8821.19,0.525,41349.43,41359.52,18753.93,7084.72
FY2024-01,2024,Feb,1,Q1,WHSL,Wholesale,Baby,Sets,16299.24,365.0,44.66,373.28,15.8,7489.7,0.4595,17347.84,15779.7,15120.18,9208.35
FY2024-02,2024,Mar,2,Q1,WHSL,Wholesale,Baby,Sets,13575.84,305.0,44.51,361.63,14.38,6171.51,0.4546,18020.03,12809.67,8741.49,4392.02
FY2024-03,2024,Apr,3,Q1,WHSL,Wholesale,Baby,Sets,6109.04,136.0,44.92,127.59,6.56,2820.4,0.4617,11500.89,7721.03,2463.33,1322.27
FY2024-04,2024,May,4,Q2,WHSL,Wholesale,Baby,Sets,7161.75,160.0,44.76,154.47,6.6,3266.97,0.4562,6979.52,5218.59,5561.89,3081.56
FY2024-05,2024,Jun,5,Q2,WHSL,Wholesale,Baby,Sets,16133.38,362.0,44.57,307.91,16.47,7422.46,0.4601,6092.55,8555.47,18920.68,9999.67
FY2024-06,2024,Jul,6,Q2,WHSL,Wholesale,Baby,Sets,16090.01,349.0,46.1,322.78,21.23,7407.7,0.4604,12841.06,16089.04,19682.0,10408.99
FY2024-07,2024,Aug,7,Q3,WHSL,Wholesale,Baby,Sets,8498.14,192.0,44.26,143.65,6.79,3928.79,0.4623,16835.32,8186.74,0.0,0.0
FY2024-08,2024,Sep,8,Q3,WHSL,Wholesale,Baby,Sets,10090.65,229.0,44.06,301.23,12.04,4576.03,0.4535,8583.96,9935.17,11755.13,6795.13
FY2024-09,2024,Oct,9,Q3,WHSL,Wholesale,Baby,Sets,15231.37,342.0,44.54,347.09,20.62,6992.03,0.4591,9746.22,19082.13,24934.99,12555.32
FY2024-10,2024,Nov,10,Q4,WHSL,Wholesale,Baby,Sets,9124.94,206.0,44.3,244.92,10.31,4140.08,0.4537,16046.13,9210.91,2544.95,1296.64
FY2024-11,2024,Dec,11,Q4,WHSL,Wholesale,Baby,Sets,7393.06,163.0,45.36,159.59,7.68,3376.47,0.4567,9043.73,5369.5,3886.1,1524.83
FY2024-12,2024,Jan,12,Q4,WHSL,Wholesale,Baby,Sets,7262.85,161.0,45.11,196.28,9.34,3288.93,0.4528,5762.01,7286.65,8993.11,4454.85
FY2025-01,2025,Feb,1,Q1,WHSL,Wholesale,Baby,Sets,17881.43,403.0,44.37,450.47,21.56,8176.86,0.4573,6800.77,18808.57,30361.26,17677.72
FY2025-02,2025,Mar,2,Q1,WHSL,Wholesale,Baby,Sets,16657.27,378.0,44.07,411.07,18.66,7594.49,0.4559,20944.09,14577.26,10720.17,4688.49
FY2025-03,2025,Apr,3,Q1,WHSL,Wholesale,Baby,Sets,8108.35,184.0,44.07,163.4,8.3,3732.67,0.4603,12866.24,8650.28,4064.09,2174.67
FY2025-04,2025,May,4,Q2,WHSL,Wholesale,Baby,Sets,6905.72,157.0,43.99,167.7,8.34,3149.67,0.4561,8357.47,7178.25,5902.54,2688.32
FY2025-05,2025,Jun,5,Q2,WHSL,Wholesale,Baby,Sets,15815.67,347.0,45.58,347.39,20.02,7281.88,0.4604,7067.73,19198.39,28313.74,14193.73
FY2025-06,2025,Jul,6,Q2,WHSL,Wholesale,Baby,Sets,17114.83,398.0,43.0,316.5,23.82,7923.61,0.463,13858.66,21938.45,25534.94,11436.75
FY2025-07,2025,Aug,7,Q3,WHSL,Wholesale,Baby,Sets,9151.28,204.0,44.86,201.08,9.87,4192.6,0.4581,19369.03,10006.8,0.0,0.0
FY2025-08,2025,Sep,8,Q3,WHSL,Wholesale,Baby,Sets,14315.61,328.0,43.65,335.87,16.75,6522.92,0.4557,9969.65,9728.43,14427.01,8730.53
FY2025-09,2025,Oct,9,Q3,WHSL,Wholesale,Baby,Sets,16540.24,379.0,43.64,389.84,20.44,7583.95,0.4585,10634.76,17972.92,24288.68,12105.13
FY2025-10,2025,Nov,10,Q4,WHSL,Wholesale,Baby,Sets,11855.08,263.0,45.08,314.91,13.48,5359.09,0.4521,18240.0,10922.14,4865.61,2604.49
FY2025-11,2025,Dec,11,Q4,WHSL,Wholesale,Baby,Sets,7319.7,167.0,43.83,123.71,8.61,3401.24,0.4647,11734.96,6893.07,2610.13,1187.04
FY2025-12,2025,Jan,12,Q4,WHSL,Wholesale,Baby,Sets,8048.14,178.0,45.21,154.82,8.03,3714.77,0.4616,6395.11,8137.74,9953.62,5461.85
FY2026-01,2026,Feb,1,Q1,WHSL,Wholesale,Baby,Sets,21576.49,482.0,44.76,581.22,21.64,9812.9,0.4548,8239.46,22793.13,36733.02,19852.72
FY2026-02,2026,Mar,2,Q1,WHSL,Wholesale,Baby,Sets,20194.02,443.0,45.58,385.85,20.76,9300.47,0.4606,22011.99,16513.29,15101.93,7396.14
FY2026-03,2026,Apr,3,Q1,WHSL,Wholesale,Baby,Sets,10081.71,232.0,43.46,233.19,9.01,4589.96,0.4553,16741.87,8058.95,1640.99,841.37
FY2026-04,2026,May,4,Q2,WHSL,Wholesale,Baby,Sets,7664.84,173.0,44.31,166.47,7.27,3523.95,0.4598,8946.6,8077.32,6969.3,4683.39
FY2026-05,2026,Jun,5,Q2,WHSL,Wholesale,Baby,Sets,18201.25,414.0,43.96,402.89,21.01,8375.47,0.4602,8443.18,14950.16,25132.13,13550.28
FY2026-06,2026,Jul,6,Q2,WHSL,Wholesale,Baby,Sets,18647.06,420.0,44.4,455.85,25.49,8549.77,0.4585,15229.18,21790.27,25689.49,15568.65
FY2024-01,2024,Feb,1,Q1,ECOM,Ecommerce,Baby,Sleepwear,53315.35,1480.0,36.02,7288.14,236.17,26955.53,0.5056,148876.11,150334.41,62297.96,20971.36
FY2024-02,2024,Mar,2,Q1,ECOM,Ecommerce,Baby,Sleepwear,81464.62,2022.0,40.29,8567.34,334.91,42760.95,0.5249,147606.48,172676.9,115437.29,41550.17
FY2024-03,2024,Apr,3,Q1,ECOM,Ecommerce,Baby,Sleepwear,92618.74,2367.0,39.13,10730.56,348.83,47367.18,0.5114,180822.7,217864.22,140739.65,53465.46
FY2024-04,2024,May,4,Q2,ECOM,Ecommerce,Baby,Sleepwear,84898.11,2236.0,37.97,11822.6,312.98,41683.05,0.491,228367.61,217856.36,86522.44,27480.84
FY2024-05,2024,Jun,5,Q2,ECOM,Ecommerce,Baby,Sleepwear,70066.42,1816.0,38.58,10756.36,363.98,34293.06,0.4894,223028.49,162627.49,20785.76,7798.76
FY2024-06,2024,Jul,6,Q2,ECOM,Ecommerce,Baby,Sleepwear,62027.95,1599.0,38.79,8998.95,207.81,30186.87,0.4867,161203.97,161391.19,71421.93,24749.8
FY2024-07,2024,Aug,7,Q3,ECOM,Ecommerce,Baby,Sleepwear,70241.22,1712.0,41.03,10722.55,288.81,33483.71,0.4767,167343.4,172656.11,86565.29,33239.16
FY2024-08,2024,Sep,8,Q3,ECOM,Ecommerce,Baby,Sleepwear,69721.0,1708.0,40.82,11574.65,266.3,32508.11,0.4663,183298.86,148628.04,46891.13,16292.62
FY2024-09,2024,Oct,9,Q3,ECOM,Ecommerce,Baby,Sleepwear,71573.99,1743.0,41.06,9149.7,362.09,36565.64,0.5109,152714.73,194181.67,122552.72,43041.23
FY2024-10,2024,Nov,10,Q4,ECOM,Ecommerce,Baby,Sleepwear,93195.04,2441.0,38.18,16109.55,405.46,44424.19,0.4767,194635.66,306818.69,221893.08,77879.02
FY2024-11,2024,Dec,11,Q4,ECOM,Ecommerce,Baby,Sleepwear,122049.69,3142.0,38.84,18849.03,469.54,57847.14,0.474,296296.12,236501.44,81573.58,27795.84
FY2024-12,2024,Jan,12,Q4,ECOM,Ecommerce,Baby,Sleepwear,43557.3,1056.0,41.25,5501.83,184.54,22347.23,0.5131,250561.78,201318.11,0.0,0.0
FY2025-01,2025,Feb,1,Q1,ECOM,Ecommerce,Baby,Sleepwear,57094.09,1450.0,39.38,9451.06,285.98,27245.24,0.4772,201621.63,159757.62,24967.12,7611.58
FY2025-02,2025,Mar,2,Q1,ECOM,Ecommerce,Baby,Sleepwear,87774.93,2356.0,37.26,14919.24,365.84,40729.2,0.464,160223.67,177893.68,120730.02,40181.9
FY2025-03,2025,Apr,3,Q1,ECOM,Ecommerce,Baby,Sleepwear,93674.85,2491.0,37.61,12766.96,386.67,47566.14,0.5078,188369.56,279229.77,197688.69,69878.65
FY2025-04,2025,May,4,Q2,ECOM,Ecommerce,Baby,Sleepwear,99679.49,2459.0,40.54,12521.3,410.72,49986.76,0.5015,275479.27,266594.15,103726.39,33048.06
FY2025-05,2025,Jun,5,Q2,ECOM,Ecommerce,Baby,Sleepwear,76165.6,1800.0,42.31,14366.34,378.27,35013.98,0.4597,263090.58,186416.32,14235.95,5782.21
FY2025-06,2025,Jul,6,Q2,ECOM,Ecommerce,Baby,Sleepwear,77454.24,1957.0,39.58,9852.36,186.33,38508.89,0.4972,186189.84,194482.67,95785.76,37243.98
FY2025-07,2025,Aug,7,Q3,ECOM,Ecommerce,Baby,Sleepwear,71950.21,1781.0,40.4,12329.67,348.9,33904.15,0.4712,205514.82,198140.58,77254.54,30892.77
FY2025-08,2025,Sep,8,Q3,ECOM,Ecommerce,Baby,Sleepwear,77701.74,1960.0,39.64,9548.35,316.97,40331.72,0.5191,199675.91,186034.85,73926.0,27163.84
FY2025-09,2025,Oct,9,Q3,ECOM,Ecommerce,Baby,Sleepwear,81245.93,2013.0,40.36,10138.33,361.02,41925.23,0.516,186536.66,217780.24,122988.86,46744.79
FY2025-10,2025,Nov,10,Q4,ECOM,Ecommerce,Baby,Sleepwear,143023.28,3787.0,37.77,19860.19,570.91,68015.3,0.4756,223933.72,330712.66,270233.32,92838.53
FY2025-11,2025,Dec,11,Q4,ECOM,Ecommerce,Baby,Sleepwear,103895.13,2622.0,39.62,15829.71,518.09,53548.04,0.5154,354732.96,325576.29,91086.26,25110.07
FY2025-12,2025,Jan,12,Q4,ECOM,Ecommerce,Baby,Sleepwear,52076.98,1313.0,39.66,8649.1,225.93,24576.99,0.4719,297462.01,236510.0,0.0,0.0
FY2026-01,2026,Feb,1,Q1,ECOM,Ecommerce,Baby,Sleepwear,77992.98,1960.0,39.79,8774.64,301.9,40297.11,0.5167,239764.36,186213.11,33518.27,11184.23
FY2026-02,2026,Mar,2,Q1,ECOM,Ecommerce,Baby,Sleepwear,108159.12,2718.0,39.79,14032.63,400.67,54019.07,0.4994,194670.14,233126.23,161048.51,50063.12
FY2026-03,2026,Apr,3,Q1,ECOM,Ecommerce,Baby,Sleepwear,112549.53,2911.0,38.66,19883.96,505.55,52123.09,0.4631,235023.05,280910.56,178826.55,77367.23
FY2026-04,2026,May,4,Q2,ECOM,Ecommerce,Baby,Sleepwear,94292.11,2444.0,38.58,16207.27,343.01,45305.33,0.4805,313170.14,291823.11,89495.36,31932.97
FY2026-05,2026,Jun,5,Q2,ECOM,Ecommerce,Baby,Sleepwear,84442.74,2146.0,39.35,10918.85,435.3,44465.44,0.5266,282830.29,223531.39,36497.99,11193.94
FY2026-06,2026,Jul,6,Q2,ECOM,Ecommerce,Baby,Sleepwear,80725.19,1934.0,41.74,10637.37,371.57,40886.53,0.5065,208275.53,238020.89,121479.49,40014.97
FY2024-01,2024,Feb,1,Q1,STORE,Retail Stores,Baby,Sleepwear,24162.85,595.0,40.61,3035.76,183.08,12437.09,0.5147,69663.54,65026.32,22744.47,9079.16
FY2024-02,2024,Mar,2,Q1,STORE,Retail Stores,Baby,Sleepwear,34957.68,929.0,37.63,3888.39,286.12,18504.0,0.5293,67922.12,80784.29,51994.36,16863.11
FY2024-03,2024,Apr,3,Q1,STORE,Retail Stores,Baby,Sleepwear,38310.87,954.0,40.16,5222.71,368.98,19169.28,0.5004,81375.41,101221.94,63749.09,23346.52
FY2024-04,2024,May,4,Q2,STORE,Retail Stores,Baby,Sleepwear,41686.35,1034.0,40.32,4786.92,417.39,21353.78,0.5122,107656.11,93652.95,32887.5,12438.89
FY2024-05,2024,Jun,5,Q2,STORE,Retail Stores,Baby,Sleepwear,27225.98,706.0,38.56,4633.99,343.35,13312.06,0.4889,103952.1,74277.9,2529.12,1026.6
FY2024-06,2024,Jul,6,Q2,STORE,Retail Stores,Baby,Sleepwear,30085.39,750.0,40.11,2229.6,281.39,16828.31,0.5594,70896.27,80310.56,42010.67,16628.14
FY2024-07,2024,Aug,7,Q3,STORE,Retail Stores,Baby,Sleepwear,30042.06,752.0,39.95,3441.55,302.77,15656.11,0.5211,84933.29,80059.78,28912.87,9512.18
FY2024-08,2024,Sep,8,Q3,STORE,Retail Stores,Baby,Sleepwear,30110.12,754.0,39.93,3068.0,327.41,16292.9,0.5411,81133.6,76200.15,28572.08,8975.24
FY2024-09,2024,Oct,9,Q3,STORE,Retail Stores,Baby,Sleepwear,31810.3,817.0,38.94,4019.92,242.5,16349.23,0.514,75095.11,87187.58,48165.19,17878.52
FY2024-10,2024,Nov,10,Q4,STORE,Retail Stores,Baby,Sleepwear,38813.54,971.0,39.97,5006.52,512.59,20662.56,0.5324,89232.06,117487.48,72588.07,30912.91
FY2024-11,2024,Dec,11,Q4,STORE,Retail Stores,Baby,Sleepwear,38611.49,960.0,40.22,5660.95,448.96,20030.53,0.5188,126884.5,125931.35,43768.25,12756.24
FY2024-12,2024,Jan,12,Q4,STORE,Retail Stores,Baby,Sleepwear,19668.86,500.0,39.34,2089.54,215.3,10639.18,0.5409,112999.65,91025.95,0.0,0.0
FY2025-01,2025,Feb,1,Q1,STORE,Retail Stores,Baby,Sleepwear,28914.95,733.0,39.45,4320.92,215.98,13954.49,0.4826,89615.23,73359.51,17196.13,5698.71
FY2025-02,2025,Mar,2,Q1,STORE,Retail Stores,Baby,Sleepwear,43816.5,1170.0,37.45,3643.19,420.34,23869.45,0.5448,75994.39,84840.13,56725.77,20496.16
FY2025-03,2025,Apr,3,Q1,STORE,Retail Stores,Baby,Sleepwear,49029.65,1235.0,39.7,4808.83,367.01,25947.84,0.5292,90340.37,113252.73,77117.85,28417.22
FY2025-04,2025,May,4,Q2,STORE,Retail Stores,Baby,Sleepwear,43813.87,1115.0,39.29,3949.61,312.85,23925.84,0.5461,125154.41,112111.38,35033.3,13607.14
FY2025-05,2025,Jun,5,Q2,STORE,Retail Stores,Baby,Sleepwear,38699.81,973.0,39.77,4761.31,358.37,19750.26,0.5103,116468.07,76942.43,4293.85,1487.74
FY2025-06,2025,Jul,6,Q2,STORE,Retail Stores,Baby,Sleepwear,34474.45,896.0,38.48,2789.94,345.8,18964.17,0.5501,81269.81,87261.86,43602.24,15201.74
FY2025-07,2025,Aug,7,Q3,STORE,Retail Stores,Baby,Sleepwear,33085.77,790.0,41.88,3943.35,292.27,17152.98,0.5184,90643.28,86489.78,33167.89,13296.66
FY2025-08,2025,Sep,8,Q3,STORE,Retail Stores,Baby,Sleepwear,34658.37,837.0,41.41,3425.51,306.58,18841.53,0.5436,91033.23,77495.23,24852.46,9271.41
FY2025-09,2025,Oct,9,Q3,STORE,Retail Stores,Baby,Sleepwear,32708.42,843.0,38.8,4546.81,340.52,16873.13,0.5159,80490.52,100913.25,58018.48,19828.86
FY2025-10,2025,Nov,10,Q4,STORE,Retail Stores,Baby,Sleepwear,48388.19,1245.0,38.87,5319.79,449.24,26290.86,0.5433,103058.67,170434.28,121532.83,40885.81
FY2025-11,2025,Dec,11,Q4,STORE,Retail Stores,Baby,Sleepwear,53353.34,1403.0,38.03,4917.46,536.33,29497.36,0.5529,164972.75,135690.9,29525.28,10040.5
FY2025-12,2025,Jan,12,Q4,STORE,Retail Stores,Baby,Sleepwear,25959.11,624.0,41.6,2255.7,182.25,14094.93,0.543,130136.79,101739.73,0.0,0.0
FY2026-01,2026,Feb,1,Q1,STORE,Retail Stores,Baby,Sleepwear,29489.39,741.0,39.8,3290.67,350.44,15888.37,0.5388,104784.11,101243.22,29589.61,9973.09
FY2026-02,2026,Mar,2,Q1,STORE,Retail Stores,Baby,Sleepwear,49995.84,1258.0,39.74,5761.44,459.52,25656.65,0.5132,97586.23,94079.54,52710.11,17994.75
FY2026-03,2026,Apr,3,Q1,STORE,Retail Stores,Baby,Sleepwear,49549.3,1249.0,39.67,6118.8,523.87,25704.77,0.5188,103422.78,136751.41,89520.6,31987.54
FY2026-04,2026,May,4,Q2,STORE,Retail Stores,Baby,Sleepwear,51168.96,1290.0,39.67,4223.61,498.44,28174.93,0.5506,138070.89,136614.46,54434.58,20048.6
FY2026-05,2026,Jun,5,Q2,STORE,Retail Stores,Baby,Sleepwear,46677.38,1209.0,38.61,4095.07,408.25,25355.12,0.5432,140917.94,94626.91,4889.67,1576.78
FY2026-06,2026,Jul,6,Q2,STORE,Retail Stores,Baby,Sleepwear,39441.44,983.0,40.12,4642.45,378.22,20228.09,0.5129,99595.55,98152.02,43018.58,16926.83
FY2024-01,2024,Feb,1,Q1,WHSL,Wholesale,Baby,Sleepwear,38221.03,1295.0,29.51,1007.23,40.96,17409.01,0.4555,38716.44,42798.64,43351.42,24438.77
FY2024-02,2024,Mar,2,Q1,WHSL,Wholesale,Baby,Sleepwear,37371.1,1246.0,29.99,772.76,45.39,17121.77,0.4582,40155.49,29271.05,27304.81,14091.83
FY2024-03,2024,Apr,3,Q1,WHSL,Wholesale,Baby,Sleepwear,17833.51,641.0,27.82,314.42,14.24,8219.79,0.4609,29584.97,15162.31,3739.51,2044.48
FY2024-04,2024,May,4,Q2,WHSL,Wholesale,Baby,Sleepwear,16597.12,577.0,28.76,337.76,14.19,7595.41,0.4576,16730.73,13338.93,13557.27,5896.61
FY2024-05,2024,Jun,5,Q2,WHSL,Wholesale,Baby,Sleepwear,39071.9,1268.0,30.81,1066.88,39.1,17629.36,0.4512,14342.45,25588.84,51424.27,27354.7
FY2024-06,2024,Jul,6,Q2,WHSL,Wholesale,Baby,Sleepwear,37619.75,1257.0,29.93,760.67,33.86,17285.46,0.4595,27569.65,36796.28,47640.91,23617.48
FY2024-07,2024,Aug,7,Q3,WHSL,Wholesale,Baby,Sleepwear,20524.39,702.0,29.24,441.39,16.91,9374.18,0.4567,37465.63,16915.73,432.79,246.37
FY2024-08,2024,Sep,8,Q3,WHSL,Wholesale,Baby,Sleepwear,26526.46,868.0,30.56,711.53,29.44,12053.95,0.4544,18924.78,22421.92,30764.57,16761.88
FY2024-09,2024,Oct,9,Q3,WHSL,Wholesale,Baby,Sleepwear,31218.59,1040.0,30.02,732.26,41.11,14375.14,0.4605,23409.65,46498.61,55080.92,28527.88
FY2024-10,2024,Nov,10,Q4,WHSL,Wholesale,Baby,Sleepwear,26622.17,882.0,30.18,501.35,27.49,12189.34,0.4579,36801.24,17378.65,7728.42,3857.13
FY2024-11,2024,Dec,11,Q4,WHSL,Wholesale,Baby,Sleepwear,13847.8,478.0,28.97,240.85,16.02,6449.58,0.4657,21488.06,14149.74,6766.35,3831.13
FY2024-12,2024,Jan,12,Q4,WHSL,Wholesale,Baby,Sleepwear,16790.8,552.0,30.42,309.86,17.21,7744.78,0.4613,12908.56,16248.34,20457.65,10788.06
FY2025-01,2025,Feb,1,Q1,WHSL,Wholesale,Baby,Sleepwear,44111.12,1530.0,28.83,1095.64,43.81,20125.33,0.4562,17008.62,36422.01,64663.96,40698.35
FY2025-02,2025,Mar,2,Q1,WHSL,Wholesale,Baby,Sleepwear,40466.74,1422.0,28.46,839.66,37.6,18581.75,0.4592,44138.52,31361.7,28567.18,16187.58
FY2025-03,2025,Apr,3,Q1,WHSL,Wholesale,Baby,Sleepwear,19387.42,638.0,30.39,323.52,20.32,8976.43,0.463,32054.0,19883.85,7561.11,3845.47
FY2025-04,2025,May,4,Q2,WHSL,Wholesale,Baby,Sleepwear,20509.69,682.0,30.07,433.98,18.08,9340.02,0.4554,20048.17,16931.0,17844.58,8165.83
FY2025-05,2025,Jun,5,Q2,WHSL,Wholesale,Baby,Sleepwear,43450.85,1474.0,29.48,798.71,49.34,20006.34,0.4604,18507.96,30499.93,56290.87,30564.96
FY2025-06,2025,Jul,6,Q2,WHSL,Wholesale,Baby,Sleepwear,42060.75,1421.0,29.6,924.38,52.01,19278.04,0.4583,33570.36,42444.9,51911.68,26992.18
FY2025-07,2025,Aug,7,Q3,WHSL,Wholesale,Baby,Sleepwear,19779.84,680.0,29.09,467.87,24.05,9058.01,0.4579,43685.54,23413.78,0.0,0.0
FY2025-08,2025,Sep,8,Q3,WHSL,Wholesale,Baby,Sleepwear,34820.0,1160.0,30.02,709.79,37.1,15945.23,0.4579,21887.32,18580.77,32260.34,18296.77
FY2025-09,2025,Oct,9,Q3,WHSL,Wholesale,Baby,Sleepwear,48783.87,1643.0,29.69,921.67,43.41,22348.93,0.4581,25280.45,28894.21,53362.71,25314.2
FY2025-10,2025,Nov,10,Q4,WHSL,Wholesale,Baby,Sleepwear,26558.14,809.0,32.83,535.93,29.85,12196.75,0.4592,41428.68,25565.05,11260.29,6033.07
FY2025-11,2025,Dec,11,Q4,WHSL,Wholesale,Baby,Sleepwear,17277.56,574.0,30.1,437.46,16.69,7874.76,0.4558,27105.46,15652.17,6278.42,3122.16
FY2025-12,2025,Jan,12,Q4,WHSL,Wholesale,Baby,Sleepwear,19797.21,649.0,30.5,504.48,20.23,8999.76,0.4546,14833.72,20789.04,26277.24,13782.19
FY2026-01,2026,Feb,1,Q1,WHSL,Wholesale,Baby,Sleepwear,55354.78,1852.0,29.89,1261.41,49.58,25314.67,0.4573,20908.28,67657.21,103414.7,46278.43
FY2026-02,2026,Mar,2,Q1,WHSL,Wholesale,Baby,Sleepwear,44603.68,1435.0,31.08,1244.49,44.34,20190.89,0.4527,58676.76,39128.66,26344.41,13448.79
FY2026-03,2026,Apr,3,Q1,WHSL,Wholesale,Baby,Sleepwear,19957.63,607.0,32.88,485.19,27.08,9133.38,0.4576,38516.34,23516.35,5469.91,2332.05
FY2026-04,2026,May,4,Q2,WHSL,Wholesale,Baby,Sleepwear,22480.61,759.0,29.62,379.24,17.43,10351.36,0.4605,21863.22,16535.66,17549.72,9899.71
FY2026-05,2026,Jun,5,Q2,WHSL,Wholesale,Baby,Sleepwear,48739.1,1670.0,29.19,802.95,61.1,22590.77,0.4635,19798.11,43892.91,73697.95,39549.94
FY2026-06,2026,Jul,6,Q2,WHSL,Wholesale,Baby,Sleepwear,47953.65,1672.0,28.68,927.99,47.81,22129.97,0.4615,41139.68,54328.48,62118.25,32388.8
FY2024-01,2024,Feb,1,Q1,ECOM,Ecommerce,Boys,Bottoms,25698.24,588.0,43.7,3738.73,99.54,12732.91,0.4955,72536.74,71879.9,28879.67,10416.46
FY2024-02,2024,Mar,2,Q1,ECOM,Ecommerce,Boys,Bottoms,33318.43,707.0,47.13,4887.68,153.42,16837.7,0.5054,74168.08,92370.24,56561.69,17534.47
FY2024-03,2024,Apr,3,Q1,ECOM,Ecommerce,Boys,Bottoms,42134.64,927.0,45.45,5720.76,198.91,20940.4,0.497,86647.62,108292.22,69698.91,25861.77
FY2024-04,2024,May,4,Q2,ECOM,Ecommerce,Boys,Bottoms,37486.75,831.0,45.11,5078.03,131.18,18549.93,0.4948,120394.84,98015.73,20316.85,8563.52
FY2024-05,2024,Jun,5,Q2,ECOM,Ecommerce,Boys,Bottoms,30630.51,653.0,46.91,5007.17,116.73,14891.09,0.4862,102112.95,79145.02,12786.48,5670.34
FY2024-06,2024,Jul,6,Q2,ECOM,Ecommerce,Boys,Bottoms,26535.57,600.0,44.23,4891.67,114.21,12309.98,0.4639,78833.62,78479.38,31187.21,12675.56
FY2024-07,2024,Aug,7,Q3,ECOM,Ecommerce,Boys,Bottoms,26228.26,578.0,45.38,4090.54,120.92,13002.89,0.4958,79941.29,88513.49,39011.92,13685.6
FY2024-08,2024,Sep,8,Q3,ECOM,Ecommerce,Boys,Bottoms,34183.12,734.0,46.57,5211.43,162.87,16433.68,0.4808,86300.34,69214.98,22472.06,7885.07
FY2024-09,2024,Oct,9,Q3,ECOM,Ecommerce,Boys,Bottoms,31263.7,702.0,44.54,4580.5,143.7,15765.18,0.5043,71460.12,96092.76,60620.54,20727.43
FY2024-10,2024,Nov,10,Q4,ECOM,Ecommerce,Boys,Bottoms,48721.13,1055.0,46.18,8551.85,227.28,22966.26,0.4714,101084.25,134168.29,90584.3,35178.44
FY2024-11,2024,Dec,11,Q4,ECOM,Ecommerce,Boys,Bottoms,51065.3,1154.0,44.25,6973.52,191.1,25911.97,0.5074,139827.05,134078.93,52481.8,17910.18
FY2024-12,2024,Jan,12,Q4,ECOM,Ecommerce,Boys,Bottoms,23585.99,526.0,44.84,2290.9,88.42,12476.44,0.529,126896.21,100930.9,0.0,0.0
FY2025-01,2025,Feb,1,Q1,ECOM,Ecommerce,Boys,Bottoms,25918.24,590.0,43.93,4446.26,97.78,12584.71,0.4856,103299.24,84260.47,11423.51,4233.39
FY2025-02,2025,Mar,2,Q1,ECOM,Ecommerce,Boys,Bottoms,39178.07,848.0,46.2,6707.98,153.87,18536.95,0.4731,82507.93,94408.75,57940.74,23548.37
FY2025-03,2025,Apr,3,Q1,ECOM,Ecommerce,Boys,Bottoms,36367.31,785.0,46.33,8240.58,180.49,16563.83,0.4555,97100.15,138885.09,86573.32,36231.4
FY2025-04,2025,May,4,Q2,ECOM,Ecommerce,Boys,Bottoms,41656.34,858.0,48.55,5490.14,151.02,21073.72,0.5059,141273.5,117115.67,23139.67,9135.14
FY2025-05,2025,Jun,5,Q2,ECOM,Ecommerce,Boys,Bottoms,39082.46,917.0,42.62,5717.18,129.08,19001.94,0.4862,120347.59,78038.5,2619.63,1037.35
FY2025-06,2025,Jul,6,Q2,ECOM,Ecommerce,Boys,Bottoms,34393.27,766.0,44.9,4387.43,149.89,17341.58,0.5042,81753.98,87356.77,44533.38,20066.84
FY2025-07,2025,Aug,7,Q3,ECOM,Ecommerce,Boys,Bottoms,35347.21,742.0,47.64,4477.9,163.98,18003.56,0.5093,97737.24,95917.99,38169.84,13667.24
FY2025-08,2025,Sep,8,Q3,ECOM,Ecommerce,Boys,Bottoms,37760.67,836.0,45.17,6284.97,181.57,17525.91,0.4641,94707.68,76242.61,25762.14,9912.66
FY2025-09,2025,Oct,9,Q3,ECOM,Ecommerce,Boys,Bottoms,46453.79,997.0,46.59,4536.06,165.14,24267.67,0.5224,80790.68,92606.98,62971.29,24126.83
FY2025-10,2025,Nov,10,Q4,ECOM,Ecommerce,Boys,Bottoms,51825.63,1102.0,47.03,9511.88,317.83,24274.01,0.4684,106389.48,167699.5,122965.36,42360.02
FY2025-11,2025,Dec,11,Q4,ECOM,Ecommerce,Boys,Bottoms,61435.12,1318.0,46.61,9120.74,241.09,30208.42,0.4917,163524.59,139803.96,47076.32,18944.66
FY2025-12,2025,Jan,12,Q4,ECOM,Ecommerce,Boys,Bottoms,23880.48,531.0,44.97,3168.12,102.11,12165.43,0.5094,145066.44,117915.73,0.0,0.0
FY2026-01,2026,Feb,1,Q1,ECOM,Ecommerce,Boys,Bottoms,35901.11,818.0,43.89,4759.21,143.11,18005.79,0.5015,117605.41,107476.67,30674.69,8792.89
FY2026-02,2026,Mar,2,Q1,ECOM,Ecommerce,Boys,Bottoms,49933.17,1110.0,44.98,8041.28,220.44,23942.47,0.4795,104816.1,106265.45,59644.24,21507.91
FY2026-03,2026,Apr,3,Q1,ECOM,Ecommerce,Boys,Bottoms,47274.93,969.0,48.79,9006.94,243.61,22358.59,0.4729,109350.09,167877.98,115053.37,38647.47
FY2026-04,2026,May,4,Q2,ECOM,Ecommerce,Boys,Bottoms,49056.47,1085.0,45.21,9241.45,220.83,22296.48,0.4545,159561.82,140972.46,39929.39,12585.47
FY2026-05,2026,Jun,5,Q2,ECOM,Ecommerce,Boys,Bottoms,41854.38,942.0,44.43,6182.33,188.16,21293.26,0.5087,139756.0,113514.52,21983.39,6996.62
FY2026-06,2026,Jul,6,Q2,ECOM,Ecommerce,Boys,Bottoms,41717.9,933.0,44.71,6114.61,177.93,20305.14,0.4867,106743.22,97125.91,38393.13,15530.42
FY2024-01,2024,Feb,1,Q1,STORE,Retail Stores,Boys,Bottoms,11313.63,238.0,47.54,1381.82,126.94,5869.3,0.5188,32069.56,32581.55,13334.38,4995.86
FY2024-02,2024,Mar,2,Q1,STORE,Retail Stores,Boys,Bottoms,14697.04,323.0,45.5,1717.15,169.03,7821.78,0.5322,32447.01,35502.51,19638.72,8535.99
FY2024-03,2024,Apr,3,Q1,STORE,Retail Stores,Boys,Bottoms,20858.91,448.0,46.56,2347.66,188.16,10614.01,0.5088,34933.35,46526.78,34988.16,12098.23
FY2024-04,2024,May,4,Q2,STORE,Retail Stores,Boys,Bottoms,16745.78,365.0,45.88,2099.25,159.38,8644.83,0.5162,51568.43,45456.81,12892.79,4663.23
FY2024-05,2024,Jun,5,Q2,STORE,Retail Stores,Boys,Bottoms,13542.53,307.0,44.11,2143.18,152.32,6689.1,0.4939,45918.04,34949.31,4869.3,1845.83
FY2024-06,2024,Jul,6,Q2,STORE,Retail Stores,Boys,Bottoms,12119.34,275.0,44.07,1709.1,125.14,6121.01,0.5051,34184.37,36541.05,16310.26,6397.64
FY2024-07,2024,Aug,7,Q3,STORE,Retail Stores,Boys,Bottoms,13046.81,288.0,45.3,1528.47,156.68,6892.13,0.5283,38549.67,41253.19,17435.48,6127.72
FY2024-08,2024,Sep,8,Q3,STORE,Retail Stores,Boys,Bottoms,14942.89,331.0,45.14,1393.21,156.41,8103.27,0.5423,40601.29,32671.17,8562.39,3098.89
FY2024-09,2024,Oct,9,Q3,STORE,Retail Stores,Boys,Bottoms,15726.04,328.0,47.95,2198.61,116.24,7851.54,0.4993,33615.46,45094.23,29519.66,11268.96
FY2024-10,2024,Nov,10,Q4,STORE,Retail Stores,Boys,Bottoms,19629.36,455.0,43.14,2433.67,209.79,10403.66,0.53,46458.26,71634.76,47449.32,15637.48
FY2024-11,2024,Dec,11,Q4,STORE,Retail Stores,Boys,Bottoms,19981.7,451.0,44.31,2408.74,225.07,10884.27,0.5447,67129.72,59984.1,15469.89,5375.34
FY2024-12,2024,Jan,12,Q4,STORE,Retail Stores,Boys,Bottoms,11126.28,251.0,44.33,1000.4,98.27,5928.37,0.5328,55570.85,43345.9,0.0,0.0
FY2025-01,2025,Feb,1,Q1,STORE,Retail Stores,Boys,Bottoms,12762.21,274.0,46.58,1400.36,143.69,6826.54,0.5349,45177.47,39903.79,9032.58,3821.47
FY2025-02,2025,Mar,2,Q1,STORE,Retail Stores,Boys,Bottoms,18340.32,405.0,45.28,2201.51,164.3,9629.43,0.525,40009.34,41526.15,22222.94,8258.66
FY2025-03,2025,Apr,3,Q1,STORE,Retail Stores,Boys,Bottoms,22141.79,467.0,47.41,2816.04,222.42,11204.66,0.506,41520.52,54291.71,37951.44,11528.89
FY2025-04,2025,May,4,Q2,STORE,Retail Stores,Boys,Bottoms,21886.43,481.0,45.5,1823.65,184.67,11935.97,0.5454,58335.74,53867.41,19426.42,7067.55
FY2025-05,2025,Jun,5,Q2,STORE,Retail Stores,Boys,Bottoms,15165.64,327.0,46.38,2201.33,197.99,7785.21,0.5133,55724.31,43187.92,5028.57,1991.36
FY2025-06,2025,Jul,6,Q2,STORE,Retail Stores,Boys,Bottoms,15033.74,335.0,44.88,1624.19,118.51,7944.97,0.5285,41645.27,38298.11,13429.28,4842.15
FY2025-07,2025,Aug,7,Q3,STORE,Retail Stores,Boys,Bottoms,15569.63,350.0,44.48,1501.93,130.87,8458.51,0.5433,40423.88,42369.97,19148.52,7235.02
FY2025-08,2025,Sep,8,Q3,STORE,Retail Stores,Boys,Bottoms,20061.17,433.0,46.33,1597.36,175.7,10967.3,0.5467,42857.67,38419.44,17396.0,5983.6
FY2025-09,2025,Oct,9,Q3,STORE,Retail Stores,Boys,Bottoms,20761.16,425.0,48.85,2484.34,182.19,10464.92,0.5041,41180.3,49343.86,31591.25,10396.14
FY2025-10,2025,Nov,10,Q4,STORE,Retail Stores,Boys,Bottoms,26948.82,595.0,45.29,2938.06,271.19,14119.04,0.5239,51380.87,67947.85,46725.05,17431.95
FY2025-11,2025,Dec,11,Q4,STORE,Retail Stores,Boys,Bottoms,30421.17,639.0,47.61,2488.41,287.76,16524.04,0.5432,73396.5,56134.93,15935.77,7033.6
FY2025-12,2025,Jan,12,Q4,STORE,Retail Stores,Boys,Bottoms,10698.47,234.0,45.72,1436.68,101.46,5471.56,0.5114,61640.54,49403.93,0.0,0.0
FY2026-01,2026,Feb,1,Q1,STORE,Retail Stores,Boys,Bottoms,16190.09,369.0,43.88,1549.91,154.35,8755.51,0.5408,49005.61,41244.33,10133.07,3523.49
FY2026-02,2026,Mar,2,Q1,STORE,Retail Stores,Boys,Bottoms,20396.63,468.0,43.58,1950.77,237.61,11338.12,0.5559,42199.18,51477.38,31863.21,10882.18
FY2026-03,2026,Apr,3,Q1,STORE,Retail Stores,Boys,Bottoms,24647.07,535.0,46.07,2189.55,232.3,13596.99,0.5517,49727.0,73621.31,50963.23,19881.54
FY2026-04,2026,May,4,Q2,STORE,Retail Stores,Boys,Bottoms,27238.17,587.0,46.4,2887.62,235.39,14115.35,0.5182,72265.6,62332.66,20428.24,6940.07
FY2026-05,2026,Jun,5,Q2,STORE,Retail Stores,Boys,Bottoms,22255.21,496.0,44.87,2855.79,210.77,11282.38,0.507,66285.1,45318.89,4355.56,1612.68
FY2026-06,2026,Jul,6,Q2,STORE,Retail Stores,Boys,Bottoms,15780.16,333.0,47.39,2468.13,199.27,7882.96,0.4995,46984.54,56368.86,27831.88,8689.07
FY2024-01,2024,Feb,1,Q1,WHSL,Wholesale,Boys,Bottoms,17984.58,499.0,36.04,425.81,17.64,8224.12,0.4573,18950.59,21825.03,21302.47,9563.69
FY2024-02,2024,Mar,2,Q1,WHSL,Wholesale,Boys,Bottoms,18715.33,542.0,34.53,375.14,16.0,8563.26,0.4576,19628.4,11108.07,10586.14,5381.67
FY2024-03,2024,Apr,3,Q1,WHSL,Wholesale,Boys,Bottoms,8823.73,250.0,35.29,193.31,8.27,4022.15,0.4558,13043.15,7268.91,3251.07,1377.91
FY2024-04,2024,May,4,Q2,WHSL,Wholesale,Boys,Bottoms,6847.03,192.0,35.66,158.87,7.23,3128.56,0.4569,8187.38,6522.12,5347.87,3208.28
FY2024-05,2024,Jun,5,Q2,WHSL,Wholesale,Boys,Bottoms,17154.94,462.0,37.13,335.54,20.18,7904.47,0.4608,7141.43,13159.23,23528.46,12659.75
FY2024-06,2024,Jul,6,Q2,WHSL,Wholesale,Boys,Bottoms,16775.01,473.0,35.47,304.15,18.13,7767.26,0.463,14438.79,17682.25,20340.75,11268.93
FY2024-07,2024,Aug,7,Q3,WHSL,Wholesale,Boys,Bottoms,10076.36,281.0,35.86,218.53,9.35,4598.42,0.4564,16735.35,8306.85,1875.74,1187.78
FY2024-08,2024,Sep,8,Q3,WHSL,Wholesale,Boys,Bottoms,14131.57,406.0,34.81,355.48,12.61,6410.1,0.4536,9509.45,8511.1,13501.31,8467.88
FY2024-09,2024,Oct,9,Q3,WHSL,Wholesale,Boys,Bottoms,20759.86,562.0,36.94,391.54,20.44,9505.44,0.4579,10517.41,12925.41,23579.84,12533.8
FY2024-10,2024,Nov,10,Q4,WHSL,Wholesale,Boys,Bottoms,10162.5,309.0,32.89,246.88,11.26,4638.08,0.4564,17620.15,10543.97,3344.46,2081.75
FY2024-11,2024,Dec,11,Q4,WHSL,Wholesale,Boys,Bottoms,8284.15,221.0,37.48,169.83,9.46,3795.55,0.4582,10418.01,5846.47,3891.9,2137.87
FY2024-12,2024,Jan,12,Q4,WHSL,Wholesale,Boys,Bottoms,6808.19,183.0,37.2,149.25,9.18,3139.4,0.4611,6504.34,10589.85,11052.13,4304.81
FY2025-01,2025,Feb,1,Q1,WHSL,Wholesale,Boys,Bottoms,23433.53,672.0,34.87,596.96,20.28,10648.89,0.4544,8010.62,24838.78,40878.93,18495.9
FY2025-02,2025,Mar,2,Q1,WHSL,Wholesale,Boys,Bottoms,22637.73,610.0,37.11,292.38,19.91,10504.05,0.464,22794.41,11638.07,11793.68,5575.54
FY2025-03,2025,Apr,3,Q1,WHSL,Wholesale,Boys,Bottoms,10608.09,299.0,35.48,169.35,8.88,4890.63,0.461,15529.54,7427.05,2683.83,1739.04
FY2025-04,2025,May,4,Q2,WHSL,Wholesale,Boys,Bottoms,7232.71,212.0,34.12,155.93,8.73,3329.59,0.4604,9339.42,7749.67,5807.62,3207.35
FY2025-05,2025,Jun,5,Q2,WHSL,Wholesale,Boys,Bottoms,17410.23,481.0,36.2,428.1,19.74,7960.9,0.4573,7568.62,14792.1,25081.55,12707.73
FY2025-06,2025,Jul,6,Q2,WHSL,Wholesale,Boys,Bottoms,17237.56,487.0,35.4,469.32,22.65,7872.51,0.4567,14610.52,25660.98,28779.99,13514.73
FY2025-07,2025,Aug,7,Q3,WHSL,Wholesale,Boys,Bottoms,11237.15,303.0,37.09,215.64,11.0,5164.41,0.4596,20637.28,9899.78,726.29,410.41
FY2025-08,2025,Sep,8,Q3,WHSL,Wholesale,Boys,Bottoms,15834.02,459.0,34.5,417.77,14.61,7174.54,0.4531,10631.08,9839.89,15475.21,8879.65
FY2025-09,2025,Oct,9,Q3,WHSL,Wholesale,Boys,Bottoms,20219.66,574.0,35.23,379.91,21.21,9318.56,0.4609,12367.01,19853.09,28106.86,13601.97
FY2025-10,2025,Nov,10,Q4,WHSL,Wholesale,Boys,Bottoms,9862.15,265.0,37.22,236.46,11.82,4549.57,0.4613,19004.87,15530.79,6636.35,3525.83
FY2025-11,2025,Dec,11,Q4,WHSL,Wholesale,Boys,Bottoms,8507.7,243.0,35.01,165.28,9.18,3922.15,0.461,13191.99,6857.54,2347.71,1224.12
FY2025-12,2025,Jan,12,Q4,WHSL,Wholesale,Boys,Bottoms,9697.39,279.0,34.76,196.46,8.2,4444.63,0.4583,6622.92,8686.91,11966.04,6409.01
FY2026-01,2026,Feb,1,Q1,WHSL,Wholesale,Boys,Bottoms,26830.61,766.0,35.03,598.99,25.76,12291.35,0.4581,9525.54,25537.72,43467.54,21653.94
FY2026-02,2026,Mar,2,Q1,WHSL,Wholesale,Boys,Bottoms,21652.48,642.0,33.73,498.7,24.08,9921.96,0.4582,28412.66,19998.79,13761.39,7109.81
FY2026-03,2026,Apr,3,Q1,WHSL,Wholesale,Boys,Bottoms,11900.07,331.0,35.95,255.48,10.08,5433.82,0.4566,18736.62,9367.38,2796.39,1748.9
FY2026-04,2026,May,4,Q2,WHSL,Wholesale,Boys,Bottoms,9938.34,297.0,33.46,193.84,7.75,4568.83,0.4597,10710.37,8629.5,8059.06,4472.27
FY2026-05,2026,Jun,5,Q2,WHSL,Wholesale,Boys,Bottoms,23805.8,693.0,34.35,501.61,23.15,10919.67,0.4587,9479.31,18773.9,33625.15,16860.66
FY2026-06,2026,Jul,6,Q2,WHSL,Wholesale,Boys,Bottoms,23498.07,653.0,35.98,504.3,29.55,10803.97,0.4598,18680.46,27605.3,32956.76,16652.11
FY2024-01,2024,Feb,1,Q1,ECOM,Ecommerce,Boys,Sets,23827.16,371.0,64.22,3290.57,73.12,11471.0,0.4814,59491.3,50988.76,18688.31,7974.11
FY2024-02,2024,Mar,2,Q1,ECOM,Ecommerce,Boys,Sets,28364.55,452.0,62.75,4670.43,107.43,13578.24,0.4787,56732.45,71374.37,47784.33,16668.92
FY2024-03,2024,Apr,3,Q1,ECOM,Ecommerce,Boys,Sets,34380.85,557.0,61.73,4900.55,128.37,16876.94,0.4909,66953.84,97267.41,69723.34,22173.07
FY2024-04,2024,May,4,Q2,ECOM,Ecommerce,Boys,Sets,29732.17,470.0,63.26,5085.59,75.29,13983.29,0.4703,93247.34,82671.67,24317.38,8279.34
FY2024-05,2024,Jun,5,Q2,ECOM,Ecommerce,Boys,Sets,27649.85,438.0,63.13,4467.34,131.84,13213.36,0.4779,81880.72,61265.43,11633.74,5003.55
FY2024-06,2024,Jul,6,Q2,ECOM,Ecommerce,Boys,Sets,20571.77,306.0,67.23,3550.32,88.08,9937.14,0.483,64444.54,63925.65,23691.28,8655.78
FY2024-07,2024,Aug,7,Q3,ECOM,Ecommerce,Boys,Sets,27130.04,413.0,65.69,3539.83,99.85,13302.02,0.4903,65536.48,58437.25,23670.49,9359.56
FY2024-08,2024,Sep,8,Q3,ECOM,Ecommerce,Boys,Sets,24678.01,389.0,63.44,2759.34,119.12,13200.59,0.5349,66238.36,57464.76,18782.87,7723.67
FY2024-09,2024,Oct,9,Q3,ECOM,Ecommerce,Boys,Sets,29634.48,486.0,60.98,4183.98,93.67,14398.69,0.4859,56539.13,79850.1,57223.1,16898.92
FY2024-10,2024,Nov,10,Q4,ECOM,Ecommerce,Boys,Sets,46493.79,731.0,63.6,5908.92,162.76,22992.64,0.4945,79885.17,112644.61,85324.91,27484.48
FY2024-11,2024,Dec,11,Q4,ECOM,Ecommerce,Boys,Sets,44404.69,732.0,60.66,7374.28,167.85,20819.9,0.4689,120433.11,99342.3,30856.01,11131.7
FY2024-12,2024,Jan,12,Q4,ECOM,Ecommerce,Boys,Sets,18024.72,294.0,61.31,2021.3,63.23,9399.17,0.5215,103696.95,83587.7,0.0,0.0
FY2025-01,2025,Feb,1,Q1,ECOM,Ecommerce,Boys,Sets,21483.4,338.0,63.56,3663.57,88.47,10250.0,0.4771,84629.35,64597.68,5203.77,2062.04
FY2025-02,2025,Mar,2,Q1,ECOM,Ecommerce,Boys,Sets,31894.2,511.0,62.42,4590.58,126.35,15952.17,0.5002,64350.18,76812.59,49073.54,18257.16
FY2025-03,2025,Apr,3,Q1,ECOM,Ecommerce,Boys,Sets,33836.99,580.0,58.34,4281.11,156.1,17548.46,0.5186,79488.08,103932.0,62718.12,24105.75
FY2025-04,2025,May,4,Q2,ECOM,Ecommerce,Boys,Sets,32327.17,513.0,63.02,4580.56,123.82,16334.21,0.5053,101952.43,98035.68,33114.8,9834.56
FY2025-05,2025,Jun,5,Q2,ECOM,Ecommerce,Boys,Sets,30340.06,488.0,62.17,5254.66,127.74,14099.58,0.4647,95193.97,67048.54,7577.03,2998.89
FY2025-06,2025,Jul,6,Q2,ECOM,Ecommerce,Boys,Sets,21455.78,338.0,63.48,4562.24,110.95,9852.17,0.4592,69022.39,75191.67,32298.25,12021.93
FY2025-07,2025,Aug,7,Q3,ECOM,Ecommerce,Boys,Sets,26983.56,447.0,60.37,4255.22,135.45,13095.8,0.4853,72667.87,84571.05,43277.41,13721.82
FY2025-08,2025,Sep,8,Q3,ECOM,Ecommerce,Boys,Sets,30120.0,457.0,65.91,3235.89,115.97,15965.5,0.5301,80497.83,65585.65,18559.68,6822.71
FY2025-09,2025,Oct,9,Q3,ECOM,Ecommerce,Boys,Sets,36521.56,560.0,65.22,3814.98,148.14,18925.7,0.5182,65296.77,82158.42,57346.33,24064.46
FY2025-10,2025,Nov,10,Q4,ECOM,Ecommerce,Boys,Sets,40495.65,660.0,61.36,5084.04,193.61,21377.73,0.5279,94283.31,134591.22,86081.21,32351.85
FY2025-11,2025,Dec,11,Q4,ECOM,Ecommerce,Boys,Sets,56612.76,886.0,63.9,7208.99,165.36,28063.3,0.4957,129339.52,100071.02,34718.61,11560.27
FY2025-12,2025,Jan,12,Q4,ECOM,Ecommerce,Boys,Sets,20737.19,340.0,60.99,2284.16,93.07,10908.65,0.526,108621.15,85506.73,0.0,0.0
FY2026-01,2026,Feb,1,Q1,ECOM,Ecommerce,Boys,Sets,26785.16,404.0,66.3,3058.84,122.43,13938.96,0.5204,85857.44,76275.72,20384.71,6802.1
FY2026-02,2026,Mar,2,Q1,ECOM,Ecommerce,Boys,Sets,37826.61,595.0,63.57,5157.19,134.5,18870.9,0.4989,75920.26,77546.52,44744.56,19066.5
FY2026-03,2026,Apr,3,Q1,ECOM,Ecommerce,Boys,Sets,40528.29,651.0,62.26,6780.99,178.49,19301.38,0.4762,85843.8,122118.38,83762.35,26507.49
FY2026-04,2026,May,4,Q2,ECOM,Ecommerce,Boys,Sets,38656.94,617.0,62.65,5805.89,205.29,18922.15,0.4895,124603.19,109099.08,29164.01,11109.05
FY2026-05,2026,Jun,5,Q2,ECOM,Ecommerce,Boys,Sets,32675.29,540.0,60.51,5198.55,144.67,15981.79,0.4891,110748.22,79488.55,6758.84,2502.12
FY2026-06,2026,Jul,6,Q2,ECOM,Ecommerce,Boys,Sets,28385.33,463.0,61.31,4662.57,122.75,13703.43,0.4828,78246.12,87166.41,42090.94,15388.6
FY2024-01,2024,Feb,1,Q1,STORE,Retail Stores,Boys,Sets,8124.66,132.0,61.55,1165.8,67.9,4165.35,0.5127,26443.57,28056.78,10971.57,3614.52
FY2024-02,2024,Mar,2,Q1,STORE,Retail Stores,Boys,Sets,11587.95,176.0,65.84,1920.48,145.91,5668.53,0.4892,26240.35,30611.12,18025.11,6253.18
FY2024-03,2024,Apr,3,Q1,STORE,Retail Stores,Boys,Sets,14103.09,219.0,64.4,1392.62,122.68,7639.66,0.5417,29266.73,39217.33,25568.99,8826.79
FY2024-04,2024,May,4,Q2,STORE,Retail Stores,Boys,Sets,12137.48,203.0,59.79,1350.24,157.98,6583.53,0.5424,39085.12,41621.64,16182.22,5746.92
FY2024-05,2024,Jun,5,Q2,STORE,Retail Stores,Boys,Sets,12690.09,198.0,64.09,1183.78,101.12,6923.74,0.5456,40155.14,30443.87,4263.72,1537.6
FY2024-06,2024,Jul,6,Q2,STORE,Retail Stores,Boys,Sets,10740.43,174.0,61.73,1314.05,104.38,5499.84,0.5121,30498.7,28136.51,9796.67,3172.61
FY2024-07,2024,Aug,7,Q3,STORE,Retail Stores,Boys,Sets,11096.71,161.0,68.92,1216.67,104.93,5878.62,0.5298,28562.2,34418.45,18274.56,5932.35
FY2024-08,2024,Sep,8,Q3,STORE,Retail Stores,Boys,Sets,12840.85,215.0,59.72,1595.86,95.66,6512.66,0.5072,33212.52,27655.54,8975.39,2635.36
FY2024-09,2024,Oct,9,Q3,STORE,Retail Stores,Boys,Sets,12330.66,194.0,63.56,1461.65,134.74,6422.82,0.5209,28085.92,34466.2,20307.33,7206.43
FY2024-10,2024,Nov,10,Q4,STORE,Retail Stores,Boys,Sets,17628.75,285.0,61.86,1752.13,187.93,9603.23,0.5447,35496.18,49274.33,33346.96,13542.43
FY2024-11,2024,Dec,11,Q4,STORE,Retail Stores,Boys,Sets,18808.93,285.0,66.0,1710.64,191.83,10348.64,0.5502,56056.88,44046.51,8701.03,3330.62
FY2024-12,2024,Jan,12,Q4,STORE,Retail Stores,Boys,Sets,7496.68,118.0,63.53,863.45,75.3,3987.06,0.5318,43721.74,35286.31,0.0,0.0
FY2025-01,2025,Feb,1,Q1,STORE,Retail Stores,Boys,Sets,10122.72,165.0,61.35,1182.64,100.92,5331.51,0.5267,34805.81,29988.52,6588.99,2471.26
FY2025-02,2025,Mar,2,Q1,STORE,Retail Stores,Boys,Sets,13382.4,213.0,62.83,1728.46,137.07,6929.7,0.5178,30203.68,32285.78,17330.03,6264.73
FY2025-03,2025,Apr,3,Q1,STORE,Retail Stores,Boys,Sets,16225.79,261.0,62.17,2150.15,138.42,8296.23,0.5113,31375.61,43418.72,30557.47,14019.58
FY2025-04,2025,May,4,Q2,STORE,Retail Stores,Boys,Sets,17111.94,278.0,61.55,1552.26,155.43,9248.28,0.5405,50757.1,47956.72,16019.25,4940.43
FY2025-05,2025,Jun,5,Q2,STORE,Retail Stores,Boys,Sets,15046.11,235.0,64.03,1647.4,122.03,7792.7,0.5179,46896.06,30080.52,0.0,0.0
FY2025-06,2025,Jul,6,Q2,STORE,Retail Stores,Boys,Sets,12558.79,191.0,65.75,1155.61,98.76,6807.74,0.5421,32072.18,30994.9,12735.88,4778.16
FY2025-07,2025,Aug,7,Q3,STORE,Retail Stores,Boys,Sets,12236.96,193.0,63.4,1620.52,120.25,6231.54,0.5092,32366.86,32352.6,13963.47,5636.46
FY2025-08,2025,Sep,8,Q3,STORE,Retail Stores,Boys,Sets,12672.18,201.0,63.05,1721.74,146.64,6473.97,0.5109,33733.0,32419.19,13226.75,4894.41
FY2025-09,2025,Oct,9,Q3,STORE,Retail Stores,Boys,Sets,12958.73,192.0,67.49,1917.01,134.76,6505.19,0.502,32143.53,40188.24,23055.21,8131.49
FY2025-10,2025,Nov,10,Q4,STORE,Retail Stores,Boys,Sets,19622.82,305.0,64.34,2409.73,185.51,10257.79,0.5227,38653.09,59239.72,42804.69,15741.5
FY2025-11,2025,Dec,11,Q4,STORE,Retail Stores,Boys,Sets,22089.21,360.0,61.36,2470.27,196.36,11669.5,0.5283,60721.3,50012.04,14046.58,5043.12
FY2025-12,2025,Jan,12,Q4,STORE,Retail Stores,Boys,Sets,8420.19,139.0,60.58,1192.71,87.39,4243.22,0.5039,50686.42,40986.13,0.0,0.0
FY2026-01,2026,Feb,1,Q1,STORE,Retail Stores,Boys,Sets,11710.57,184.0,63.64,1454.24,106.89,6040.8,0.5158,40783.61,33836.44,6324.53,2340.37
FY2026-02,2026,Mar,2,Q1,STORE,Retail Stores,Boys,Sets,17969.89,282.0,63.72,2413.91,166.11,8963.99,0.4988,34419.87,36239.35,22369.39,8804.74
FY2026-03,2026,Apr,3,Q1,STORE,Retail Stores,Boys,Sets,19348.45,310.0,62.41,2082.29,199.59,10300.97,0.5324,38151.63,56627.55,40106.25,13903.85
FY2026-04,2026,May,4,Q2,STORE,Retail Stores,Boys,Sets,18895.23,289.0,65.38,1813.17,190.79,10118.44,0.5355,56958.62,50997.57,14938.14,4594.16
FY2026-05,2026,Jun,5,Q2,STORE,Retail Stores,Boys,Sets,17903.05,283.0,63.26,1665.49,173.96,9588.29,0.5356,52440.92,34717.93,2019.51,720.36
FY2026-06,2026,Jul,6,Q2,STORE,Retail Stores,Boys,Sets,13869.37,221.0,62.76,1141.73,120.49,7697.34,0.555,36870.23,37113.23,15374.59,5342.02
FY2024-01,2024,Feb,1,Q1,WHSL,Wholesale,Boys,Sets,14855.54,297.0,50.02,362.18,13.85,6788.61,0.457,15021.84,15429.8,15639.53,9942.59
FY2024-02,2024,Mar,2,Q1,WHSL,Wholesale,Boys,Sets,13004.78,268.0,48.53,315.26,11.91,5929.4,0.4559,15404.85,11016.92,8944.02,5081.7
FY2024-03,2024,Apr,3,Q1,WHSL,Wholesale,Boys,Sets,6512.65,140.0,46.52,152.97,6.01,2968.91,0.4559,11120.4,5615.39,1166.62,631.46
FY2024-04,2024,May,4,Q2,WHSL,Wholesale,Boys,Sets,5725.48,122.0,46.93,137.13,5.82,2612.25,0.4562,5986.67,5746.07,5627.83,3048.28
FY2024-05,2024,Jun,5,Q2,WHSL,Wholesale,Boys,Sets,14274.99,276.0,51.72,235.99,15.15,6603.23,0.4626,5849.86,9656.81,18333.08,9236.77
FY2024-06,2024,Jul,6,Q2,WHSL,Wholesale,Boys,Sets,13946.33,288.0,48.42,335.19,14.52,6369.56,0.4567,10977.78,14601.82,17920.08,9704.66
FY2024-07,2024,Aug,7,Q3,WHSL,Wholesale,Boys,Sets,7630.01,158.0,48.29,147.99,7.66,3504.53,0.4593,14561.37,6851.0,75.29,45.21
FY2024-08,2024,Sep,8,Q3,WHSL,Wholesale,Boys,Sets,11637.96,231.0,50.38,212.43,12.7,5355.76,0.4602,7399.51,6224.67,10688.25,6407.6
FY2024-09,2024,Oct,9,Q3,WHSL,Wholesale,Boys,Sets,14662.86,306.0,47.92,242.18,13.55,6783.45,0.4626,8575.55,15341.2,21684.24,10973.08
FY2024-10,2024,Nov,10,Q4,WHSL,Wholesale,Boys,Sets,8903.64,181.0,49.19,155.5,7.79,4113.67,0.462,14675.45,8709.22,3100.7,1604.22
FY2024-11,2024,Dec,11,Q4,WHSL,Wholesale,Boys,Sets,6873.39,146.0,47.08,130.06,6.98,3150.77,0.4584,8941.52,3690.75,1759.66,1112.97
FY2024-12,2024,Jan,12,Q4,WHSL,Wholesale,Boys,Sets,6344.71,130.0,48.81,146.6,7.29,2897.14,0.4566,4740.63,6099.55,7857.52,3667.77
FY2025-01,2025,Feb,1,Q1,WHSL,Wholesale,Boys,Sets,16227.19,338.0,48.01,330.82,17.63,7492.7,0.4617,6503.53,16938.05,27010.16,15835.5
FY2025-02,2025,Mar,2,Q1,WHSL,Wholesale,Boys,Sets,13227.86,265.0,49.92,276.07,18.58,6117.08,0.4624,18440.58,13031.05,8112.98,5029.76
FY2025-03,2025,Apr,3,Q1,WHSL,Wholesale,Boys,Sets,7368.87,148.0,49.79,130.79,8.28,3402.25,0.4617,12045.58,6773.38,2235.74,1210.28
FY2025-04,2025,May,4,Q2,WHSL,Wholesale,Boys,Sets,5477.83,122.0,44.9,111.7,6.64,2538.55,0.4634,7088.88,8038.5,6545.79,3207.88
FY2025-05,2025,Jun,5,Q2,WHSL,Wholesale,Boys,Sets,13219.42,260.0,50.84,339.76,14.01,6047.06,0.4574,6804.97,14299.75,21067.97,10545.74
FY2025-06,2025,Jul,6,Q2,WHSL,Wholesale,Boys,Sets,16017.44,326.0,49.13,386.65,17.43,7309.6,0.4564,12245.12,15900.58,20076.98,11398.95
FY2025-07,2025,Aug,7,Q3,WHSL,Wholesale,Boys,Sets,7781.1,160.0,48.63,166.01,8.29,3578.76,0.4599,16142.78,8355.32,167.94,87.28
FY2025-08,2025,Sep,8,Q3,WHSL,Wholesale,Boys,Sets,10542.76,218.0,48.36,262.74,14.03,4832.47,0.4584,7846.58,10872.67,13845.62,6871.66
FY2025-09,2025,Oct,9,Q3,WHSL,Wholesale,Boys,Sets,16302.44,333.0,48.96,371.25,16.2,7444.85,0.4567,10337.86,14928.92,21280.95,12126.84
FY2025-10,2025,Nov,10,Q4,WHSL,Wholesale,Boys,Sets,9756.6,204.0,47.83,200.89,10.8,4484.19,0.4596,16212.12,9790.57,3546.74,1792.86
FY2025-11,2025,Dec,11,Q4,WHSL,Wholesale,Boys,Sets,6772.36,142.0,47.69,157.89,9.54,3098.78,0.4576,9531.36,6074.02,3482.45,1936.7
FY2025-12,2025,Jan,12,Q4,WHSL,Wholesale,Boys,Sets,6659.94,136.0,48.97,159.21,8.25,3050.96,0.4581,5675.57,6923.43,8075.26,3818.48
FY2026-01,2026,Feb,1,Q1,WHSL,Wholesale,Boys,Sets,18008.61,372.0,48.41,493.85,23.11,8192.67,0.4549,6944.98,23495.56,35076.15,18256.33
FY2026-02,2026,Mar,2,Q1,WHSL,Wholesale,Boys,Sets,16006.46,342.0,46.8,320.41,18.22,7388.11,0.4616,20750.41,16040.85,11635.53,5269.92
FY2026-03,2026,Apr,3,Q1,WHSL,Wholesale,Boys,Sets,8207.47,179.0,45.85,180.66,9.0,3758.09,0.4579,13740.7,7754.94,2411.37,1126.33
FY2026-04,2026,May,4,Q2,WHSL,Wholesale,Boys,Sets,7373.89,147.0,50.16,163.41,8.73,3376.67,0.4579,7902.37,6948.13,6591.79,3919.84
FY2026-05,2026,Jun,5,Q2,WHSL,Wholesale,Boys,Sets,17585.79,375.0,46.9,357.84,16.99,8082.73,0.4596,7169.54,14932.96,25724.04,11398.66
FY2026-06,2026,Jul,6,Q2,WHSL,Wholesale,Boys,Sets,17109.24,358.0,47.79,457.9,19.73,7785.33,0.455,13525.64,20417.6,24478.83,14797.24
FY2024-01,2024,Feb,1,Q1,ECOM,Ecommerce,Boys,Sleepwear,18219.54,347.0,52.51,2725.98,98.42,9097.53,0.4993,56753.09,55809.62,20100.47,7819.46
FY2024-02,2024,Mar,2,Q1,ECOM,Ecommerce,Boys,Sleepwear,26404.58,490.0,53.89,4008.48,117.31,13157.95,0.4983,54178.7,63574.05,39925.72,15186.19
FY2024-03,2024,Apr,3,Q1,ECOM,Ecommerce,Boys,Sleepwear,31408.69,623.0,50.42,5455.99,106.27,14732.78,0.4691,62747.29,100837.27,75060.93,25697.69
FY2024-04,2024,May,4,Q2,ECOM,Ecommerce,Boys,Sleepwear,30923.93,621.0,49.8,5339.79,120.67,14331.15,0.4634,95277.56,82726.68,23833.51,8906.51
FY2024-05,2024,Jun,5,Q2,ECOM,Ecommerce,Boys,Sleepwear,26118.43,483.0,54.08,4040.83,119.4,12842.84,0.4917,85366.71,60020.63,4932.58,1607.32
FY2024-06,2024,Jul,6,Q2,ECOM,Ecommerce,Boys,Sleepwear,27371.82,516.0,53.05,3702.47,93.89,13263.42,0.4846,58928.81,66353.04,38592.41,15609.11
FY2024-07,2024,Aug,7,Q3,ECOM,Ecommerce,Boys,Sleepwear,25237.82,481.0,52.47,2787.13,120.04,13179.3,0.5222,71948.33,70005.14,26201.8,8030.18
FY2024-08,2024,Sep,8,Q3,ECOM,Ecommerce,Boys,Sleepwear,26768.17,477.0,56.12,4229.78,100.46,12797.09,0.4781,70783.46,58437.31,18752.26,7044.32
FY2024-09,2024,Oct,9,Q3,ECOM,Ecommerce,Boys,Sleepwear,28586.45,531.0,53.84,2718.28,101.44,15243.05,0.5332,61955.31,72644.38,42095.24,15558.17
FY2024-10,2024,Nov,10,Q4,ECOM,Ecommerce,Boys,Sleepwear,42638.9,801.0,53.23,5639.23,174.52,21217.32,0.4976,73365.96,116573.76,91660.45,29750.87
FY2024-11,2024,Dec,11,Q4,ECOM,Ecommerce,Boys,Sleepwear,38305.0,742.0,51.62,6758.7,161.67,18195.63,0.475,120090.37,92319.59,17454.59,5323.16
FY2024-12,2024,Jan,12,Q4,ECOM,Ecommerce,Boys,Sleepwear,17911.18,357.0,50.17,2977.03,75.79,8464.63,0.4726,90426.67,69462.67,0.0,0.0
FY2025-01,2025,Feb,1,Q1,ECOM,Ecommerce,Boys,Sleepwear,23626.82,420.0,56.25,4587.92,104.1,10481.51,0.4436,70550.26,68265.37,26033.95,9911.03
FY2025-02,2025,Mar,2,Q1,ECOM,Ecommerce,Boys,Sleepwear,28390.99,540.0,52.58,6566.99,152.36,12375.01,0.4359,70052.54,71959.75,37017.55,14328.86
FY2025-03,2025,Apr,3,Q1,ECOM,Ecommerce,Boys,Sleepwear,33963.56,632.0,53.74,3788.13,129.67,18394.79,0.5416,75248.2,120595.76,83228.92,28346.86
FY2025-04,2025,May,4,Q2,ECOM,Ecommerce,Boys,Sleepwear,33285.45,643.0,51.77,5404.7,134.2,15783.97,0.4742,113931.72,90833.87,15726.5,4770.59
FY2025-05,2025,Jun,5,Q2,ECOM,Ecommerce,Boys,Sleepwear,27066.49,523.0,51.75,5933.23,120.15,11914.7,0.4402,91765.25,73767.15,15121.77,5820.97
FY2025-06,2025,Jul,6,Q2,ECOM,Ecommerce,Boys,Sleepwear,28598.91,525.0,54.47,3201.28,84.68,14832.24,0.5186,72532.21,76511.67,35864.33,11168.76
FY2025-07,2025,Aug,7,Q3,ECOM,Ecommerce,Boys,Sleepwear,27350.97,532.0,51.41,3563.5,128.69,13904.04,0.5084,79408.51,79772.51,31407.16,12130.76
FY2025-08,2025,Sep,8,Q3,ECOM,Ecommerce,Boys,Sleepwear,27222.35,518.0,52.55,3962.41,146.24,13773.98,0.506,82269.27,67595.18,16656.91,6913.48
FY2025-09,2025,Oct,9,Q3,ECOM,Ecommerce,Boys,Sleepwear,30205.71,597.0,50.6,4637.43,141.09,14870.01,0.4923,66066.92,92693.3,61610.61,23543.4
FY2025-10,2025,Nov,10,Q4,ECOM,Ecommerce,Boys,Sleepwear,40966.93,782.0,52.39,6545.74,159.8,20141.27,0.4916,93424.02,128623.51,82871.96,34973.86
FY2025-11,2025,Dec,11,Q4,ECOM,Ecommerce,Boys,Sleepwear,45174.24,872.0,51.81,7766.36,231.12,22105.4,0.4893,132004.32,119233.74,40401.14,14201.95
FY2025-12,2025,Jan,12,Q4,ECOM,Ecommerce,Boys,Sleepwear,20385.95,397.0,51.35,2962.72,99.33,9996.68,0.4904,113424.54,89976.54,0.0,0.0
FY2026-01,2026,Feb,1,Q1,ECOM,Ecommerce,Boys,Sleepwear,22551.4,435.0,51.84,3401.89,104.87,11256.57,0.4992,91329.28,70877.86,5606.74,2065.93
FY2026-02,2026,Mar,2,Q1,ECOM,Ecommerce,Boys,Sleepwear,31059.38,577.0,53.83,3989.97,141.73,16250.64,0.5232,69818.47,82944.5,48317.11,16183.02
FY2026-03,2026,Apr,3,Q1,ECOM,Ecommerce,Boys,Sleepwear,35838.12,700.0,51.2,7567.22,150.36,15678.53,0.4375,78043.79,103156.86,68668.77,23441.42
FY2026-04,2026,May,4,Q2,ECOM,Ecommerce,Boys,Sleepwear,34561.14,644.0,53.67,4655.59,128.22,17595.32,0.5091,104771.76,103494.61,38067.8,13379.45
FY2026-05,2026,Jun,5,Q2,ECOM,Ecommerce,Boys,Sleepwear,28264.87,534.0,52.93,4291.55,111.3,14215.21,0.5029,105359.19,73209.22,517.75,187.35
FY2026-06,2026,Jul,6,Q2,ECOM,Ecommerce,Boys,Sleepwear,24761.21,482.0,51.37,3944.44,128.07,12302.47,0.4968,70235.79,81153.29,39751.22,15107.98
FY2024-01,2024,Feb,1,Q1,STORE,Retail Stores,Boys,Sleepwear,8024.02,153.0,52.44,1238.95,89.93,4003.89,0.499,25565.65,24440.58,8227.83,2856.02
FY2024-02,2024,Mar,2,Q1,STORE,Retail Stores,Boys,Sleepwear,11114.07,221.0,50.29,1286.25,131.13,6050.0,0.5444,24357.6,35326.62,23500.47,7452.15
FY2024-03,2024,Apr,3,Q1,STORE,Retail Stores,Boys,Sleepwear,14099.34,270.0,52.22,2249.21,136.37,6813.09,0.4832,31979.57,40409.09,24914.44,9542.97
FY2024-04,2024,May,4,Q2,STORE,Retail Stores,Boys,Sleepwear,12342.63,222.0,55.6,1281.28,141.9,6725.02,0.5449,42710.5,37627.43,8682.74,3102.12
FY2024-05,2024,Jun,5,Q2,STORE,Retail Stores,Boys,Sleepwear,11575.98,221.0,52.38,1586.85,127.65,5899.28,0.5096,37082.82,27996.38,4204.04,1354.12
FY2024-06,2024,Jul,6,Q2,STORE,Retail Stores,Boys,Sleepwear,10635.64,207.0,51.38,1455.95,119.58,5295.51,0.4979,27326.02,28554.93,13440.08,5044.83
FY2024-07,2024,Aug,7,Q3,STORE,Retail Stores,Boys,Sleepwear,10818.72,217.0,49.86,1436.84,85.14,5505.18,0.5089,30168.19,32470.36,14642.87,5199.68
FY2024-08,2024,Sep,8,Q3,STORE,Retail Stores,Boys,Sleepwear,10852.2,213.0,50.95,1487.5,134.26,5547.47,0.5112,32691.8,28525.78,8307.94,3110.84
FY2024-09,2024,Oct,9,Q3,STORE,Retail Stores,Boys,Sleepwear,12320.88,243.0,50.7,1492.04,141.02,6424.33,0.5214,27833.87,35804.02,21924.09,9076.43
FY2024-10,2024,Nov,10,Q4,STORE,Retail Stores,Boys,Sleepwear,15582.83,290.0,53.73,2279.3,179.74,8024.21,0.5149,37405.76,57150.38,37786.49,13617.09
FY2024-11,2024,Dec,11,Q4,STORE,Retail Stores,Boys,Sleepwear,17255.51,329.0,52.45,2182.12,170.17,9054.14,0.5247,54340.61,47301.38,12568.57,4681.8
FY2024-12,2024,Jan,12,Q4,STORE,Retail Stores,Boys,Sleepwear,8482.8,157.0,54.03,993.87,75.24,4378.59,0.5162,46016.55,36464.64,0.0,0.0
FY2025-01,2025,Feb,1,Q1,STORE,Retail Stores,Boys,Sleepwear,8197.15,155.0,52.88,1128.19,107.58,4357.86,0.5316,37095.58,31035.61,3372.95,1282.95
FY2025-02,2025,Mar,2,Q1,STORE,Retail Stores,Boys,Sleepwear,13704.94,251.0,54.6,1734.11,151.89,7165.1,0.5228,28942.49,34323.63,20972.08,7380.79
FY2025-03,2025,Apr,3,Q1,STORE,Retail Stores,Boys,Sleepwear,15385.38,292.0,52.69,2015.0,176.57,8020.08,0.5213,34346.77,54481.41,37711.59,13467.53
FY2025-04,2025,May,4,Q2,STORE,Retail Stores,Boys,Sleepwear,14435.15,261.0,55.31,1998.19,141.95,7337.45,0.5083,50250.33,43972.5,10297.46,4672.07
FY2025-05,2025,Jun,5,Q2,STORE,Retail Stores,Boys,Sleepwear,12704.61,241.0,52.72,2152.91,131.71,6113.55,0.4812,44789.74,32573.02,2772.51,936.13
FY2025-06,2025,Jul,6,Q2,STORE,Retail Stores,Boys,Sleepwear,12665.79,248.0,51.07,1330.56,136.18,6722.97,0.5308,31836.5,32741.74,15037.77,5908.85
FY2025-07,2025,Aug,7,Q3,STORE,Retail Stores,Boys,Sleepwear,10850.94,206.0,52.67,1532.58,122.76,5542.1,0.5107,33655.93,34031.3,12881.65,5543.45
FY2025-08,2025,Sep,8,Q3,STORE,Retail Stores,Boys,Sleepwear,13235.29,240.0,55.15,1457.13,134.81,7030.22,0.5312,34861.61,30494.07,10459.69,3590.07
FY2025-09,2025,Oct,9,Q3,STORE,Retail Stores,Boys,Sleepwear,12246.41,219.0,55.92,1597.33,154.55,6402.92,0.5228,30094.87,37397.04,21300.46,8208.51
FY2025-10,2025,Nov,10,Q4,STORE,Retail Stores,Boys,Sleepwear,18542.87,348.0,53.28,1718.68,205.52,10347.72,0.558,38167.68,51975.88,34275.27,13553.68
FY2025-11,2025,Dec,11,Q4,STORE,Retail Stores,Boys,Sleepwear,22082.79,429.0,51.48,2557.23,182.75,11539.82,0.5226,55908.32,44594.64,13509.09,6381.4
FY2025-12,2025,Jan,12,Q4,STORE,Retail Stores,Boys,Sleepwear,8956.33,164.0,54.61,721.56,89.99,5049.2,0.5638,47931.4,38163.52,0.0,0.0
FY2026-01,2026,Feb,1,Q1,STORE,Retail Stores,Boys,Sleepwear,9362.04,177.0,52.89,757.04,117.44,5388.83,0.5756,37484.03,33939.71,6692.2,2415.68
FY2026-02,2026,Mar,2,Q1,STORE,Retail Stores,Boys,Sleepwear,13216.88,250.0,52.87,1784.34,123.72,6909.21,0.5228,32372.1,36392.99,19145.83,7220.88
FY2026-03,2026,Apr,3,Q1,STORE,Retail Stores,Boys,Sleepwear,19725.05,395.0,49.94,1764.96,162.81,10604.41,0.5376,35766.45,47810.56,33696.93,10040.62
FY2026-04,2026,May,4,Q2,STORE,Retail Stores,Boys,Sleepwear,14438.37,276.0,52.31,1403.51,161.0,7978.88,0.5526,50791.07,51171.72,16383.53,4980.24
FY2026-05,2026,Jun,5,Q2,STORE,Retail Stores,Boys,Sleepwear,14786.9,274.0,53.97,1880.21,144.06,7584.43,0.5129,46951.32,35023.88,4883.73,1561.55
FY2026-06,2026,Jul,6,Q2,STORE,Retail Stores,Boys,Sleepwear,11041.24,204.0,54.12,1111.65,115.52,6072.12,0.5499,35405.57,37273.1,14135.94,4532.29
FY2024-01,2024,Feb,1,Q1,WHSL,Wholesale,Boys,Sleepwear,15637.9,400.0,39.09,506.64,21.4,7002.37,0.4478,15843.92,16179.6,16501.62,8558.88
FY2024-02,2024,Mar,2,Q1,WHSL,Wholesale,Boys,Sleepwear,12377.33,294.0,42.1,218.57,13.23,5740.46,0.4638,15880.28,11076.1,7804.95,4234.8
FY2024-03,2024,Apr,3,Q1,WHSL,Wholesale,Boys,Sleepwear,5999.39,151.0,39.73,164.64,7.27,2722.52,0.4538,10163.16,6423.78,2431.92,1274.51
FY2024-04,2024,May,4,Q2,WHSL,Wholesale,Boys,Sleepwear,5728.33,136.0,42.12,110.75,5.58,2637.43,0.4604,6093.27,5931.49,5682.88,2992.9
FY2024-05,2024,Jun,5,Q2,WHSL,Wholesale,Boys,Sleepwear,13013.95,324.0,40.17,298.56,15.76,5963.78,0.4583,5741.89,14323.54,21909.92,8737.38
FY2024-06,2024,Jul,6,Q2,WHSL,Wholesale,Boys,Sleepwear,11776.8,291.0,40.47,339.82,12.92,5369.82,0.456,11134.54,15367.76,16362.76,9422.54
FY2024-07,2024,Aug,7,Q3,WHSL,Wholesale,Boys,Sleepwear,7362.54,189.0,38.96,159.49,6.77,3371.47,0.4579,14289.08,7322.86,562.58,284.3
FY2024-08,2024,Sep,8,Q3,WHSL,Wholesale,Boys,Sleepwear,10265.31,264.0,38.88,243.36,10.95,4685.44,0.4564,7485.93,8185.44,11219.13,5357.38
FY2024-09,2024,Oct,9,Q3,WHSL,Wholesale,Boys,Sleepwear,15342.82,361.0,42.5,226.59,17.16,7127.59,0.4646,8509.07,13127.83,20205.33,10343.64
FY2024-10,2024,Nov,10,Q4,WHSL,Wholesale,Boys,Sleepwear,8919.34,219.0,40.73,249.62,9.25,4020.21,0.4507,15324.69,7243.65,1097.17,568.5
FY2024-11,2024,Dec,11,Q4,WHSL,Wholesale,Boys,Sleepwear,6354.5,161.0,39.47,85.11,6.35,2958.65,0.4656,7949.85,4254.36,2750.47,1632.42
FY2024-12,2024,Jan,12,Q4,WHSL,Wholesale,Boys,Sleepwear,6891.46,173.0,39.84,123.28,7.63,3173.85,0.4605,4691.48,6105.23,8436.12,3871.06
FY2025-01,2025,Feb,1,Q1,WHSL,Wholesale,Boys,Sleepwear,18736.15,462.0,40.55,464.07,15.11,8523.03,0.4549,6668.65,18071.04,30617.72,15508.7
FY2025-02,2025,Mar,2,Q1,WHSL,Wholesale,Boys,Sleepwear,14046.51,364.0,38.59,369.91,16.24,6391.84,0.455,17628.64,13026.23,9830.25,5099.6
FY2025-03,2025,Apr,3,Q1,WHSL,Wholesale,Boys,Sleepwear,6233.08,146.0,42.69,219.16,8.84,2791.73,0.4479,11777.98,8583.1,3266.2,1680.92
FY2025-04,2025,May,4,Q2,WHSL,Wholesale,Boys,Sleepwear,6439.55,156.0,41.28,161.34,6.82,2933.47,0.4555,7575.46,6683.29,5715.54,2771.62
FY2025-05,2025,Jun,5,Q2,WHSL,Wholesale,Boys,Sleepwear,13517.82,340.0,39.76,383.52,17.42,6154.0,0.4553,6496.06,15395.66,22818.36,13095.09
FY2025-06,2025,Jul,6,Q2,WHSL,Wholesale,Boys,Sleepwear,15411.76,385.0,40.03,419.62,19.96,6996.43,0.454,13042.08,18764.51,21573.77,10425.3
FY2025-07,2025,Aug,7,Q3,WHSL,Wholesale,Boys,Sleepwear,7450.1,182.0,40.93,190.87,9.56,3395.62,0.4558,16250.15,8695.91,96.29,47.13
FY2025-08,2025,Sep,8,Q3,WHSL,Wholesale,Boys,Sleepwear,11407.48,278.0,41.03,223.24,10.56,5265.24,0.4616,8214.94,9296.83,12723.17,6835.54
FY2025-09,2025,Oct,9,Q3,WHSL,Wholesale,Boys,Sleepwear,15180.72,372.0,40.81,393.88,17.05,6906.58,0.455,9657.28,16147.8,22082.17,9227.01
FY2025-10,2025,Nov,10,Q4,WHSL,Wholesale,Boys,Sleepwear,9787.03,245.0,39.95,206.67,9.16,4491.36,0.4589,16679.86,10192.26,3515.26,1777.82
FY2025-11,2025,Dec,11,Q4,WHSL,Wholesale,Boys,Sleepwear,7071.26,174.0,40.64,123.24,7.08,3265.86,0.4618,10314.12,5193.47,2080.93,1056.46
FY2025-12,2025,Jan,12,Q4,WHSL,Wholesale,Boys,Sleepwear,7107.57,171.0,41.56,108.41,7.3,3307.48,0.4653,5360.74,7010.28,8872.82,4593.74
FY2026-01,2026,Feb,1,Q1,WHSL,Wholesale,Boys,Sleepwear,19594.56,457.0,42.88,413.07,17.42,8981.21,0.4584,7283.88,13436.94,26178.11,15570.13
FY2026-02,2026,Mar,2,Q1,WHSL,Wholesale,Boys,Sleepwear,15890.92,396.0,40.13,421.22,15.97,7204.8,0.4534,19277.49,12077.0,9127.62,4575.04
FY2026-03,2026,Apr,3,Q1,WHSL,Wholesale,Boys,Sleepwear,5895.16,145.0,40.66,132.53,7.32,2728.84,0.4629,12528.48,9495.53,3002.06,1761.13
FY2026-04,2026,May,4,Q2,WHSL,Wholesale,Boys,Sleepwear,7779.3,195.0,39.89,130.04,7.08,3579.64,0.4601,7761.38,5419.65,5574.69,2936.44
FY2026-05,2026,Jun,5,Q2,WHSL,Wholesale,Boys,Sleepwear,15204.67,372.0,40.87,288.21,19.6,7033.3,0.4626,7017.44,13286.42,21781.46,11089.42
FY2026-06,2026,Jul,6,Q2,WHSL,Wholesale,Boys,Sleepwear,17217.08,414.0,41.59,263.62,17.62,8000.46,0.4647,12804.19,14576.96,19271.09,11619.14
FY2024-01,2024,Feb,1,Q1,ECOM,Ecommerce,Boys,Swim,9818.0,183.0,53.65,1390.18,38.57,4892.9,0.4984,28132.04,26970.24,10084.95,3921.33
FY2024-02,2024,Mar,2,Q1,ECOM,Ecommerce,Boys,Swim,14523.8,251.0,57.86,2052.95,62.12,7242.02,0.4986,28096.41,32563.72,21106.18,7871.1
FY2024-03,2024,Apr,3,Q1,ECOM,Ecommerce,Boys,Swim,15027.55,265.0,56.71,2200.11,79.99,7491.25,0.4985,35188.75,42945.34,25064.24,10965.26
FY2024-04,2024,May,4,Q2,ECOM,Ecommerce,Boys,Swim,13518.4,236.0,57.28,1679.32,66.67,7100.83,0.5253,45589.37,41261.34,10936.36,3544.27
FY2024-05,2024,Jun,5,Q2,ECOM,Ecommerce,Boys,Swim,14346.18,236.0,60.79,1605.55,49.12,7462.9,0.5202,39517.14,29535.16,6018.87,2288.01
FY2024-06,2024,Jul,6,Q2,ECOM,Ecommerce,Boys,Swim,10520.31,179.0,58.77,1896.95,53.31,4964.88,0.4719,30257.94,33723.7,15936.33,6342.87
FY2024-07,2024,Aug,7,Q3,ECOM,Ecommerce,Boys,Swim,10526.03,187.0,56.29,1927.02,50.32,5034.77,0.4783,34586.3,36149.62,14066.69,5346.52
FY2024-08,2024,Sep,8,Q3,ECOM,Ecommerce,Boys,Swim,14242.39,247.0,57.66,1546.82,59.85,7517.04,0.5278,35983.31,31876.19,11741.94,4004.52
FY2024-09,2024,Oct,9,Q3,ECOM,Ecommerce,Boys,Swim,14053.13,251.0,55.99,2056.79,67.03,6924.12,0.4927,32435.85,39700.77,23441.87,8224.82
FY2024-10,2024,Nov,10,Q4,ECOM,Ecommerce,Boys,Swim,20351.2,353.0,57.65,2574.61,85.79,10338.18,0.508,40740.45,48183.23,30454.38,12757.82
FY2024-11,2024,Dec,11,Q4,ECOM,Ecommerce,Boys,Swim,21063.84,365.0,57.71,3149.14,87.8,10303.7,0.4892,55652.58,49279.09,17927.29,5804.84
FY2024-12,2024,Jan,12,Q4,ECOM,Ecommerce,Boys,Swim,7802.06,137.0,56.95,1615.92,34.91,3471.3,0.4449,49287.4,39834.51,0.0,0.0
FY2025-01,2025,Feb,1,Q1,ECOM,Ecommerce,Boys,Swim,10892.27,190.0,57.33,1559.78,50.72,5511.59,0.506,39544.76,36529.56,9487.57,2847.63
FY2025-02,2025,Mar,2,Q1,ECOM,Ecommerce,Boys,Swim,17198.52,302.0,56.95,2502.41,63.5,8369.9,0.4867,35164.77,35190.28,19789.94,7139.7
FY2025-03,2025,Apr,3,Q1,ECOM,Ecommerce,Boys,Swim,15040.25,263.0,57.19,2763.62,88.05,7346.79,0.4885,36909.83,56010.06,36992.15,13135.54
FY2025-04,2025,May,4,Q2,ECOM,Ecommerce,Boys,Swim,17440.37,314.0,55.54,2910.28,67.28,8147.28,0.4672,52127.28,49176.59,17467.24,5310.11
FY2025-05,2025,Jun,5,Q2,ECOM,Ecommerce,Boys,Swim,17142.06,308.0,55.66,2459.21,76.85,8316.05,0.4851,49122.61,33942.45,4497.96,1710.12
FY2025-06,2025,Jul,6,Q2,ECOM,Ecommerce,Boys,Swim,12631.66,215.0,58.75,1783.28,49.78,6318.41,0.5002,35729.41,36398.43,15133.74,4915.02
FY2025-07,2025,Aug,7,Q3,ECOM,Ecommerce,Boys,Swim,14068.61,235.0,59.87,1200.16,66.11,7768.12,0.5522,35409.87,39748.35,19673.36,7165.93
FY2025-08,2025,Sep,8,Q3,ECOM,Ecommerce,Boys,Swim,14986.57,266.0,56.34,2971.91,54.8,6610.26,0.4411,40702.91,33092.77,10403.14,3726.19
FY2025-09,2025,Oct,9,Q3,ECOM,Ecommerce,Boys,Swim,15322.97,266.0,57.61,2483.14,70.0,7379.29,0.4816,33601.06,43954.76,28229.81,10099.08
FY2025-10,2025,Nov,10,Q4,ECOM,Ecommerce,Boys,Swim,21019.84,348.0,60.4,3249.97,96.29,10341.64,0.492,44416.08,63308.63,43258.65,15337.05
FY2025-11,2025,Dec,11,Q4,ECOM,Ecommerce,Boys,Swim,24804.98,422.0,58.78,3632.84,81.05,12158.55,0.4902,63656.95,59074.3,23936.22,8008.2
FY2025-12,2025,Jan,12,Q4,ECOM,Ecommerce,Boys,Swim,10475.41,168.0,62.35,1337.85,37.87,5239.0,0.5001,58969.97,47118.84,0.0,0.0
FY2026-01,2026,Feb,1,Q1,ECOM,Ecommerce,Boys,Swim,11552.16,195.0,59.24,1938.37,45.85,5595.1,0.4843,48131.04,37172.09,2577.43,783.59
FY2026-02,2026,Mar,2,Q1,ECOM,Ecommerce,Boys,Swim,17637.95,294.0,59.99,3160.01,74.96,8183.95,0.464,36106.38,42770.56,27537.1,11119.68
FY2026-03,2026,Apr,3,Q1,ECOM,Ecommerce,Boys,Swim,23553.65,428.0,55.03,2460.69,81.62,12176.54,0.517,43757.95,57452.34,39790.35,12572.57
FY2026-04,2026,May,4,Q2,ECOM,Ecommerce,Boys,Swim,16819.72,285.0,59.02,3120.87,68.56,7860.71,0.4674,55712.92,53376.92,17673.15,6414.7
FY2026-05,2026,Jun,5,Q2,ECOM,Ecommerce,Boys,Swim,15754.31,274.0,57.5,1710.14,89.18,8579.82,0.5446,51209.08,40496.87,6841.42,2262.48
FY2026-06,2026,Jul,6,Q2,ECOM,Ecommerce,Boys,Swim,14778.44,250.0,59.11,2738.43,72.86,6681.16,0.4521,37609.9,39650.62,19630.45,6908.01
FY2024-01,2024,Feb,1,Q1,STORE,Retail Stores,Boys,Swim,4526.28,78.0,58.03,594.31,42.07,2298.11,0.5077,13377.96,12854.92,4639.62,1959.34
FY2024-02,2024,Mar,2,Q1,STORE,Retail Stores,Boys,Swim,5974.13,100.0,59.74,774.55,62.63,3101.02,0.5191,13397.91,14982.72,8396.12,3369.26
FY2024-03,2024,Apr,3,Q1,STORE,Retail Stores,Boys,Swim,7327.73,127.0,57.7,691.13,63.37,4012.83,0.5476,14868.46,21772.19,14985.96,6171.91
FY2024-04,2024,May,4,Q2,STORE,Retail Stores,Boys,Swim,5975.71,102.0,58.59,732.92,55.48,3139.14,0.5253,21296.61,18331.4,3798.9,1587.78
FY2024-05,2024,Jun,5,Q2,STORE,Retail Stores,Boys,Swim,6705.0,112.0,59.87,561.11,45.37,3641.98,0.5432,18306.46,12428.01,1433.03,560.73
FY2024-06,2024,Jul,6,Q2,STORE,Retail Stores,Boys,Swim,5725.06,101.0,56.68,631.47,57.64,3001.58,0.5243,13107.18,13506.3,6813.29,3031.58
FY2024-07,2024,Aug,7,Q3,STORE,Retail Stores,Boys,Swim,5362.09,95.0,56.44,780.47,55.8,2647.57,0.4938,15990.73,15272.94,5480.57,1950.26
FY2024-08,2024,Sep,8,Q3,STORE,Retail Stores,Boys,Swim,5528.95,93.0,59.45,748.95,52.09,2822.34,0.5105,15391.05,13649.35,4588.29,1761.87
FY2024-09,2024,Oct,9,Q3,STORE,Retail Stores,Boys,Swim,5015.51,83.0,60.43,666.51,58.14,2658.16,0.53,13934.73,18145.76,9951.19,3434.5
FY2024-10,2024,Nov,10,Q4,STORE,Retail Stores,Boys,Swim,8910.69,161.0,55.35,819.72,99.34,4877.15,0.5473,17230.14,23908.09,16507.7,6731.45
FY2024-11,2024,Dec,11,Q4,STORE,Retail Stores,Boys,Swim,9285.04,159.0,58.4,966.35,86.82,5032.14,0.542,25260.94,22734.27,7811.54,2695.36
FY2024-12,2024,Jan,12,Q4,STORE,Retail Stores,Boys,Swim,3795.8,63.0,60.25,432.06,33.27,2009.97,0.5295,22720.12,18458.99,0.0,0.0
FY2025-01,2025,Feb,1,Q1,STORE,Retail Stores,Boys,Swim,6138.33,103.0,59.6,515.43,42.83,3322.86,0.5413,18361.16,13888.88,2224.31,629.23
FY2025-02,2025,Mar,2,Q1,STORE,Retail Stores,Boys,Swim,8130.71,141.0,57.66,793.31,72.99,4368.58,0.5373,14781.41,14948.31,9163.91,4035.92
FY2025-03,2025,Apr,3,Q1,STORE,Retail Stores,Boys,Swim,6841.52,113.0,60.54,1272.05,71.85,3268.69,0.4778,16873.64,24245.88,15557.66,5224.93
FY2025-04,2025,May,4,Q2,STORE,Retail Stores,Boys,Swim,7659.3,139.0,55.1,668.82,71.26,4216.8,0.5505,22557.5,21844.58,7686.46,3099.03
FY2025-05,2025,Jun,5,Q2,STORE,Retail Stores,Boys,Swim,7656.82,133.0,57.57,896.59,58.03,3951.73,0.5161,22750.59,14851.95,712.8,238.21
FY2025-06,2025,Jul,6,Q2,STORE,Retail Stores,Boys,Swim,5339.31,89.0,59.99,677.11,58.42,2790.88,0.5227,15538.59,16148.66,6684.91,2493.35
FY2025-07,2025,Aug,7,Q3,STORE,Retail Stores,Boys,Swim,5626.53,95.0,59.23,757.59,59.22,2906.07,0.5165,16282.68,17666.45,7827.11,2454.43
FY2025-08,2025,Sep,8,Q3,STORE,Retail Stores,Boys,Swim,6204.06,115.0,53.95,825.29,65.95,3175.18,0.5118,16739.6,14586.73,4942.43,2191.45
FY2025-09,2025,Oct,9,Q3,STORE,Retail Stores,Boys,Swim,7119.91,120.0,59.33,587.82,61.34,3958.41,0.556,15004.63,20494.34,13258.78,3889.71
FY2025-10,2025,Nov,10,Q4,STORE,Retail Stores,Boys,Swim,10485.24,176.0,59.58,997.48,86.15,5678.46,0.5416,20372.72,30864.1,22060.25,8117.1
FY2025-11,2025,Dec,11,Q4,STORE,Retail Stores,Boys,Swim,12101.93,202.0,59.91,1377.07,125.11,6248.95,0.5164,30082.32,25362.22,8884.01,2809.56
FY2025-12,2025,Jan,12,Q4,STORE,Retail Stores,Boys,Swim,4392.85,73.0,60.18,560.17,36.82,2240.73,0.5101,26218.21,21228.37,0.0,0.0
FY2026-01,2026,Feb,1,Q1,STORE,Retail Stores,Boys,Swim,4707.47,84.0,56.04,823.2,50.7,2317.64,0.4923,21435.01,16659.47,805.83,286.18
FY2026-02,2026,Mar,2,Q1,STORE,Retail Stores,Boys,Swim,8318.58,141.0,59.0,593.04,81.1,4725.48,0.5681,15696.33,19528.99,12825.38,4692.04
FY2026-03,2026,Apr,3,Q1,STORE,Retail Stores,Boys,Swim,8305.63,143.0,58.08,1032.62,74.75,4375.65,0.5268,20004.64,27074.58,16482.94,5696.01
FY2026-04,2026,May,4,Q2,STORE,Retail Stores,Boys,Swim,7737.48,133.0,58.18,861.51,81.45,4163.97,0.5382,25582.54,24890.46,7988.36,3050.36
FY2026-05,2026,Jun,5,Q2,STORE,Retail Stores,Boys,Swim,7430.5,128.0,58.05,716.78,77.45,4062.8,0.5468,24492.37,18018.91,1751.27,647.77
FY2026-06,2026,Jul,6,Q2,STORE,Retail Stores,Boys,Swim,7197.26,122.0,58.99,588.81,48.63,3952.78,0.5492,17831.29,18303.3,8306.71,2973.7
FY2024-01,2024,Feb,1,Q1,WHSL,Wholesale,Boys,Swim,6841.4,157.0,43.58,144.15,9.26,3159.41,0.4618,7827.36,8739.18,7906.63,4344.5
FY2024-02,2024,Mar,2,Q1,WHSL,Wholesale,Boys,Swim,6800.74,147.0,46.26,145.28,6.25,3115.5,0.4581,7683.84,4813.94,4082.37,2071.3
FY2024-03,2024,Apr,3,Q1,WHSL,Wholesale,Boys,Swim,2942.93,64.0,45.98,91.14,2.62,1322.64,0.4494,5174.46,2968.82,831.05,487.36
FY2024-04,2024,May,4,Q2,WHSL,Wholesale,Boys,Swim,2430.93,55.0,44.2,59.78,4.21,1114.83,0.4586,2997.59,2942.83,2440.16,1617.1
FY2024-05,2024,Jun,5,Q2,WHSL,Wholesale,Boys,Swim,7063.42,155.0,45.57,160.87,7.09,3223.86,0.4564,2874.16,4778.14,9135.36,4612.33
FY2024-06,2024,Jul,6,Q2,WHSL,Wholesale,Boys,Swim,8061.2,180.0,44.78,154.34,7.31,3699.65,0.4589,5422.65,7607.78,10407.98,5530.41
FY2024-07,2024,Aug,7,Q3,WHSL,Wholesale,Boys,Swim,3015.47,64.0,47.12,88.82,3.21,1367.83,0.4536,7632.32,4524.82,0.0,0.0
FY2024-08,2024,Sep,8,Q3,WHSL,Wholesale,Boys,Swim,5794.99,133.0,43.57,140.48,5.27,2632.06,0.4542,4061.36,3750.43,5629.81,2722.52
FY2024-09,2024,Oct,9,Q3,WHSL,Wholesale,Boys,Swim,6201.5,139.0,44.62,158.61,6.96,2836.89,0.4575,4247.53,9373.45,11492.99,5032.72
FY2024-10,2024,Nov,10,Q4,WHSL,Wholesale,Boys,Swim,3504.28,79.0,44.36,89.78,4.81,1605.05,0.458,7257.78,4814.04,1155.13,567.37
FY2024-11,2024,Dec,11,Q4,WHSL,Wholesale,Boys,Swim,3682.16,84.0,43.84,56.67,4.12,1696.86,0.4608,4282.34,2075.24,1535.85,719.54
FY2024-12,2024,Jan,12,Q4,WHSL,Wholesale,Boys,Swim,3223.99,74.0,43.57,71.21,2.79,1474.87,0.4575,2495.08,2995.76,3798.67,1759.09
FY2025-01,2025,Feb,1,Q1,WHSL,Wholesale,Boys,Swim,8047.49,180.0,44.71,243.7,8.18,3638.1,0.4521,3285.15,9348.0,14362.22,7854.04
FY2025-02,2025,Mar,2,Q1,WHSL,Wholesale,Boys,Swim,5933.71,127.0,46.72,186.66,6.88,2693.72,0.454,9255.08,7095.05,3967.22,2292.72
FY2025-03,2025,Apr,3,Q1,WHSL,Wholesale,Boys,Swim,3181.57,71.0,44.81,87.37,3.95,1446.04,0.4545,5643.7,3406.64,1035.83,532.91
FY2025-04,2025,May,4,Q2,WHSL,Wholesale,Boys,Swim,3160.85,71.0,44.52,76.33,2.97,1440.54,0.4557,3277.11,3209.48,3172.52,1705.8
FY2025-05,2025,Jun,5,Q2,WHSL,Wholesale,Boys,Swim,6706.42,148.0,45.31,145.74,9.76,3089.94,0.4607,3216.71,6624.41,10269.62,5096.59
FY2025-06,2025,Jul,6,Q2,WHSL,Wholesale,Boys,Swim,9316.18,210.0,44.36,156.52,8.33,4292.6,0.4608,5845.99,7065.66,10700.7,5983.09
FY2025-07,2025,Aug,7,Q3,WHSL,Wholesale,Boys,Swim,4667.4,106.0,44.03,84.63,4.4,2141.55,0.4588,8027.1,3437.33,166.66,95.4
FY2025-08,2025,Sep,8,Q3,WHSL,Wholesale,Boys,Swim,5782.3,133.0,43.48,132.05,6.78,2651.79,0.4586,4086.75,4993.81,6828.19,3668.43
FY2025-09,2025,Oct,9,Q3,WHSL,Wholesale,Boys,Swim,8740.78,202.0,43.27,164.06,7.97,4019.94,0.4599,4714.78,7624.34,11822.37,6230.92
FY2025-10,2025,Nov,10,Q4,WHSL,Wholesale,Boys,Swim,3758.99,80.0,46.99,117.62,4.81,1712.31,0.4555,8347.92,6137.29,1670.79,828.17
FY2025-11,2025,Dec,11,Q4,WHSL,Wholesale,Boys,Swim,3967.52,89.0,44.58,102.66,3.33,1793.88,0.4521,5103.06,2388.74,1359.19,949.85
FY2025-12,2025,Jan,12,Q4,WHSL,Wholesale,Boys,Swim,3601.32,82.0,43.92,54.4,3.63,1676.23,0.4654,3020.21,3729.28,4368.42,2506.79
FY2026-01,2026,Feb,1,Q1,WHSL,Wholesale,Boys,Swim,9675.63,212.0,45.64,239.92,13.41,4417.01,0.4565,3732.11,9024.68,15221.53,9029.62
FY2026-02,2026,Mar,2,Q1,WHSL,Wholesale,Boys,Swim,8362.27,188.0,44.48,168.6,8.69,3844.06,0.4597,10451.88,6430.67,4518.35,2466.54
FY2026-03,2026,Apr,3,Q1,WHSL,Wholesale,Boys,Swim,3910.89,86.0,45.48,95.48,3.77,1784.03,0.4562,6508.73,4030.91,1532.32,941.78
FY2026-04,2026,May,4,Q2,WHSL,Wholesale,Boys,Swim,2859.99,64.0,44.69,89.47,3.36,1296.72,0.4534,4174.75,3983.4,2761.47,1390.21
FY2026-05,2026,Jun,5,Q2,WHSL,Wholesale,Boys,Swim,8423.39,186.0,45.29,241.4,5.82,3807.03,0.452,3556.22,7393.36,12507.75,7056.37
FY2026-06,2026,Jul,6,Q2,WHSL,Wholesale,Boys,Swim,8633.35,202.0,42.74,238.54,7.46,3917.37,0.4537,7111.93,9588.15,11355.57,4835.93
FY2024-01,2024,Feb,1,Q1,ECOM,Ecommerce,Boys,Tops,39797.0,759.0,52.43,5755.68,160.06,20976.5,0.5271,157907.19,160824.85,48630.4,17231.82
FY2024-02,2024,Mar,2,Q1,ECOM,Ecommerce,Boys,Tops,77195.72,1541.0,50.09,10826.45,259.65,38033.41,0.4927,150455.58,178829.19,116655.43,37777.91
FY2024-03,2024,Apr,3,Q1,ECOM,Ecommerce,Boys,Tops,68811.51,1331.0,51.7,10444.21,306.09,35338.5,0.5136,174151.08,226324.48,131735.21,49553.91
FY2024-04,2024,May,4,Q2,ECOM,Ecommerce,Boys,Tops,73747.89,1437.0,51.32,10216.87,312.34,36800.79,0.499,232886.23,207655.17,59046.04,21630.06
FY2024-05,2024,Jun,5,Q2,ECOM,Ecommerce,Boys,Tops,65923.35,1219.0,54.08,7259.29,280.35,34993.77,0.5308,211679.14,151559.14,13342.99,5096.67
FY2024-06,2024,Jul,6,Q2,ECOM,Ecommerce,Boys,Tops,58703.12,1081.0,54.3,7030.87,228.56,30271.44,0.5157,150903.98,170692.43,85751.0,27592.92
FY2024-07,2024,Aug,7,Q3,ECOM,Ecommerce,Boys,Tops,56108.24,1081.0,51.9,8077.56,286.25,28354.58,0.5054,166344.19,177552.32,75680.18,24177.05
FY2024-08,2024,Sep,8,Q3,ECOM,Ecommerce,Boys,Tops,63911.6,1223.0,52.26,8919.26,264.81,31993.95,0.5006,170242.95,146053.36,48906.08,17081.32
FY2024-09,2024,Oct,9,Q3,ECOM,Ecommerce,Boys,Tops,57146.89,1124.0,50.84,7362.28,237.06,30725.89,0.5377,145263.24,193783.99,113266.98,42339.45
FY2024-10,2024,Nov,10,Q4,ECOM,Ecommerce,Boys,Tops,92808.13,1725.0,53.8,14266.03,419.2,45809.09,0.4936,196678.76,264527.47,175342.07,77690.08
FY2024-11,2024,Dec,11,Q4,ECOM,Ecommerce,Boys,Tops,104445.2,1965.0,53.15,13333.16,525.57,53737.31,0.5145,288351.92,246248.56,76200.57,28180.16
FY2024-12,2024,Jan,12,Q4,ECOM,Ecommerce,Boys,Tops,33736.34,635.0,53.13,7854.31,162.1,15096.82,0.4475,245133.85,203381.1,0.0,0.0
FY2025-01,2025,Feb,1,Q1,ECOM,Ecommerce,Boys,Tops,54137.28,1072.0,50.5,8322.67,278.34,26792.09,0.4949,195080.28,164725.31,32383.32,11784.29
FY2025-02,2025,Mar,2,Q1,ECOM,Ecommerce,Boys,Tops,73556.8,1422.0,51.73,11898.8,331.83,35947.4,0.4887,164576.96,175906.0,97116.47,40897.65
FY2025-03,2025,Apr,3,Q1,ECOM,Ecommerce,Boys,Tops,86160.92,1709.0,50.42,13660.96,465.13,42183.2,0.4896,178527.94,281440.41,203199.48,69523.0
FY2025-04,2025,May,4,Q2,ECOM,Ecommerce,Boys,Tops,86910.27,1742.0,49.89,7762.67,309.88,47644.38,0.5482,278419.05,240618.55,57182.32,20494.57
FY2025-05,2025,Jun,5,Q2,ECOM,Ecommerce,Boys,Tops,75987.39,1475.0,51.52,14064.98,344.17,34685.03,0.4565,240859.46,179333.76,28870.84,12052.84
FY2025-06,2025,Jul,6,Q2,ECOM,Ecommerce,Boys,Tops,62016.01,1185.0,52.33,12859.37,265.13,27304.71,0.4403,181137.73,194638.19,88640.97,31102.17
FY2025-07,2025,Aug,7,Q3,ECOM,Ecommerce,Boys,Tops,61791.15,1163.0,53.13,10741.69,242.94,29820.69,0.4826,192010.44,198611.41,79376.75,28633.18
FY2025-08,2025,Sep,8,Q3,ECOM,Ecommerce,Boys,Tops,68996.03,1348.0,51.18,11176.03,288.23,33401.92,0.4841,188369.71,167858.21,59948.79,24083.81
FY2025-09,2025,Oct,9,Q3,ECOM,Ecommerce,Boys,Tops,68045.74,1365.0,49.85,10481.92,266.96,33795.25,0.4967,172089.47,221707.57,128412.72,43394.96
FY2025-10,2025,Nov,10,Q4,ECOM,Ecommerce,Boys,Tops,95009.57,1812.0,52.43,14737.93,542.59,48294.32,0.5083,217679.58,324233.89,216844.4,87400.49
FY2025-11,2025,Dec,11,Q4,ECOM,Ecommerce,Boys,Tops,115449.1,2259.0,51.11,14676.54,495.72,59737.58,0.5174,327772.24,298081.54,100930.66,33346.31
FY2025-12,2025,Jan,12,Q4,ECOM,Ecommerce,Boys,Tops,47036.82,903.0,52.09,8276.77,216.61,21971.56,0.4671,289242.37,233712.17,0.0,0.0
FY2026-01,2026,Feb,1,Q1,ECOM,Ecommerce,Boys,Tops,57897.71,1128.0,51.33,11254.66,253.75,26408.87,0.4561,234453.03,178184.66,13137.75,4202.99
FY2026-02,2026,Mar,2,Q1,ECOM,Ecommerce,Boys,Tops,83352.03,1594.0,52.29,16032.13,366.62,38154.43,0.4578,176773.4,222702.4,145679.78,56465.54
FY2026-03,2026,Apr,3,Q1,ECOM,Ecommerce,Boys,Tops,100298.03,1821.0,55.08,16360.76,387.12,47881.94,0.4774,214937.97,277159.36,179267.3,73991.98
FY2026-04,2026,May,4,Q2,ECOM,Ecommerce,Boys,Tops,94881.36,1850.0,51.29,12709.05,371.72,47639.41,0.5021,292203.7,276886.57,92645.0,33943.36
FY2026-05,2026,Jun,5,Q2,ECOM,Ecommerce,Boys,Tops,70233.9,1359.0,51.68,13531.68,304.91,33032.35,0.4703,277283.41,193212.92,0.0,0.0
FY2026-06,2026,Jul,6,Q2,ECOM,Ecommerce,Boys,Tops,71428.55,1334.0,53.54,14283.38,315.43,31248.61,0.4375,183555.02,200159.58,102631.92,36463.53
FY2024-01,2024,Feb,1,Q1,STORE,Retail Stores,Boys,Tops,23039.25,457.0,50.41,2206.93,234.74,12553.75,0.5449,67915.66,67592.72,25157.98,10085.42
FY2024-02,2024,Mar,2,Q1,STORE,Retail Stores,Boys,Tops,28526.85,557.0,51.22,3877.1,285.89,14941.39,0.5238,68709.34,83721.85,47702.35,16673.26
FY2024-03,2024,Apr,3,Q1,STORE,Retail Stores,Boys,Tops,34526.35,636.0,54.29,4447.58,406.07,17834.73,0.5166,76609.04,100298.97,63069.93,23079.86
FY2024-04,2024,May,4,Q2,STORE,Retail Stores,Boys,Tops,27574.57,511.0,53.96,5010.7,319.81,13389.43,0.4856,100285.99,102323.8,34942.89,12921.36
FY2024-05,2024,Jun,5,Q2,STORE,Retail Stores,Boys,Tops,29740.61,562.0,52.92,3465.2,337.89,15679.99,0.5272,93650.95,75627.22,15519.97,5212.44
FY2024-06,2024,Jul,6,Q2,STORE,Retail Stores,Boys,Tops,29286.75,544.0,53.84,2832.25,281.06,15730.0,0.5371,74442.23,76245.07,34202.9,12311.38
FY2024-07,2024,Aug,7,Q3,STORE,Retail Stores,Boys,Tops,29943.4,592.0,50.58,3890.91,250.46,14934.57,0.4988,80984.32,78423.16,31523.61,11848.65
FY2024-08,2024,Sep,8,Q3,STORE,Retail Stores,Boys,Tops,33183.16,659.0,50.35,3200.52,271.58,17762.96,0.5353,80114.54,66858.59,23399.31,9439.86
FY2024-09,2024,Oct,9,Q3,STORE,Retail Stores,Boys,Tops,27612.22,538.0,51.32,2988.0,316.43,14947.04,0.5413,71701.28,84303.98,43519.35,18424.41
FY2024-10,2024,Nov,10,Q4,STORE,Retail Stores,Boys,Tops,44910.3,853.0,52.65,4909.38,383.13,23764.4,0.5292,86844.42,112860.12,76218.51,27121.95
FY2024-11,2024,Dec,11,Q4,STORE,Retail Stores,Boys,Tops,50703.07,939.0,54.0,6626.57,485.42,25563.67,0.5042,120099.15,106016.52,43732.43,14858.02
FY2024-12,2024,Jan,12,Q4,STORE,Retail Stores,Boys,Tops,16762.76,333.0,50.34,2222.94,136.67,8746.75,0.5218,109664.1,90541.73,0.0,0.0
FY2025-01,2025,Feb,1,Q1,STORE,Retail Stores,Boys,Tops,27772.35,517.0,53.72,2876.54,297.94,14807.73,0.5332,88447.85,75426.29,17925.27,6847.33
FY2025-02,2025,Mar,2,Q1,STORE,Retail Stores,Boys,Tops,35183.03,686.0,51.29,4644.64,311.74,18060.89,0.5133,78981.42,84736.46,45894.45,14606.38
FY2025-03,2025,Apr,3,Q1,STORE,Retail Stores,Boys,Tops,43655.32,826.0,52.85,4242.86,389.57,23395.58,0.5359,80825.72,110641.93,78103.96,24249.86
FY2025-04,2025,May,4,Q2,STORE,Retail Stores,Boys,Tops,35315.75,702.0,50.31,2643.17,354.93,20222.02,0.5726,114374.52,112529.28,36468.61,13637.91
FY2025-05,2025,Jun,5,Q2,STORE,Retail Stores,Boys,Tops,33724.96,663.0,50.87,4060.97,234.68,17652.71,0.5234,108207.23,83906.69,13720.07,5525.5
FY2025-06,2025,Jul,6,Q2,STORE,Retail Stores,Boys,Tops,28603.47,564.0,50.72,3855.89,250.23,14572.27,0.5095,83463.33,86714.54,35960.8,13749.18
FY2025-07,2025,Aug,7,Q3,STORE,Retail Stores,Boys,Tops,25728.83,493.0,52.19,2695.18,264.56,14209.68,0.5523,86506.03,89789.99,31972.53,11692.81
FY2025-08,2025,Sep,8,Q3,STORE,Retail Stores,Boys,Tops,33348.07,646.0,51.62,4055.49,369.25,17375.07,0.521,83502.68,81891.19,36161.32,13623.44
FY2025-09,2025,Oct,9,Q3,STORE,Retail Stores,Boys,Tops,33982.34,637.0,53.35,4381.74,397.64,17570.32,0.517,83066.85,103665.11,59359.98,18637.9
FY2025-10,2025,Nov,10,Q4,STORE,Retail Stores,Boys,Tops,51953.92,1005.0,51.7,6670.02,450.36,26644.76,0.5129,100865.27,156453.51,114662.54,38935.28
FY2025-11,2025,Dec,11,Q4,STORE,Retail Stores,Boys,Tops,56004.17,1062.0,52.73,7312.83,564.09,28713.97,0.5127,151306.69,128372.59,40946.99,12584.36
FY2025-12,2025,Jan,12,Q4,STORE,Retail Stores,Boys,Tops,23521.86,461.0,51.02,2311.79,194.53,12538.52,0.5331,126341.19,100313.01,0.0,0.0
FY2026-01,2026,Feb,1,Q1,STORE,Retail Stores,Boys,Tops,26546.58,499.0,53.2,2834.02,290.3,14287.63,0.5382,101712.46,85698.63,13657.07,4008.62
FY2026-02,2026,Mar,2,Q1,STORE,Retail Stores,Boys,Tops,35907.25,656.0,54.74,4738.22,402.13,18781.98,0.5231,84011.18,96193.53,53229.95,17118.51
FY2026-03,2026,Apr,3,Q1,STORE,Retail Stores,Boys,Tops,46187.78,876.0,52.73,5058.92,356.09,24373.05,0.5277,89664.24,137562.22,99500.77,30097.96
FY2026-04,2026,May,4,Q2,STORE,Retail Stores,Boys,Tops,40327.3,792.0,50.92,4347.08,462.25,21555.89,0.5345,132966.41,124308.0,36478.22,13446.82
FY2026-05,2026,Jun,5,Q2,STORE,Retail Stores,Boys,Tops,37233.99,716.0,52.0,5651.29,352.01,18361.73,0.4931,123924.5,92559.5,11872.29,3733.07
FY2026-06,2026,Jul,6,Q2,STORE,Retail Stores,Boys,Tops,31288.42,567.0,55.18,3338.39,238.65,16796.97,0.5368,93267.48,95541.58,37139.56,14787.41
FY2024-01,2024,Feb,1,Q1,WHSL,Wholesale,Boys,Tops,36956.72,932.0,39.65,596.3,48.88,17189.3,0.4651,36787.03,43358.34,44173.21,19289.8
FY2024-02,2024,Mar,2,Q1,WHSL,Wholesale,Boys,Tops,30865.57,760.0,40.61,642.31,34.64,14214.44,0.4605,37665.83,25934.07,19810.76,10637.18
FY2024-03,2024,Apr,3,Q1,WHSL,Wholesale,Boys,Tops,17461.23,439.0,39.78,324.04,15.79,8021.41,0.4594,25865.25,15414.89,7350.7,3204.8
FY2024-04,2024,May,4,Q2,WHSL,Wholesale,Boys,Tops,15637.29,372.0,42.04,327.85,16.04,7151.4,0.4573,16263.97,14310.91,14028.12,6835.43
FY2024-05,2024,Jun,5,Q2,WHSL,Wholesale,Boys,Tops,33983.61,831.0,40.89,852.31,33.66,15468.67,0.4552,15212.56,29267.11,48924.13,24806.64
FY2024-06,2024,Jul,6,Q2,WHSL,Wholesale,Boys,Tops,44973.33,1119.0,40.19,789.52,44.62,20629.44,0.4587,28096.02,25805.26,43516.71,26581.89
FY2024-07,2024,Aug,7,Q3,WHSL,Wholesale,Boys,Tops,15698.7,375.0,41.86,398.74,17.83,7175.64,0.4571,37926.44,21811.17,0.0,0.0
FY2024-08,2024,Sep,8,Q3,WHSL,Wholesale,Boys,Tops,24489.81,600.0,40.82,659.11,29.81,11135.11,0.4547,20041.36,15437.29,20574.66,13838.77
FY2024-09,2024,Oct,9,Q3,WHSL,Wholesale,Boys,Tops,34918.77,878.0,39.77,572.93,31.97,16196.79,0.4638,20710.55,27838.63,42651.75,26413.62
FY2024-10,2024,Nov,10,Q4,WHSL,Wholesale,Boys,Tops,22564.32,559.0,40.37,470.78,25.0,10335.78,0.4581,33852.56,20018.84,9226.38,4944.5
FY2024-11,2024,Dec,11,Q4,WHSL,Wholesale,Boys,Tops,14578.82,368.0,39.62,283.01,14.79,6726.89,0.4614,20926.03,13135.71,7086.3,3672.08
FY2024-12,2024,Jan,12,Q4,WHSL,Wholesale,Boys,Tops,15947.58,395.0,40.37,446.21,17.48,7205.15,0.4518,12492.2,15584.49,19503.56,9838.34
FY2025-01,2025,Feb,1,Q1,WHSL,Wholesale,Boys,Tops,48830.11,1214.0,40.22,957.72,45.78,22382.61,0.4584,15660.89,34551.97,68724.69,39302.86
FY2025-02,2025,Mar,2,Q1,WHSL,Wholesale,Boys,Tops,33678.28,842.0,40.0,696.73,34.7,15510.19,0.4605,44112.0,33254.24,23551.95,10647.64
FY2025-03,2025,Apr,3,Q1,WHSL,Wholesale,Boys,Tops,18550.49,433.0,42.84,395.52,17.72,8493.5,0.4579,30648.69,18200.2,6515.24,3431.46
FY2025-04,2025,May,4,Q2,WHSL,Wholesale,Boys,Tops,17479.83,456.0,38.33,233.85,17.94,8125.51,0.4649,18722.68,14995.96,14004.9,6501.64
FY2025-05,2025,Jun,5,Q2,WHSL,Wholesale,Boys,Tops,42995.8,1083.0,39.7,666.33,40.61,19898.87,0.4628,16141.18,25713.07,53274.63,28807.87
FY2025-06,2025,Jul,6,Q2,WHSL,Wholesale,Boys,Tops,37904.33,910.0,41.65,877.58,40.45,17382.85,0.4586,30735.48,47019.0,55105.88,28603.9
FY2025-07,2025,Aug,7,Q3,WHSL,Wholesale,Boys,Tops,17340.7,446.0,38.88,483.72,14.44,7883.91,0.4546,42816.95,24978.09,0.0,0.0
FY2025-08,2025,Sep,8,Q3,WHSL,Wholesale,Boys,Tops,30493.03,758.0,40.23,633.48,31.73,13991.59,0.4588,22732.99,25897.02,34322.27,16463.67
FY2025-09,2025,Oct,9,Q3,WHSL,Wholesale,Boys,Tops,43657.34,1035.0,42.18,1069.99,51.66,19834.62,0.4543,24810.99,38925.11,58893.11,28500.09
FY2025-10,2025,Nov,10,Q4,WHSL,Wholesale,Boys,Tops,24149.0,584.0,41.35,438.91,23.8,11161.14,0.4622,39251.38,24080.49,9440.82,4371.23
FY2025-11,2025,Dec,11,Q4,WHSL,Wholesale,Boys,Tops,16451.24,424.0,38.8,514.22,19.36,7409.99,0.4504,23371.88,15275.55,8888.49,4303.85
FY2025-12,2025,Jan,12,Q4,WHSL,Wholesale,Boys,Tops,18829.12,491.0,38.35,476.21,15.28,8553.08,0.4542,13637.03,19413.17,25096.75,11885.61
FY2026-01,2026,Feb,1,Q1,WHSL,Wholesale,Boys,Tops,46835.8,1153.0,40.62,933.71,41.75,21577.35,0.4607,18758.33,48381.17,77434.1,40102.94
FY2026-02,2026,Mar,2,Q1,WHSL,Wholesale,Boys,Tops,31205.06,803.0,38.86,902.66,42.15,14317.51,0.4588,48011.84,46427.16,30565.19,15505.93
FY2026-03,2026,Apr,3,Q1,WHSL,Wholesale,Boys,Tops,17450.76,447.0,39.04,278.21,21.35,8141.83,0.4666,34279.93,22759.69,6230.08,2967.88
FY2026-04,2026,May,4,Q2,WHSL,Wholesale,Boys,Tops,17173.95,426.0,40.31,489.61,17.73,7763.08,0.452,20474.53,18379.19,15585.95,7716.05
FY2026-05,2026,Jun,5,Q2,WHSL,Wholesale,Boys,Tops,36453.19,925.0,39.41,705.4,37.32,16903.85,0.4637,17309.62,41311.31,61197.6,32382.86
FY2026-06,2026,Jul,6,Q2,WHSL,Wholesale,Boys,Tops,45684.85,1164.0,39.25,772.19,61.04,21140.84,0.4628,33592.33,40068.61,52994.36,30534.42
FY2024-01,2024,Feb,1,Q1,ECOM,Ecommerce,Girls,Bottoms,72689.94,1445.0,50.3,9324.29,274.76,36813.02,0.5064,197058.24,196288.36,81519.11,33569.73
FY2024-02,2024,Mar,2,Q1,ECOM,Ecommerce,Girls,Bottoms,83958.9,1750.0,47.98,15536.34,333.58,40218.48,0.479,205633.25,233511.08,127706.65,42559.25
FY2024-03,2024,Apr,3,Q1,ECOM,Ecommerce,Girls,Bottoms,106389.92,2167.0,49.1,13556.7,505.35,54408.01,0.5114,219953.37,299875.72,200374.32,79293.94
FY2024-04,2024,May,4,Q2,ECOM,Ecommerce,Girls,Bottoms,101383.23,2140.0,47.38,11771.44,418.53,52992.18,0.5227,300472.78,307849.12,120949.54,37067.93
FY2024-05,2024,Jun,5,Q2,ECOM,Ecommerce,Girls,Bottoms,82646.23,1649.0,50.12,8787.82,321.43,45066.64,0.5453,292102.05,225549.54,25202.97,8161.2
FY2024-06,2024,Jul,6,Q2,ECOM,Ecommerce,Girls,Bottoms,72137.74,1497.0,48.19,10739.88,347.03,36016.4,0.4993,215006.72,217462.19,85680.12,28252.16
FY2024-07,2024,Aug,7,Q3,ECOM,Ecommerce,Girls,Bottoms,69353.6,1447.0,47.93,15212.43,329.05,30867.03,0.4451,222178.58,244161.12,106877.62,31255.71
FY2024-08,2024,Sep,8,Q3,ECOM,Ecommerce,Girls,Bottoms,78265.04,1646.0,47.55,11418.79,289.54,39733.99,0.5077,224692.68,203277.19,68557.88,25141.71
FY2024-09,2024,Oct,9,Q3,ECOM,Ecommerce,Girls,Bottoms,97321.85,1919.0,50.71,15314.49,347.39,46778.2,0.4807,193328.99,256174.47,175829.21,61630.32
FY2024-10,2024,Nov,10,Q4,ECOM,Ecommerce,Girls,Bottoms,126429.13,2580.0,49.0,18475.11,518.42,63212.08,0.5,262138.73,446476.87,329760.8,99085.12
FY2024-11,2024,Dec,11,Q4,ECOM,Ecommerce,Girls,Bottoms,154094.6,3134.0,49.17,20272.55,648.49,76947.1,0.4993,398696.13,300430.78,76750.29,26899.59
FY2024-12,2024,Jan,12,Q4,ECOM,Ecommerce,Girls,Bottoms,46847.38,986.0,47.51,9171.07,260.41,22487.88,0.48,311440.82,255161.96,0.0,0.0
FY2025-01,2025,Feb,1,Q1,ECOM,Ecommerce,Girls,Bottoms,79561.11,1522.0,52.27,10926.15,321.21,40124.53,0.5043,244148.58,244053.56,90713.45,28842.48
FY2025-02,2025,Mar,2,Q1,ECOM,Ecommerce,Girls,Bottoms,95795.44,1951.0,49.1,10552.49,500.16,52450.93,0.5475,237392.03,276759.22,146215.28,53534.67
FY2025-03,2025,Apr,3,Q1,ECOM,Ecommerce,Girls,Bottoms,112676.31,2307.0,48.84,18465.98,560.09,55004.72,0.4882,260971.0,332713.04,203444.42,79519.34
FY2025-04,2025,May,4,Q2,ECOM,Ecommerce,Girls,Bottoms,105965.24,2233.0,47.45,13836.84,484.25,54797.29,0.5171,332938.65,314922.05,102269.73,39903.74
FY2025-05,2025,Jun,5,Q2,ECOM,Ecommerce,Girls,Bottoms,107461.87,2340.0,45.92,13535.56,436.89,54371.1,0.506,315791.16,215116.41,20759.57,7669.77
FY2025-06,2025,Jul,6,Q2,ECOM,Ecommerce,Girls,Bottoms,104837.03,2124.0,49.36,12185.59,381.87,52884.65,0.5044,222171.28,263280.43,158513.64,53232.59
FY2025-07,2025,Aug,7,Q3,ECOM,Ecommerce,Girls,Bottoms,89828.56,1993.0,45.07,12971.12,418.44,44624.51,0.4968,266308.63,240488.97,77398.46,27674.06
FY2025-08,2025,Sep,8,Q3,ECOM,Ecommerce,Girls,Bottoms,74481.66,1476.0,50.46,13229.0,325.26,37087.21,0.4979,245754.24,227128.07,69409.75,25559.09
FY2025-09,2025,Oct,9,Q3,ECOM,Ecommerce,Girls,Bottoms,103387.6,2088.0,49.52,16919.57,441.9,49531.82,0.4791,213933.2,315807.94,222623.81,83551.52
FY2025-10,2025,Nov,10,Q4,ECOM,Ecommerce,Girls,Bottoms,144341.24,2836.0,50.9,21156.29,571.96,72136.11,0.4998,321285.38,428898.27,273682.38,98756.94
FY2025-11,2025,Dec,11,Q4,ECOM,Ecommerce,Girls,Bottoms,164086.61,3416.0,48.03,25816.68,684.41,79263.78,0.4831,434936.35,368169.08,123820.43,48113.34
FY2025-12,2025,Jan,12,Q4,ECOM,Ecommerce,Girls,Bottoms,61898.27,1341.0,46.16,6157.78,285.53,33957.18,0.5486,371389.95,303048.37,0.0,0.0
FY2026-01,2026,Feb,1,Q1,ECOM,Ecommerce,Girls,Bottoms,91364.28,1864.0,49.02,14512.86,374.78,42939.07,0.47,296904.06,238765.79,48113.65,15556.71
FY2026-02,2026,Mar,2,Q1,ECOM,Ecommerce,Girls,Bottoms,132474.47,2734.0,48.45,14419.94,496.26,69126.15,0.5218,249746.9,257045.83,154689.6,55001.38
FY2026-03,2026,Apr,3,Q1,ECOM,Ecommerce,Girls,Bottoms,135958.5,2699.0,50.37,18994.43,577.75,68056.81,0.5006,266586.88,416801.04,305744.84,106720.05
FY2026-04,2026,May,4,Q2,ECOM,Ecommerce,Girls,Bottoms,127418.22,2717.0,46.9,13136.82,474.07,68082.59,0.5343,410899.42,343490.59,73620.28,24265.9
FY2026-05,2026,Jun,5,Q2,ECOM,Ecommerce,Girls,Bottoms,105867.26,2304.0,45.95,18914.35,422.69,50079.12,0.473,347029.87,258435.6,36610.03,14031.06
FY2026-06,2026,Jul,6,Q2,ECOM,Ecommerce,Girls,Bottoms,84539.1,1716.0,49.27,12477.09,372.68,43210.43,0.5111,255489.95,278362.7,120261.62,49414.99
FY2024-01,2024,Feb,1,Q1,STORE,Retail Stores,Girls,Bottoms,32021.22,661.0,48.44,3316.9,259.51,17108.64,0.5343,82480.46,78899.46,32016.63,11735.29
FY2024-02,2024,Mar,2,Q1,STORE,Retail Stores,Girls,Bottoms,47335.24,935.0,50.63,5564.09,402.53,24415.97,0.5158,85954.89,94535.28,61882.25,21802.81
FY2024-03,2024,Apr,3,Q1,STORE,Retail Stores,Girls,Bottoms,42729.35,928.0,46.04,4654.56,454.01,23311.45,0.5456,100874.18,169664.47,116628.21,42315.44
FY2024-04,2024,May,4,Q2,STORE,Retail Stores,Girls,Bottoms,42158.62,896.0,47.05,5153.23,398.97,22115.88,0.5246,146933.88,142326.49,43103.43,13094.48
FY2024-05,2024,Jun,5,Q2,STORE,Retail Stores,Girls,Bottoms,40808.81,831.0,49.11,4098.21,362.36,21982.43,0.5387,133934.25,91883.53,3218.66,1192.21
FY2024-06,2024,Jul,6,Q2,STORE,Retail Stores,Girls,Bottoms,35248.0,718.0,49.09,3932.61,296.01,18448.18,0.5234,92245.77,89795.95,37026.8,14531.6
FY2024-07,2024,Aug,7,Q3,STORE,Retail Stores,Girls,Bottoms,33800.12,698.0,48.42,2362.71,291.19,19452.73,0.5755,93824.79,111439.87,54069.1,19403.71
FY2024-08,2024,Sep,8,Q3,STORE,Retail Stores,Girls,Bottoms,37140.46,792.0,46.89,4505.4,377.37,19616.73,0.5282,103868.43,96704.51,34859.31,12735.47
FY2024-09,2024,Oct,9,Q3,STORE,Retail Stores,Girls,Bottoms,40686.31,856.0,47.53,3857.18,380.23,22168.93,0.5449,94554.76,120414.56,70783.52,25413.39
FY2024-10,2024,Nov,10,Q4,STORE,Retail Stores,Girls,Bottoms,55508.53,1182.0,46.96,6987.23,537.77,29115.94,0.5245,118020.46,186766.74,131779.81,48224.02
FY2024-11,2024,Dec,11,Q4,STORE,Retail Stores,Girls,Bottoms,76498.12,1622.0,47.16,8313.1,552.31,39770.25,0.5199,186408.87,150429.42,49384.08,16433.71
FY2024-12,2024,Jan,12,Q4,STORE,Retail Stores,Girls,Bottoms,26591.55,567.0,46.9,3491.84,257.42,13533.83,0.509,159947.43,129606.62,0.0,0.0
FY2025-01,2025,Feb,1,Q1,STORE,Retail Stores,Girls,Bottoms,33773.82,698.0,48.39,3200.44,367.75,18566.24,0.5497,130425.67,104336.75,11253.09,4250.8
FY2025-02,2025,Mar,2,Q1,STORE,Retail Stores,Girls,Bottoms,48240.11,1013.0,47.62,6364.52,470.96,24561.02,0.5091,103158.42,104136.15,56053.32,22225.27
FY2025-03,2025,Apr,3,Q1,STORE,Retail Stores,Girls,Bottoms,57908.46,1209.0,47.9,5941.05,503.33,31026.29,0.5358,107589.8,154526.34,111289.38,43252.25
FY2025-04,2025,May,4,Q2,STORE,Retail Stores,Girls,Bottoms,53110.76,1082.0,49.09,5091.86,546.29,28798.53,0.5422,165674.02,151298.02,44372.91,15151.74
FY2025-05,2025,Jun,5,Q2,STORE,Retail Stores,Girls,Bottoms,35004.96,700.0,50.01,4072.94,455.97,19544.8,0.5583,150559.2,115975.25,4949.92,2022.23
FY2025-06,2025,Jul,6,Q2,STORE,Retail Stores,Girls,Bottoms,39787.65,835.0,47.65,3115.82,344.48,22456.92,0.5644,103830.32,113182.59,52600.22,18234.08
FY2025-07,2025,Aug,7,Q3,STORE,Retail Stores,Girls,Bottoms,41137.93,894.0,46.02,4835.95,349.08,21676.73,0.5269,112375.4,127016.16,60963.72,21192.01
FY2025-08,2025,Sep,8,Q3,STORE,Retail Stores,Girls,Bottoms,42730.79,839.0,50.93,5049.68,440.51,22581.3,0.5285,127369.03,104588.91,25440.86,9160.82
FY2025-09,2025,Oct,9,Q3,STORE,Retail Stores,Girls,Bottoms,55459.95,1108.0,50.05,5583.76,429.96,29158.83,0.5258,102046.16,123700.69,83128.2,26563.93
FY2025-10,2025,Nov,10,Q4,STORE,Retail Stores,Girls,Bottoms,68368.08,1457.0,46.92,9630.61,603.65,34053.58,0.4981,135677.64,177982.29,120906.99,47495.38
FY2025-11,2025,Dec,11,Q4,STORE,Retail Stores,Girls,Bottoms,80853.87,1640.0,49.3,7663.77,729.2,43547.06,0.5386,187698.01,175416.49,76965.32,25761.97
FY2025-12,2025,Jan,12,Q4,STORE,Retail Stores,Girls,Bottoms,29720.09,604.0,49.21,4510.11,275.28,14530.75,0.4889,183646.01,149140.53,0.0,0.0
FY2026-01,2026,Feb,1,Q1,STORE,Retail Stores,Girls,Bottoms,31974.95,658.0,48.59,5031.93,381.51,16104.25,0.5037,150098.04,116663.23,3953.58,1474.39
FY2026-02,2026,Mar,2,Q1,STORE,Retail Stores,Girls,Bottoms,53871.44,1145.0,47.05,5525.4,481.43,29147.65,0.5411,111260.22,124443.29,73061.34,25764.34
FY2026-03,2026,Apr,3,Q1,STORE,Retail Stores,Girls,Bottoms,67539.11,1288.0,52.44,5358.19,657.77,37309.65,0.5524,122325.68,164037.34,115266.73,43117.68
FY2026-04,2026,May,4,Q2,STORE,Retail Stores,Girls,Bottoms,51560.25,1118.0,46.12,5749.6,567.02,27901.05,0.5411,180750.22,174637.94,51764.59,17784.8
FY2026-05,2026,Jun,5,Q2,STORE,Retail Stores,Girls,Bottoms,61348.12,1295.0,47.37,6778.19,467.42,31288.92,0.51,164895.47,110945.23,14643.49,5952.96
FY2026-06,2026,Jul,6,Q2,STORE,Retail Stores,Girls,Bottoms,47379.9,1007.0,47.05,4452.02,498.4,25585.7,0.54,122605.3,123613.56,53338.58,19701.04
FY2024-01,2024,Feb,1,Q1,WHSL,Wholesale,Girls,Bottoms,47339.41,1349.0,35.09,1242.38,57.39,21551.08,0.4552,52365.44,55878.46,52152.2,29233.26
FY2024-02,2024,Mar,2,Q1,WHSL,Wholesale,Girls,Bottoms,49875.46,1437.0,34.71,997.15,49.98,22831.25,0.4578,53392.04,29075.08,26605.63,15525.89
FY2024-03,2024,Apr,3,Q1,WHSL,Wholesale,Girls,Bottoms,20378.54,584.0,34.89,561.27,19.91,9228.16,0.4528,35764.49,20320.42,5515.65,3338.89
FY2024-04,2024,May,4,Q2,WHSL,Wholesale,Girls,Bottoms,16741.43,434.0,38.57,486.51,19.42,7593.76,0.4536,20549.52,19134.35,15832.19,7243.02
FY2024-05,2024,Jun,5,Q2,WHSL,Wholesale,Girls,Bottoms,50010.04,1323.0,37.8,643.29,48.46,23305.0,0.466,18045.67,39903.86,72559.98,33746.52
FY2024-06,2024,Jul,6,Q2,WHSL,Wholesale,Girls,Bottoms,44042.76,1216.0,36.22,858.32,52.27,20370.06,0.4625,36834.39,55376.14,63495.1,31263.56
FY2024-07,2024,Aug,7,Q3,WHSL,Wholesale,Girls,Bottoms,22331.3,640.0,34.89,398.01,26.85,10335.16,0.4628,49377.37,26621.21,0.0,0.0
FY2024-08,2024,Sep,8,Q3,WHSL,Wholesale,Girls,Bottoms,34116.97,972.0,35.1,834.46,29.45,15579.76,0.4567,25831.49,33022.37,42171.76,20465.56
FY2024-09,2024,Oct,9,Q3,WHSL,Wholesale,Girls,Bottoms,42395.8,1132.0,37.45,790.25,30.14,19639.3,0.4632,27438.13,50159.45,65937.51,35074.13
FY2024-10,2024,Nov,10,Q4,WHSL,Wholesale,Girls,Bottoms,29837.12,846.0,35.27,544.88,30.68,13772.46,0.4616,45648.17,29750.98,14515.49,7269.67
FY2024-11,2024,Dec,11,Q4,WHSL,Wholesale,Girls,Bottoms,20749.85,554.0,37.45,284.89,19.81,9689.08,0.4669,28435.15,16584.83,9204.23,5226.09
FY2024-12,2024,Jan,12,Q4,WHSL,Wholesale,Girls,Bottoms,22788.4,623.0,36.58,432.2,25.05,10492.75,0.4604,16194.07,20381.6,27433.18,13016.17
FY2025-01,2025,Feb,1,Q1,WHSL,Wholesale,Girls,Bottoms,66288.89,1769.0,37.47,1261.33,65.55,30468.82,0.4596,20759.76,56544.16,103400.17,52076.28
FY2025-02,2025,Mar,2,Q1,WHSL,Wholesale,Girls,Bottoms,56094.64,1464.0,38.32,1142.21,60.15,25708.16,0.4583,60083.87,35862.83,33075.96,19011.26
FY2025-03,2025,Apr,3,Q1,WHSL,Wholesale,Girls,Bottoms,22338.54,578.0,38.65,546.07,33.72,10204.28,0.4568,40132.69,24946.0,7731.64,4059.68
FY2025-04,2025,May,4,Q2,WHSL,Wholesale,Girls,Bottoms,18533.37,492.0,37.67,458.44,28.42,8502.04,0.4587,24011.25,26486.04,21495.02,10524.31
FY2025-05,2025,Jun,5,Q2,WHSL,Wholesale,Girls,Bottoms,51723.81,1337.0,38.69,869.09,58.38,23976.63,0.4636,22299.46,41692.17,72043.99,37758.18
FY2025-06,2025,Jul,6,Q2,WHSL,Wholesale,Girls,Bottoms,52376.55,1457.0,35.95,1168.87,59.7,24048.25,0.4591,40604.43,42751.03,55751.72,40018.72
FY2025-07,2025,Aug,7,Q3,WHSL,Wholesale,Girls,Bottoms,27401.2,738.0,37.13,455.15,23.53,12694.81,0.4633,52865.4,27067.96,2082.44,942.06
FY2025-08,2025,Sep,8,Q3,WHSL,Wholesale,Girls,Bottoms,46913.87,1261.0,37.2,739.16,36.19,21656.87,0.4616,27051.99,27017.17,47654.4,27972.98
FY2025-09,2025,Oct,9,Q3,WHSL,Wholesale,Girls,Bottoms,49630.13,1328.0,37.37,1276.06,65.9,22652.13,0.4564,33530.6,63263.97,80705.46,43491.6
FY2025-10,2025,Nov,10,Q4,WHSL,Wholesale,Girls,Bottoms,29912.41,806.0,37.11,673.98,28.29,13753.11,0.4598,53887.25,36459.63,13187.06,5946.64
FY2025-11,2025,Dec,11,Q4,WHSL,Wholesale,Girls,Bottoms,23439.07,639.0,36.68,672.26,20.52,10568.54,0.4509,33080.52,17909.65,8960.98,4537.86
FY2025-12,2025,Jan,12,Q4,WHSL,Wholesale,Girls,Bottoms,24187.17,675.0,35.83,479.02,29.66,11137.73,0.4605,19295.8,25891.68,31291.73,15396.57
FY2026-01,2026,Feb,1,Q1,WHSL,Wholesale,Girls,Bottoms,69088.25,1800.0,38.38,1048.04,64.48,32051.71,0.4639,23408.55,63372.26,110164.48,55360.17
FY2026-02,2026,Mar,2,Q1,WHSL,Wholesale,Girls,Bottoms,57441.3,1550.0,37.06,980.58,56.61,26566.22,0.4625,64036.66,41621.3,36063.13,20467.27
FY2026-03,2026,Apr,3,Q1,WHSL,Wholesale,Girls,Bottoms,27240.9,708.0,38.48,495.97,30.04,12571.8,0.4615,45692.81,27594.33,9668.43,4333.69
FY2026-04,2026,May,4,Q2,WHSL,Wholesale,Girls,Bottoms,23605.81,660.0,35.77,445.7,23.23,10881.64,0.461,28051.23,23923.21,19946.72,9402.1
FY2026-05,2026,Jun,5,Q2,WHSL,Wholesale,Girls,Bottoms,54641.09,1422.0,38.43,1075.34,60.32,25226.2,0.4617,22404.9,48968.89,82340.74,36995.34
FY2026-06,2026,Jul,6,Q2,WHSL,Wholesale,Girls,Bottoms,67639.13,1816.0,37.25,1192.92,68.75,31165.29,0.4608,44592.79,40953.64,65261.65,40556.7
FY2024-01,2024,Feb,1,Q1,ECOM,Ecommerce,Girls,Dresses,237866.93,2555.0,93.1,28226.67,960.44,121369.81,0.5102,612919.76,633163.69,287297.97,100040.28
FY2024-02,2024,Mar,2,Q1,ECOM,Ecommerce,Girls,Dresses,282990.34,3056.0,92.6,41212.48,1343.44,145813.26,0.5153,632933.54,768817.99,461430.71,171884.9
FY2024-03,2024,Apr,3,Q1,ECOM,Ecommerce,Girls,Dresses,423748.64,4621.0,91.7,57713.64,1667.97,205298.28,0.4845,709956.12,895563.37,668737.5,256965.48
FY2024-04,2024,May,4,Q2,ECOM,Ecommerce,Girls,Dresses,331155.92,3757.0,88.14,41465.39,1349.92,171607.34,0.5182,999641.69,944650.58,318980.12,117753.64
FY2024-05,2024,Jun,5,Q2,ECOM,Ecommerce,Girls,Dresses,332339.21,3654.0,90.95,41093.0,999.32,167858.33,0.5051,927038.58,686545.88,133938.83,42731.5
FY2024-06,2024,Jul,6,Q2,ECOM,Ecommerce,Girls,Dresses,249373.66,2702.0,92.29,37137.71,1160.09,123158.6,0.4939,713741.9,728333.14,302262.7,105746.83
FY2024-07,2024,Aug,7,Q3,ECOM,Ecommerce,Girls,Dresses,286270.4,3124.0,91.64,38371.0,1273.13,142162.66,0.4966,730757.41,739283.38,334440.5,125919.82
FY2024-08,2024,Sep,8,Q3,ECOM,Ecommerce,Girls,Dresses,330585.72,3516.0,94.02,52327.05,1277.12,153506.93,0.4643,740470.77,596750.8,240469.92,92693.83
FY2024-09,2024,Oct,9,Q3,ECOM,Ecommerce,Girls,Dresses,361228.65,3857.0,93.66,46638.32,1181.39,175498.04,0.4858,651429.07,807541.6,565160.89,173302.93
FY2024-10,2024,Nov,10,Q4,ECOM,Ecommerce,Girls,Dresses,443649.73,4749.0,93.42,85044.66,1986.58,195982.66,0.4418,843200.38,1217943.03,905423.62,330004.48
FY2024-11,2024,Dec,11,Q4,ECOM,Ecommerce,Girls,Dresses,546230.26,6233.0,87.64,78408.34,1874.33,261162.1,0.4781,1284933.98,1060527.82,402106.77,142447.68
FY2024-12,2024,Jan,12,Q4,ECOM,Ecommerce,Girls,Dresses,194907.51,2195.0,88.8,28488.12,700.51,95938.62,0.4922,1141160.79,917064.65,0.0,0.0
FY2025-01,2025,Feb,1,Q1,ECOM,Ecommerce,Girls,Dresses,289252.01,3355.0,86.22,36913.94,1224.91,144179.49,0.4985,924397.95,740134.45,143127.36,52501.25
FY2025-02,2025,Mar,2,Q1,ECOM,Ecommerce,Girls,Dresses,369440.91,4123.0,89.6,52672.28,1622.63,185192.5,0.5013,777402.46,863655.3,509988.66,181234.01
FY2025-03,2025,Apr,3,Q1,ECOM,Ecommerce,Girls,Dresses,491093.71,5503.0,89.24,81463.37,1537.19,221857.81,0.4518,851963.38,1161283.79,883414.68,288082.89
FY2025-04,2025,May,4,Q2,ECOM,Ecommerce,Girls,Dresses,403093.61,4601.0,87.61,82962.99,1698.82,170592.55,0.4232,1216393.15,1060424.01,331786.28,107267.44
FY2025-05,2025,Jun,5,Q2,ECOM,Ecommerce,Girls,Dresses,396700.97,4316.0,91.91,57749.63,1560.22,189851.03,0.4786,1129132.47,754147.95,81026.3,23636.42
FY2025-06,2025,Jul,6,Q2,ECOM,Ecommerce,Girls,Dresses,283899.29,2946.0,96.37,45284.0,1334.51,139171.15,0.4902,807220.6,825080.39,348377.59,134865.46
FY2025-07,2025,Aug,7,Q3,ECOM,Ecommerce,Girls,Dresses,334900.67,3572.0,93.76,37405.18,1381.62,174339.12,0.5206,854591.4,867471.02,386567.09,135758.6
FY2025-08,2025,Sep,8,Q3,ECOM,Ecommerce,Girls,Dresses,343212.32,3945.0,87.0,53771.2,1388.22,165011.92,0.4808,870944.43,802432.09,329859.4,119617.13
FY2025-09,2025,Oct,9,Q3,ECOM,Ecommerce,Girls,Dresses,346868.76,3876.0,89.49,51695.46,1541.79,169823.98,0.4896,804949.13,1028678.41,623835.29,188300.61
FY2025-10,2025,Nov,10,Q4,ECOM,Ecommerce,Girls,Dresses,426951.18,4843.0,88.16,81948.18,2441.73,200753.12,0.4702,1019542.79,1554556.31,1046354.61,379358.04
FY2025-11,2025,Dec,11,Q4,ECOM,Ecommerce,Girls,Dresses,614107.9,6731.0,91.24,89574.13,2030.86,293282.98,0.4776,1489740.02,1190346.53,406319.4,136008.64
FY2025-12,2025,Jan,12,Q4,ECOM,Ecommerce,Girls,Dresses,228575.04,2585.0,88.42,32721.98,1120.44,112987.12,0.4943,1262479.23,1000061.77,0.0,0.0
FY2026-01,2026,Feb,1,Q1,ECOM,Ecommerce,Girls,Dresses,308045.59,3275.0,94.06,66339.33,1107.38,132569.37,0.4304,1010548.78,859411.07,224354.59,82464.15
FY2026-02,2026,Mar,2,Q1,ECOM,Ecommerce,Girls,Dresses,526738.29,5787.0,91.02,76871.07,2053.03,251385.7,0.4772,868022.9,953726.32,691365.81,276503.62
FY2026-03,2026,Apr,3,Q1,ECOM,Ecommerce,Girls,Dresses,514630.23,5718.0,90.0,72732.82,2295.44,256470.02,0.4984,1066198.09,1470536.09,993996.49,350659.02
FY2026-04,2026,May,4,Q2,ECOM,Ecommerce,Girls,Dresses,458629.85,5177.0,88.59,64511.85,2092.04,231162.73,0.504,1509117.45,1477269.21,493385.5,167957.38
FY2026-05,2026,Jun,5,Q2,ECOM,Ecommerce,Girls,Dresses,465715.73,5313.0,87.66,57696.91,2042.01,233911.95,0.5023,1434809.76,909355.11,0.0,0.0
FY2026-06,2026,Jul,6,Q2,ECOM,Ecommerce,Girls,Dresses,371761.49,4280.0,86.86,54336.95,1827.19,182002.39,0.4896,960773.36,1019209.14,486361.41,173809.03
FY2024-01,2024,Feb,1,Q1,STORE,Retail Stores,Girls,Dresses,98614.59,1084.0,90.97,10004.56,954.64,53353.0,0.541,304852.49,292095.04,96816.34,38500.42
FY2024-02,2024,Mar,2,Q1,STORE,Retail Stores,Girls,Dresses,149684.41,1664.0,89.95,14470.68,1259.06,81045.39,0.5414,295747.93,370714.29,240380.51,73188.21
FY2024-03,2024,Apr,3,Q1,STORE,Retail Stores,Girls,Dresses,178571.47,1983.0,90.05,20480.66,1559.83,92431.33,0.5176,342186.53,534563.74,392989.17,125175.73
FY2024-04,2024,May,4,Q2,STORE,Retail Stores,Girls,Dresses,156920.28,1681.0,93.35,14997.3,1492.26,85057.12,0.542,497047.51,437599.71,113962.04,42355.56
FY2024-05,2024,Jun,5,Q2,STORE,Retail Stores,Girls,Dresses,139975.67,1610.0,86.94,18301.48,1461.29,71201.82,0.5087,445315.96,329076.9,43499.38,16805.52
FY2024-06,2024,Jul,6,Q2,STORE,Retail Stores,Girls,Dresses,110224.43,1110.0,99.3,11986.66,1076.45,58929.67,0.5346,331684.45,343937.23,135540.32,48229.01
FY2024-07,2024,Aug,7,Q3,STORE,Retail Stores,Girls,Dresses,106262.35,1162.0,91.45,13767.99,1174.49,55977.43,0.5268,332120.21,356907.92,145992.54,57344.67
FY2024-08,2024,Sep,8,Q3,STORE,Retail Stores,Girls,Dresses,134905.07,1517.0,88.93,15893.7,1408.06,70314.74,0.5212,349242.98,296932.66,99896.51,34749.88
FY2024-09,2024,Oct,9,Q3,STORE,Retail Stores,Girls,Dresses,148097.5,1729.0,85.66,14765.95,1292.44,79284.68,0.5354,299841.68,466032.26,330346.47,102917.35
FY2024-10,2024,Nov,10,Q4,STORE,Retail Stores,Girls,Dresses,194446.39,2079.0,93.53,21633.5,1713.29,103130.4,0.5304,429226.41,562934.58,351501.35,123255.29
FY2024-11,2024,Dec,11,Q4,STORE,Retail Stores,Girls,Dresses,241655.58,2587.0,93.41,25884.46,2241.05,126921.75,0.5252,552485.46,462516.62,179812.25,70188.1
FY2024-12,2024,Jan,12,Q4,STORE,Retail Stores,Girls,Dresses,90917.82,1004.0,90.56,9531.88,851.59,47979.61,0.5277,482696.78,381395.49,0.0,0.0
FY2025-01,2025,Feb,1,Q1,STORE,Retail Stores,Girls,Dresses,125944.87,1478.0,85.21,14742.0,1142.29,65129.5,0.5171,386545.11,357565.5,112849.55,36623.62
FY2025-02,2025,Mar,2,Q1,STORE,Retail Stores,Girls,Dresses,174421.46,1957.0,89.13,18379.95,1544.6,92681.65,0.5314,361072.95,385540.05,218813.11,74577.44
FY2025-03,2025,Apr,3,Q1,STORE,Retail Stores,Girls,Dresses,212992.9,2321.0,91.77,17992.12,1780.2,115745.8,0.5434,388673.42,487821.19,331912.99,128481.68
FY2025-04,2025,May,4,Q2,STORE,Retail Stores,Girls,Dresses,177431.87,2059.0,86.17,16809.8,1531.4,96569.88,0.5443,522819.63,473425.67,146379.11,52563.81
FY2025-05,2025,Jun,5,Q2,STORE,Retail Stores,Girls,Dresses,157310.06,1777.0,88.53,16667.76,1676.66,84140.72,0.5349,475857.89,348653.73,48450.32,16704.27
FY2025-06,2025,Jul,6,Q2,STORE,Retail Stores,Girls,Dresses,106694.62,1214.0,87.89,14629.98,1020.45,56217.55,0.5269,348749.83,399151.84,172747.06,66383.15
FY2025-07,2025,Aug,7,Q3,STORE,Retail Stores,Girls,Dresses,145138.83,1561.0,92.98,15288.9,1453.98,77340.92,0.5329,382189.77,374477.55,154169.49,64326.34
FY2025-08,2025,Sep,8,Q3,STORE,Retail Stores,Girls,Dresses,129739.38,1427.0,90.92,16625.96,1413.63,68421.06,0.5274,395349.59,330507.8,82937.18,33080.12
FY2025-09,2025,Oct,9,Q3,STORE,Retail Stores,Girls,Dresses,153366.75,1648.0,93.06,16439.72,1594.4,81988.65,0.5346,322979.39,476168.47,324589.95,113040.42
FY2025-10,2025,Nov,10,Q4,STORE,Retail Stores,Girls,Dresses,215340.5,2496.0,86.27,24158.66,2276.07,114943.08,0.5338,469122.86,638293.54,410945.91,150740.5
FY2025-11,2025,Dec,11,Q4,STORE,Retail Stores,Girls,Dresses,240106.43,2614.0,91.85,23515.47,1604.38,131177.37,0.5463,651597.55,577565.22,191193.95,67226.28
FY2025-12,2025,Jan,12,Q4,STORE,Retail Stores,Girls,Dresses,95036.83,1055.0,90.08,12150.59,974.32,48625.09,0.5116,551590.54,443428.8,0.0,0.0
FY2026-01,2026,Feb,1,Q1,STORE,Retail Stores,Girls,Dresses,140194.34,1497.0,93.65,22753.8,1651.9,67864.61,0.4841,446134.35,406237.01,124702.7,44319.95
FY2026-02,2026,Mar,2,Q1,STORE,Retail Stores,Girls,Dresses,222101.83,2499.0,88.88,26753.47,2080.37,114093.96,0.5137,406400.02,464320.09,308855.74,102976.97
FY2026-03,2026,Apr,3,Q1,STORE,Retail Stores,Girls,Dresses,241674.74,2672.0,90.45,23870.77,1921.25,130245.65,0.5389,462957.67,631246.35,435755.44,151125.17
FY2026-04,2026,May,4,Q2,STORE,Retail Stores,Girls,Dresses,224156.73,2605.0,86.05,29714.54,2317.61,113186.85,0.5049,660105.48,605732.31,201815.71,74302.36
FY2026-05,2026,Jun,5,Q2,STORE,Retail Stores,Girls,Dresses,178206.12,1985.0,89.78,25957.56,1793.33,90244.16,0.5064,638519.69,466736.29,34173.61,10770.75
FY2026-06,2026,Jul,6,Q2,STORE,Retail Stores,Girls,Dresses,181873.3,2024.0,89.86,17684.63,1589.31,96759.6,0.532,450197.9,467352.52,218301.86,77048.77
FY2024-01,2024,Feb,1,Q1,WHSL,Wholesale,Girls,Dresses,159519.82,2314.0,68.94,3137.92,195.3,73761.2,0.4624,187768.66,183034.86,158119.24,86065.34
FY2024-02,2024,Mar,2,Q1,WHSL,Wholesale,Girls,Dresses,161839.1,2286.0,70.8,3587.59,154.08,73753.76,0.4557,183322.84,100438.26,82696.19,37613.4
FY2024-03,2024,Apr,3,Q1,WHSL,Wholesale,Girls,Dresses,69769.56,1005.0,69.42,1207.82,65.84,32325.24,0.4633,114525.75,73076.42,29593.89,17397.15
FY2024-04,2024,May,4,Q2,WHSL,Wholesale,Girls,Dresses,60858.72,876.0,69.47,1067.14,46.12,28161.85,0.4627,75068.08,66934.63,53838.53,26048.01
FY2024-05,2024,Jun,5,Q2,WHSL,Wholesale,Girls,Dresses,169387.92,2490.0,68.03,3610.29,181.03,77370.56,0.4568,62725.21,96550.49,207004.52,123167.98
FY2024-06,2024,Jul,6,Q2,WHSL,Wholesale,Girls,Dresses,153096.07,2226.0,68.78,3964.6,163.18,69737.31,0.4555,128757.72,170521.49,198987.62,99949.71
FY2024-07,2024,Aug,7,Q3,WHSL,Wholesale,Girls,Dresses,92392.02,1233.0,74.93,2047.65,73.48,42061.19,0.4552,162430.81,67917.66,0.0,0.0
FY2024-08,2024,Sep,8,Q3,WHSL,Wholesale,Girls,Dresses,113670.94,1676.0,67.82,2041.5,123.75,52579.44,0.4626,80406.28,90037.14,125467.05,68696.85
FY2024-09,2024,Oct,9,Q3,WHSL,Wholesale,Girls,Dresses,162320.47,2386.0,68.03,3098.06,145.05,74752.42,0.4605,89850.99,154490.23,230202.82,113170.08
FY2024-10,2024,Nov,10,Q4,WHSL,Wholesale,Girls,Dresses,112459.27,1542.0,72.93,2045.52,112.6,51618.24,0.459,161392.66,77314.46,30539.19,16667.02
FY2024-11,2024,Dec,11,Q4,WHSL,Wholesale,Girls,Dresses,68418.79,951.0,71.94,1448.96,78.28,31369.55,0.4585,93903.44,50101.97,26144.56,14639.52
FY2024-12,2024,Jan,12,Q4,WHSL,Wholesale,Girls,Dresses,70045.39,1002.0,69.91,1576.83,68.44,32104.57,0.4583,52650.73,79102.03,98141.96,48987.78
FY2025-01,2025,Feb,1,Q1,WHSL,Wholesale,Girls,Dresses,212953.62,3124.0,68.17,3821.59,215.48,98143.9,0.4609,74000.74,151104.2,294094.15,181907.39
FY2025-02,2025,Mar,2,Q1,WHSL,Wholesale,Girls,Dresses,179737.2,2584.0,69.56,3568.15,226.91,82522.01,0.4591,189512.13,122461.83,116481.96,61096.45
FY2025-03,2025,Apr,3,Q1,WHSL,Wholesale,Girls,Dresses,92894.88,1293.0,71.84,1531.29,90.83,42826.09,0.461,130958.9,71095.28,34653.38,18953.55
FY2025-04,2025,May,4,Q2,WHSL,Wholesale,Girls,Dresses,77328.97,1079.0,71.67,1337.46,80.93,35680.59,0.4614,85388.14,65856.86,59216.08,28458.94
FY2025-05,2025,Jun,5,Q2,WHSL,Wholesale,Girls,Dresses,186546.03,2769.0,67.37,4584.0,207.52,84710.4,0.4541,71544.7,126784.23,246577.08,128546.97
FY2025-06,2025,Jul,6,Q2,WHSL,Wholesale,Girls,Dresses,189327.44,2737.0,69.17,3680.23,230.22,87151.84,0.4603,141785.99,178914.42,230366.32,133492.08
FY2025-07,2025,Aug,7,Q3,WHSL,Wholesale,Girls,Dresses,91934.88,1330.0,69.12,2147.61,105.94,41932.11,0.4561,184987.1,90798.67,0.0,0.0
FY2025-08,2025,Sep,8,Q3,WHSL,Wholesale,Girls,Dresses,146462.33,2116.0,69.22,2260.21,164.25,67879.08,0.4635,93348.29,119440.46,174978.96,79909.56
FY2025-09,2025,Oct,9,Q3,WHSL,Wholesale,Girls,Dresses,173688.59,2542.0,68.33,3873.01,196.86,79641.11,0.4585,113793.32,165285.12,229250.26,110939.28
FY2025-10,2025,Nov,10,Q4,WHSL,Wholesale,Girls,Dresses,127610.2,1860.0,68.61,2403.28,109.61,58558.35,0.4589,175960.68,104245.86,58408.27,27989.13
FY2025-11,2025,Dec,11,Q4,WHSL,Wholesale,Girls,Dresses,97245.23,1470.0,66.15,1303.03,74.47,45066.95,0.4634,118913.12,45374.11,25083.72,13686.04
FY2025-12,2025,Jan,12,Q4,WHSL,Wholesale,Girls,Dresses,76830.35,1111.0,69.15,1487.76,92.32,35507.68,0.4622,66202.7,100429.61,112637.34,47002.53
FY2026-01,2026,Feb,1,Q1,WHSL,Wholesale,Girls,Dresses,280263.81,3906.0,71.75,4721.88,288.21,129291.21,0.4613,83754.51,186543.7,388063.09,200978.27
FY2026-02,2026,Mar,2,Q1,WHSL,Wholesale,Girls,Dresses,189685.54,2782.0,68.18,3915.48,213.53,87539.84,0.4615,264925.69,189641.8,118530.66,59933.9
FY2026-03,2026,Apr,3,Q1,WHSL,Wholesale,Girls,Dresses,100197.6,1518.0,66.01,2468.91,126.86,45694.73,0.456,172236.72,111094.58,41651.23,22317.25
FY2026-04,2026,May,4,Q2,WHSL,Wholesale,Girls,Dresses,97779.71,1406.0,69.54,2034.89,83.22,44737.17,0.4575,108815.75,72955.56,64037.63,38401.02
FY2026-05,2026,Jun,5,Q2,WHSL,Wholesale,Girls,Dresses,247965.58,3470.0,71.46,5830.69,236.68,112663.39,0.4544,86152.66,157309.22,325189.51,156228.08
FY2026-06,2026,Jul,6,Q2,WHSL,Wholesale,Girls,Dresses,278400.95,3879.0,71.77,4695.24,287.08,128129.15,0.4602,171955.03,178897.34,290325.58,159482.55
FY2024-01,2024,Feb,1,Q1,ECOM,Ecommerce,Girls,Outerwear,20057.0,164.0,122.3,2869.46,60.86,9775.52,0.4874,50412.73,50115.19,22689.78,7012.46
FY2024-02,2024,Mar,2,Q1,ECOM,Ecommerce,Girls,Outerwear,25954.15,204.0,127.23,3366.3,120.97,13370.63,0.5152,51590.81,56425.48,34276.09,13438.51
FY2024-03,2024,Apr,3,Q1,ECOM,Ecommerce,Girls,Outerwear,28905.71,233.0,124.06,4727.92,133.24,13958.44,0.4829,58785.01,83663.48,58645.34,21188.76
FY2024-04,2024,May,4,Q2,ECOM,Ecommerce,Girls,Outerwear,29354.11,237.0,123.86,4125.98,117.96,14736.09,0.502,89816.39,86231.36,30013.02,12400.78
FY2024-05,2024,Jun,5,Q2,ECOM,Ecommerce,Girls,Outerwear,23515.31,187.0,125.75,4411.35,119.57,10953.0,0.4658,87785.93,61685.49,1945.79,622.57
FY2024-06,2024,Jul,6,Q2,ECOM,Ecommerce,Girls,Outerwear,18533.44,143.0,129.6,3362.37,76.77,8889.67,0.4797,60171.11,63214.58,25016.05,9163.13
FY2024-07,2024,Aug,7,Q3,ECOM,Ecommerce,Girls,Outerwear,25440.04,201.0,126.57,2615.73,70.41,13491.21,0.5303,61814.9,66266.85,32578.13,12537.24
FY2024-08,2024,Sep,8,Q3,ECOM,Ecommerce,Girls,Outerwear,23299.21,194.0,120.1,2595.91,96.93,12399.85,0.5322,67652.28,54213.85,12553.62,4098.17
FY2024-09,2024,Oct,9,Q3,ECOM,Ecommerce,Girls,Outerwear,25251.03,211.0,119.67,4123.7,113.96,12166.38,0.4818,52906.27,74887.19,51469.61,20897.55
FY2024-10,2024,Nov,10,Q4,ECOM,Ecommerce,Girls,Outerwear,36632.03,307.0,119.32,6532.33,139.65,17101.27,0.4668,79149.7,100962.53,65116.84,26895.39
FY2024-11,2024,Dec,11,Q4,ECOM,Ecommerce,Girls,Outerwear,42319.59,345.0,122.67,6400.82,147.05,20463.27,0.4835,104178.4,87555.02,32244.08,12714.36
FY2024-12,2024,Jan,12,Q4,ECOM,Ecommerce,Girls,Outerwear,17582.03,147.0,119.61,2304.05,75.36,8807.34,0.5009,90205.22,70243.78,0.0,0.0
FY2025-01,2025,Feb,1,Q1,ECOM,Ecommerce,Girls,Outerwear,24175.9,199.0,121.49,3810.09,102.0,11349.71,0.4695,71801.26,61739.39,18026.12,6013.75
FY2025-02,2025,Mar,2,Q1,ECOM,Ecommerce,Girls,Outerwear,30190.64,249.0,121.25,4042.63,128.08,15296.82,0.5067,64660.57,70343.68,40044.46,12544.84
FY2025-03,2025,Apr,3,Q1,ECOM,Ecommerce,Girls,Outerwear,33680.3,279.0,120.72,7198.87,151.47,14443.81,0.4289,69727.01,103780.92,75084.55,22739.72
FY2025-04,2025,May,4,Q2,ECOM,Ecommerce,Girls,Outerwear,36719.29,302.0,121.59,4467.38,151.45,18571.01,0.5058,99615.91,85028.86,26751.07,9923.89
FY2025-05,2025,Jun,5,Q2,ECOM,Ecommerce,Girls,Outerwear,31077.04,250.0,124.31,4263.51,123.04,15551.1,0.5004,89814.48,73170.17,18819.28,5365.14
FY2025-06,2025,Jul,6,Q2,ECOM,Ecommerce,Girls,Outerwear,23594.02,197.0,119.77,3671.49,130.02,11708.79,0.4963,70027.27,76127.96,33496.22,12080.54
FY2025-07,2025,Aug,7,Q3,ECOM,Ecommerce,Girls,Outerwear,26535.23,225.0,117.93,3281.13,114.39,13729.05,0.5174,75389.33,73365.29,27906.71,10366.35
FY2025-08,2025,Sep,8,Q3,ECOM,Ecommerce,Girls,Outerwear,25777.79,206.0,125.13,4499.14,121.93,12423.63,0.482,74338.5,70941.22,27001.58,10909.97
FY2025-09,2025,Oct,9,Q3,ECOM,Ecommerce,Girls,Outerwear,30093.12,247.0,121.83,3792.55,105.55,15370.79,0.5108,69192.36,76545.07,41343.93,15147.09
FY2025-10,2025,Nov,10,Q4,ECOM,Ecommerce,Girls,Outerwear,48747.19,375.0,129.99,7726.23,159.13,22618.98,0.464,80645.52,118026.84,94013.87,30141.46
FY2025-11,2025,Dec,11,Q4,ECOM,Ecommerce,Girls,Outerwear,44292.92,344.0,128.76,7648.32,150.98,20942.57,0.4728,125017.55,113250.97,40325.64,12519.58
FY2025-12,2025,Jan,12,Q4,ECOM,Ecommerce,Girls,Outerwear,20250.4,160.0,126.57,2219.79,79.99,10564.81,0.5217,108159.69,85609.51,0.0,0.0
FY2026-01,2026,Feb,1,Q1,ECOM,Ecommerce,Girls,Outerwear,28172.91,225.0,125.21,4198.1,112.58,13735.53,0.4875,86766.16,77293.4,23010.83,7773.93
FY2026-02,2026,Mar,2,Q1,ECOM,Ecommerce,Girls,Outerwear,38888.63,321.0,121.15,3913.94,207.22,21026.34,0.5407,78635.29,87949.45,52323.95,19559.98
FY2026-03,2026,Apr,3,Q1,ECOM,Ecommerce,Girls,Outerwear,46776.45,378.0,123.75,6708.17,166.55,23054.23,0.4929,91447.2,132715.53,94919.5,35097.04
FY2026-04,2026,May,4,Q2,ECOM,Ecommerce,Girls,Outerwear,44815.13,370.0,121.12,5476.3,154.74,22805.65,0.5089,132021.81,114549.06,32973.42,11248.41
FY2026-05,2026,Jun,5,Q2,ECOM,Ecommerce,Girls,Outerwear,30582.74,250.0,122.33,5382.98,157.64,15020.04,0.4911,115680.99,88078.38,8520.75,3353.09
FY2026-06,2026,Jul,6,Q2,ECOM,Ecommerce,Girls,Outerwear,27835.63,218.0,127.69,4998.52,120.6,13158.9,0.4727,83124.8,84533.26,34363.21,12600.16
FY2024-01,2024,Feb,1,Q1,STORE,Retail Stores,Girls,Outerwear,10047.05,83.0,121.05,835.35,87.97,5483.61,0.5458,26266.93,26072.74,10776.18,3998.67
FY2024-02,2024,Mar,2,Q1,STORE,Retail Stores,Girls,Outerwear,14492.14,115.0,126.02,1126.74,147.12,7990.52,0.5514,26817.2,27932.32,16881.12,5810.71
FY2024-03,2024,Apr,3,Q1,STORE,Retail Stores,Girls,Outerwear,14379.66,113.0,127.25,1874.05,142.19,7287.3,0.5068,28844.16,35999.68,23551.42,9908.75
FY2024-04,2024,May,4,Q2,STORE,Retail Stores,Girls,Outerwear,11761.28,93.0,126.47,1821.0,140.29,5874.38,0.4995,38529.29,37804.62,12997.9,4730.66
FY2024-05,2024,Jun,5,Q2,STORE,Retail Stores,Girls,Outerwear,11390.04,93.0,122.47,1379.1,124.99,5928.17,0.5205,36524.64,27097.72,3467.21,1329.82
FY2024-06,2024,Jul,6,Q2,STORE,Retail Stores,Girls,Outerwear,9871.34,78.0,126.56,942.71,98.17,5401.75,0.5472,27340.81,28846.43,12417.84,4192.9
FY2024-07,2024,Aug,7,Q3,STORE,Retail Stores,Girls,Outerwear,11298.45,88.0,128.39,1405.97,93.99,5741.31,0.5082,28550.64,28281.3,12529.07,3963.0
FY2024-08,2024,Sep,8,Q3,STORE,Retail Stores,Girls,Outerwear,10668.78,88.0,121.24,1634.83,110.82,5248.12,0.4919,28814.92,24021.62,7621.13,2986.99
FY2024-09,2024,Oct,9,Q3,STORE,Retail Stores,Girls,Outerwear,12461.23,97.0,128.47,1269.52,96.87,6644.28,0.5332,24607.94,33538.71,22758.39,7852.54
FY2024-10,2024,Nov,10,Q4,STORE,Retail Stores,Girls,Outerwear,18654.44,145.0,128.65,1575.92,142.74,10159.39,0.5446,33868.1,48002.99,34507.99,12279.33
FY2024-11,2024,Dec,11,Q4,STORE,Retail Stores,Girls,Outerwear,16192.01,135.0,119.94,1822.47,186.15,8729.3,0.5391,48480.32,41896.29,11616.6,3840.13
FY2024-12,2024,Jan,12,Q4,STORE,Retail Stores,Girls,Outerwear,8195.07,62.0,132.18,579.93,66.0,4613.79,0.563,40125.59,31284.59,0.0,0.0
FY2025-01,2025,Feb,1,Q1,STORE,Retail Stores,Girls,Outerwear,9741.62,78.0,124.89,837.35,89.32,5419.46,0.5563,31670.65,28563.77,7561.41,2859.46
FY2025-02,2025,Mar,2,Q1,STORE,Retail Stores,Girls,Outerwear,16003.47,132.0,121.24,1580.05,161.8,8506.94,0.5316,28001.88,29662.78,19406.22,7155.08
FY2025-03,2025,Apr,3,Q1,STORE,Retail Stores,Girls,Outerwear,17359.39,151.0,114.96,1259.75,146.37,9715.54,0.5597,31511.08,44037.55,31291.98,11827.44
FY2025-04,2025,May,4,Q2,STORE,Retail Stores,Girls,Outerwear,14696.3,116.0,126.69,1948.05,121.4,7469.05,0.5082,45476.45,44232.43,15521.73,5255.15
FY2025-05,2025,Jun,5,Q2,STORE,Retail Stores,Girls,Outerwear,14016.49,113.0,124.04,1292.53,132.03,7605.76,0.5426,44244.26,30266.62,1463.41,515.19
FY2025-06,2025,Jul,6,Q2,STORE,Retail Stores,Girls,Outerwear,11300.71,89.0,126.97,1023.63,110.01,6178.17,0.5467,31027.5,33340.94,14747.79,5229.25
FY2025-07,2025,Aug,7,Q3,STORE,Retail Stores,Girls,Outerwear,13033.9,99.0,131.66,1403.34,112.92,6839.74,0.5248,33207.36,32200.65,13543.45,4867.67
FY2025-08,2025,Sep,8,Q3,STORE,Retail Stores,Girls,Outerwear,14179.56,114.0,124.38,1584.12,126.55,7358.68,0.519,34744.44,26712.37,7858.16,3113.95
FY2025-09,2025,Oct,9,Q3,STORE,Retail Stores,Girls,Outerwear,14047.55,113.0,124.31,1131.77,114.52,7795.18,0.5549,28759.74,38554.2,25088.3,8753.97
FY2025-10,2025,Nov,10,Q4,STORE,Retail Stores,Girls,Outerwear,19897.6,154.0,129.21,2119.93,166.59,10562.47,0.5308,39713.01,57261.35,39732.46,14099.28
FY2025-11,2025,Dec,11,Q4,STORE,Retail Stores,Girls,Outerwear,20376.88,164.0,124.25,2020.24,204.0,11078.89,0.5437,58521.46,48733.69,12813.35,4293.5
FY2025-12,2025,Jan,12,Q4,STORE,Retail Stores,Girls,Outerwear,9038.41,70.0,129.12,846.87,75.46,4902.69,0.5424,47703.62,37742.88,0.0,0.0
FY2026-01,2026,Feb,1,Q1,STORE,Retail Stores,Girls,Outerwear,11703.36,94.0,124.5,1759.01,126.63,5830.0,0.4981,37917.28,36485.47,12157.19,3532.65
FY2026-02,2026,Mar,2,Q1,STORE,Retail Stores,Girls,Outerwear,21253.16,173.0,122.85,2277.08,186.61,11012.12,0.5181,34791.43,40654.22,29579.64,9768.12
FY2026-03,2026,Apr,3,Q1,STORE,Retail Stores,Girls,Outerwear,19383.78,156.0,124.26,1622.11,176.08,10867.01,0.5606,43235.65,62089.44,40035.76,10733.65
FY2026-04,2026,May,4,Q2,STORE,Retail Stores,Girls,Outerwear,18198.47,146.0,124.65,2689.58,158.27,8987.01,0.4938,55314.03,50681.68,16413.97,5079.44
FY2026-05,2026,Jun,5,Q2,STORE,Retail Stores,Girls,Outerwear,15049.28,121.0,124.37,2178.01,165.04,7643.35,0.5079,49949.58,40692.16,8134.91,3421.29
FY2026-06,2026,Jul,6,Q2,STORE,Retail Stores,Girls,Outerwear,15354.07,121.0,126.89,2084.26,133.5,7649.59,0.4982,40397.37,40311.32,17485.78,5938.97
FY2024-01,2024,Feb,1,Q1,WHSL,Wholesale,Girls,Outerwear,17059.44,178.0,95.84,325.95,18.98,7829.53,0.459,14927.1,13321.63,15798.9,8341.05
FY2024-02,2024,Mar,2,Q1,WHSL,Wholesale,Girls,Outerwear,13283.9,132.0,100.64,340.54,12.26,6023.05,0.4534,14613.8,9463.15,8486.05,4055.99
FY2024-03,2024,Apr,3,Q1,WHSL,Wholesale,Girls,Outerwear,6711.88,69.0,97.27,174.03,7.73,3036.92,0.4525,9792.68,5607.0,2707.96,1448.3
FY2024-04,2024,May,4,Q2,WHSL,Wholesale,Girls,Outerwear,5334.02,57.0,93.58,114.46,7.02,2451.81,0.4597,6197.08,5451.96,4710.38,2419.59
FY2024-05,2024,Jun,5,Q2,WHSL,Wholesale,Girls,Outerwear,13467.17,133.0,101.26,304.74,12.88,6155.13,0.457,5381.06,10111.46,18515.19,10133.75
FY2024-06,2024,Jul,6,Q2,WHSL,Wholesale,Girls,Outerwear,12654.81,131.0,96.6,335.08,14.83,5773.86,0.4563,10114.74,12641.61,15531.59,9985.15
FY2024-07,2024,Aug,7,Q3,WHSL,Wholesale,Girls,Outerwear,8353.46,90.0,92.82,186.88,7.15,3785.97,0.4532,14011.33,5463.84,0.0,0.0
FY2024-08,2024,Sep,8,Q3,WHSL,Wholesale,Girls,Outerwear,10034.06,101.0,99.35,218.15,10.46,4604.01,0.4588,7113.8,9080.84,12229.71,5736.6
FY2024-09,2024,Oct,9,Q3,WHSL,Wholesale,Girls,Outerwear,13515.85,141.0,95.86,269.02,14.13,6206.72,0.4592,7984.92,11400.73,17214.81,8505.71
FY2024-10,2024,Nov,10,Q4,WHSL,Wholesale,Girls,Outerwear,8005.42,85.0,94.18,180.12,9.81,3669.58,0.4584,12385.95,8472.97,4282.37,1974.31
FY2024-11,2024,Dec,11,Q4,WHSL,Wholesale,Girls,Outerwear,5614.46,58.0,96.8,126.44,5.8,2571.87,0.4581,7955.83,4733.88,2524.75,1323.4
FY2024-12,2024,Jan,12,Q4,WHSL,Wholesale,Girls,Outerwear,6558.3,67.0,97.89,166.83,6.7,2976.02,0.4538,4685.32,6100.07,8146.58,3595.53
FY2025-01,2025,Feb,1,Q1,WHSL,Wholesale,Girls,Outerwear,16082.55,175.0,91.9,330.93,20.0,7404.49,0.4604,6006.08,19637.24,30064.64,14396.0
FY2025-02,2025,Mar,2,Q1,WHSL,Wholesale,Girls,Outerwear,13075.55,127.0,102.96,372.93,17.58,5927.71,0.4533,17551.33,13740.19,9654.92,4141.06
FY2025-03,2025,Apr,3,Q1,WHSL,Wholesale,Girls,Outerwear,7771.87,80.0,97.15,146.1,6.53,3567.82,0.4591,11270.14,7032.21,3686.57,1488.9
FY2025-04,2025,May,4,Q2,WHSL,Wholesale,Girls,Outerwear,5878.4,62.0,94.81,159.28,6.03,2666.68,0.4536,7332.36,5654.23,4365.58,2343.61
FY2025-05,2025,Jun,5,Q2,WHSL,Wholesale,Girls,Outerwear,15319.3,162.0,94.56,320.08,16.99,7027.18,0.4587,5762.12,10397.82,20292.07,11475.3
FY2025-06,2025,Jul,6,Q2,WHSL,Wholesale,Girls,Outerwear,17307.11,174.0,99.47,380.25,17.26,7895.65,0.4562,11722.28,13997.61,19979.95,11145.94
FY2025-07,2025,Aug,7,Q3,WHSL,Wholesale,Girls,Outerwear,9223.19,98.0,94.11,135.94,9.96,4263.08,0.4622,15338.75,7013.5,1043.84,537.62
FY2025-08,2025,Sep,8,Q3,WHSL,Wholesale,Girls,Outerwear,12444.66,128.0,97.22,202.5,12.54,5753.76,0.4623,8306.03,7942.81,12296.48,6929.5
FY2025-09,2025,Oct,9,Q3,WHSL,Wholesale,Girls,Outerwear,15753.0,161.0,97.84,297.05,17.78,7265.74,0.4612,9121.73,19957.86,26903.96,11679.33
FY2025-10,2025,Nov,10,Q4,WHSL,Wholesale,Girls,Outerwear,9445.93,97.0,97.38,223.86,11.58,4312.58,0.4566,16715.81,9205.61,2171.17,1128.85
FY2025-11,2025,Dec,11,Q4,WHSL,Wholesale,Girls,Outerwear,6952.21,69.0,100.76,138.46,7.24,3194.44,0.4595,9084.98,5752.13,3765.06,1711.93
FY2025-12,2025,Jan,12,Q4,WHSL,Wholesale,Girls,Outerwear,6700.9,74.0,90.55,120.24,5.6,3100.08,0.4626,5501.36,6161.84,7487.22,4002.6
FY2026-01,2026,Feb,1,Q1,WHSL,Wholesale,Girls,Outerwear,25961.98,267.0,97.24,439.34,24.08,11941.95,0.46,7154.3,19384.11,38655.21,17945.01
FY2026-02,2026,Mar,2,Q1,WHSL,Wholesale,Girls,Outerwear,20486.14,207.0,98.97,568.14,15.12,9208.01,0.4495,21133.69,11820.73,11756.44,6303.63
FY2026-03,2026,Apr,3,Q1,WHSL,Wholesale,Girls,Outerwear,9433.88,100.0,94.34,211.18,10.26,4304.58,0.4563,14382.82,7800.16,3072.66,1596.04
FY2026-04,2026,May,4,Q2,WHSL,Wholesale,Girls,Outerwear,9042.83,94.0,96.2,160.45,8.03,4150.67,0.459,8775.39,6330.7,6766.62,3658.71
FY2026-05,2026,Jun,5,Q2,WHSL,Wholesale,Girls,Outerwear,18735.88,196.0,95.59,336.74,20.78,8660.75,0.4623,7882.3,13851.69,25062.79,12095.9
FY2026-06,2026,Jul,6,Q2,WHSL,Wholesale,Girls,Outerwear,16252.35,173.0,93.94,393.8,21.5,7470.17,0.4596,14286.46,20918.43,23299.62,13783.43
FY2024-01,2024,Feb,1,Q1,ECOM,Ecommerce,Girls,Sets,53115.66,772.0,68.8,7533.8,240.91,25897.71,0.4876,131204.9,128239.43,57924.9,21481.02
FY2024-02,2024,Mar,2,Q1,ECOM,Ecommerce,Girls,Sets,71736.23,1086.0,66.06,9495.65,293.42,36062.0,0.5027,134998.12,154549.55,101076.73,35770.86
FY2024-03,2024,Apr,3,Q1,ECOM,Ecommerce,Girls,Sets,89248.57,1336.0,66.8,12608.69,324.83,43049.32,0.4824,156638.22,189130.71,134674.58,53865.75
FY2024-04,2024,May,4,Q2,ECOM,Ecommerce,Girls,Sets,70037.21,1073.0,65.27,6381.27,248.3,38749.14,0.5533,225718.16,223437.57,74386.19,28527.92
FY2024-05,2024,Jun,5,Q2,ECOM,Ecommerce,Girls,Sets,71078.01,1044.0,68.08,10404.18,277.63,34003.68,0.4784,221029.23,140291.39,1021.98,355.0
FY2024-06,2024,Jul,6,Q2,ECOM,Ecommerce,Girls,Sets,58758.6,932.0,63.05,7592.47,213.74,29251.56,0.4978,148862.59,136361.6,54063.82,19545.95
FY2024-07,2024,Aug,7,Q3,ECOM,Ecommerce,Girls,Sets,55327.09,812.0,68.14,4381.61,268.6,31246.21,0.5648,143935.62,164777.81,80819.49,31141.83
FY2024-08,2024,Sep,8,Q3,ECOM,Ecommerce,Girls,Sets,65519.75,1000.0,65.52,7927.55,328.75,33855.22,0.5167,154179.43,160259.23,79855.85,27722.61
FY2024-09,2024,Oct,9,Q3,ECOM,Ecommerce,Girls,Sets,68025.7,1013.0,67.15,8333.16,240.46,34596.14,0.5086,155922.9,176750.96,97427.38,37156.79
FY2024-10,2024,Nov,10,Q4,ECOM,Ecommerce,Girls,Sets,96110.36,1378.0,69.75,14071.2,374.25,47321.63,0.4924,178175.6,266589.9,198970.11,71917.61
FY2024-11,2024,Dec,11,Q4,ECOM,Ecommerce,Girls,Sets,103409.45,1540.0,67.15,17229.54,445.3,48339.97,0.4675,277265.94,233686.17,77504.52,27334.0
FY2024-12,2024,Jan,12,Q4,ECOM,Ecommerce,Girls,Sets,49238.51,745.0,66.09,5730.75,175.16,24776.56,0.5032,237290.4,182145.98,0.0,0.0
FY2025-01,2025,Feb,1,Q1,ECOM,Ecommerce,Girls,Sets,61084.06,895.0,68.25,9876.56,221.34,28471.02,0.4661,190345.71,161681.02,42517.27,15596.15
FY2025-02,2025,Mar,2,Q1,ECOM,Ecommerce,Girls,Sets,82720.12,1261.0,65.6,11258.81,343.75,41073.76,0.4965,167812.4,163802.83,90313.11,35105.78
FY2025-03,2025,Apr,3,Q1,ECOM,Ecommerce,Girls,Sets,94949.01,1435.0,66.17,19549.81,313.42,40796.25,0.4297,170444.22,266166.54,210534.56,74537.63
FY2025-04,2025,May,4,Q2,ECOM,Ecommerce,Girls,Sets,69480.25,1007.0,69.0,9753.45,235.58,36184.3,0.5208,268545.17,255719.71,66643.82,20467.5
FY2025-05,2025,Jun,5,Q2,ECOM,Ecommerce,Girls,Sets,76708.51,1128.0,68.0,9740.54,308.85,38970.84,0.508,237070.6,162244.73,11932.03,4301.85
FY2025-06,2025,Jul,6,Q2,ECOM,Ecommerce,Girls,Sets,64675.26,1003.0,64.48,10738.97,241.43,30208.64,0.4671,165322.86,176358.64,86691.44,33830.34
FY2025-07,2025,Aug,7,Q3,ECOM,Ecommerce,Girls,Sets,67185.35,1027.0,65.42,9621.37,297.95,32754.5,0.4875,186642.37,183467.7,73930.0,25036.41
FY2025-08,2025,Sep,8,Q3,ECOM,Ecommerce,Girls,Sets,81399.66,1229.0,66.23,11216.46,282.51,39415.05,0.4842,184171.82,154327.75,63054.56,22618.44
FY2025-09,2025,Oct,9,Q3,ECOM,Ecommerce,Girls,Sets,77860.29,1141.0,68.24,13357.01,348.01,36178.35,0.4647,165929.98,222489.03,148124.36,47087.43
FY2025-10,2025,Nov,10,Q4,ECOM,Ecommerce,Girls,Sets,107319.64,1617.0,66.37,17893.52,503.64,50846.12,0.4738,230621.46,312980.5,208075.84,76449.77
FY2025-11,2025,Dec,11,Q4,ECOM,Ecommerce,Girls,Sets,96292.94,1360.0,70.8,16440.89,501.87,48025.47,0.4987,320975.9,282955.88,75215.68,27826.75
FY2025-12,2025,Jan,12,Q4,ECOM,Ecommerce,Girls,Sets,47706.67,718.0,66.44,6968.12,205.32,23551.18,0.4937,262276.86,207396.75,0.0,0.0
FY2026-01,2026,Feb,1,Q1,ECOM,Ecommerce,Girls,Sets,63652.67,942.0,67.57,8593.54,267.33,32599.49,0.5121,207759.27,199491.46,64245.73,23843.23
FY2026-02,2026,Mar,2,Q1,ECOM,Ecommerce,Girls,Sets,111064.15,1634.0,67.97,20624.89,342.5,48513.68,0.4368,193778.4,220250.69,158503.83,50019.55
FY2026-03,2026,Apr,3,Q1,ECOM,Ecommerce,Girls,Sets,104306.2,1569.0,66.48,16354.74,503.67,50751.74,0.4866,227485.23,292962.93,186642.31,63444.2
FY2026-04,2026,May,4,Q2,ECOM,Ecommerce,Girls,Sets,95029.04,1427.0,66.59,14334.3,444.42,47049.37,0.4951,308469.9,301133.39,102471.25,42430.81
FY2026-05,2026,Jun,5,Q2,ECOM,Ecommerce,Girls,Sets,97599.72,1487.0,65.64,9300.7,402.73,52186.33,0.5347,302421.59,195118.44,0.0,0.0
FY2026-06,2026,Jul,6,Q2,ECOM,Ecommerce,Girls,Sets,72939.08,1065.0,68.49,12885.2,306.34,34663.68,0.4752,201328.08,215106.56,99909.1,33285.65
FY2024-01,2024,Feb,1,Q1,STORE,Retail Stores,Girls,Sets,25466.4,395.0,64.47,2678.91,220.86,13332.84,0.5235,65863.99,61596.98,24099.16,9262.86
FY2024-02,2024,Mar,2,Q1,STORE,Retail Stores,Girls,Sets,38701.82,545.0,71.01,3761.64,319.96,20144.24,0.5205,67197.26,56050.71,31636.87,13264.46
FY2024-03,2024,Apr,3,Q1,STORE,Retail Stores,Girls,Sets,37519.64,548.0,68.47,2633.11,357.11,21288.35,0.5674,66796.77,116466.53,90179.62,29096.73
FY2024-04,2024,May,4,Q2,STORE,Retail Stores,Girls,Sets,31228.88,483.0,64.66,3526.3,295.84,16595.81,0.5314,109807.07,95176.66,20420.61,7059.24
FY2024-05,2024,Jun,5,Q2,STORE,Retail Stores,Girls,Sets,31985.58,493.0,64.88,2853.29,326.12,17471.55,0.5462,95874.33,64666.6,3957.26,1334.18
FY2024-06,2024,Jul,6,Q2,STORE,Retail Stores,Girls,Sets,27870.5,418.0,66.68,3428.6,271.92,14130.56,0.507,66553.38,67211.05,32228.69,11065.08
FY2024-07,2024,Aug,7,Q3,STORE,Retail Stores,Girls,Sets,29185.21,427.0,68.35,4441.44,259.73,13874.74,0.4754,70184.94,70648.48,34349.92,13057.53
FY2024-08,2024,Sep,8,Q3,STORE,Retail Stores,Girls,Sets,28278.76,409.0,69.14,4050.66,228.83,13984.1,0.4945,75068.87,62099.46,19588.84,7479.98
FY2024-09,2024,Oct,9,Q3,STORE,Retail Stores,Girls,Sets,31893.13,465.0,68.59,4253.42,311.12,16045.39,0.5031,65288.93,96367.98,67536.72,19959.19
FY2024-10,2024,Nov,10,Q4,STORE,Retail Stores,Girls,Sets,37912.79,544.0,69.69,5160.97,390.38,19666.33,0.5187,92234.75,126532.43,77761.82,31147.44
FY2024-11,2024,Dec,11,Q4,STORE,Retail Stores,Girls,Sets,49342.82,733.0,67.32,5008.64,496.99,26230.82,0.5316,130739.06,97305.67,21415.06,7286.07
FY2024-12,2024,Jan,12,Q4,STORE,Retail Stores,Girls,Sets,16525.87,250.0,66.1,2425.99,171.12,8419.92,0.5095,103411.77,84288.79,0.0,0.0
FY2025-01,2025,Feb,1,Q1,STORE,Retail Stores,Girls,Sets,24662.22,370.0,66.65,2919.04,256.27,12961.82,0.5256,82193.57,74064.75,19708.71,8305.25
FY2025-02,2025,Mar,2,Q1,STORE,Retail Stores,Girls,Sets,40300.03,593.0,67.96,4812.09,365.39,20570.74,0.5104,74412.54,75891.94,46956.91,19654.04
FY2025-03,2025,Apr,3,Q1,STORE,Retail Stores,Girls,Sets,44419.52,659.0,67.4,4802.17,330.42,23179.37,0.5218,81523.54,105191.86,73220.43,25481.54
FY2025-04,2025,May,4,Q2,STORE,Retail Stores,Girls,Sets,37813.74,540.0,70.03,4841.48,403.97,19402.73,0.5131,109688.37,118756.71,52127.53,16027.57
FY2025-05,2025,Jun,5,Q2,STORE,Retail Stores,Girls,Sets,34405.7,515.0,66.81,4180.55,318.85,17704.64,0.5146,115881.96,76976.86,0.0,0.0
FY2025-06,2025,Jul,6,Q2,STORE,Retail Stores,Girls,Sets,29171.33,427.0,68.32,3244.32,235.41,15330.09,0.5255,79271.39,82807.14,36186.81,13193.79
FY2025-07,2025,Aug,7,Q3,STORE,Retail Stores,Girls,Sets,31387.97,441.0,71.17,4047.81,296.15,15872.11,0.5057,85828.99,78344.72,28247.66,11747.74
FY2025-08,2025,Sep,8,Q3,STORE,Retail Stores,Girls,Sets,34378.48,525.0,65.48,3267.03,245.19,18588.61,0.5407,83837.29,69023.73,23077.14,8591.15
FY2025-09,2025,Oct,9,Q3,STORE,Retail Stores,Girls,Sets,34529.75,510.0,67.71,4398.58,363.84,17682.6,0.5121,71277.31,101312.67,69327.53,24161.59
FY2025-10,2025,Nov,10,Q4,STORE,Retail Stores,Girls,Sets,50726.27,785.0,64.62,4834.12,489.08,27413.62,0.5404,100601.05,121518.74,76967.16,27421.73
FY2025-11,2025,Dec,11,Q4,STORE,Retail Stores,Girls,Sets,54953.12,844.0,65.11,7527.69,460.84,27372.56,0.4981,131137.74,121587.15,53391.06,15785.58
FY2025-12,2025,Jan,12,Q4,STORE,Retail Stores,Girls,Sets,24045.15,367.0,65.52,1986.69,152.77,13124.55,0.5458,119251.82,93067.21,0.0,0.0
FY2026-01,2026,Feb,1,Q1,STORE,Retail Stores,Girls,Sets,31373.17,460.0,68.2,3215.54,248.04,16731.14,0.5333,96125.62,78893.55,17604.68,6146.49
FY2026-02,2026,Mar,2,Q1,STORE,Retail Stores,Girls,Sets,44865.35,697.0,64.37,4842.05,324.01,23863.6,0.5319,81676.57,111237.96,79592.8,24331.59
FY2026-03,2026,Apr,3,Q1,STORE,Retail Stores,Girls,Sets,50806.47,760.0,66.85,6511.83,417.53,25796.77,0.5077,105487.18,142516.11,94764.76,32653.88
FY2026-04,2026,May,4,Q2,STORE,Retail Stores,Girls,Sets,44852.4,643.0,69.75,4604.42,415.16,24228.12,0.5402,146360.95,130213.86,33724.89,12710.76
FY2026-05,2026,Jun,5,Q2,STORE,Retail Stores,Girls,Sets,49568.21,727.0,68.18,4848.0,508.19,25995.26,0.5244,131556.82,83360.02,6727.6,2321.05
FY2026-06,2026,Jul,6,Q2,STORE,Retail Stores,Girls,Sets,34558.55,522.0,66.2,4305.62,381.13,17847.07,0.5164,91605.58,96391.25,44030.97,16886.96
FY2024-01,2024,Feb,1,Q1,WHSL,Wholesale,Girls,Sets,38762.2,771.0,50.28,793.04,44.68,17787.19,0.4589,37183.75,42747.39,45163.56,19746.99
FY2024-02,2024,Mar,2,Q1,WHSL,Wholesale,Girls,Sets,32970.06,653.0,50.49,746.83,41.66,15066.75,0.457,37259.32,22855.02,19354.25,10278.12
FY2024-03,2024,Apr,3,Q1,WHSL,Wholesale,Girls,Sets,12417.97,242.0,51.31,350.88,14.27,5664.72,0.4562,24936.81,19428.89,7275.2,3184.95
FY2024-04,2024,May,4,Q2,WHSL,Wholesale,Girls,Sets,14619.48,283.0,51.66,316.59,14.48,6678.32,0.4568,16247.44,13831.79,12534.9,5893.95
FY2024-05,2024,Jun,5,Q2,WHSL,Wholesale,Girls,Sets,31509.47,620.0,50.82,579.93,31.42,14593.76,0.4632,14075.67,31525.98,49571.13,28679.85
FY2024-06,2024,Jul,6,Q2,WHSL,Wholesale,Girls,Sets,40510.57,825.0,49.1,630.73,44.78,18721.56,0.4621,28376.68,28065.98,40875.38,19528.21
FY2024-07,2024,Aug,7,Q3,WHSL,Wholesale,Girls,Sets,17404.44,345.0,50.45,307.91,19.32,8045.99,0.4623,34888.29,18123.47,966.85,495.87
FY2024-08,2024,Sep,8,Q3,WHSL,Wholesale,Girls,Sets,27102.72,510.0,53.14,611.87,22.55,12355.85,0.4559,18174.43,18121.28,27683.99,11922.91
FY2024-09,2024,Oct,9,Q3,WHSL,Wholesale,Girls,Sets,33753.39,673.0,50.15,541.05,37.28,15633.14,0.4632,20274.25,37259.13,51316.6,22803.71
FY2024-10,2024,Nov,10,Q4,WHSL,Wholesale,Girls,Sets,21159.99,398.0,53.17,301.31,19.58,9841.68,0.4651,32732.43,19360.28,8108.73,4572.08
FY2024-11,2024,Dec,11,Q4,WHSL,Wholesale,Girls,Sets,13800.49,273.0,50.55,369.81,12.94,6272.6,0.4545,20297.02,12252.58,6138.8,3646.73
FY2024-12,2024,Jan,12,Q4,WHSL,Wholesale,Girls,Sets,15751.61,299.0,52.68,360.68,15.42,7183.45,0.456,11984.76,14176.67,18319.62,9480.22
FY2025-01,2025,Feb,1,Q1,WHSL,Wholesale,Girls,Sets,42063.76,841.0,50.02,732.36,51.65,19499.06,0.4636,14352.97,52852.18,81346.98,39233.73
FY2025-02,2025,Mar,2,Q1,WHSL,Wholesale,Girls,Sets,32965.87,633.0,52.08,839.77,33.65,15057.56,0.4568,46275.63,34154.68,21718.34,9993.42
FY2025-03,2025,Apr,3,Q1,WHSL,Wholesale,Girls,Sets,21505.41,405.0,53.1,416.36,20.1,9846.71,0.4579,29206.68,14846.49,7581.68,4041.35
FY2025-04,2025,May,4,Q2,WHSL,Wholesale,Girls,Sets,14014.1,280.0,50.05,277.47,14.29,6479.39,0.4623,17589.6,15983.2,12699.46,7023.07
FY2025-05,2025,Jun,5,Q2,WHSL,Wholesale,Girls,Sets,44025.67,846.0,52.04,944.85,38.25,20088.85,0.4563,15253.02,30487.4,60243.15,29176.14
FY2025-06,2025,Jul,6,Q2,WHSL,Wholesale,Girls,Sets,34448.31,662.0,52.04,786.87,41.52,15835.22,0.4597,32735.55,43376.87,45918.02,26628.89
FY2025-07,2025,Aug,7,Q3,WHSL,Wholesale,Girls,Sets,21777.59,436.0,49.95,404.95,18.02,10005.93,0.4595,40173.82,17973.26,0.0,0.0
FY2025-08,2025,Sep,8,Q3,WHSL,Wholesale,Girls,Sets,27961.95,558.0,50.11,676.25,27.03,12763.78,0.4565,20008.08,24041.52,32698.67,16191.24
FY2025-09,2025,Oct,9,Q3,WHSL,Wholesale,Girls,Sets,38872.27,734.0,52.96,1017.98,37.75,17624.26,0.4534,23987.19,39161.79,55102.6,26653.41
FY2025-10,2025,Nov,10,Q4,WHSL,Wholesale,Girls,Sets,21150.8,389.0,54.37,471.1,27.02,9724.39,0.4598,38239.34,24136.26,7545.84,3616.54
FY2025-11,2025,Dec,11,Q4,WHSL,Wholesale,Girls,Sets,19536.48,364.0,53.67,376.04,18.44,8956.96,0.4585,22468.2,10187.97,7650.73,4580.37
FY2025-12,2025,Jan,12,Q4,WHSL,Wholesale,Girls,Sets,16392.87,321.0,51.07,392.2,14.47,7492.5,0.4571,14056.24,17637.88,20381.18,10190.24
FY2026-01,2026,Feb,1,Q1,WHSL,Wholesale,Girls,Sets,57419.23,1177.0,48.78,1231.16,48.3,26257.44,0.4573,16954.43,49023.48,90767.74,46114.3
FY2026-02,2026,Mar,2,Q1,WHSL,Wholesale,Girls,Sets,41522.74,772.0,53.79,647.31,51.96,19325.22,0.4654,51476.54,35709.52,26454.99,13567.48
FY2026-03,2026,Apr,3,Q1,WHSL,Wholesale,Girls,Sets,21179.86,415.0,51.04,353.96,22.18,9802.52,0.4628,35648.37,20917.21,6824.84,3670.71
FY2026-04,2026,May,4,Q2,WHSL,Wholesale,Girls,Sets,21430.12,402.0,53.31,555.22,17.43,9670.61,0.4513,21212.04,13804.48,14595.21,8131.68
FY2026-05,2026,Jun,5,Q2,WHSL,Wholesale,Girls,Sets,46538.08,888.0,52.41,1065.23,51.17,21267.95,0.457,18154.91,38096.97,67596.54,29296.17
FY2026-06,2026,Jul,6,Q2,WHSL,Wholesale,Girls,Sets,52361.55,1080.0,48.48,1214.83,48.1,23847.61,0.4554,37214.12,49457.29,65867.65,30557.77
FY2024-01,2024,Feb,1,Q1,ECOM,Ecommerce,Girls,Sleepwear,60045.24,1298.0,46.26,9817.13,235.78,28604.85,0.4764,171640.28,173174.78,71632.65,26012.52
FY2024-02,2024,Mar,2,Q1,ECOM,Ecommerce,Girls,Sleepwear,89289.32,1919.0,46.53,13804.73,332.11,42542.28,0.4765,175244.85,184742.03,112923.34,36868.84
FY2024-03,2024,Apr,3,Q1,ECOM,Ecommerce,Girls,Sleepwear,102107.48,2134.0,47.85,14593.18,384.84,49725.3,0.487,188172.0,271913.13,200826.63,67216.98
FY2024-04,2024,May,4,Q2,ECOM,Ecommerce,Girls,Sleepwear,79630.04,1698.0,46.9,10946.22,409.0,40769.01,0.512,277968.73,244633.4,57649.93,21818.9
FY2024-05,2024,Jun,5,Q2,ECOM,Ecommerce,Girls,Sleepwear,78112.72,1749.0,44.66,11650.41,300.31,38641.87,0.4947,236093.39,181520.36,35490.41,12746.64
FY2024-06,2024,Jul,6,Q2,ECOM,Ecommerce,Girls,Sleepwear,70287.7,1528.0,46.0,9182.62,260.39,34963.8,0.4974,182265.95,176899.07,74363.83,30304.95
FY2024-07,2024,Aug,7,Q3,ECOM,Ecommerce,Girls,Sleepwear,67710.55,1399.0,48.4,10766.68,304.67,32790.22,0.4843,189477.95,201405.98,90709.93,39071.48
FY2024-08,2024,Sep,8,Q3,ECOM,Ecommerce,Girls,Sleepwear,82424.51,1829.0,45.07,13500.91,328.37,37993.17,0.4609,210351.13,162197.31,48099.97,15972.31
FY2024-09,2024,Oct,9,Q3,ECOM,Ecommerce,Girls,Sleepwear,87234.78,1758.0,49.62,13453.4,319.68,41606.09,0.4769,171656.25,211476.08,140827.69,49488.79
FY2024-10,2024,Nov,10,Q4,ECOM,Ecommerce,Girls,Sleepwear,114898.63,2408.0,47.72,16857.61,378.25,56248.63,0.4896,243955.64,298904.4,187083.25,65358.39
FY2024-11,2024,Dec,11,Q4,ECOM,Ecommerce,Girls,Sleepwear,124702.14,2495.0,49.98,20036.86,561.65,59265.83,0.4753,322571.61,273859.0,96588.04,32866.62
FY2024-12,2024,Jan,12,Q4,ECOM,Ecommerce,Girls,Sleepwear,49074.35,1010.0,48.59,9039.74,187.34,22363.87,0.4557,283490.77,225189.34,0.0,0.0
FY2025-01,2025,Feb,1,Q1,ECOM,Ecommerce,Girls,Sleepwear,71462.76,1472.0,48.55,7422.37,249.59,37688.81,0.5274,226985.19,182615.19,34764.72,12706.31
FY2025-02,2025,Mar,2,Q1,ECOM,Ecommerce,Girls,Sleepwear,80743.89,1621.0,49.81,12560.18,463.47,40710.13,0.5042,187649.69,217355.56,123473.41,41723.94
FY2025-03,2025,Apr,3,Q1,ECOM,Ecommerce,Girls,Sleepwear,96842.27,2022.0,47.89,11995.42,447.97,51232.16,0.529,202196.79,317352.37,224441.24,80246.69
FY2025-04,2025,May,4,Q2,ECOM,Ecommerce,Girls,Sleepwear,82876.97,1742.0,47.58,15060.74,425.98,39929.1,0.4818,311121.75,282102.71,69344.65,24287.62
FY2025-05,2025,Jun,5,Q2,ECOM,Ecommerce,Girls,Sleepwear,72828.16,1546.0,47.11,12921.71,411.66,35894.43,0.4929,271410.38,214968.86,29720.01,10976.43
FY2025-06,2025,Jul,6,Q2,ECOM,Ecommerce,Girls,Sleepwear,84836.78,1775.0,47.8,10611.9,357.39,42183.31,0.4972,202064.69,207683.22,101424.6,34156.9
FY2025-07,2025,Aug,7,Q3,ECOM,Ecommerce,Girls,Sleepwear,70724.81,1504.0,47.02,11657.98,285.12,34688.64,0.4905,212587.16,244909.62,114990.37,47259.46
FY2025-08,2025,Sep,8,Q3,ECOM,Ecommerce,Girls,Sleepwear,81490.51,1614.0,50.49,10622.58,374.84,41895.78,0.5141,238694.65,195204.34,48997.62,16808.64
FY2025-09,2025,Oct,9,Q3,ECOM,Ecommerce,Girls,Sleepwear,91348.81,1930.0,47.33,11946.53,329.32,46317.08,0.507,193065.86,247268.96,157827.76,50914.07
FY2025-10,2025,Nov,10,Q4,ECOM,Ecommerce,Girls,Sleepwear,121024.29,2474.0,48.92,18480.93,663.11,60485.22,0.4998,251039.64,437396.11,326524.8,103452.49
FY2025-11,2025,Dec,11,Q4,ECOM,Ecommerce,Girls,Sleepwear,138795.01,2856.0,48.6,20765.7,582.06,67973.89,0.4897,384712.29,326281.35,101711.83,36845.24
FY2025-12,2025,Jan,12,Q4,ECOM,Ecommerce,Girls,Sleepwear,55165.13,1118.0,49.34,7100.28,231.54,28572.62,0.5179,321835.47,259338.52,0.0,0.0
FY2026-01,2026,Feb,1,Q1,ECOM,Ecommerce,Girls,Sleepwear,84737.79,1818.0,46.61,10682.62,289.66,42681.85,0.5037,255502.65,202570.96,42778.38,14168.22
FY2026-02,2026,Mar,2,Q1,ECOM,Ecommerce,Girls,Sleepwear,99269.54,2133.0,46.54,18551.13,322.35,46182.71,0.4652,210647.98,250097.39,157592.43,61776.96
FY2026-03,2026,Apr,3,Q1,ECOM,Ecommerce,Girls,Sleepwear,126845.78,2654.0,47.79,21424.29,438.93,59374.85,0.4681,257327.7,342345.35,233726.65,79838.36
FY2026-04,2026,May,4,Q2,ECOM,Ecommerce,Girls,Sleepwear,106557.82,2189.0,48.68,13678.3,364.39,54983.55,0.516,336816.19,302186.63,85970.95,30106.33
FY2026-05,2026,Jun,5,Q2,ECOM,Ecommerce,Girls,Sleepwear,111329.39,2362.0,47.13,16452.48,401.66,53645.84,0.4819,299047.54,231274.9,60410.89,22283.7
FY2026-06,2026,Jul,6,Q2,ECOM,Ecommerce,Girls,Sleepwear,82686.71,1787.0,46.27,17414.24,427.43,36250.91,0.4384,248354.5,242366.33,94540.21,36221.69
FY2024-01,2024,Feb,1,Q1,STORE,Retail Stores,Girls,Sleepwear,25358.71,536.0,47.31,3377.86,225.08,12983.84,0.512,78383.09,74620.29,25198.85,10017.3
FY2024-02,2024,Mar,2,Q1,STORE,Retail Stores,Girls,Sleepwear,43155.59,911.0,47.37,4764.86,370.21,22326.63,0.5174,76009.59,83048.94,55330.01,20626.39
FY2024-03,2024,Apr,3,Q1,STORE,Retail Stores,Girls,Sleepwear,42477.5,907.0,46.83,4484.46,314.95,22771.56,0.5361,86191.16,121914.33,83000.08,26726.08
FY2024-04,2024,May,4,Q2,STORE,Retail Stores,Girls,Sleepwear,34506.35,729.0,47.33,5634.74,409.4,16840.48,0.488,122186.95,109452.45,27815.99,10522.89
FY2024-05,2024,Jun,5,Q2,STORE,Retail Stores,Girls,Sleepwear,36151.19,758.0,47.69,3781.96,349.57,19355.14,0.5354,109642.58,87403.24,18043.38,6776.02
FY2024-06,2024,Jul,6,Q2,STORE,Retail Stores,Girls,Sleepwear,27290.79,571.0,47.79,3509.19,249.19,14230.72,0.5214,87823.5,82484.23,25709.9,10942.14
FY2024-07,2024,Aug,7,Q3,STORE,Retail Stores,Girls,Sleepwear,32611.31,699.0,46.65,4603.98,345.14,16212.15,0.4971,84259.6,90598.02,43898.85,15590.18
FY2024-08,2024,Sep,8,Q3,STORE,Retail Stores,Girls,Sleepwear,36333.56,777.0,46.76,4502.92,380.28,18703.63,0.5148,92647.31,78543.82,27113.27,9159.66
FY2024-09,2024,Oct,9,Q3,STORE,Retail Stores,Girls,Sleepwear,39239.29,810.0,48.44,3625.46,322.32,21065.0,0.5368,78112.37,90692.74,55767.44,19121.06
FY2024-10,2024,Nov,10,Q4,STORE,Retail Stores,Girls,Sleepwear,53890.07,1180.0,45.67,5148.11,555.6,29192.76,0.5417,102841.76,151827.22,108579.24,31931.32
FY2024-11,2024,Dec,11,Q4,STORE,Retail Stores,Girls,Sleepwear,66563.81,1351.0,49.27,5857.82,586.16,35532.14,0.5338,143580.43,121742.29,51169.65,18537.03
FY2024-12,2024,Jan,12,Q4,STORE,Retail Stores,Girls,Sleepwear,23387.62,510.0,45.86,2954.59,180.21,11911.05,0.5093,135066.51,108544.09,0.0,0.0
FY2025-01,2025,Feb,1,Q1,STORE,Retail Stores,Girls,Sleepwear,33432.57,702.0,47.62,3998.33,290.19,17209.8,0.5148,110474.27,84939.58,12186.4,4623.83
FY2025-02,2025,Mar,2,Q1,STORE,Retail Stores,Girls,Sleepwear,48235.49,1030.0,46.83,5406.24,464.92,24877.76,0.5158,88646.41,93553.7,59013.94,19865.36
FY2025-03,2025,Apr,3,Q1,STORE,Retail Stores,Girls,Sleepwear,39849.85,837.0,47.61,4362.2,483.06,21827.14,0.5477,100266.73,142406.5,86834.88,29678.56
FY2025-04,2025,May,4,Q2,STORE,Retail Stores,Girls,Sleepwear,45007.1,978.0,46.02,7132.97,414.89,21716.03,0.4825,144279.73,129341.27,37616.5,13842.79
FY2025-05,2025,Jun,5,Q2,STORE,Retail Stores,Girls,Sleepwear,34603.62,695.0,49.79,4413.19,324.53,18426.9,0.5325,136230.94,96889.6,0.0,0.0
FY2025-06,2025,Jul,6,Q2,STORE,Retail Stores,Girls,Sleepwear,35103.89,756.0,46.43,3362.24,332.54,19031.39,0.5421,90412.86,95926.0,44311.81,14837.47
FY2025-07,2025,Aug,7,Q3,STORE,Retail Stores,Girls,Sleepwear,41156.82,819.0,50.25,4906.01,440.57,20983.41,0.5098,95282.21,106409.46,57630.65,18076.27
FY2025-08,2025,Sep,8,Q3,STORE,Retail Stores,Girls,Sleepwear,42380.46,842.0,50.33,5573.24,377.34,21162.21,0.4993,106987.19,84102.0,25445.85,10384.59
FY2025-09,2025,Oct,9,Q3,STORE,Retail Stores,Girls,Sleepwear,42007.46,858.0,48.96,4310.66,414.78,22418.84,0.5337,92326.72,121122.14,75528.32,27767.71
FY2025-10,2025,Nov,10,Q4,STORE,Retail Stores,Girls,Sleepwear,58713.93,1260.0,46.6,7700.68,532.8,29814.05,0.5078,120439.7,166331.85,112839.56,41389.23
FY2025-11,2025,Dec,11,Q4,STORE,Retail Stores,Girls,Sleepwear,67700.64,1467.0,46.15,7415.41,517.29,35558.03,0.5252,166364.64,140367.19,49635.89,20392.33
FY2025-12,2025,Jan,12,Q4,STORE,Retail Stores,Girls,Sleepwear,25626.05,539.0,47.54,3952.11,264.21,12437.52,0.4853,152518.82,122676.45,0.0,0.0
FY2026-01,2026,Feb,1,Q1,STORE,Retail Stores,Girls,Sleepwear,37661.13,780.0,48.28,4699.98,327.17,19015.35,0.5049,123986.35,93070.48,11772.41,3462.54
FY2026-02,2026,Mar,2,Q1,STORE,Retail Stores,Girls,Sleepwear,43119.24,904.0,47.7,3965.82,424.35,24373.23,0.5653,96066.34,113790.62,65233.69,26430.19
FY2026-03,2026,Apr,3,Q1,STORE,Retail Stores,Girls,Sleepwear,57859.99,1178.0,49.12,6138.03,533.29,30589.26,0.5287,112170.37,152314.38,104675.32,38883.73
FY2026-04,2026,May,4,Q2,STORE,Retail Stores,Girls,Sleepwear,46727.95,1011.0,46.22,4740.26,494.47,25565.45,0.5471,155227.55,149229.56,45964.69,16467.58
FY2026-05,2026,Jun,5,Q2,STORE,Retail Stores,Girls,Sleepwear,48295.62,1072.0,45.05,4125.17,380.25,26583.26,0.5504,146904.32,102756.16,8652.88,2623.06
FY2026-06,2026,Jul,6,Q2,STORE,Retail Stores,Girls,Sleepwear,41516.81,878.0,47.29,4066.41,373.75,22221.48,0.5352,103981.47,109727.6,51703.1,17173.77
FY2024-01,2024,Feb,1,Q1,WHSL,Wholesale,Girls,Sleepwear,44260.47,1153.0,38.39,1122.46,56.57,20161.15,0.4555,44911.77,42658.41,43186.14,21599.06
FY2024-02,2024,Mar,2,Q1,WHSL,Wholesale,Girls,Sleepwear,37775.53,1067.0,35.4,716.14,39.52,17449.12,0.4619,44181.97,32032.08,26381.3,15651.05
FY2024-03,2024,Apr,3,Q1,WHSL,Wholesale,Girls,Sleepwear,16744.01,449.0,37.29,370.03,20.81,7705.98,0.4602,30634.28,21073.7,7574.27,3175.27
FY2024-04,2024,May,4,Q2,WHSL,Wholesale,Girls,Sleepwear,18374.92,504.0,36.46,449.87,19.49,8338.27,0.4538,18945.81,14777.35,14675.82,8292.02
FY2024-05,2024,Jun,5,Q2,WHSL,Wholesale,Girls,Sleepwear,33365.51,934.0,35.72,820.66,36.28,15321.51,0.4592,17368.45,29110.92,45964.92,26838.43
FY2024-06,2024,Jul,6,Q2,WHSL,Wholesale,Girls,Sleepwear,35915.73,988.0,36.35,1035.52,43.95,16340.29,0.455,31898.48,41821.09,46917.81,29107.42
FY2024-07,2024,Aug,7,Q3,WHSL,Wholesale,Girls,Sleepwear,20729.95,589.0,35.2,341.24,19.47,9605.26,0.4634,43265.99,22175.33,0.0,0.0
FY2024-08,2024,Sep,8,Q3,WHSL,Wholesale,Girls,Sleepwear,32534.08,895.0,36.35,596.12,34.79,15016.47,0.4616,22380.21,27654.12,38438.9,17754.82
FY2024-09,2024,Oct,9,Q3,WHSL,Wholesale,Girls,Sleepwear,41292.09,1141.0,36.19,641.3,45.33,19168.85,0.4642,24629.68,40130.23,57479.27,28544.81
FY2024-10,2024,Nov,10,Q4,WHSL,Wholesale,Girls,Sleepwear,29209.84,804.0,36.33,584.07,26.8,13352.71,0.4571,40418.27,20473.12,9875.56,5848.07
FY2024-11,2024,Dec,11,Q4,WHSL,Wholesale,Girls,Sleepwear,15868.34,451.0,35.18,334.48,18.97,7326.46,0.4617,25404.06,17110.5,7928.23,4521.11
FY2024-12,2024,Jan,12,Q4,WHSL,Wholesale,Girls,Sleepwear,17953.08,512.0,35.06,357.46,18.17,8278.59,0.4611,15173.51,17992.06,21147.26,13205.88
FY2025-01,2025,Feb,1,Q1,WHSL,Wholesale,Girls,Sleepwear,53260.13,1528.0,34.86,1176.06,41.14,24355.44,0.4573,18396.54,48372.31,84453.1,40599.73
FY2025-02,2025,Mar,2,Q1,WHSL,Wholesale,Girls,Sleepwear,41008.48,1134.0,36.16,750.14,44.74,18990.9,0.4631,53329.59,37883.28,26357.05,13420.12
FY2025-03,2025,Apr,3,Q1,WHSL,Wholesale,Girls,Sleepwear,19151.14,529.0,36.2,432.49,22.73,8797.16,0.4594,35024.02,23721.02,8303.36,4422.66
FY2025-04,2025,May,4,Q2,WHSL,Wholesale,Girls,Sleepwear,17022.63,485.0,35.1,348.52,19.47,7846.99,0.461,22264.66,19038.42,14164.38,7479.46
FY2025-05,2025,Jun,5,Q2,WHSL,Wholesale,Girls,Sleepwear,39435.04,1027.0,38.4,799.88,47.98,18224.72,0.4621,17954.83,41005.64,63333.71,31820.81
FY2025-06,2025,Jul,6,Q2,WHSL,Wholesale,Girls,Sleepwear,43336.69,1160.0,37.36,1024.51,49.82,19832.2,0.4576,34131.82,43277.15,53556.35,31184.08
FY2025-07,2025,Aug,7,Q3,WHSL,Wholesale,Girls,Sleepwear,22367.68,594.0,37.66,619.79,22.84,10151.29,0.4538,44924.67,24725.59,2811.23,1225.08
FY2025-08,2025,Sep,8,Q3,WHSL,Wholesale,Girls,Sleepwear,33447.29,926.0,36.12,576.12,34.7,15486.51,0.463,23086.23,22979.21,33951.09,22341.06
FY2025-09,2025,Oct,9,Q3,WHSL,Wholesale,Girls,Sleepwear,51561.43,1386.0,37.2,914.26,50.16,23718.8,0.46,27960.13,39292.21,63857.93,33302.86
FY2025-10,2025,Nov,10,Q4,WHSL,Wholesale,Girls,Sleepwear,27435.72,727.0,37.74,679.61,34.49,12507.63,0.4559,44992.33,31296.25,14453.74,7088.46
FY2025-11,2025,Dec,11,Q4,WHSL,Wholesale,Girls,Sleepwear,21451.34,577.0,37.18,418.96,21.39,9860.83,0.4597,29312.24,15813.11,8392.56,4563.22
FY2025-12,2025,Jan,12,Q4,WHSL,Wholesale,Girls,Sleepwear,20714.49,612.0,33.85,541.84,23.04,9404.49,0.454,17207.29,16247.82,20319.9,14555.35
FY2026-01,2026,Feb,1,Q1,WHSL,Wholesale,Girls,Sleepwear,60464.08,1643.0,36.8,1297.74,60.96,27712.34,0.4583,19762.65,50300.01,92360.14,56369.71
FY2026-02,2026,Mar,2,Q1,WHSL,Wholesale,Girls,Sleepwear,50843.5,1428.0,35.6,1345.69,44.38,23021.89,0.4528,61455.67,36110.59,26888.49,14216.67
FY2026-03,2026,Apr,3,Q1,WHSL,Wholesale,Girls,Sleepwear,23309.16,663.0,35.16,548.51,25.01,10658.94,0.4573,39797.8,26159.18,10244.06,5781.55
FY2026-04,2026,May,4,Q2,WHSL,Wholesale,Girls,Sleepwear,23055.33,625.0,36.89,325.74,16.0,10705.15,0.4643,24728.24,19485.63,18154.46,9595.35
FY2026-05,2026,Jun,5,Q2,WHSL,Wholesale,Girls,Sleepwear,46328.12,1301.0,35.61,1480.08,49.82,20871.5,0.4505,21292.41,47106.15,73671.76,36185.25
FY2026-06,2026,Jul,6,Q2,WHSL,Wholesale,Girls,Sleepwear,61122.45,1742.0,35.09,1428.64,47.48,27765.02,0.4543,41670.04,50687.82,71616.35,33852.58
FY2024-01,2024,Feb,1,Q1,ECOM,Ecommerce,Girls,Swim,40897.8,676.0,60.5,7443.71,125.63,18486.71,0.452,111441.55,104484.89,41510.48,15062.06
FY2024-02,2024,Mar,2,Q1,ECOM,Ecommerce,Girls,Swim,60512.67,967.0,62.58,6282.83,215.14,31726.25,0.5243,107045.57,118518.27,78483.34,30031.97
FY2024-03,2024,Apr,3,Q1,ECOM,Ecommerce,Girls,Swim,66374.73,1074.0,61.8,8880.85,204.13,32978.5,0.4969,134824.37,154150.18,94785.52,38308.73
FY2024-04,2024,May,4,Q2,ECOM,Ecommerce,Girls,Swim,64885.16,1020.0,63.61,10477.59,295.78,30034.0,0.4629,169268.77,162415.63,68805.39,21371.72
FY2024-05,2024,Jun,5,Q2,ECOM,Ecommerce,Girls,Swim,57233.48,911.0,62.82,8787.58,236.81,27209.02,0.4754,169767.48,114894.51,11384.9,3919.67
FY2024-06,2024,Jul,6,Q2,ECOM,Ecommerce,Girls,Swim,44138.97,762.0,57.93,7839.22,157.75,20243.12,0.4586,119901.48,134764.44,66998.9,19740.23
FY2024-07,2024,Aug,7,Q3,ECOM,Ecommerce,Girls,Swim,43800.81,709.0,61.78,6909.22,204.11,21495.67,0.4908,129265.97,151029.9,72678.07,23123.99
FY2024-08,2024,Sep,8,Q3,ECOM,Ecommerce,Girls,Swim,60461.53,966.0,62.59,7129.18,190.89,30171.07,0.499,140198.26,101066.12,28649.46,9642.03
FY2024-09,2024,Oct,9,Q3,ECOM,Ecommerce,Girls,Swim,54609.04,893.0,61.15,9588.04,256.44,25072.06,0.4591,111881.13,157974.74,110547.13,42445.78
FY2024-10,2024,Nov,10,Q4,ECOM,Ecommerce,Girls,Swim,74436.21,1219.0,61.06,15691.67,310.19,31943.23,0.4291,157095.9,206055.96,139398.13,50964.52
FY2024-11,2024,Dec,11,Q4,ECOM,Ecommerce,Girls,Swim,99160.03,1545.0,64.18,12278.93,361.71,48857.65,0.4927,214029.52,161150.39,58921.54,26621.94
FY2024-12,2024,Jan,12,Q4,ECOM,Ecommerce,Girls,Swim,32753.69,516.0,63.48,3874.86,141.8,17196.53,0.525,191091.8,154321.45,0.0,0.0
FY2025-01,2025,Feb,1,Q1,ECOM,Ecommerce,Girls,Swim,40842.81,711.0,57.44,5665.01,183.35,20803.95,0.5094,153212.11,124444.01,17923.07,5634.47
FY2025-02,2025,Mar,2,Q1,ECOM,Ecommerce,Girls,Swim,71988.89,1256.0,57.32,9443.25,268.29,35469.26,0.4927,122517.84,142815.46,101998.05,36678.64
FY2025-03,2025,Apr,3,Q1,ECOM,Ecommerce,Girls,Swim,80431.81,1345.0,59.8,10018.34,307.63,40132.81,0.499,150880.14,188330.35,128207.99,37543.86
FY2025-04,2025,May,4,Q2,ECOM,Ecommerce,Girls,Swim,66315.6,1082.0,61.29,9468.26,361.48,33137.68,0.4997,190831.78,214327.69,99641.25,28904.88
FY2025-05,2025,Jun,5,Q2,ECOM,Ecommerce,Girls,Swim,64044.26,1016.0,63.04,9303.05,259.53,30909.12,0.4826,203690.34,130083.5,0.0,0.0
FY2025-06,2025,Jul,6,Q2,ECOM,Ecommerce,Girls,Swim,43538.12,669.0,65.08,5633.4,205.8,22971.3,0.5276,136544.17,140615.57,53448.72,19433.43
FY2025-07,2025,Aug,7,Q3,ECOM,Ecommerce,Girls,Swim,57498.49,959.0,59.96,7092.89,193.98,28989.91,0.5042,133885.88,150584.66,81484.14,26218.97
FY2025-08,2025,Sep,8,Q3,ECOM,Ecommerce,Girls,Swim,53057.29,868.0,61.13,8517.48,263.09,26002.44,0.4901,153535.05,128725.05,37027.86,12732.74
FY2025-09,2025,Oct,9,Q3,ECOM,Ecommerce,Girls,Swim,54543.06,877.0,62.19,8585.33,249.03,26875.29,0.4927,125669.55,174776.73,112484.6,43873.38
FY2025-10,2025,Nov,10,Q4,ECOM,Ecommerce,Girls,Swim,90115.26,1438.0,62.67,7811.75,353.06,49087.91,0.5447,175056.35,237459.96,160683.68,64831.89
FY2025-11,2025,Dec,11,Q4,ECOM,Ecommerce,Girls,Swim,93709.26,1595.0,58.75,11472.22,372.39,48148.1,0.5138,251771.17,199718.59,53501.29,18758.33
FY2025-12,2025,Jan,12,Q4,ECOM,Ecommerce,Girls,Swim,35140.33,577.0,60.9,5370.49,166.16,17474.83,0.4973,202306.09,161629.11,0.0,0.0
FY2026-01,2026,Feb,1,Q1,ECOM,Ecommerce,Girls,Swim,60932.75,1006.0,60.57,10137.9,182.15,27901.39,0.4579,159253.1,134017.6,46017.3,17958.12
FY2026-02,2026,Mar,2,Q1,ECOM,Ecommerce,Girls,Swim,74108.14,1225.0,60.5,15131.5,332.04,32370.9,0.4368,148598.4,176458.88,117432.16,38821.16
FY2026-03,2026,Apr,3,Q1,ECOM,Ecommerce,Girls,Swim,83484.16,1334.0,62.58,12955.65,350.86,40698.87,0.4875,178632.68,244692.6,162850.59,52257.95
FY2026-04,2026,May,4,Q2,ECOM,Ecommerce,Girls,Swim,73730.5,1206.0,61.14,14279.19,377.67,33618.54,0.456,239498.58,224663.67,73552.45,24296.0
FY2026-05,2026,Jun,5,Q2,ECOM,Ecommerce,Girls,Swim,71500.07,1186.0,60.29,11364.87,276.62,34572.34,0.4835,225847.79,160724.97,18018.74,6085.91
FY2026-06,2026,Jul,6,Q2,ECOM,Ecommerce,Girls,Swim,64343.09,1043.0,61.69,9666.27,257.67,30921.29,0.4806,159090.25,165869.34,81046.12,30136.5
FY2024-01,2024,Feb,1,Q1,STORE,Retail Stores,Girls,Swim,20185.36,342.0,59.02,1983.14,153.2,10702.12,0.5302,53333.31,52625.55,21613.94,6565.01
FY2024-02,2024,Mar,2,Q1,STORE,Retail Stores,Girls,Swim,23724.47,366.0,64.82,3654.62,228.67,11693.71,0.4929,53334.74,55823.07,30096.09,12689.62
FY2024-03,2024,Apr,3,Q1,STORE,Retail Stores,Girls,Swim,24314.25,396.0,61.4,2650.47,238.79,13258.07,0.5453,60650.17,85111.55,51664.89,16880.67
FY2024-04,2024,May,4,Q2,STORE,Retail Stores,Girls,Swim,25854.01,414.0,62.45,2190.58,258.33,14349.21,0.555,79530.44,74952.82,23725.3,8417.14
FY2024-05,2024,Jun,5,Q2,STORE,Retail Stores,Girls,Swim,22464.17,361.0,62.23,2953.85,205.39,11472.89,0.5107,74438.81,53629.0,4813.6,2093.46
FY2024-06,2024,Jul,6,Q2,STORE,Retail Stores,Girls,Swim,16399.76,269.0,60.97,2878.53,173.54,8008.08,0.4883,53709.72,64250.47,29992.58,9435.01
FY2024-07,2024,Aug,7,Q3,STORE,Retail Stores,Girls,Swim,21155.57,351.0,60.27,2396.71,171.2,11185.87,0.5287,60581.33,59330.32,22472.47,7773.65
FY2024-08,2024,Sep,8,Q3,STORE,Retail Stores,Girls,Swim,22664.7,375.0,60.44,3392.2,213.05,11097.66,0.4896,58331.51,50131.53,18069.97,6011.84
FY2024-09,2024,Oct,9,Q3,STORE,Retail Stores,Girls,Swim,23472.98,396.0,59.28,2488.31,232.0,12616.28,0.5375,52105.06,73672.61,47760.84,16199.65
FY2024-10,2024,Nov,10,Q4,STORE,Retail Stores,Girls,Swim,31100.28,529.0,58.79,3702.7,263.16,16580.64,0.5331,70391.36,106568.27,71243.05,24338.9
FY2024-11,2024,Dec,11,Q4,STORE,Retail Stores,Girls,Swim,36677.27,586.0,62.59,3513.12,352.37,19851.09,0.5412,94236.32,76303.72,22610.16,7814.76
FY2024-12,2024,Jan,12,Q4,STORE,Retail Stores,Girls,Swim,13172.05,218.0,60.42,1618.82,128.4,6992.49,0.5309,76911.36,61992.09,0.0,0.0
FY2025-01,2025,Feb,1,Q1,STORE,Retail Stores,Girls,Swim,20610.16,337.0,61.16,2575.04,207.82,10598.25,0.5142,60336.17,60701.93,23758.78,8326.73
FY2025-02,2025,Mar,2,Q1,STORE,Retail Stores,Girls,Swim,29483.19,523.0,56.37,3631.51,282.0,15157.79,0.5141,60761.38,61790.74,34426.06,13547.29
FY2025-03,2025,Apr,3,Q1,STORE,Retail Stores,Girls,Swim,23263.41,369.0,63.04,3537.03,191.61,11956.78,0.514,62906.14,87829.5,51915.41,19798.47
FY2025-04,2025,May,4,Q2,STORE,Retail Stores,Girls,Swim,29654.19,509.0,58.26,2872.71,243.46,16047.64,0.5412,85171.47,92871.19,40470.08,12756.45
FY2025-05,2025,Jun,5,Q2,STORE,Retail Stores,Girls,Swim,29466.68,480.0,61.39,3459.02,262.38,15116.01,0.513,86940.47,56698.21,2945.82,1068.61
FY2025-06,2025,Jul,6,Q2,STORE,Retail Stores,Girls,Swim,21146.14,322.0,65.67,2806.48,234.36,10915.57,0.5162,59846.01,69627.92,33968.89,11318.05
FY2025-07,2025,Aug,7,Q3,STORE,Retail Stores,Girls,Swim,23899.4,372.0,64.25,3085.14,246.82,12222.98,0.5114,65181.76,70942.5,32992.1,11014.04
FY2025-08,2025,Sep,8,Q3,STORE,Retail Stores,Girls,Swim,28437.54,430.0,66.13,2549.23,218.54,15405.93,0.5417,68611.32,52995.17,15589.16,5827.64
FY2025-09,2025,Oct,9,Q3,STORE,Retail Stores,Girls,Swim,27724.73,452.0,61.34,3744.44,251.14,13926.45,0.5023,56945.1,72143.87,46919.08,15406.06
FY2025-10,2025,Nov,10,Q4,STORE,Retail Stores,Girls,Swim,36761.51,592.0,62.1,5481.63,385.24,18365.72,0.4996,76141.43,113532.44,80019.39,29074.89
FY2025-11,2025,Dec,11,Q4,STORE,Retail Stores,Girls,Swim,41070.45,687.0,59.78,3860.74,408.66,22516.39,0.5482,114338.89,93467.9,24468.86,8029.2
FY2025-12,2025,Jan,12,Q4,STORE,Retail Stores,Girls,Swim,17426.72,297.0,58.68,1551.51,146.11,9565.55,0.5489,93184.76,74060.42,0.0,0.0
FY2026-01,2026,Feb,1,Q1,STORE,Retail Stores,Girls,Swim,25684.45,429.0,59.87,2433.91,276.46,13820.57,0.5381,74358.56,66255.24,20291.5,7402.7
FY2026-02,2026,Mar,2,Q1,STORE,Retail Stores,Girls,Swim,37617.61,626.0,60.09,4745.05,291.98,18989.58,0.5048,68511.4,80342.71,54485.95,16621.65
FY2026-03,2026,Apr,3,Q1,STORE,Retail Stores,Girls,Swim,38028.21,589.0,64.56,3647.02,378.95,20828.77,0.5477,83273.22,116867.94,75648.9,22082.63
FY2026-04,2026,May,4,Q2,STORE,Retail Stores,Girls,Swim,35297.37,583.0,60.54,3116.58,290.12,19509.09,0.5527,113424.9,111690.9,36970.07,13341.5
FY2026-05,2026,Jun,5,Q2,STORE,Retail Stores,Girls,Swim,35399.29,588.0,60.2,3763.54,312.77,18454.84,0.5213,108438.56,68962.96,0.0,0.0
FY2026-06,2026,Jul,6,Q2,STORE,Retail Stores,Girls,Swim,24160.68,414.0,58.36,3060.53,207.18,12687.44,0.5251,72618.92,77601.2,32410.67,12711.97
FY2024-01,2024,Feb,1,Q1,WHSL,Wholesale,Girls,Swim,28556.45,599.0,47.67,720.16,31.71,13026.57,0.4562,29332.31,31852.14,31828.15,16471.94
FY2024-02,2024,Mar,2,Q1,WHSL,Wholesale,Girls,Swim,29785.39,628.0,47.43,394.84,24.54,13815.47,0.4638,29983.12,16328.37,16550.02,8729.55
FY2024-03,2024,Apr,3,Q1,WHSL,Wholesale,Girls,Swim,12999.53,306.0,42.48,217.58,12.25,6008.36,0.4622,21349.95,11273.5,3152.91,1582.19
FY2024-04,2024,May,4,Q2,WHSL,Wholesale,Girls,Swim,12124.5,249.0,48.69,238.22,7.73,5553.02,0.458,11943.62,10143.82,10570.65,5504.31
FY2024-05,2024,Jun,5,Q2,WHSL,Wholesale,Girls,Swim,28158.44,606.0,46.47,731.35,27.18,12763.29,0.4533,11470.45,21504.98,38951.5,19823.3
FY2024-06,2024,Jul,6,Q2,WHSL,Wholesale,Girls,Swim,25579.97,541.0,47.28,717.74,33.81,11598.6,0.4534,22459.83,32599.36,36471.05,15985.42
FY2024-07,2024,Aug,7,Q3,WHSL,Wholesale,Girls,Swim,15000.11,319.0,47.02,269.74,14.87,6910.12,0.4607,28759.32,13474.6,0.0,0.0
FY2024-08,2024,Sep,8,Q3,WHSL,Wholesale,Girls,Swim,19707.32,413.0,47.72,424.66,18.72,9054.45,0.4594,14430.66,16615.89,22335.93,10221.61
FY2024-09,2024,Oct,9,Q3,WHSL,Wholesale,Girls,Swim,27294.46,581.0,46.98,671.01,31.7,12414.89,0.4549,16489.22,24371.95,35879.9,17775.75
FY2024-10,2024,Nov,10,Q4,WHSL,Wholesale,Girls,Swim,16808.21,350.0,48.02,339.73,17.69,7729.44,0.4599,25257.04,17280.68,9189.27,3860.9
FY2024-11,2024,Dec,11,Q4,WHSL,Wholesale,Girls,Swim,13361.55,302.0,44.24,290.1,10.62,6094.39,0.4561,16878.53,7892.52,4676.26,2297.24
FY2024-12,2024,Jan,12,Q4,WHSL,Wholesale,Girls,Swim,11102.64,244.0,45.5,251.09,13.49,5106.47,0.4599,9159.76,13056.04,15263.5,8526.24
FY2025-01,2025,Feb,1,Q1,WHSL,Wholesale,Girls,Swim,32897.24,716.0,45.95,735.15,44.8,15079.9,0.4584,12919.74,35016.23,55773.68,29838.23
FY2025-02,2025,Mar,2,Q1,WHSL,Wholesale,Girls,Swim,26786.11,540.0,49.6,548.27,31.27,12360.82,0.4615,35820.25,23451.61,14997.01,8204.63
FY2025-03,2025,Apr,3,Q1,WHSL,Wholesale,Girls,Swim,13199.71,281.0,46.97,243.86,17.24,6113.42,0.4631,22650.5,15293.44,6103.75,3159.61
FY2025-04,2025,May,4,Q2,WHSL,Wholesale,Girls,Swim,12357.14,256.0,48.27,303.67,13.43,5630.5,0.4556,14659.55,11936.19,9950.88,5962.68
FY2025-05,2025,Jun,5,Q2,WHSL,Wholesale,Girls,Swim,26875.46,555.0,48.42,564.45,39.62,12382.28,0.4607,13096.44,29293.12,43676.21,18993.44
FY2025-06,2025,Jul,6,Q2,WHSL,Wholesale,Girls,Swim,35393.63,757.0,46.76,698.39,33.85,16199.99,0.4577,24822.86,22634.29,33937.3,17931.84
FY2025-07,2025,Aug,7,Q3,WHSL,Wholesale,Girls,Swim,15969.64,355.0,44.98,327.45,15.44,7333.63,0.4592,29879.15,16029.09,2462.47,1252.38
FY2025-08,2025,Sep,8,Q3,WHSL,Wholesale,Girls,Swim,21899.86,498.0,43.98,612.08,28.7,9935.01,0.4537,16143.05,21021.81,27419.4,12900.93
FY2025-09,2025,Oct,9,Q3,WHSL,Wholesale,Girls,Swim,30670.84,679.0,45.17,607.37,32.8,14126.2,0.4606,20134.37,29169.33,40345.97,23193.38
FY2025-10,2025,Nov,10,Q4,WHSL,Wholesale,Girls,Swim,21711.81,461.0,47.1,497.35,21.1,9858.29,0.4541,31177.36,15678.65,6731.55,3322.27
FY2025-11,2025,Dec,11,Q4,WHSL,Wholesale,Girls,Swim,14310.87,307.0,46.62,269.64,15.56,6582.89,0.46,18728.4,9662.47,5530.14,2929.41
FY2025-12,2025,Jan,12,Q4,WHSL,Wholesale,Girls,Swim,13804.27,279.0,49.48,249.46,17.26,6389.89,0.4629,11091.83,15805.39,18784.55,9187.71
FY2026-01,2026,Feb,1,Q1,WHSL,Wholesale,Girls,Swim,43563.84,988.0,44.09,897.66,46.63,19992.72,0.4589,14476.28,56217.66,86249.51,34043.34
FY2026-02,2026,Mar,2,Q1,WHSL,Wholesale,Girls,Swim,32662.22,723.0,45.18,677.35,41.52,15041.89,0.4605,41395.32,27074.21,19059.98,11035.28
FY2026-03,2026,Apr,3,Q1,WHSL,Wholesale,Girls,Swim,18091.68,395.0,45.8,431.82,17.79,8220.21,0.4544,26525.83,14346.41,6361.87,2869.18
FY2026-04,2026,May,4,Q2,WHSL,Wholesale,Girls,Swim,15890.38,334.0,47.58,277.03,15.53,7332.68,0.4615,16075.02,11616.07,11723.99,6590.87
FY2026-05,2026,Jun,5,Q2,WHSL,Wholesale,Girls,Swim,44319.83,966.0,45.88,933.01,35.71,20190.12,0.4556,14043.66,13495.39,44740.28,25965.66
FY2026-06,2026,Jul,6,Q2,WHSL,Wholesale,Girls,Swim,41332.99,888.0,46.55,1103.43,36.95,18670.92,0.4517,27862.57,31829.83,46440.63,29807.91
FY2024-01,2024,Feb,1,Q1,ECOM,Ecommerce,Girls,Tops,91179.54,1621.0,56.25,14089.11,339.39,43583.03,0.478,247381.28,254671.4,112898.16,40802.62
FY2024-02,2024,Mar,2,Q1,ECOM,Ecommerce,Girls,Tops,129002.85,2373.0,54.36,20966.04,573.92,61182.18,0.4743,258921.15,260662.53,152284.19,50452.77
FY2024-03,2024,Apr,3,Q1,ECOM,Ecommerce,Girls,Tops,136936.91,2717.0,50.4,22311.04,665.78,65480.24,0.4782,273233.36,405818.47,292498.84,101969.73
FY2024-04,2024,May,4,Q2,ECOM,Ecommerce,Girls,Tops,121342.74,2223.0,54.59,24227.19,524.03,54883.83,0.4523,406384.11,380174.67,119884.52,44229.27
FY2024-05,2024,Jun,5,Q2,ECOM,Ecommerce,Girls,Tops,119415.12,2221.0,53.77,11801.75,466.69,64188.12,0.5375,382331.01,280444.5,29797.05,8827.1
FY2024-06,2024,Jul,6,Q2,ECOM,Ecommerce,Girls,Tops,93033.57,1693.0,54.95,17583.34,383.24,42939.28,0.4615,279485.02,283242.46,114757.59,39481.37
FY2024-07,2024,Aug,7,Q3,ECOM,Ecommerce,Girls,Tops,95207.42,1850.0,51.46,16846.64,397.95,44954.16,0.4722,284003.54,280597.55,109046.02,35884.42
FY2024-08,2024,Sep,8,Q3,ECOM,Ecommerce,Girls,Tops,120605.96,2201.0,54.8,18223.8,425.55,57780.4,0.4791,275457.92,258121.72,121919.11,44207.48
FY2024-09,2024,Oct,9,Q3,ECOM,Ecommerce,Girls,Tops,112678.53,1974.0,57.08,15507.4,437.47,57041.1,0.5062,271001.13,333536.01,191158.28,68132.3
FY2024-10,2024,Nov,10,Q4,ECOM,Ecommerce,Girls,Tops,172632.89,3275.0,52.71,20435.18,715.73,89691.48,0.5196,334856.93,464885.99,323812.86,116681.31
FY2024-11,2024,Dec,11,Q4,ECOM,Ecommerce,Girls,Tops,188703.95,3707.0,50.9,21586.36,738.59,97911.09,0.5189,480629.52,396362.66,126762.04,49932.04
FY2024-12,2024,Jan,12,Q4,ECOM,Ecommerce,Girls,Tops,70596.46,1306.0,54.06,11260.52,309.25,34393.58,0.4872,407605.86,325439.63,0.0,0.0
FY2025-01,2025,Feb,1,Q1,ECOM,Ecommerce,Girls,Tops,86423.97,1570.0,55.05,15415.46,413.02,41487.58,0.48,322572.07,295551.24,75231.62,28794.17
FY2025-02,2025,Mar,2,Q1,ECOM,Ecommerce,Girls,Tops,141332.51,2652.0,53.29,21916.0,588.58,68782.58,0.4867,284363.83,314078.58,193551.84,74469.92
FY2025-03,2025,Apr,3,Q1,ECOM,Ecommerce,Girls,Tops,153051.87,2991.0,51.17,22096.09,673.94,76490.4,0.4998,338998.07,449253.58,286077.41,104329.08
FY2025-04,2025,May,4,Q2,ECOM,Ecommerce,Girls,Tops,162720.45,2913.0,55.86,24777.02,658.21,76632.37,0.4709,461321.42,373724.6,100558.86,38942.91
FY2025-05,2025,Jun,5,Q2,ECOM,Ecommerce,Girls,Tops,126530.52,2320.0,54.54,19867.94,625.77,61809.22,0.4885,408789.0,313352.33,51587.56,17231.72
FY2025-06,2025,Jul,6,Q2,ECOM,Ecommerce,Girls,Tops,122470.94,2186.0,56.03,20746.25,466.2,56145.49,0.4584,312443.32,299704.94,130945.01,46560.04
FY2025-07,2025,Aug,7,Q3,ECOM,Ecommerce,Girls,Tops,116809.66,2286.0,51.1,20939.86,571.26,53932.97,0.4617,312352.35,327987.54,153955.97,64773.34
FY2025-08,2025,Sep,8,Q3,ECOM,Ecommerce,Girls,Tops,135699.74,2587.0,52.45,18639.33,624.45,67626.74,0.4984,350326.82,311590.62,116227.32,40801.89
FY2025-09,2025,Oct,9,Q3,ECOM,Ecommerce,Girls,Tops,140830.65,2701.0,52.14,22037.24,552.63,67425.63,0.4788,310768.39,363376.38,216028.51,77530.81
FY2025-10,2025,Nov,10,Q4,ECOM,Ecommerce,Girls,Tops,229609.72,4292.0,53.5,27376.69,893.31,114655.94,0.4994,375079.86,513402.33,396202.19,141197.91
FY2025-11,2025,Dec,11,Q4,ECOM,Ecommerce,Girls,Tops,172078.05,3156.0,54.52,28433.68,942.18,87086.61,0.5061,535583.01,525863.77,191734.67,72407.65
FY2025-12,2025,Jan,12,Q4,ECOM,Ecommerce,Girls,Tops,78697.18,1432.0,54.96,11678.28,362.34,39362.71,0.5002,498673.68,407935.88,0.0,0.0
FY2026-01,2026,Feb,1,Q1,ECOM,Ecommerce,Girls,Tops,119348.04,2387.0,50.0,16026.83,391.74,59975.69,0.5025,402934.21,303302.58,36134.98,17605.78
FY2026-02,2026,Mar,2,Q1,ECOM,Ecommerce,Girls,Tops,148738.24,2869.0,51.84,23435.18,896.13,73954.94,0.4972,314476.94,423757.92,282350.53,97517.01
FY2026-03,2026,Apr,3,Q1,ECOM,Ecommerce,Girls,Tops,196877.9,3594.0,54.78,34858.04,693.11,89634.94,0.4553,392305.94,516035.2,356158.31,121606.25
FY2026-04,2026,May,4,Q2,ECOM,Ecommerce,Girls,Tops,157196.54,2780.0,56.55,26331.49,744.21,75600.56,0.4809,521392.0,469894.51,132774.75,58071.39
FY2026-05,2026,Jun,5,Q2,ECOM,Ecommerce,Girls,Tops,147729.82,2542.0,58.12,23758.71,696.84,71345.12,0.4829,473933.63,364462.95,62714.69,22465.34
FY2026-06,2026,Jul,6,Q2,ECOM,Ecommerce,Girls,Tops,125363.91,2247.0,55.79,19120.88,597.02,61796.71,0.4929,366673.83,370592.19,149000.17,48996.68
FY2024-01,2024,Feb,1,Q1,STORE,Retail Stores,Girls,Tops,39574.2,730.0,54.21,3792.44,402.98,21438.41,0.5417,122558.14,114861.13,36072.61,15078.98
FY2024-02,2024,Mar,2,Q1,STORE,Retail Stores,Girls,Tops,59386.56,1117.0,53.17,7505.21,606.18,30611.05,0.5155,117869.97,140639.65,90267.63,32649.7
FY2024-03,2024,Apr,3,Q1,STORE,Retail Stores,Girls,Tops,71899.83,1387.0,51.84,6309.08,638.52,38793.05,0.5395,133895.81,173328.5,118280.12,41210.84
FY2024-04,2024,May,4,Q2,STORE,Retail Stores,Girls,Tops,61647.35,1103.0,55.89,7150.98,538.26,31819.35,0.5162,182088.88,162988.13,50235.84,19435.19
FY2024-05,2024,Jun,5,Q2,STORE,Retail Stores,Girls,Tops,48664.71,900.0,54.07,5503.71,479.83,26013.23,0.5345,168165.46,123695.04,10177.83,3722.91
FY2024-06,2024,Jul,6,Q2,STORE,Retail Stores,Girls,Tops,40112.29,749.0,53.55,5361.87,447.57,20660.55,0.5151,120735.47,120838.4,46024.66,19041.46
FY2024-07,2024,Aug,7,Q3,STORE,Retail Stores,Girls,Tops,47827.3,973.0,49.15,5261.65,489.19,25333.52,0.5297,120724.27,132220.94,65074.81,25871.58
FY2024-08,2024,Sep,8,Q3,STORE,Retail Stores,Girls,Tops,56962.52,1047.0,54.41,5031.78,420.04,30959.21,0.5435,130221.5,106224.25,38417.09,15195.88
FY2024-09,2024,Oct,9,Q3,STORE,Retail Stores,Girls,Tops,46556.84,865.0,53.82,6667.41,459.54,23791.23,0.511,114610.49,160915.73,99989.03,33682.44
FY2024-10,2024,Nov,10,Q4,STORE,Retail Stores,Girls,Tops,82052.93,1497.0,54.81,7451.5,716.87,44665.18,0.5443,152047.83,212314.47,150487.94,55317.96
FY2024-11,2024,Dec,11,Q4,STORE,Retail Stores,Girls,Tops,90423.05,1698.0,53.25,8377.53,657.56,48651.45,0.538,216039.74,185918.95,69337.35,24661.42
FY2024-12,2024,Jan,12,Q4,STORE,Retail Stores,Girls,Tops,36814.08,677.0,54.38,5745.59,403.42,17495.03,0.4752,194062.34,151099.25,0.0,0.0
FY2025-01,2025,Feb,1,Q1,STORE,Retail Stores,Girls,Tops,47086.93,856.0,55.01,4761.28,328.9,25244.95,0.5361,155920.58,127034.1,23290.63,7443.67
FY2025-02,2025,Mar,2,Q1,STORE,Retail Stores,Girls,Tops,63372.63,1174.0,53.98,8535.37,677.91,31983.76,0.5047,129142.11,131975.66,75419.46,29453.36
FY2025-03,2025,Apr,3,Q1,STORE,Retail Stores,Girls,Tops,70770.8,1255.0,56.39,9211.06,673.66,36000.77,0.5087,138362.9,216584.94,158877.56,46668.72
FY2025-04,2025,May,4,Q2,STORE,Retail Stores,Girls,Tops,75855.16,1447.0,52.42,6997.5,669.77,40707.8,0.5367,208670.31,174547.23,49399.35,18502.42
FY2025-05,2025,Jun,5,Q2,STORE,Retail Stores,Girls,Tops,65503.4,1213.0,54.0,7803.0,586.84,33896.06,0.5175,184444.09,138822.63,28271.78,9527.85
FY2025-06,2025,Jul,6,Q2,STORE,Retail Stores,Girls,Tops,42064.3,794.0,52.98,5661.84,444.34,21989.18,0.5228,140302.58,142599.28,50467.18,18557.32
FY2025-07,2025,Aug,7,Q3,STORE,Retail Stores,Girls,Tops,51521.86,931.0,55.34,5867.87,445.85,27205.19,0.528,136005.01,149551.69,71382.26,21642.13
FY2025-08,2025,Sep,8,Q3,STORE,Retail Stores,Girls,Tops,54458.6,1033.0,52.72,7371.61,457.84,27726.6,0.5091,142588.69,135238.71,54938.07,17460.56
FY2025-09,2025,Oct,9,Q3,STORE,Retail Stores,Girls,Tops,60473.23,1124.0,53.8,9152.36,646.04,29668.53,0.4906,129136.43,191031.14,132166.34,40823.57
FY2025-10,2025,Nov,10,Q4,STORE,Retail Stores,Girls,Tops,91839.96,1723.0,53.3,11686.75,907.07,46690.11,0.5084,181091.59,256956.97,180299.16,66518.97
FY2025-11,2025,Dec,11,Q4,STORE,Retail Stores,Girls,Tops,87278.27,1716.0,50.86,10311.02,781.01,46646.59,0.5345,268566.95,236035.58,65838.93,26103.99
FY2025-12,2025,Jan,12,Q4,STORE,Retail Stores,Girls,Tops,35351.24,672.0,52.61,4106.87,259.65,18801.31,0.5318,235210.1,195492.34,0.0,0.0
FY2026-01,2026,Feb,1,Q1,STORE,Retail Stores,Girls,Tops,57857.54,1082.0,53.47,6361.14,624.88,30182.86,0.5217,192886.9,139499.04,11455.7,3828.54
FY2026-02,2026,Mar,2,Q1,STORE,Retail Stores,Girls,Tops,65490.6,1207.0,54.26,5788.14,698.0,37027.69,0.5654,145912.51,179659.38,105723.61,37672.66
FY2026-03,2026,Apr,3,Q1,STORE,Retail Stores,Girls,Tops,86233.09,1667.0,51.73,10951.77,747.11,44054.86,0.5109,173453.7,238106.53,162584.8,59710.45
FY2026-04,2026,May,4,Q2,STORE,Retail Stores,Girls,Tops,66137.95,1223.0,54.08,8098.91,681.56,35410.16,0.5354,241397.62,231347.77,64868.57,24775.77
FY2026-05,2026,Jun,5,Q2,STORE,Retail Stores,Girls,Tops,67118.61,1231.0,54.52,8252.56,676.89,34859.11,0.5194,218228.11,155051.44,12871.39,5020.33
FY2026-06,2026,Jul,6,Q2,STORE,Retail Stores,Girls,Tops,54697.1,986.0,55.47,8614.62,581.99,26839.56,0.4907,155084.42,180905.19,89714.48,31147.02
FY2024-01,2024,Feb,1,Q1,WHSL,Wholesale,Girls,Tops,54975.02,1319.0,41.68,1404.81,61.92,25247.52,0.4593,64726.04,85216.76,76932.47,35897.34
FY2024-02,2024,Mar,2,Q1,WHSL,Wholesale,Girls,Tops,66582.15,1661.0,40.09,1342.4,52.71,30454.57,0.4574,67450.9,35755.71,36282.07,21374.55
FY2024-03,2024,Apr,3,Q1,WHSL,Wholesale,Girls,Tops,27499.65,682.0,40.32,548.35,27.89,12660.8,0.4604,48175.66,30596.01,10496.24,4535.31
FY2024-04,2024,May,4,Q2,WHSL,Wholesale,Girls,Tops,26005.43,630.0,41.28,563.4,25.07,11876.49,0.4567,29143.39,21564.35,19014.86,10883.54
FY2024-05,2024,Jun,5,Q2,WHSL,Wholesale,Girls,Tops,53847.73,1267.0,42.5,1463.07,66.93,24511.25,0.4552,23949.7,52907.99,84336.02,49011.73
FY2024-06,2024,Jul,6,Q2,WHSL,Wholesale,Girls,Tops,66052.77,1647.0,40.1,1667.1,64.26,29976.44,0.4538,50922.23,61009.64,77871.54,37820.78
FY2024-07,2024,Aug,7,Q3,WHSL,Wholesale,Girls,Tops,31464.67,798.0,39.43,461.54,26.03,14633.71,0.4651,62672.34,30720.1,0.0,0.0
FY2024-08,2024,Sep,8,Q3,WHSL,Wholesale,Girls,Tops,48605.3,1198.0,40.57,1029.94,48.03,22241.56,0.4576,31179.02,35415.91,53920.16,26193.4
FY2024-09,2024,Oct,9,Q3,WHSL,Wholesale,Girls,Tops,68070.0,1623.0,41.94,1236.83,67.03,31309.98,0.46,34731.43,51187.7,85830.13,50255.61
FY2024-10,2024,Nov,10,Q4,WHSL,Wholesale,Girls,Tops,36971.05,939.0,39.37,801.95,37.77,16945.16,0.4583,59379.67,36836.16,15267.26,7466.42
FY2024-11,2024,Dec,11,Q4,WHSL,Wholesale,Girls,Tops,22255.58,554.0,40.17,694.18,28.85,10064.11,0.4522,37127.29,22183.43,8034.75,5136.55
FY2024-12,2024,Jan,12,Q4,WHSL,Wholesale,Girls,Tops,28851.44,725.0,39.8,711.73,29.13,13124.95,0.4549,20499.15,22716.63,31809.78,16706.76
FY2025-01,2025,Feb,1,Q1,WHSL,Wholesale,Girls,Tops,74096.98,1860.0,39.84,1831.81,88.01,33839.09,0.4567,26997.58,71690.59,120709.81,71726.31
FY2025-02,2025,Mar,2,Q1,WHSL,Wholesale,Girls,Tops,70865.6,1724.0,41.11,1575.56,73.69,32371.94,0.4568,79866.5,48537.2,41185.55,22682.06
FY2025-03,2025,Apr,3,Q1,WHSL,Wholesale,Girls,Tops,29087.51,737.0,39.47,779.2,33.93,13225.75,0.4547,52324.78,35765.49,13341.35,7055.98
FY2025-04,2025,May,4,Q2,WHSL,Wholesale,Girls,Tops,23866.79,579.0,41.22,465.53,30.45,11062.39,0.4635,33194.54,31797.78,22966.01,11272.64
FY2025-05,2025,Jun,5,Q2,WHSL,Wholesale,Girls,Tops,63148.3,1489.0,42.41,1552.81,86.01,28833.04,0.4566,27107.83,57969.13,95648.42,47140.89
FY2025-06,2025,Jul,6,Q2,WHSL,Wholesale,Girls,Tops,67838.92,1546.0,43.88,1741.82,68.16,30919.24,0.4558,53652.01,78513.01,94509.9,53224.28
FY2025-07,2025,Aug,7,Q3,WHSL,Wholesale,Girls,Tops,33496.93,843.0,39.74,737.89,41.23,15388.55,0.4594,71280.88,38992.52,1987.69,909.37
FY2025-08,2025,Sep,8,Q3,WHSL,Wholesale,Girls,Tops,47850.1,1201.0,39.84,1009.62,43.53,22026.72,0.4603,36740.76,43158.59,55321.08,27392.57
FY2025-09,2025,Oct,9,Q3,WHSL,Wholesale,Girls,Tops,78534.7,1867.0,42.06,1573.6,71.54,35897.84,0.4571,39964.91,57378.61,97593.54,47393.65
FY2025-10,2025,Nov,10,Q4,WHSL,Wholesale,Girls,Tops,44517.68,1098.0,40.54,1009.42,48.51,20315.32,0.4563,70912.42,40980.75,15643.94,8536.69
FY2025-11,2025,Dec,11,Q4,WHSL,Wholesale,Girls,Tops,28587.12,674.0,42.41,645.24,33.13,13100.55,0.4583,43956.63,23374.71,8683.57,4812.39
FY2025-12,2025,Jan,12,Q4,WHSL,Wholesale,Girls,Tops,34041.25,826.0,41.21,725.13,32.4,15572.66,0.4575,23196.81,24260.09,35862.06,19151.5
FY2026-01,2026,Feb,1,Q1,WHSL,Wholesale,Girls,Tops,90904.61,2112.0,43.04,2108.66,95.24,41491.13,0.4564,31363.04,67634.66,129380.13,81958.31
FY2026-02,2026,Mar,2,Q1,WHSL,Wholesale,Girls,Tops,73907.3,1834.0,40.3,1837.94,81.68,33693.76,0.4559,89394.83,61717.51,48149.6,24424.97
FY2026-03,2026,Apr,3,Q1,WHSL,Wholesale,Girls,Tops,29725.61,722.0,41.17,663.73,48.99,13735.28,0.4621,58223.31,45020.2,17235.22,8797.29
FY2026-04,2026,May,4,Q2,WHSL,Wholesale,Girls,Tops,34468.01,851.0,40.5,714.59,32.83,15773.42,0.4576,38334.81,27702.45,24583.07,14489.87
FY2026-05,2026,Jun,5,Q2,WHSL,Wholesale,Girls,Tops,68903.05,1764.0,39.06,2191.94,61.51,31071.76,0.4509,33091.87,61511.78,99576.41,53539.14
FY2026-06,2026,Jul,6,Q2,WHSL,Wholesale,Girls,Tops,86026.23,2001.0,42.99,2494.66,98.64,38703.31,0.4499,59145.2,61865.94,91340.27,51553.92
FY2024-01,2024,Feb,1,Q1,ECOM,Ecommerce,Women,Bottoms,13865.04,198.0,70.03,2729.96,68.16,6193.94,0.4467,38379.91,38064.01,16347.26,6679.32
FY2024-02,2024,Mar,2,Q1,ECOM,Ecommerce,Women,Bottoms,20353.89,280.0,72.69,2987.06,81.48,10102.4,0.4963,39601.77,50722.07,34542.73,12311.42
FY2024-03,2024,Apr,3,Q1,ECOM,Ecommerce,Women,Bottoms,18190.23,257.0,70.78,2782.4,102.11,9553.46,0.5252,49482.87,65419.99,37011.86,16037.35
FY2024-04,2024,May,4,Q2,ECOM,Ecommerce,Women,Bottoms,22070.22,320.0,68.97,3351.67,103.72,10780.59,0.4885,66850.63,64993.96,23668.94,9430.46
FY2024-05,2024,Jun,5,Q2,ECOM,Ecommerce,Women,Bottoms,17555.1,243.0,72.24,2679.12,81.38,8787.85,0.5006,65948.42,45632.82,0.0,0.0
FY2024-06,2024,Jul,6,Q2,ECOM,Ecommerce,Women,Bottoms,17557.25,239.0,73.46,2013.94,68.9,9098.05,0.5182,44012.68,48284.88,23912.29,8530.69
FY2024-07,2024,Aug,7,Q3,ECOM,Ecommerce,Women,Bottoms,16530.49,217.0,76.18,2949.57,68.97,7717.7,0.4669,49389.92,46976.96,17136.07,5487.61
FY2024-08,2024,Sep,8,Q3,ECOM,Ecommerce,Women,Bottoms,17491.98,238.0,73.5,3250.26,84.8,8074.25,0.4616,46503.21,42685.95,17009.78,6644.75
FY2024-09,2024,Oct,9,Q3,ECOM,Ecommerce,Women,Bottoms,18445.06,256.0,72.05,2891.0,93.37,9010.79,0.4885,44052.16,52766.54,30143.81,9978.21
FY2024-10,2024,Nov,10,Q4,ECOM,Ecommerce,Women,Bottoms,22870.99,303.0,75.48,5002.93,125.36,10395.37,0.4545,54228.57,88079.7,61850.41,22375.48
FY2024-11,2024,Dec,11,Q4,ECOM,Ecommerce,Women,Bottoms,32509.24,434.0,74.91,3580.68,104.95,16953.41,0.5215,78531.22,66809.5,24473.15,10625.84
FY2024-12,2024,Jan,12,Q4,ECOM,Ecommerce,Women,Bottoms,11165.08,149.0,74.93,2039.2,50.13,5212.25,0.4668,73041.89,59787.48,0.0,0.0
FY2025-01,2025,Feb,1,Q1,ECOM,Ecommerce,Women,Bottoms,16824.4,233.0,72.21,2279.28,64.81,8478.29,0.5039,59482.97,47001.99,6687.51,2344.32
FY2025-02,2025,Mar,2,Q1,ECOM,Ecommerce,Women,Bottoms,21380.31,300.0,71.27,2970.1,97.88,10976.87,0.5134,47104.98,56118.27,33461.58,12460.9
FY2025-03,2025,Apr,3,Q1,ECOM,Ecommerce,Women,Bottoms,25488.97,332.0,76.77,3521.24,116.01,12795.88,0.502,56935.47,77108.62,49299.37,15724.45
FY2025-04,2025,May,4,Q2,ECOM,Ecommerce,Women,Bottoms,26323.51,335.0,78.58,3022.85,112.42,13541.9,0.5144,72312.83,63364.01,20509.96,7026.44
FY2025-05,2025,Jun,5,Q2,ECOM,Ecommerce,Women,Bottoms,24689.54,329.0,75.04,3750.85,96.75,11664.76,0.4725,64788.6,43710.54,7459.08,2743.14
FY2025-06,2025,Jul,6,Q2,ECOM,Ecommerce,Women,Bottoms,18203.87,260.0,70.01,2750.58,85.66,8960.54,0.4922,48472.74,55406.46,27973.83,9809.6
FY2025-07,2025,Aug,7,Q3,ECOM,Ecommerce,Women,Bottoms,20786.24,288.0,72.17,2464.22,87.33,10667.31,0.5132,56096.79,54380.68,21621.68,8002.13
FY2025-08,2025,Sep,8,Q3,ECOM,Ecommerce,Women,Bottoms,22009.84,315.0,69.87,1919.77,83.62,11975.84,0.5441,56903.85,47060.74,14170.12,5732.0
FY2025-09,2025,Oct,9,Q3,ECOM,Ecommerce,Women,Bottoms,22922.82,317.0,72.31,2641.22,103.71,11957.87,0.5217,49041.52,58528.93,35155.16,12107.88
FY2025-10,2025,Nov,10,Q4,ECOM,Ecommerce,Women,Bottoms,39594.18,549.0,72.12,5223.01,149.36,19078.99,0.4819,60411.46,79784.91,64340.0,26813.56
FY2025-11,2025,Dec,11,Q4,ECOM,Ecommerce,Women,Bottoms,35215.97,482.0,73.06,4966.94,157.3,17304.25,0.4914,89128.98,74700.29,25911.52,8558.38
FY2025-12,2025,Jan,12,Q4,ECOM,Ecommerce,Women,Bottoms,15077.99,209.0,72.14,2574.02,53.63,6918.22,0.4588,76990.22,59284.58,0.0,0.0
FY2026-01,2026,Feb,1,Q1,ECOM,Ecommerce,Women,Bottoms,21245.4,297.0,71.53,1946.3,84.26,11305.7,0.5321,60844.46,52562.83,14994.33,4233.03
FY2026-02,2026,Mar,2,Q1,ECOM,Ecommerce,Women,Bottoms,23196.35,320.0,72.49,3737.01,97.3,11612.61,0.5006,54203.25,67773.74,40601.15,16809.56
FY2026-03,2026,Apr,3,Q1,ECOM,Ecommerce,Women,Bottoms,31992.21,454.0,70.47,4705.64,131.06,15568.59,0.4866,64847.03,90932.95,62914.83,20100.06
FY2026-04,2026,May,4,Q2,ECOM,Ecommerce,Women,Bottoms,24041.12,312.0,77.05,3063.43,113.27,12791.92,0.5321,91983.49,88314.55,23548.88,7944.09
FY2026-05,2026,Jun,5,Q2,ECOM,Ecommerce,Women,Bottoms,24544.02,342.0,71.77,2667.03,110.11,13093.26,0.5335,83452.13,59612.87,3481.9,1327.24
FY2026-06,2026,Jul,6,Q2,ECOM,Ecommerce,Women,Bottoms,22138.73,299.0,74.04,3285.45,91.2,10809.69,0.4883,59074.63,62165.2,28605.95,11054.7
FY2024-01,2024,Feb,1,Q1,STORE,Retail Stores,Women,Bottoms,7070.27,99.0,71.42,662.98,70.33,3834.59,0.5424,19940.05,19413.9,7277.43,2741.4
FY2024-02,2024,Mar,2,Q1,STORE,Retail Stores,Women,Bottoms,9984.46,142.0,70.31,1234.08,89.44,5063.74,0.5072,19755.2,19016.47,10569.25,3403.27
FY2024-03,2024,Apr,3,Q1,STORE,Retail Stores,Women,Bottoms,9999.19,135.0,74.07,898.94,115.45,5536.22,0.5537,20098.76,31765.97,22680.79,7668.44
FY2024-04,2024,May,4,Q2,STORE,Retail Stores,Women,Bottoms,9625.5,123.0,78.26,1269.87,94.12,4900.18,0.5091,31050.25,27896.05,7835.29,2799.6
FY2024-05,2024,Jun,5,Q2,STORE,Retail Stores,Women,Bottoms,7555.28,109.0,69.31,674.33,97.19,4280.7,0.5666,28524.24,20995.7,798.26,277.5
FY2024-06,2024,Jul,6,Q2,STORE,Retail Stores,Women,Bottoms,6212.56,87.0,71.41,776.93,69.33,3306.02,0.5322,19601.36,20922.46,8379.92,2789.55
FY2024-07,2024,Aug,7,Q3,STORE,Retail Stores,Women,Bottoms,7183.96,94.0,76.43,814.32,72.88,3817.15,0.5313,19867.26,23381.25,11585.15,3863.74
FY2024-08,2024,Sep,8,Q3,STORE,Retail Stores,Women,Bottoms,8226.11,116.0,70.91,921.6,87.16,4359.55,0.53,22784.12,19628.72,6079.47,2077.71
FY2024-09,2024,Oct,9,Q3,STORE,Retail Stores,Women,Bottoms,8650.73,117.0,73.94,1108.6,75.94,4439.78,0.5132,19669.0,23717.05,13883.32,5446.92
FY2024-10,2024,Nov,10,Q4,STORE,Retail Stores,Women,Bottoms,14370.24,194.0,74.07,1256.93,122.92,7801.17,0.5429,24701.76,32637.87,23686.2,9633.21
FY2024-11,2024,Dec,11,Q4,STORE,Retail Stores,Women,Bottoms,13006.83,172.0,75.62,1873.97,139.95,6551.35,0.5037,37346.25,32106.81,9781.31,3888.09
FY2024-12,2024,Jan,12,Q4,STORE,Retail Stores,Women,Bottoms,5273.54,74.0,71.26,395.75,50.99,3023.76,0.5734,31695.9,25975.62,0.0,0.0
FY2025-01,2025,Feb,1,Q1,STORE,Retail Stores,Women,Bottoms,7839.05,109.0,71.92,963.43,92.58,4009.78,0.5115,25360.14,21118.86,4653.78,1712.69
FY2025-02,2025,Mar,2,Q1,STORE,Retail Stores,Women,Bottoms,11603.4,152.0,76.34,1337.33,101.94,5942.59,0.5121,22044.15,22455.54,13454.06,3940.32
FY2025-03,2025,Apr,3,Q1,STORE,Retail Stores,Women,Bottoms,12520.47,170.0,73.65,1311.6,101.69,6668.0,0.5326,23355.2,32531.28,23109.84,8921.85
FY2025-04,2025,May,4,Q2,STORE,Retail Stores,Women,Bottoms,9820.58,130.0,75.54,1422.14,112.62,4990.94,0.5082,33114.37,32397.77,10638.74,3832.17
FY2025-05,2025,Jun,5,Q2,STORE,Retail Stores,Women,Bottoms,10802.01,144.0,75.01,854.04,90.37,5988.75,0.5544,31444.38,22717.95,3019.99,1233.97
FY2025-06,2025,Jul,6,Q2,STORE,Retail Stores,Women,Bottoms,8856.31,117.0,75.69,1033.68,82.71,4629.16,0.5227,23443.58,25540.15,12069.27,4610.83
FY2025-07,2025,Aug,7,Q3,STORE,Retail Stores,Women,Bottoms,8715.6,117.0,74.49,971.05,74.02,4617.77,0.5298,25708.7,24697.43,8749.4,3598.16
FY2025-08,2025,Sep,8,Q3,STORE,Retail Stores,Women,Bottoms,10761.91,150.0,71.75,1062.2,87.26,5719.5,0.5315,25149.31,21534.07,8296.13,3343.14
FY2025-09,2025,Oct,9,Q3,STORE,Retail Stores,Women,Bottoms,9624.9,133.0,72.37,829.79,95.68,5354.26,0.5563,23456.88,29817.5,16910.99,5754.23
FY2025-10,2025,Nov,10,Q4,STORE,Retail Stores,Women,Bottoms,12899.75,180.0,71.67,2016.56,102.6,6396.22,0.4958,28705.52,43023.24,29336.63,11713.37
FY2025-11,2025,Dec,11,Q4,STORE,Retail Stores,Women,Bottoms,15660.55,222.0,70.54,1653.19,139.86,8399.71,0.5364,42669.33,36949.92,11734.19,3499.95
FY2025-12,2025,Jan,12,Q4,STORE,Retail Stores,Women,Bottoms,6657.9,92.0,72.37,781.77,63.37,3452.29,0.5185,35227.44,27724.4,0.0,0.0
FY2026-01,2026,Feb,1,Q1,STORE,Retail Stores,Women,Bottoms,7960.63,108.0,73.71,920.47,72.24,4218.7,0.5299,28076.61,25311.4,6188.13,2237.83
FY2026-02,2026,Mar,2,Q1,STORE,Retail Stores,Women,Bottoms,12517.86,165.0,75.87,1521.76,128.21,6461.66,0.5162,24853.83,26443.89,15757.89,5636.78
FY2026-03,2026,Apr,3,Q1,STORE,Retail Stores,Women,Bottoms,14323.15,197.0,72.71,1482.92,114.83,7609.75,0.5313,27005.0,33838.99,22754.89,8259.1
FY2026-04,2026,May,4,Q2,STORE,Retail Stores,Women,Bottoms,13948.77,197.0,70.81,1231.65,111.31,7566.23,0.5424,36913.06,33740.4,12119.07,4506.55
FY2026-05,2026,Jun,5,Q2,STORE,Retail Stores,Women,Bottoms,11943.13,160.0,74.64,1236.92,78.32,6351.34,0.5318,34575.4,25387.4,4070.37,1299.14
FY2026-06,2026,Jul,6,Q2,STORE,Retail Stores,Women,Bottoms,8827.51,124.0,71.19,1192.74,80.68,4548.56,0.5153,25513.64,27412.62,11999.91,4619.45
FY2024-01,2024,Feb,1,Q1,WHSL,Wholesale,Women,Bottoms,10603.99,181.0,58.59,242.47,10.54,4856.04,0.4579,10390.39,11146.94,11613.55,5443.7
FY2024-02,2024,Mar,2,Q1,WHSL,Wholesale,Women,Bottoms,9175.34,160.0,57.35,214.98,12.08,4191.95,0.4569,10773.33,7403.47,6032.54,2737.66
FY2024-03,2024,Apr,3,Q1,WHSL,Wholesale,Women,Bottoms,5269.53,92.0,57.28,104.87,4.91,2409.85,0.4573,7078.93,3540.29,1840.67,996.67
FY2024-04,2024,May,4,Q2,WHSL,Wholesale,Women,Bottoms,3597.14,62.0,58.02,69.36,4.74,1663.9,0.4626,4355.67,4490.18,3805.75,1950.48
FY2024-05,2024,Jun,5,Q2,WHSL,Wholesale,Women,Bottoms,9846.09,162.0,60.78,182.29,9.34,4535.17,0.4606,3839.94,7324.26,13522.04,7313.16
FY2024-06,2024,Jul,6,Q2,WHSL,Wholesale,Women,Bottoms,9939.42,169.0,58.81,228.79,9.05,4547.2,0.4575,7732.9,11172.52,13616.88,6546.94
FY2024-07,2024,Aug,7,Q3,WHSL,Wholesale,Women,Bottoms,4856.45,88.0,55.19,104.61,5.69,2234.61,0.4601,9945.59,5503.84,525.0,285.41
FY2024-08,2024,Sep,8,Q3,WHSL,Wholesale,Women,Bottoms,9292.7,168.0,55.31,238.09,9.07,4194.15,0.4513,5075.01,4630.7,9095.55,4472.16
FY2024-09,2024,Oct,9,Q3,WHSL,Wholesale,Women,Bottoms,9023.18,164.0,55.02,198.54,11.71,4149.23,0.4598,6569.12,9761.95,12426.26,6730.67
FY2024-10,2024,Nov,10,Q4,WHSL,Wholesale,Women,Bottoms,6059.85,115.0,52.69,144.12,7.1,2766.39,0.4565,9548.98,6507.2,3169.29,1679.58
FY2024-11,2024,Dec,11,Q4,WHSL,Wholesale,Women,Bottoms,4920.09,87.0,56.55,93.8,4.2,2255.31,0.4584,6361.21,2880.47,1537.35,778.74
FY2024-12,2024,Jan,12,Q4,WHSL,Wholesale,Women,Bottoms,5102.55,89.0,57.33,76.08,5.07,2364.72,0.4634,3458.28,4318.84,6044.26,2888.52
FY2025-01,2025,Feb,1,Q1,WHSL,Wholesale,Women,Bottoms,11281.18,201.0,56.13,280.36,13.04,5163.8,0.4577,4531.78,13330.17,20372.97,11519.51
FY2025-02,2025,Mar,2,Q1,WHSL,Wholesale,Women,Bottoms,9991.3,178.0,56.13,173.84,10.94,4637.0,0.4641,12612.17,10615.34,8179.25,3696.11
FY2025-03,2025,Apr,3,Q1,WHSL,Wholesale,Women,Bottoms,5450.79,101.0,53.97,127.72,5.72,2481.6,0.4553,8870.61,4813.66,1527.28,891.52
FY2025-04,2025,May,4,Q2,WHSL,Wholesale,Women,Bottoms,4809.94,87.0,55.29,74.85,4.23,2229.14,0.4634,5368.02,3764.53,3285.53,1749.02
FY2025-05,2025,Jun,5,Q2,WHSL,Wholesale,Women,Bottoms,10992.04,195.0,56.37,203.35,14.48,5072.03,0.4614,4297.35,8843.4,15755.92,7584.59
FY2025-06,2025,Jul,6,Q2,WHSL,Wholesale,Women,Bottoms,11635.52,210.0,55.41,253.16,10.17,5336.39,0.4586,8724.77,13839.43,17013.51,7042.25
FY2025-07,2025,Aug,7,Q3,WHSL,Wholesale,Women,Bottoms,6046.37,107.0,56.51,116.84,6.59,2778.45,0.4595,12200.48,6030.68,0.0,0.0
FY2025-08,2025,Sep,8,Q3,WHSL,Wholesale,Women,Bottoms,9469.87,164.0,57.74,167.77,8.97,4365.11,0.4609,6422.37,6145.58,9369.82,4467.48
FY2025-09,2025,Oct,9,Q3,WHSL,Wholesale,Women,Bottoms,11623.62,213.0,54.57,174.43,9.94,5400.16,0.4646,6667.48,9428.36,14568.87,7657.34
FY2025-10,2025,Nov,10,Q4,WHSL,Wholesale,Women,Bottoms,6516.85,118.0,55.23,167.51,7.4,2975.38,0.4566,10835.8,8171.98,4027.94,1885.67
FY2025-11,2025,Dec,11,Q4,WHSL,Wholesale,Women,Bottoms,5535.76,97.0,57.07,111.62,5.15,2531.82,0.4574,7365.85,3031.13,1317.81,811.54
FY2025-12,2025,Jan,12,Q4,WHSL,Wholesale,Women,Bottoms,5156.94,92.0,56.05,131.15,4.85,2344.81,0.4547,3782.0,5205.74,6716.68,3300.77
FY2026-01,2026,Feb,1,Q1,WHSL,Wholesale,Women,Bottoms,12681.82,215.0,58.99,410.21,13.6,5716.91,0.4508,5163.72,19085.57,27027.48,11790.53
FY2026-02,2026,Mar,2,Q1,WHSL,Wholesale,Women,Bottoms,11283.13,196.0,57.57,295.35,13.81,5140.63,0.4556,15345.53,11133.77,7380.53,3418.67
FY2026-03,2026,Apr,3,Q1,WHSL,Wholesale,Women,Bottoms,5650.35,96.0,58.86,97.07,6.19,2619.04,0.4635,10037.99,5958.57,1674.19,868.2
FY2026-04,2026,May,4,Q2,WHSL,Wholesale,Women,Bottoms,4973.14,91.0,54.65,142.76,4.63,2250.1,0.4525,5679.27,5076.06,4517.32,2590.43
FY2026-05,2026,Jun,5,Q2,WHSL,Wholesale,Women,Bottoms,12840.44,226.0,56.82,331.47,13.33,5827.27,0.4538,5230.25,8462.75,16417.74,9209.97
FY2026-06,2026,Jul,6,Q2,WHSL,Wholesale,Women,Bottoms,13079.75,237.0,55.19,306.13,17.87,5983.3,0.4574,9746.04,11485.06,15142.77,9237.93
FY2024-01,2024,Feb,1,Q1,ECOM,Ecommerce,Women,Dresses,25945.85,178.0,145.76,4833.53,101.39,11651.57,0.4491,67831.58,68180.67,31229.86,11767.39
FY2024-02,2024,Mar,2,Q1,ECOM,Ecommerce,Women,Dresses,34216.67,245.0,139.66,5977.49,153.58,16224.65,0.4742,70891.32,87025.82,56482.24,20484.16
FY2024-03,2024,Apr,3,Q1,ECOM,Ecommerce,Women,Dresses,35551.97,257.0,138.33,4391.63,138.21,18825.83,0.5295,84237.43,114150.72,69995.1,23943.03
FY2024-04,2024,May,4,Q2,ECOM,Ecommerce,Women,Dresses,38742.31,288.0,134.52,5236.01,172.35,19332.83,0.499,105637.34,99342.08,37855.41,12075.08
FY2024-05,2024,Jun,5,Q2,ECOM,Ecommerce,Women,Dresses,37165.48,266.0,139.72,5553.18,132.37,17866.62,0.4807,99891.39,72187.24,15146.88,5049.83
FY2024-06,2024,Jul,6,Q2,ECOM,Ecommerce,Women,Dresses,27715.12,199.0,139.27,3816.67,136.55,14044.25,0.5067,75504.6,82672.48,38836.22,12516.87
FY2024-07,2024,Aug,7,Q3,ECOM,Ecommerce,Women,Dresses,27003.18,194.0,139.19,4699.56,91.1,13053.55,0.4834,79543.42,81903.34,34153.76,13970.24
FY2024-08,2024,Sep,8,Q3,ECOM,Ecommerce,Women,Dresses,39375.71,274.0,143.71,4925.17,146.56,19262.08,0.4892,83549.89,64062.83,24960.38,9311.41
FY2024-09,2024,Oct,9,Q3,ECOM,Ecommerce,Women,Dresses,30392.66,208.0,146.12,5326.7,160.92,14492.88,0.4769,72859.0,95614.37,58635.65,20594.56
FY2024-10,2024,Nov,10,Q4,ECOM,Ecommerce,Women,Dresses,47414.62,343.0,138.24,8838.6,211.91,21679.69,0.4572,91373.79,139557.45,104648.79,34911.48
FY2024-11,2024,Dec,11,Q4,ECOM,Ecommerce,Women,Dresses,50739.19,359.0,141.33,6000.8,216.98,26591.96,0.5241,136267.63,126858.06,47547.4,17601.25
FY2024-12,2024,Jan,12,Q4,ECOM,Ecommerce,Women,Dresses,23209.62,165.0,140.66,2622.8,94.7,12072.81,0.5202,124543.58,98616.46,0.0,0.0
FY2025-01,2025,Feb,1,Q1,ECOM,Ecommerce,Women,Dresses,26000.79,186.0,139.79,5452.85,112.98,11496.82,0.4422,99722.2,81821.61,13666.03,5916.67
FY2025-02,2025,Mar,2,Q1,ECOM,Ecommerce,Women,Dresses,42859.54,287.0,149.34,6604.98,180.59,20600.58,0.4807,83612.39,88921.52,54954.24,19069.11
FY2025-03,2025,Apr,3,Q1,ECOM,Ecommerce,Women,Dresses,44060.1,327.0,134.74,7262.62,183.15,21172.57,0.4805,94446.51,123726.83,80786.19,31452.83
FY2025-04,2025,May,4,Q2,ECOM,Ecommerce,Women,Dresses,43379.47,317.0,136.84,7482.9,153.48,20108.02,0.4635,131794.78,121462.03,40683.1,14215.49
FY2025-05,2025,Jun,5,Q2,ECOM,Ecommerce,Women,Dresses,40867.93,289.0,141.41,4158.97,189.76,21736.09,0.5319,125179.9,85598.02,5634.78,1636.97
FY2025-06,2025,Jul,6,Q2,ECOM,Ecommerce,Women,Dresses,27934.71,197.0,141.8,5873.16,155.3,12476.64,0.4466,86307.79,91645.42,39300.8,13821.03
FY2025-07,2025,Aug,7,Q3,ECOM,Ecommerce,Women,Dresses,35909.41,254.0,141.38,3501.81,174.65,19198.42,0.5346,88507.48,94569.59,45647.98,18140.76
FY2025-08,2025,Sep,8,Q3,ECOM,Ecommerce,Women,Dresses,34800.76,256.0,135.94,3618.43,138.75,18805.03,0.5404,98998.21,81337.2,20896.93,7122.51
FY2025-09,2025,Oct,9,Q3,ECOM,Ecommerce,Women,Dresses,36014.35,251.0,143.48,4167.04,179.07,19073.99,0.5296,80513.9,106545.28,66391.84,30941.59
FY2025-10,2025,Nov,10,Q4,ECOM,Ecommerce,Women,Dresses,50776.59,376.0,135.04,6728.04,234.76,26234.65,0.5167,114793.76,164418.61,107364.24,38455.99
FY2025-11,2025,Dec,11,Q4,ECOM,Ecommerce,Women,Dresses,62234.29,434.0,143.4,9940.08,213.06,30005.12,0.4821,160300.89,143099.2,55185.74,19086.91
FY2025-12,2025,Jan,12,Q4,ECOM,Ecommerce,Women,Dresses,21681.4,153.0,141.71,3743.97,94.86,10485.93,0.4836,142823.15,117302.92,0.0,0.0
FY2026-01,2026,Feb,1,Q1,ECOM,Ecommerce,Women,Dresses,27947.05,194.0,144.06,5136.3,135.01,13111.42,0.4692,115147.07,84404.49,2475.78,897.99
FY2026-02,2026,Mar,2,Q1,ECOM,Ecommerce,Women,Dresses,46287.03,335.0,138.17,7795.58,185.3,21561.56,0.4658,82652.79,93799.03,65414.15,22309.91
FY2026-03,2026,Apr,3,Q1,ECOM,Ecommerce,Women,Dresses,47319.21,346.0,136.76,6517.3,191.4,24008.95,0.5074,98643.67,131739.75,87123.99,31791.15
FY2026-04,2026,May,4,Q2,ECOM,Ecommerce,Women,Dresses,41586.61,299.0,139.09,6255.21,175.46,20767.13,0.4994,136978.09,131364.84,42404.03,15704.52
FY2026-05,2026,Jun,5,Q2,ECOM,Ecommerce,Women,Dresses,43449.07,308.0,141.07,5451.62,225.4,22170.01,0.5103,128094.86,93096.28,14127.51,4350.94
FY2026-06,2026,Jul,6,Q2,ECOM,Ecommerce,Women,Dresses,33194.11,245.0,135.49,5136.5,130.88,16320.31,0.4917,93082.96,93460.98,38839.51,13674.0
FY2024-01,2024,Feb,1,Q1,STORE,Retail Stores,Women,Dresses,11325.89,79.0,143.37,1426.7,122.59,5824.79,0.5143,33766.06,33779.64,12888.76,4849.34
FY2024-02,2024,Mar,2,Q1,STORE,Retail Stores,Women,Dresses,14580.24,100.0,145.8,2385.93,171.32,7154.29,0.4907,34399.03,39896.36,22634.82,7917.78
FY2024-03,2024,Apr,3,Q1,STORE,Retail Stores,Women,Dresses,19939.11,139.0,143.45,2230.53,190.26,10327.58,0.518,38477.0,54782.01,38664.91,14089.16
FY2024-04,2024,May,4,Q2,STORE,Retail Stores,Women,Dresses,14528.91,107.0,135.78,1692.49,159.37,7784.8,0.5358,53982.34,47724.87,10123.3,3472.73
FY2024-05,2024,Jun,5,Q2,STORE,Retail Stores,Women,Dresses,17239.7,123.0,140.16,1880.21,132.94,8950.31,0.5192,46279.39,33903.7,6877.16,2714.42
FY2024-06,2024,Jul,6,Q2,STORE,Retail Stores,Women,Dresses,12855.77,90.0,142.84,993.63,126.94,7236.76,0.5629,36555.97,37135.66,14556.03,6465.62
FY2024-07,2024,Aug,7,Q3,STORE,Retail Stores,Women,Dresses,12826.71,93.0,137.92,1514.51,136.64,6796.69,0.5299,38793.72,38528.79,14212.93,5088.2
FY2024-08,2024,Sep,8,Q3,STORE,Retail Stores,Women,Dresses,15139.98,107.0,141.5,2116.6,151.38,7511.16,0.4961,37304.45,33749.52,13853.03,5505.4
FY2024-09,2024,Oct,9,Q3,STORE,Retail Stores,Women,Dresses,15245.2,119.0,128.11,1700.21,134.65,8052.0,0.5282,34775.83,40526.68,22830.91,8070.3
FY2024-10,2024,Nov,10,Q4,STORE,Retail Stores,Women,Dresses,21935.61,165.0,132.94,2147.54,251.84,11938.35,0.5442,41925.17,61713.15,44122.97,15089.32
FY2024-11,2024,Dec,11,Q4,STORE,Retail Stores,Women,Dresses,23061.74,170.0,135.66,2456.14,213.76,12441.48,0.5395,60832.47,54885.65,19784.82,7946.83
FY2024-12,2024,Jan,12,Q4,STORE,Retail Stores,Women,Dresses,9885.77,71.0,139.24,1008.46,74.22,5316.68,0.5378,55400.23,44431.78,0.0,0.0
FY2025-01,2025,Feb,1,Q1,STORE,Retail Stores,Women,Dresses,13553.05,97.0,139.72,1329.6,125.36,7261.54,0.5358,44543.97,38425.69,8889.73,3254.31
FY2025-02,2025,Mar,2,Q1,STORE,Retail Stores,Women,Dresses,16400.94,114.0,143.87,2291.25,191.29,8437.13,0.5144,38940.11,47176.35,27119.72,8888.44
FY2025-03,2025,Apr,3,Q1,STORE,Retail Stores,Women,Dresses,19129.93,137.0,139.63,2582.06,177.41,9807.31,0.5127,44580.97,57195.34,34503.77,12307.63
FY2025-04,2025,May,4,Q2,STORE,Retail Stores,Women,Dresses,19848.94,142.0,139.78,1975.21,152.15,10641.55,0.5361,59133.09,52094.97,14938.18,4770.22
FY2025-05,2025,Jun,5,Q2,STORE,Retail Stores,Women,Dresses,17522.88,133.0,131.75,1736.91,171.63,9466.73,0.5402,52106.21,40955.01,8280.22,2953.11
FY2025-06,2025,Jul,6,Q2,STORE,Retail Stores,Women,Dresses,14284.99,99.0,144.29,1416.01,137.45,7795.94,0.5457,41172.33,45721.32,20387.44,7352.02
FY2025-07,2025,Aug,7,Q3,STORE,Retail Stores,Women,Dresses,16887.14,129.0,130.91,1724.64,117.92,8953.55,0.5302,44174.13,44017.35,18572.92,6628.69
FY2025-08,2025,Sep,8,Q3,STORE,Retail Stores,Women,Dresses,16709.51,118.0,141.61,1243.4,140.05,9459.67,0.5661,46011.2,40700.91,12782.67,4192.87
FY2025-09,2025,Oct,9,Q3,STORE,Retail Stores,Women,Dresses,18039.64,132.0,136.66,2150.16,177.44,9343.56,0.5179,39514.64,48436.65,29289.25,12318.43
FY2025-10,2025,Nov,10,Q4,STORE,Retail Stores,Women,Dresses,23501.71,174.0,135.07,2529.53,186.79,12650.46,0.5383,51467.19,73844.36,48595.2,16600.31
FY2025-11,2025,Dec,11,Q4,STORE,Retail Stores,Women,Dresses,21463.7,157.0,136.71,2570.16,248.48,11683.2,0.5443,74390.01,72150.49,22042.82,7054.4
FY2025-12,2025,Jan,12,Q4,STORE,Retail Stores,Women,Dresses,10592.45,76.0,139.37,878.9,106.48,5903.03,0.5573,64625.24,53047.41,0.0,0.0
FY2026-01,2026,Feb,1,Q1,STORE,Retail Stores,Women,Dresses,12634.28,93.0,135.85,1957.36,153.57,6293.65,0.4981,52930.12,41720.64,3535.73,1457.11
FY2026-02,2026,Mar,2,Q1,STORE,Retail Stores,Women,Dresses,19819.23,134.0,147.9,2474.75,182.72,10244.11,0.5169,41045.26,44911.96,26343.4,10529.88
FY2026-03,2026,Apr,3,Q1,STORE,Retail Stores,Women,Dresses,20735.85,152.0,136.42,3347.4,186.58,10087.1,0.4865,45834.43,65127.06,43562.46,16123.08
FY2026-04,2026,May,4,Q2,STORE,Retail Stores,Women,Dresses,20373.67,145.0,140.51,1711.46,201.12,11338.28,0.5565,65420.62,59025.64,15891.27,5231.29
FY2026-05,2026,Jun,5,Q2,STORE,Retail Stores,Women,Dresses,17427.74,123.0,141.69,2200.08,208.98,9100.22,0.5222,58980.85,42903.72,3759.67,1309.68
FY2026-06,2026,Jul,6,Q2,STORE,Retail Stores,Women,Dresses,15377.76,114.0,134.89,2181.18,152.75,7701.65,0.5008,41974.23,47432.61,23170.07,8206.78
FY2024-01,2024,Feb,1,Q1,WHSL,Wholesale,Women,Dresses,21091.5,205.0,102.89,521.43,21.13,9587.89,0.4546,20284.44,19294.33,20643.95,10105.78
FY2024-02,2024,Mar,2,Q1,WHSL,Wholesale,Women,Dresses,15292.68,150.0,101.95,268.07,13.39,7087.24,0.4634,19434.94,13482.58,9621.78,4953.26
FY2024-03,2024,Apr,3,Q1,WHSL,Wholesale,Women,Dresses,8377.7,78.0,107.41,187.62,9.78,3822.28,0.4562,12631.38,7564.57,3508.29,1724.99
FY2024-04,2024,May,4,Q2,WHSL,Wholesale,Women,Dresses,6270.88,60.0,104.51,164.31,6.27,2858.18,0.4558,8187.46,7963.98,6217.98,3109.39
FY2024-05,2024,Jun,5,Q2,WHSL,Wholesale,Women,Dresses,17259.93,167.0,103.35,295.53,19.69,7975.97,0.4621,7174.68,9855.09,20255.56,11529.61
FY2024-06,2024,Jul,6,Q2,WHSL,Wholesale,Women,Dresses,18520.09,169.0,109.59,493.18,21.03,8394.77,0.4533,12905.72,18936.63,25065.21,13074.87
FY2024-07,2024,Aug,7,Q3,WHSL,Wholesale,Women,Dresses,8311.11,76.0,109.36,150.0,11.1,3857.26,0.4641,18262.76,9790.55,0.0,0.0
FY2024-08,2024,Sep,8,Q3,WHSL,Wholesale,Women,Dresses,14157.42,134.0,105.65,205.06,13.07,6578.35,0.4647,8909.18,8606.03,14072.4,9049.91
FY2024-09,2024,Oct,9,Q3,WHSL,Wholesale,Women,Dresses,15827.34,154.0,102.77,405.27,20.47,7238.04,0.4573,10708.08,19923.76,25468.76,14771.33
FY2024-10,2024,Nov,10,Q4,WHSL,Wholesale,Women,Dresses,11201.56,106.0,105.68,262.46,11.49,5103.07,0.4556,18730.7,9837.97,2582.78,1639.55
FY2024-11,2024,Dec,11,Q4,WHSL,Wholesale,Women,Dresses,6307.13,61.0,103.4,208.72,8.17,2845.9,0.4512,10849.11,7244.73,2919.64,1457.59
FY2024-12,2024,Jan,12,Q4,WHSL,Wholesale,Women,Dresses,7061.37,66.0,106.99,218.3,9.53,3191.13,0.4519,6110.21,9704.77,10883.76,5067.97
FY2025-01,2025,Feb,1,Q1,WHSL,Wholesale,Women,Dresses,24986.87,237.0,105.43,490.81,23.4,11443.76,0.458,7778.29,16872.31,34595.1,18580.19
FY2025-02,2025,Mar,2,Q1,WHSL,Wholesale,Women,Dresses,18451.26,170.0,108.54,489.37,18.69,8379.14,0.4541,22292.22,13708.43,10375.53,5861.77
FY2025-03,2025,Apr,3,Q1,WHSL,Wholesale,Women,Dresses,9969.82,99.0,100.71,203.43,8.24,4568.0,0.4582,14754.18,9090.34,4517.65,2303.49
FY2025-04,2025,May,4,Q2,WHSL,Wholesale,Women,Dresses,7656.94,73.0,104.89,153.01,8.47,3531.43,0.4612,9768.05,9755.8,7806.17,3861.41
FY2025-05,2025,Jun,5,Q2,WHSL,Wholesale,Women,Dresses,20432.57,196.0,104.25,339.59,21.7,9448.77,0.4624,8227.14,13774.01,26340.73,11568.83
FY2025-06,2025,Jul,6,Q2,WHSL,Wholesale,Women,Dresses,15677.93,145.0,108.12,511.54,21.52,7119.54,0.4541,14772.26,27701.11,29139.84,15292.49
FY2025-07,2025,Aug,7,Q3,WHSL,Wholesale,Women,Dresses,10605.43,97.0,109.33,292.88,10.03,4790.48,0.4517,21455.62,10547.28,0.0,0.0
FY2025-08,2025,Sep,8,Q3,WHSL,Wholesale,Women,Dresses,17181.69,161.0,106.72,410.44,16.52,7793.96,0.4536,10955.5,8340.89,14994.04,8499.65
FY2025-09,2025,Oct,9,Q3,WHSL,Wholesale,Women,Dresses,19445.23,190.0,102.34,393.14,21.83,8959.5,0.4608,11631.47,21442.67,29671.4,17741.95
FY2025-10,2025,Nov,10,Q4,WHSL,Wholesale,Women,Dresses,12782.21,116.0,110.19,293.02,12.68,5831.79,0.4562,20669.57,11075.59,3493.93,1921.55
FY2025-11,2025,Dec,11,Q4,WHSL,Wholesale,Women,Dresses,8025.79,76.0,105.6,272.69,10.27,3594.66,0.4479,11765.96,7623.43,4166.22,2188.99
FY2025-12,2025,Jan,12,Q4,WHSL,Wholesale,Women,Dresses,10302.34,95.0,108.45,224.12,9.14,4700.24,0.4562,7191.55,7230.43,10574.48,6254.07
FY2026-01,2026,Feb,1,Q1,WHSL,Wholesale,Women,Dresses,20382.69,200.0,101.91,732.11,28.77,9131.72,0.448,9543.37,30846.89,42447.09,22696.56
FY2026-02,2026,Mar,2,Q1,WHSL,Wholesale,Women,Dresses,19391.52,179.0,108.33,450.25,25.66,8874.44,0.4576,25052.03,18116.87,12932.27,6405.38
FY2026-03,2026,Apr,3,Q1,WHSL,Wholesale,Women,Dresses,8256.32,79.0,104.51,200.66,8.82,3788.85,0.4589,16902.86,10723.66,2286.6,1120.27
FY2026-04,2026,May,4,Q2,WHSL,Wholesale,Women,Dresses,8649.67,80.0,108.12,176.31,9.79,3974.58,0.4595,9219.86,7687.77,7303.68,3871.24
FY2026-05,2026,Jun,5,Q2,WHSL,Wholesale,Women,Dresses,19859.81,188.0,105.64,511.73,21.47,9055.38,0.456,8234.2,21871.24,34030.05,13656.94
FY2026-06,2026,Jul,6,Q2,WHSL,Wholesale,Women,Dresses,24029.75,237.0,101.39,367.49,22.32,11138.9,0.4635,18088.91,21712.95,28043.6,12867.9
FY2024-01,2024,Feb,1,Q1,ECOM,Ecommerce,Women,Sleepwear,13925.81,165.0,84.4,1683.96,74.11,7283.38,0.523,39367.43,36381.62,12698.07,5075.76
FY2024-02,2024,Mar,2,Q1,ECOM,Ecommerce,Women,Sleepwear,18640.52,224.0,83.22,3055.78,81.85,9080.06,0.4871,38896.37,48438.8,31320.58,11688.04
FY2024-03,2024,Apr,3,Q1,ECOM,Ecommerce,Women,Sleepwear,22694.01,282.0,80.48,3759.5,97.64,10762.33,0.4742,46939.68,68845.62,48457.09,16671.23
FY2024-04,2024,May,4,Q2,ECOM,Ecommerce,Women,Sleepwear,23044.03,277.0,83.19,3402.19,78.05,11129.22,0.483,68372.14,60600.37,18752.5,6770.26
FY2024-05,2024,Jun,5,Q2,ECOM,Ecommerce,Women,Sleepwear,18053.26,215.0,83.97,3606.09,80.02,8190.83,0.4537,62817.24,43883.29,2805.42,1106.82
FY2024-06,2024,Jul,6,Q2,ECOM,Ecommerce,Women,Sleepwear,15991.27,185.0,86.44,2207.35,73.74,8077.38,0.5051,43328.03,46810.44,21754.77,7692.76
FY2024-07,2024,Aug,7,Q3,ECOM,Ecommerce,Women,Sleepwear,17916.09,211.0,84.91,2448.57,54.87,8883.38,0.4958,47235.09,47363.26,20547.7,6870.32
FY2024-08,2024,Sep,8,Q3,ECOM,Ecommerce,Women,Sleepwear,17676.68,216.0,81.84,2004.7,76.87,9449.86,0.5346,48756.41,44036.95,15038.79,4992.39
FY2024-09,2024,Oct,9,Q3,ECOM,Ecommerce,Women,Sleepwear,16886.65,199.0,84.86,3179.46,83.04,7990.71,0.4732,43473.69,58837.4,35512.86,13822.83
FY2024-10,2024,Nov,10,Q4,ECOM,Ecommerce,Women,Sleepwear,26856.24,322.0,83.4,4061.88,104.79,13348.91,0.4971,59715.33,80953.56,52261.14,18927.16
FY2024-11,2024,Dec,11,Q4,ECOM,Ecommerce,Women,Sleepwear,27057.46,335.0,80.77,5603.64,125.88,12143.46,0.4488,81055.12,65685.59,17417.45,6804.52
FY2024-12,2024,Jan,12,Q4,ECOM,Ecommerce,Women,Sleepwear,12749.91,155.0,82.26,1875.63,40.8,6221.25,0.4879,64727.01,50060.67,0.0,0.0
FY2025-01,2025,Feb,1,Q1,ECOM,Ecommerce,Women,Sleepwear,15626.54,176.0,88.79,2448.42,75.79,7693.6,0.4923,50526.38,48855.54,16479.91,5048.71
FY2025-02,2025,Mar,2,Q1,ECOM,Ecommerce,Women,Sleepwear,22892.26,276.0,82.94,3456.95,107.48,11260.58,0.4919,47601.25,56170.57,35026.01,11401.07
FY2025-03,2025,Apr,3,Q1,ECOM,Ecommerce,Women,Sleepwear,23463.25,274.0,85.63,2912.71,98.57,12448.82,0.5306,52294.15,74700.57,48880.95,21534.84
FY2025-04,2025,May,4,Q2,ECOM,Ecommerce,Women,Sleepwear,24369.22,303.0,80.43,3533.38,102.7,12123.3,0.4975,77585.43,68581.53,19001.4,6813.26
FY2025-05,2025,Jun,5,Q2,ECOM,Ecommerce,Women,Sleepwear,20384.43,253.0,80.57,3539.08,108.28,9756.3,0.4786,69558.71,49425.75,3898.83,1286.96
FY2025-06,2025,Jul,6,Q2,ECOM,Ecommerce,Women,Sleepwear,16968.47,205.0,82.77,1849.42,69.9,9324.03,0.5495,48040.95,61508.78,32355.62,10726.98
FY2025-07,2025,Aug,7,Q3,ECOM,Ecommerce,Women,Sleepwear,20198.03,244.0,82.78,3127.04,68.23,9705.03,0.4805,55249.54,53242.05,21385.81,7552.17
FY2025-08,2025,Sep,8,Q3,ECOM,Ecommerce,Women,Sleepwear,22385.48,266.0,84.16,3713.6,87.98,10417.26,0.4654,55473.94,43623.15,14336.27,5593.11
FY2025-09,2025,Oct,9,Q3,ECOM,Ecommerce,Women,Sleepwear,20306.48,237.0,85.68,3744.86,98.49,9417.1,0.4637,46617.44,65293.23,42825.62,13260.03
FY2025-10,2025,Nov,10,Q4,ECOM,Ecommerce,Women,Sleepwear,33606.49,418.0,80.4,4558.05,120.41,16861.73,0.5017,62350.15,86276.08,62210.88,21397.9
FY2025-11,2025,Dec,11,Q4,ECOM,Ecommerce,Women,Sleepwear,31203.06,385.0,81.05,5501.63,152.7,14996.95,0.4806,89371.72,80210.11,27695.78,8891.18
FY2025-12,2025,Jan,12,Q4,ECOM,Ecommerce,Women,Sleepwear,10768.33,131.0,82.2,2661.26,60.38,4698.18,0.4363,76899.41,63409.44,0.0,0.0
FY2026-01,2026,Feb,1,Q1,ECOM,Ecommerce,Women,Sleepwear,16428.97,200.0,82.14,2458.18,80.77,8144.65,0.4957,60810.19,49534.76,7692.49,2958.61
FY2026-02,2026,Mar,2,Q1,ECOM,Ecommerce,Women,Sleepwear,22893.75,276.0,82.95,3427.52,108.19,11442.42,0.4998,50405.42,63299.83,39323.87,12950.37
FY2026-03,2026,Apr,3,Q1,ECOM,Ecommerce,Women,Sleepwear,26667.76,335.0,79.61,4688.75,94.85,12502.91,0.4688,58391.05,81100.21,54160.52,20102.15
FY2026-04,2026,May,4,Q2,ECOM,Ecommerce,Women,Sleepwear,24442.79,298.0,82.02,3584.86,120.88,12192.33,0.4988,79755.9,72028.67,20421.3,8020.43
FY2026-05,2026,Jun,5,Q2,ECOM,Ecommerce,Women,Sleepwear,23841.49,289.0,82.5,3669.21,83.32,11491.31,0.482,74526.57,50513.94,3581.39,1253.93
FY2026-06,2026,Jul,6,Q2,ECOM,Ecommerce,Women,Sleepwear,18406.15,226.0,81.44,3462.6,84.11,8455.55,0.4594,51438.65,57084.16,27598.37,9859.53
FY2024-01,2024,Feb,1,Q1,STORE,Retail Stores,Women,Sleepwear,6253.94,76.0,82.29,620.93,62.86,3412.61,0.5457,18838.6,18528.5,6627.63,2445.08
FY2024-02,2024,Mar,2,Q1,STORE,Retail Stores,Women,Sleepwear,8515.31,100.0,85.15,1189.96,75.7,4358.11,0.5118,18443.44,24427.93,15765.46,5055.24
FY2024-03,2024,Apr,3,Q1,STORE,Retail Stores,Women,Sleepwear,10617.24,127.0,83.6,1120.0,98.12,5660.06,0.5331,22765.69,28447.79,17517.46,6493.57
FY2024-04,2024,May,4,Q2,STORE,Retail Stores,Women,Sleepwear,11145.57,131.0,85.08,1091.83,93.82,5927.01,0.5318,29961.46,30871.54,13241.3,4920.36
FY2024-05,2024,Jun,5,Q2,STORE,Retail Stores,Women,Sleepwear,9348.05,113.0,82.73,987.98,93.86,4944.53,0.5289,31056.99,20718.84,91.74,32.73
FY2024-06,2024,Jul,6,Q2,STORE,Retail Stores,Women,Sleepwear,7270.36,87.0,83.57,963.55,68.18,3700.83,0.509,21296.26,20427.99,7433.82,3337.39
FY2024-07,2024,Aug,7,Q3,STORE,Retail Stores,Women,Sleepwear,7858.7,90.0,87.32,789.89,69.78,4247.93,0.5405,21886.47,23946.31,10778.21,3657.81
FY2024-08,2024,Sep,8,Q3,STORE,Retail Stores,Women,Sleepwear,8399.04,102.0,82.34,847.33,82.55,4537.92,0.5403,22950.16,19788.79,6167.55,2085.95
FY2024-09,2024,Oct,9,Q3,STORE,Retail Stores,Women,Sleepwear,8792.99,107.0,82.18,1030.4,84.28,4619.06,0.5253,19612.88,26519.26,16814.05,5555.69
FY2024-10,2024,Nov,10,Q4,STORE,Retail Stores,Women,Sleepwear,12879.87,157.0,82.04,1792.18,105.72,6414.78,0.498,25883.97,35114.13,24007.93,7415.7
FY2024-11,2024,Dec,11,Q4,STORE,Retail Stores,Women,Sleepwear,15490.9,178.0,87.03,1464.36,143.32,8306.24,0.5362,34124.42,30351.92,13326.08,4209.93
FY2024-12,2024,Jan,12,Q4,STORE,Retail Stores,Women,Sleepwear,5314.6,66.0,80.52,703.47,56.25,2728.3,0.5134,31224.39,25150.07,0.0,0.0
FY2025-01,2025,Feb,1,Q1,STORE,Retail Stores,Women,Sleepwear,7754.79,90.0,86.16,664.24,76.48,4252.05,0.5483,24972.31,20479.48,4002.68,1416.24
FY2025-02,2025,Mar,2,Q1,STORE,Retail Stores,Women,Sleepwear,8784.99,107.0,82.1,1015.59,72.32,4789.24,0.5452,20863.03,26250.35,15260.22,5543.43
FY2025-03,2025,Apr,3,Q1,STORE,Retail Stores,Women,Sleepwear,12505.66,150.0,83.37,1384.58,108.44,6550.83,0.5238,24656.65,33227.54,22569.57,8466.93
FY2025-04,2025,May,4,Q2,STORE,Retail Stores,Women,Sleepwear,9254.81,110.0,84.13,1276.89,109.36,4862.6,0.5254,32912.2,32919.21,10648.07,4355.24
FY2025-05,2025,Jun,5,Q2,STORE,Retail Stores,Women,Sleepwear,8375.01,100.0,83.75,1166.48,88.48,4357.67,0.5203,31985.41,24321.03,1965.59,828.27
FY2025-06,2025,Jul,6,Q2,STORE,Retail Stores,Women,Sleepwear,7205.37,85.0,84.77,1013.76,81.16,3769.71,0.5232,23061.4,26260.05,11498.94,5149.1
FY2025-07,2025,Aug,7,Q3,STORE,Retail Stores,Women,Sleepwear,8555.92,104.0,82.27,986.2,87.23,4525.51,0.5289,25264.62,27416.92,11781.65,3960.92
FY2025-08,2025,Sep,8,Q3,STORE,Retail Stores,Women,Sleepwear,10242.34,127.0,80.65,953.34,92.82,5540.74,0.541,26302.39,20977.75,5963.86,2719.4
FY2025-09,2025,Oct,9,Q3,STORE,Retail Stores,Women,Sleepwear,8934.39,107.0,83.5,1146.05,98.23,4670.0,0.5227,22046.86,30366.69,18498.5,6163.32
FY2025-10,2025,Nov,10,Q4,STORE,Retail Stores,Women,Sleepwear,15290.01,189.0,80.9,1721.77,111.18,7930.24,0.5187,30292.22,38712.38,25543.12,10355.96
FY2025-11,2025,Dec,11,Q4,STORE,Retail Stores,Women,Sleepwear,14541.9,178.0,81.7,2261.94,170.72,7121.63,0.4897,42097.66,35147.49,10024.39,3002.4
FY2025-12,2025,Jan,12,Q4,STORE,Retail Stores,Women,Sleepwear,4960.56,59.0,84.08,732.7,55.74,2541.7,0.5124,34527.68,28778.68,0.0,0.0
FY2026-01,2026,Feb,1,Q1,STORE,Retail Stores,Women,Sleepwear,7922.94,94.0,84.29,1031.09,81.65,4032.14,0.5089,27866.88,22182.98,3351.78,1468.93
FY2026-02,2026,Mar,2,Q1,STORE,Retail Stores,Women,Sleepwear,10784.24,134.0,80.48,1104.75,107.5,5845.86,0.5421,22755.66,25844.48,15085.31,5227.55
FY2026-03,2026,Apr,3,Q1,STORE,Retail Stores,Women,Sleepwear,12042.08,146.0,82.48,1476.28,123.84,6278.05,0.5213,26004.38,35848.85,23486.67,8273.42
FY2026-04,2026,May,4,Q2,STORE,Retail Stores,Women,Sleepwear,11234.42,129.0,87.09,1164.71,125.17,6028.32,0.5366,36232.58,32598.43,8890.15,2961.33
FY2026-05,2026,Jun,5,Q2,STORE,Retail Stores,Women,Sleepwear,9112.08,110.0,82.84,1328.12,111.13,4655.59,0.5109,31865.29,25825.78,4511.82,1833.03
FY2026-06,2026,Jul,6,Q2,STORE,Retail Stores,Women,Sleepwear,9587.23,116.0,82.65,1511.37,95.32,4543.92,0.474,25055.83,22756.81,8894.9,3413.76
FY2024-01,2024,Feb,1,Q1,WHSL,Wholesale,Women,Sleepwear,10484.05,160.0,65.53,200.09,14.58,4851.39,0.4627,11846.2,13100.66,11953.18,6296.32
FY2024-02,2024,Mar,2,Q1,WHSL,Wholesale,Women,Sleepwear,8865.62,141.0,62.88,245.04,10.33,4026.34,0.4542,11457.81,8850.14,6513.32,2842.52
FY2024-03,2024,Apr,3,Q1,WHSL,Wholesale,Women,Sleepwear,4299.13,67.0,64.17,93.54,5.66,1975.14,0.4594,7967.28,4951.49,1382.54,744.18
FY2024-04,2024,May,4,Q2,WHSL,Wholesale,Women,Sleepwear,3964.85,63.0,62.93,74.5,3.51,1828.7,0.4612,4726.15,3953.78,3270.49,1798.45
FY2024-05,2024,Jun,5,Q2,WHSL,Wholesale,Women,Sleepwear,8970.32,136.0,65.96,224.58,9.39,4097.32,0.4568,4148.35,8038.76,13094.7,7301.52
FY2024-06,2024,Jul,6,Q2,WHSL,Wholesale,Women,Sleepwear,10837.78,173.0,62.65,172.41,11.16,5019.01,0.4631,7487.74,8861.45,12395.06,6686.24
FY2024-07,2024,Aug,7,Q3,WHSL,Wholesale,Women,Sleepwear,4815.6,75.0,64.21,158.12,5.85,2160.07,0.4486,10511.2,5531.63,0.0,0.0
FY2024-08,2024,Sep,8,Q3,WHSL,Wholesale,Women,Sleepwear,7463.76,116.0,64.34,146.36,7.6,3437.36,0.4605,5251.57,6342.74,8708.89,4196.07
FY2024-09,2024,Oct,9,Q3,WHSL,Wholesale,Women,Sleepwear,9422.33,152.0,61.99,182.15,9.42,4359.12,0.4626,6163.35,14131.61,17582.16,8072.6
FY2024-10,2024,Nov,10,Q4,WHSL,Wholesale,Women,Sleepwear,5903.78,93.0,63.48,139.09,6.41,2700.19,0.4574,10968.7,6560.23,1640.81,959.72
FY2024-11,2024,Dec,11,Q4,WHSL,Wholesale,Women,Sleepwear,5150.81,79.0,65.2,98.87,4.86,2355.87,0.4574,6474.15,2691.99,1472.38,704.51
FY2024-12,2024,Jan,12,Q4,WHSL,Wholesale,Women,Sleepwear,4529.73,74.0,61.21,107.9,4.67,2066.54,0.4562,3304.03,4544.74,5883.01,3245.56
FY2025-01,2025,Feb,1,Q1,WHSL,Wholesale,Women,Sleepwear,12456.78,208.0,59.89,339.79,13.84,5654.39,0.4539,4747.29,12506.99,20570.11,12430.57
FY2025-02,2025,Mar,2,Q1,WHSL,Wholesale,Women,Sleepwear,11205.98,171.0,65.53,191.03,11.48,5177.7,0.462,13602.7,8213.78,6019.57,2927.39
FY2025-03,2025,Apr,3,Q1,WHSL,Wholesale,Women,Sleepwear,5692.98,88.0,64.69,85.79,4.6,2634.27,0.4627,8171.58,4771.43,2383.22,1197.66
FY2025-04,2025,May,4,Q2,WHSL,Wholesale,Women,Sleepwear,4155.57,64.0,64.93,69.01,4.62,1933.08,0.4652,5357.32,5061.85,3933.73,1890.72
FY2025-05,2025,Jun,5,Q2,WHSL,Wholesale,Women,Sleepwear,11325.5,182.0,62.23,262.83,14.63,5168.06,0.4563,4460.76,8617.12,15759.32,7536.77
FY2025-06,2025,Jul,6,Q2,WHSL,Wholesale,Women,Sleepwear,11329.22,170.0,66.64,245.65,11.98,5203.36,0.4593,8538.13,10869.62,13918.34,8270.06
FY2025-07,2025,Aug,7,Q3,WHSL,Wholesale,Women,Sleepwear,6259.75,100.0,62.6,113.87,6.15,2883.24,0.4606,12061.78,5682.01,0.0,0.0
FY2025-08,2025,Sep,8,Q3,WHSL,Wholesale,Women,Sleepwear,8463.67,137.0,61.78,175.59,10.25,3898.11,0.4606,6078.26,7620.84,10192.09,5051.46
FY2025-09,2025,Oct,9,Q3,WHSL,Wholesale,Women,Sleepwear,10397.31,157.0,66.22,210.64,13.19,4798.57,0.4615,7591.15,12218.52,15248.51,7360.84
FY2025-10,2025,Nov,10,Q4,WHSL,Wholesale,Women,Sleepwear,6979.98,111.0,62.88,130.77,7.54,3218.36,0.4611,11111.03,6870.39,2877.65,1528.49
FY2025-11,2025,Dec,11,Q4,WHSL,Wholesale,Women,Sleepwear,4569.67,70.0,65.28,90.23,5.51,2110.54,0.4619,7155.25,4313.41,1823.57,823.87
FY2025-12,2025,Jan,12,Q4,WHSL,Wholesale,Women,Sleepwear,5527.26,84.0,65.8,98.84,5.77,2551.68,0.4617,3747.05,5328.64,7213.46,3562.32
FY2026-01,2026,Feb,1,Q1,WHSL,Wholesale,Women,Sleepwear,11859.32,195.0,60.82,322.03,15.36,5399.97,0.4553,5301.07,15477.61,22373.25,10269.41
FY2026-02,2026,Mar,2,Q1,WHSL,Wholesale,Women,Sleepwear,10432.5,169.0,61.73,165.92,12.43,4855.39,0.4654,12682.08,9054.19,6982.96,3582.64
FY2026-03,2026,Apr,3,Q1,WHSL,Wholesale,Women,Sleepwear,4152.82,63.0,65.92,103.69,6.29,1912.35,0.4605,8483.56,6836.44,2615.68,1345.91
FY2026-04,2026,May,4,Q2,WHSL,Wholesale,Women,Sleepwear,4830.15,71.0,68.03,87.15,6.17,2232.13,0.4621,5550.91,4665.62,4038.18,1906.85
FY2026-05,2026,Jun,5,Q2,WHSL,Wholesale,Women,Sleepwear,10932.46,186.0,58.78,203.93,12.24,5057.63,0.4626,4625.86,9581.41,16104.18,9003.07
FY2026-06,2026,Jul,6,Q2,WHSL,Wholesale,Women,Sleepwear,13648.84,216.0,63.19,278.68,13.9,6249.01,0.4578,9906.78,9867.74,13902.38,7773.52
FY2024-01,2024,Feb,1,Q1,ECOM,Ecommerce,Women,Tops,22253.26,272.0,81.81,3885.22,98.57,10868.34,0.4884,75638.91,74961.58,25559.72,9239.15
FY2024-02,2024,Mar,2,Q1,ECOM,Ecommerce,Women,Tops,35039.27,426.0,82.25,5676.05,153.99,16876.21,0.4816,72646.44,77266.43,45489.3,16536.92
FY2024-03,2024,Apr,3,Q1,ECOM,Ecommerce,Women,Tops,38543.84,485.0,79.47,6555.53,168.81,18342.25,0.4759,81710.02,121275.51,84833.67,29803.98
FY2024-04,2024,May,4,Q2,ECOM,Ecommerce,Women,Tops,44203.89,511.0,86.5,3972.42,148.41,23313.53,0.5274,117035.86,96095.03,27383.89,9439.24
FY2024-05,2024,Jun,5,Q2,ECOM,Ecommerce,Women,Tops,36292.45,426.0,85.19,4296.57,124.75,18423.3,0.5076,101614.14,72575.9,11675.53,4399.87
FY2024-06,2024,Jul,6,Q2,ECOM,Ecommerce,Women,Tops,28001.95,328.0,85.37,4712.44,121.93,13232.95,0.4726,75221.38,82458.95,40073.89,12949.64
FY2024-07,2024,Aug,7,Q3,ECOM,Ecommerce,Women,Tops,29392.68,361.0,81.42,5428.69,142.28,13544.64,0.4608,83368.47,85458.54,37053.72,11748.87
FY2024-08,2024,Sep,8,Q3,ECOM,Ecommerce,Women,Tops,32808.96,390.0,84.13,4901.97,138.33,15902.95,0.4847,82673.3,70079.63,25255.59,9205.9
FY2024-09,2024,Oct,9,Q3,ECOM,Ecommerce,Women,Tops,25137.33,299.0,84.07,4409.87,126.27,12899.16,0.5131,72878.15,103702.24,60497.56,21557.0
FY2024-10,2024,Nov,10,Q4,ECOM,Ecommerce,Women,Tops,47395.67,572.0,82.86,8595.46,181.35,21798.97,0.4599,96904.14,140613.28,99881.62,36374.34
FY2024-11,2024,Dec,11,Q4,ECOM,Ecommerce,Women,Tops,63993.7,768.0,83.33,6986.27,222.11,32457.14,0.5072,141908.52,112830.21,42123.77,16948.62
FY2024-12,2024,Jan,12,Q4,ECOM,Ecommerce,Women,Tops,24982.39,304.0,82.18,2993.75,92.23,12489.1,0.4999,122738.08,94669.71,0.0,0.0
FY2025-01,2025,Feb,1,Q1,ECOM,Ecommerce,Women,Tops,26871.11,331.0,81.18,5208.04,124.03,12334.85,0.459,98342.99,84830.47,18690.66,6047.15
FY2025-02,2025,Mar,2,Q1,ECOM,Ecommerce,Women,Tops,37228.92,433.0,85.98,6054.19,174.56,18218.52,0.4894,83192.31,92366.67,52632.03,20689.46
FY2025-03,2025,Apr,3,Q1,ECOM,Ecommerce,Women,Tops,48821.89,604.0,80.83,8565.63,199.02,22416.74,0.4592,89743.13,133473.06,101316.47,38587.68
FY2025-04,2025,May,4,Q2,ECOM,Ecommerce,Women,Tops,41376.07,476.0,86.92,5086.64,177.85,21606.54,0.5222,143075.83,124420.79,27985.52,11287.19
FY2025-05,2025,Jun,5,Q2,ECOM,Ecommerce,Women,Tops,34068.59,375.0,90.85,6294.62,158.89,15883.36,0.4662,125661.99,87281.46,2141.57,798.91
FY2025-06,2025,Jul,6,Q2,ECOM,Ecommerce,Women,Tops,33081.5,403.0,82.09,4522.0,128.81,16629.94,0.5027,85500.7,91289.88,43521.49,16545.82
FY2025-07,2025,Aug,7,Q3,ECOM,Ecommerce,Women,Tops,32429.9,395.0,82.1,5723.36,146.57,15335.6,0.4729,94491.16,100114.58,43923.25,13485.78
FY2025-08,2025,Sep,8,Q3,ECOM,Ecommerce,Women,Tops,33304.79,383.0,86.96,3909.28,155.09,17887.44,0.5371,97804.55,91039.92,30604.53,10647.15
FY2025-09,2025,Oct,9,Q3,ECOM,Ecommerce,Women,Tops,38225.69,448.0,85.33,6251.03,178.66,18526.08,0.4846,85824.13,126157.18,84988.43,33727.33
FY2025-10,2025,Nov,10,Q4,ECOM,Ecommerce,Women,Tops,65020.74,752.0,86.46,10060.74,212.42,30443.78,0.4682,122664.4,142866.76,95496.26,37665.41
FY2025-11,2025,Dec,11,Q4,ECOM,Ecommerce,Women,Tops,66822.3,783.0,85.34,9630.62,240.64,32322.07,0.4837,157135.01,123073.41,42631.96,17347.95
FY2025-12,2025,Jan,12,Q4,ECOM,Ecommerce,Women,Tops,22894.85,291.0,78.68,3388.17,97.15,11551.16,0.5045,135319.99,108939.82,0.0,0.0
FY2026-01,2026,Feb,1,Q1,ECOM,Ecommerce,Women,Tops,34816.87,399.0,87.26,5925.55,169.18,16506.58,0.4741,106750.54,102251.54,36412.6,11921.5
FY2026-02,2026,Mar,2,Q1,ECOM,Ecommerce,Women,Tops,53355.18,643.0,82.98,9229.99,221.12,24585.75,0.4608,102976.72,118894.09,78723.66,30076.5
FY2026-03,2026,Apr,3,Q1,ECOM,Ecommerce,Women,Tops,62556.53,738.0,84.76,8274.13,236.15,31104.03,0.4972,120962.55,161897.31,112001.57,43620.56
FY2026-04,2026,May,4,Q2,ECOM,Ecommerce,Women,Tops,51816.68,597.0,86.8,9321.24,197.97,23843.54,0.4602,173631.32,141413.79,29118.36,11402.53
FY2026-05,2026,Jun,5,Q2,ECOM,Ecommerce,Women,Tops,39975.75,488.0,81.92,7853.43,221.21,18630.88,0.4661,143427.97,114096.93,18719.35,5379.4
FY2026-06,2026,Jul,6,Q2,ECOM,Ecommerce,Women,Tops,41668.86,513.0,81.23,5147.02,174.99,21251.31,0.51,107289.14,119998.71,59700.44,17815.53
FY2024-01,2024,Feb,1,Q1,STORE,Retail Stores,Women,Tops,10599.12,124.0,85.48,1182.91,104.41,5623.51,0.5306,32271.54,31604.09,11218.99,3869.51
FY2024-02,2024,Mar,2,Q1,STORE,Retail Stores,Women,Tops,15622.57,196.0,79.71,2057.88,145.78,8028.07,0.5139,31161.68,38624.98,25289.53,9320.82
FY2024-03,2024,Apr,3,Q1,STORE,Retail Stores,Women,Tops,17937.14,221.0,81.16,2062.73,148.68,9448.42,0.5268,38107.45,51537.08,33578.18,13025.39
FY2024-04,2024,May,4,Q2,STORE,Retail Stores,Women,Tops,17777.78,217.0,81.93,2346.65,178.8,8931.18,0.5024,53275.1,48627.8,15655.93,4811.38
FY2024-05,2024,Jun,5,Q2,STORE,Retail Stores,Women,Tops,16495.66,203.0,81.26,1253.8,175.29,9129.29,0.5534,49914.46,32918.46,928.75,380.6
FY2024-06,2024,Jul,6,Q2,STORE,Retail Stores,Women,Tops,12206.58,149.0,81.92,1497.9,112.02,6394.98,0.5239,34728.77,36296.72,15384.45,5779.41
FY2024-07,2024,Aug,7,Q3,STORE,Retail Stores,Women,Tops,17414.52,213.0,81.76,1518.61,147.38,9324.87,0.5355,36634.5,38311.08,20757.09,7690.06
FY2024-08,2024,Sep,8,Q3,STORE,Retail Stores,Women,Tops,15604.48,185.0,84.35,1507.15,131.58,8345.25,0.5348,42154.1,31855.85,6944.96,2863.55
FY2024-09,2024,Oct,9,Q3,STORE,Retail Stores,Women,Tops,15974.38,190.0,84.08,1552.33,140.13,8573.77,0.5367,33758.18,44272.14,28180.8,9196.25
FY2024-10,2024,Nov,10,Q4,STORE,Retail Stores,Women,Tops,24499.32,297.0,82.49,1940.61,207.37,13586.47,0.5546,43296.79,63655.6,47006.11,18769.19
FY2024-11,2024,Dec,11,Q4,STORE,Retail Stores,Women,Tops,24896.8,291.0,85.56,2576.16,219.81,13306.72,0.5345,68106.49,56996.31,16582.59,5141.2
FY2024-12,2024,Jan,12,Q4,STORE,Retail Stores,Women,Tops,9150.6,109.0,83.95,843.06,87.9,5053.42,0.5523,57079.07,46997.51,0.0,0.0
FY2025-01,2025,Feb,1,Q1,STORE,Retail Stores,Women,Tops,13787.97,168.0,82.07,1033.53,157.37,7688.25,0.5576,46533.52,35657.79,4103.14,1345.36
FY2025-02,2025,Mar,2,Q1,STORE,Retail Stores,Women,Tops,17918.14,221.0,81.08,1496.19,158.1,10032.31,0.5599,36530.01,41496.0,24538.42,9740.11
FY2025-03,2025,Apr,3,Q1,STORE,Retail Stores,Women,Tops,17359.43,215.0,80.74,3107.67,216.09,8393.68,0.4835,41598.81,58060.26,37144.64,13612.9
FY2025-04,2025,May,4,Q2,STORE,Retail Stores,Women,Tops,20334.21,242.0,84.03,2249.27,202.51,10687.16,0.5256,57736.49,52944.82,17994.32,6199.97
FY2025-05,2025,Jun,5,Q2,STORE,Retail Stores,Women,Tops,19102.54,219.0,87.23,1841.9,184.98,10240.54,0.5361,54475.35,37525.87,4179.94,1548.22
FY2025-06,2025,Jul,6,Q2,STORE,Retail Stores,Women,Tops,14368.95,182.0,78.95,1367.62,161.57,7892.46,0.5493,38972.45,44474.9,21400.59,7258.69
FY2025-07,2025,Aug,7,Q3,STORE,Retail Stores,Women,Tops,15258.11,182.0,83.84,1849.53,151.91,7880.25,0.5165,44222.14,41157.49,14194.9,5236.12
FY2025-08,2025,Sep,8,Q3,STORE,Retail Stores,Women,Tops,16841.46,204.0,82.56,2260.59,163.73,8543.39,0.5073,41996.53,34896.54,12165.79,5395.63
FY2025-09,2025,Oct,9,Q3,STORE,Retail Stores,Women,Tops,19348.14,222.0,87.15,2147.23,178.5,10090.58,0.5215,37167.4,47046.04,31552.51,11411.43
FY2025-10,2025,Nov,10,Q4,STORE,Retail Stores,Women,Tops,29995.69,343.0,87.45,3100.3,215.02,15685.65,0.5229,49087.31,68496.31,52720.01,19640.37
FY2025-11,2025,Dec,11,Q4,STORE,Retail Stores,Women,Tops,29092.25,341.0,85.31,2719.82,258.05,15686.07,0.5392,72305.99,64064.03,23828.16,7869.54
FY2025-12,2025,Jan,12,Q4,STORE,Retail Stores,Women,Tops,10535.55,124.0,84.96,1180.76,96.51,5570.73,0.5288,64067.04,52254.22,0.0,0.0
FY2026-01,2026,Feb,1,Q1,STORE,Retail Stores,Women,Tops,17880.83,204.0,87.65,1966.89,133.17,9307.44,0.5205,52230.23,45037.39,12788.05,4638.25
FY2026-02,2026,Mar,2,Q1,STORE,Retail Stores,Women,Tops,20249.78,239.0,84.73,3046.33,169.35,10171.11,0.5023,47271.03,57655.97,33850.4,11840.14
FY2026-03,2026,Apr,3,Q1,STORE,Retail Stores,Women,Tops,28728.25,348.0,82.55,2816.88,240.39,15281.93,0.5319,55538.9,64373.37,40619.99,17192.5
FY2026-04,2026,May,4,Q2,STORE,Retail Stores,Women,Tops,21825.13,262.0,83.3,3206.09,251.75,11021.19,0.505,72263.32,69543.44,22563.09,8406.8
FY2026-05,2026,Jun,5,Q2,STORE,Retail Stores,Women,Tops,21123.98,264.0,80.02,2642.95,222.59,10983.14,0.5199,67764.05,48170.34,4395.81,1695.0
FY2026-06,2026,Jul,6,Q2,STORE,Retail Stores,Women,Tops,15711.69,193.0,81.41,2064.04,159.41,8238.82,0.5244,48349.39,57165.74,26751.49,9023.93
FY2024-01,2024,Feb,1,Q1,WHSL,Wholesale,Women,Tops,18422.4,298.0,61.82,448.66,20.68,8416.0,0.4568,19205.29,19334.9,19021.35,8996.8
FY2024-02,2024,Mar,2,Q1,WHSL,Wholesale,Women,Tops,18184.28,279.0,65.18,426.86,17.44,8278.02,0.4552,19068.91,13830.15,13389.82,6178.59
FY2024-03,2024,Apr,3,Q1,WHSL,Wholesale,Women,Tops,7128.1,109.0,65.4,209.53,9.33,3223.58,0.4522,14057.96,8370.44,1659.44,1004.04
FY2024-04,2024,May,4,Q2,WHSL,Wholesale,Women,Tops,7345.55,117.0,62.78,174.84,5.68,3343.18,0.4551,7995.77,7449.35,6979.65,3289.24
FY2024-05,2024,Jun,5,Q2,WHSL,Wholesale,Women,Tops,14270.55,222.0,64.28,331.47,21.35,6560.18,0.4597,7216.73,15788.96,23195.6,11201.19
FY2024-06,2024,Jul,6,Q2,WHSL,Wholesale,Women,Tops,19067.07,291.0,65.52,398.25,22.35,8734.71,0.4581,13148.62,15102.99,21442.04,11870.63
FY2024-07,2024,Aug,7,Q3,WHSL,Wholesale,Women,Tops,9329.37,139.0,67.12,203.08,9.75,4268.06,0.4575,18033.4,8873.15,381.95,196.95
FY2024-08,2024,Sep,8,Q3,WHSL,Wholesale,Women,Tops,17047.82,277.0,61.54,304.91,14.88,7811.53,0.4582,9233.15,6614.15,14748.61,7548.8
FY2024-09,2024,Oct,9,Q3,WHSL,Wholesale,Women,Tops,17570.69,263.0,66.81,366.66,15.68,8062.94,0.4589,10747.92,19097.01,26302.12,12972.39
FY2024-10,2024,Nov,10,Q4,WHSL,Wholesale,Women,Tops,13613.25,217.0,62.73,189.95,14.15,6295.45,0.4625,18172.57,8062.8,3707.58,2165.83
FY2024-11,2024,Dec,11,Q4,WHSL,Wholesale,Women,Tops,8293.65,126.0,65.82,124.88,7.81,3846.16,0.4637,10879.55,5266.39,2813.18,1561.38
FY2024-12,2024,Jan,12,Q4,WHSL,Wholesale,Women,Tops,8982.98,139.0,64.63,239.56,9.14,4049.35,0.4508,6177.79,6224.51,9278.4,4299.51
FY2025-01,2025,Feb,1,Q1,WHSL,Wholesale,Women,Tops,25667.98,397.0,64.65,382.26,21.05,11875.85,0.4627,8379.36,18931.51,36623.44,18282.44
FY2025-02,2025,Mar,2,Q1,WHSL,Wholesale,Women,Tops,17339.27,277.0,62.6,315.5,17.61,8039.15,0.4636,22931.55,17309.49,12050.32,5714.73
FY2025-03,2025,Apr,3,Q1,WHSL,Wholesale,Women,Tops,9430.63,156.0,60.45,244.27,9.32,4268.8,0.4527,15142.5,8604.96,3146.68,1568.12
FY2025-04,2025,May,4,Q2,WHSL,Wholesale,Women,Tops,7427.73,112.0,66.32,158.11,7.21,3420.03,0.4604,8869.28,8042.88,6766.65,4236.45
FY2025-05,2025,Jun,5,Q2,WHSL,Wholesale,Women,Tops,20149.24,302.0,66.72,448.68,17.18,9211.8,0.4572,8391.22,14831.83,27055.71,13047.43
FY2025-06,2025,Jul,6,Q2,WHSL,Wholesale,Women,Tops,21733.91,351.0,61.92,508.04,22.78,9900.17,0.4555,14853.14,17044.16,24455.75,13029.57
FY2025-07,2025,Aug,7,Q3,WHSL,Wholesale,Women,Tops,11305.56,173.0,65.35,219.09,10.7,5183.22,0.4585,20282.06,8746.71,0.0,0.0
FY2025-08,2025,Sep,8,Q3,WHSL,Wholesale,Women,Tops,15590.7,248.0,62.87,356.03,15.02,7118.52,0.4566,9991.59,11231.15,17201.31,9591.75
FY2025-09,2025,Oct,9,Q3,WHSL,Wholesale,Women,Tops,17788.45,270.0,65.88,385.04,20.53,8189.73,0.4604,12682.56,20566.53,26077.99,15252.03
FY2025-10,2025,Nov,10,Q4,WHSL,Wholesale,Women,Tops,12995.95,200.0,64.98,225.31,12.19,6003.71,0.462,20435.48,12429.72,5227.69,2809.91
FY2025-11,2025,Dec,11,Q4,WHSL,Wholesale,Women,Tops,8580.25,138.0,62.18,228.73,10.32,3890.74,0.4535,13145.45,6828.96,2502.81,1309.63
FY2025-12,2025,Jan,12,Q4,WHSL,Wholesale,Women,Tops,10585.86,172.0,61.55,243.25,9.34,4813.99,0.4548,7012.95,9157.07,12982.57,6395.67
FY2026-01,2026,Feb,1,Q1,WHSL,Wholesale,Women,Tops,27178.83,407.0,66.78,489.61,30.81,12573.6,0.4626,9435.42,28278.82,46542.65,23853.39
FY2026-02,2026,Mar,2,Q1,WHSL,Wholesale,Women,Tops,20917.48,315.0,66.4,406.27,23.55,9689.37,0.4632,27928.64,22249.57,15668.23,7943.69
FY2026-03,2026,Apr,3,Q1,WHSL,Wholesale,Women,Tops,10355.46,162.0,63.92,244.14,11.52,4741.93,0.4579,18322.52,11614.5,3903.1,1866.7
FY2026-04,2026,May,4,Q2,WHSL,Wholesale,Women,Tops,9529.17,151.0,63.11,190.89,10.36,4391.42,0.4608,11291.77,9157.12,7595.77,4410.2
FY2026-05,2026,Jun,5,Q2,WHSL,Wholesale,Women,Tops,25010.06,391.0,63.96,568.01,26.67,11426.5,0.4569,9840.86,16615.61,32379.49,19035.06
FY2026-06,2026,Jul,6,Q2,WHSL,Wholesale,Women,Tops,28861.18,439.0,65.74,573.29,30.16,13204.64,0.4575,19939.61,25985.87,35510.89,17904.48
