month_key,fiscal_year,fiscal_month,fiscal_month_no,fiscal_quarter,weeks_in_month,channel_key,channel,division,department,plan_version,plan_sales_dollars,plan_sales_units,plan_aur,plan_markdown_dollars,plan_shrink_dollars,plan_gross_margin_pct,plan_gross_margin_dollars,plan_bom_retail,plan_eom_retail,plan_receipts_retail,plan_receipts_cost,plan_weeks_of_supply,plan_turn
FY2024-01,2024,Feb,1,Q1,4,ECOM,Ecommerce,Baby,Accessories,Original Plan,18306.3,733,24.97,2471.6,73.23,0.505,9244.43,50451.38,51547.4,21947.15,7900.97,11.0,0.359
FY2024-02,2024,Mar,2,Q1,5,ECOM,Ecommerce,Baby,Accessories,Original Plan,26222.54,1050,24.97,3444.58,104.89,0.5086,13337.85,51547.4,61930.01,40154.62,14455.66,9.8,0.462
FY2024-03,2024,Apr,3,Q1,4,ECOM,Ecommerce,Baby,Accessories,Original Plan,29191.13,1169,24.97,3394.06,116.76,0.5237,15288.27,61930.01,85629.74,56401.69,20304.61,8.5,0.396
FY2024-04,2024,May,4,Q2,4,ECOM,Ecommerce,Baby,Accessories,Original Plan,26964.69,1080,24.97,3407.26,107.86,0.5136,13850.14,85629.74,75516.66,20366.72,7332.02,12.7,0.335
FY2024-05,2024,Jun,5,Q2,5,ECOM,Ecommerce,Baby,Accessories,Original Plan,24490.87,981,24.97,2990.76,97.96,0.5179,12683.39,75516.66,58627.86,10690.79,3848.69,15.4,0.365
FY2024-06,2024,Jul,6,Q2,4,ECOM,Ecommerce,Baby,Accessories,Original Plan,20780.13,832,24.97,3020.84,83.12,0.4946,10278.44,58627.86,58047.99,23304.22,8389.52,11.3,0.356
FY2024-07,2024,Aug,7,Q3,4,ECOM,Ecommerce,Baby,Accessories,Original Plan,21769.66,872,24.97,2711.31,87.08,0.5155,11221.27,58047.99,59474.15,25994.2,9357.91,10.7,0.37
FY2024-08,2024,Sep,8,Q3,5,ECOM,Ecommerce,Baby,Accessories,Original Plan,23501.34,941,24.97,3079.35,94.01,0.509,11961.51,59474.15,56453.47,23654.01,8515.44,12.7,0.405
FY2024-09,2024,Oct,9,Q3,4,ECOM,Ecommerce,Baby,Accessories,Original Plan,24738.25,991,24.97,2960.41,98.95,0.5203,12872.07,56453.47,74723.8,46067.94,16584.46,9.1,0.377
FY2024-10,2024,Nov,10,Q4,4,ECOM,Ecommerce,Baby,Accessories,Original Plan,35623.08,1427,24.97,4891.36,142.49,0.5027,17907.41,74723.8,100844.94,66778.06,24040.1,8.4,0.406
FY2024-11,2024,Dec,11,Q4,5,ECOM,Ecommerce,Baby,Accessories,Original Plan,38591.67,1546,24.97,5155.02,154.37,0.5064,19543.65,100844.94,85595.09,28651.2,10314.43,13.1,0.414
FY2024-12,2024,Jan,12,Q4,4,ECOM,Ecommerce,Baby,Accessories,Original Plan,15585.1,624,24.97,2194.7,62.34,0.4992,7779.76,85595.09,67752.95,0.0,0.0,22.0,0.203
FY2025-01,2025,Feb,1,Q1,4,ECOM,Ecommerce,Baby,Accessories,Original Plan,20869.19,836,24.97,2609.96,83.48,0.5149,10746.32,67752.95,56655.84,12465.52,4487.59,13.0,0.335
FY2025-02,2025,Mar,2,Q1,5,ECOM,Ecommerce,Baby,Accessories,Original Plan,29893.7,1197,24.97,4360.98,119.57,0.4941,14770.99,56655.84,64779.28,42497.69,15299.17,9.5,0.492
FY2025-03,2025,Apr,3,Q1,4,ECOM,Ecommerce,Baby,Accessories,Original Plan,33277.89,1333,24.97,4252.19,133.11,0.5122,17045.66,64779.28,98057.97,70941.89,25539.08,7.8,0.409
FY2025-04,2025,May,4,Q2,4,ECOM,Ecommerce,Baby,Accessories,Original Plan,30739.75,1231,24.97,4073.72,122.96,0.5075,15599.72,98057.97,89702.06,26580.51,9568.98,12.8,0.327
FY2025-05,2025,Jun,5,Q2,5,ECOM,Ecommerce,Baby,Accessories,Original Plan,27919.59,1118,24.97,3946.4,111.68,0.4987,13922.13,89702.06,65918.99,8194.6,2950.06,16.1,0.359
FY2025-06,2025,Jul,6,Q2,4,ECOM,Ecommerce,Baby,Accessories,Original Plan,23689.35,949,24.97,3166.95,94.76,0.5063,11994.23,65918.99,70850.42,31882.48,11477.69,11.1,0.346
FY2025-07,2025,Aug,7,Q3,4,ECOM,Ecommerce,Baby,Accessories,Original Plan,24817.41,994,24.97,3667.62,99.27,0.4922,12215.53,70850.42,68524.5,26258.38,9453.02,11.4,0.356
FY2025-08,2025,Sep,8,Q3,5,ECOM,Ecommerce,Baby,Accessories,Original Plan,26791.52,1073,24.97,3645.46,107.17,0.5039,13501.11,68524.5,63145.59,25165.24,9059.49,12.8,0.407
FY2025-09,2025,Oct,9,Q3,4,ECOM,Ecommerce,Baby,Accessories,Original Plan,28201.6,1130,24.97,3619.41,112.81,0.5117,14429.61,63145.59,83567.09,52355.32,18847.91,9.0,0.384
FY2025-10,2025,Nov,10,Q4,4,ECOM,Ecommerce,Baby,Accessories,Original Plan,40610.31,1627,24.97,5070.99,162.44,0.5151,20919.6,83567.09,120832.13,83108.78,29919.16,8.2,0.397
FY2025-11,2025,Dec,11,Q4,5,ECOM,Ecommerce,Baby,Accessories,Original Plan,43994.5,1762,24.97,5911.76,175.98,0.5056,22244.72,120832.13,104412.86,33662.97,12118.67,13.7,0.391
FY2025-12,2025,Jan,12,Q4,4,ECOM,Ecommerce,Baby,Accessories,Original Plan,17767.01,712,24.97,2312.94,71.07,0.5098,9057.95,104412.86,84261.84,0.0,0.0,23.5,0.188
FY2026-01,2026,Feb,1,Q1,4,ECOM,Ecommerce,Baby,Accessories,Original Plan,24625.64,986,24.97,3319.9,98.5,0.5052,12440.51,84261.84,67569.69,11351.88,4086.68,13.7,0.324
FY2026-02,2026,Mar,2,Q1,5,ECOM,Ecommerce,Baby,Accessories,Original Plan,35274.56,1413,24.97,4276.75,141.1,0.5188,18298.97,67569.69,80477.5,52600.23,18936.08,9.6,0.477
FY2026-03,2026,Apr,3,Q1,4,ECOM,Ecommerce,Baby,Accessories,Original Plan,39267.91,1573,24.97,5492.99,157.07,0.5001,19638.47,80477.5,118056.34,82496.82,29698.86,8.2,0.396
FY2026-04,2026,May,4,Q2,4,ECOM,Ecommerce,Baby,Accessories,Original Plan,36272.9,1453,24.97,5019.77,145.09,0.5016,18194.88,118056.34,101000.55,24381.97,8777.51,13.0,0.331
FY2026-05,2026,Jun,5,Q2,5,ECOM,Ecommerce,Baby,Accessories,Original Plan,32945.11,1320,24.97,4322.19,131.78,0.5088,16762.69,101000.55,77416.07,13814.6,4973.26,15.3,0.369
FY2026-06,2026,Jul,6,Q2,4,ECOM,Ecommerce,Baby,Accessories,Original Plan,27953.43,1120,24.97,3927.94,111.81,0.4995,13962.26,77416.07,83927.52,38504.63,13861.67,11.1,0.347
FY2026-07,2026,Aug,7,Q3,4,ECOM,Ecommerce,Baby,Accessories,Original Plan,29284.54,1173,24.97,4029.36,117.14,0.5024,14712.75,83927.52,81814.69,31318.21,11274.56,11.5,0.353
FY2026-08,2026,Sep,8,Q3,5,ECOM,Ecommerce,Baby,Accessories,Original Plan,31614.0,1266,24.97,4043.3,126.46,0.5121,16189.66,81814.69,73019.46,26988.52,9715.87,12.9,0.408
FY2026-09,2026,Oct,9,Q3,4,ECOM,Ecommerce,Baby,Accessories,Original Plan,33277.89,1333,24.97,4021.1,133.11,0.5192,17276.75,73019.46,90803.83,55216.47,19877.93,8.8,0.406
FY2026-10,2026,Nov,10,Q4,4,ECOM,Ecommerce,Baby,Accessories,Original Plan,47920.16,1919,24.97,5914.47,191.68,0.5166,24754.43,90803.83,141064.55,104287.04,37543.33,7.6,0.413
FY2026-11,2026,Dec,11,Q4,5,ECOM,Ecommerce,Baby,Accessories,Original Plan,51913.51,2079,24.97,7981.53,207.65,0.4863,25243.12,141064.55,114855.95,33894.1,12201.87,13.6,0.406
FY2026-12,2026,Jan,12,Q4,4,ECOM,Ecommerce,Baby,Accessories,Original Plan,20965.07,840,24.97,3171.59,83.86,0.4887,10246.05,114855.95,90635.43,0.0,0.0,21.9,0.204
FY2024-01,2024,Feb,1,Q1,4,ECOM,Ecommerce,Baby,Accessories,Current Plan,18268.58,732,24.97,2349.6,73.07,0.5114,9342.29,47705.47,49760.69,22746.46,8188.73,10.4,0.375
FY2024-02,2024,Mar,2,Q1,5,ECOM,Ecommerce,Baby,Accessories,Current Plan,27152.86,1088,24.97,3978.35,108.61,0.4935,13399.48,49760.69,66012.75,47491.89,17097.08,9.2,0.469
FY2024-03,2024,Apr,3,Q1,4,ECOM,Ecommerce,Baby,Accessories,Current Plan,28932.72,1159,24.97,3790.35,115.73,0.509,14726.59,66012.75,79109.42,45935.47,16536.77,9.1,0.399
FY2024-04,2024,May,4,Q2,4,ECOM,Ecommerce,Baby,Accessories,Current Plan,28132.33,1127,24.97,3992.88,112.53,0.4981,14011.81,79109.42,78109.66,31237.99,11245.67,11.2,0.358
FY2024-05,2024,Jun,5,Q2,5,ECOM,Ecommerce,Baby,Accessories,Current Plan,24514.05,982,24.97,3064.87,98.06,0.515,12624.12,78109.66,59006.56,8573.87,3086.59,15.9,0.358
FY2024-06,2024,Jul,6,Q2,4,ECOM,Ecommerce,Baby,Accessories,Current Plan,21076.65,844,24.97,2477.01,84.31,0.5225,11012.04,59006.56,61606.76,26238.18,9445.75,11.2,0.349
FY2024-07,2024,Aug,7,Q3,4,ECOM,Ecommerce,Baby,Accessories,Current Plan,21829.51,874,24.97,2814.8,87.32,0.5111,11156.08,61606.76,60455.83,23580.7,8489.05,11.3,0.358
FY2024-08,2024,Sep,8,Q3,5,ECOM,Ecommerce,Baby,Accessories,Current Plan,23894.28,957,24.97,3420.64,95.58,0.4968,11871.7,60455.83,54841.81,21796.48,7846.73,12.7,0.414
FY2024-09,2024,Oct,9,Q3,4,ECOM,Ecommerce,Baby,Accessories,Current Plan,24781.71,993,24.97,3812.3,99.13,0.4862,12048.0,54841.81,73961.61,47812.93,17212.65,8.9,0.385
FY2024-10,2024,Nov,10,Q4,4,ECOM,Ecommerce,Baby,Accessories,Current Plan,36577.84,1465,24.97,5180.63,146.31,0.4984,18229.19,73961.61,104106.87,72050.04,25938.01,8.1,0.411
FY2024-11,2024,Dec,11,Q4,5,ECOM,Ecommerce,Baby,Accessories,Current Plan,37102.52,1486,24.97,4814.64,148.41,0.5102,18930.97,104106.87,81270.26,19228.96,6922.43,14.0,0.4
FY2024-12,2024,Jan,12,Q4,4,ECOM,Ecommerce,Baby,Accessories,Current Plan,16073.48,644,24.97,2027.22,64.29,0.5139,8259.81,81270.26,63105.26,0.0,0.0,20.2,0.223
FY2025-01,2025,Feb,1,Q1,4,ECOM,Ecommerce,Baby,Accessories,Current Plan,20400.79,817,24.97,2737.04,81.6,0.5058,10319.47,63105.26,56160.67,16274.84,5858.94,12.4,0.342
FY2025-02,2025,Mar,2,Q1,5,ECOM,Ecommerce,Baby,Accessories,Current Plan,31562.1,1264,24.97,4378.22,126.25,0.5013,15821.52,56160.67,70779.39,50685.28,18246.7,8.9,0.497
FY2025-03,2025,Apr,3,Q1,4,ECOM,Ecommerce,Baby,Accessories,Current Plan,34637.14,1387,24.97,5141.86,138.55,0.4916,17025.91,70779.39,99227.91,68366.06,24611.78,8.2,0.407
FY2025-04,2025,May,4,Q2,4,ECOM,Ecommerce,Baby,Accessories,Current Plan,30497.35,1221,24.97,3972.67,121.99,0.5097,15545.64,99227.91,87296.8,22660.9,8157.92,13.0,0.327
FY2025-05,2025,Jun,5,Q2,5,ECOM,Ecommerce,Baby,Accessories,Current Plan,27954.47,1120,24.97,4029.2,111.82,0.4959,13861.66,87296.8,60843.18,5641.87,2031.07,15.6,0.377
FY2025-06,2025,Jul,6,Q2,4,ECOM,Ecommerce,Baby,Accessories,Current Plan,24478.67,980,24.97,2997.85,97.91,0.5175,12668.5,60843.18,73411.45,40142.71,14451.38,9.9,0.365
FY2025-07,2025,Aug,7,Q3,4,ECOM,Ecommerce,Baby,Accessories,Current Plan,25226.08,1010,24.97,3231.53,100.9,0.5119,12913.16,73411.45,70448.96,25596.02,9214.57,11.6,0.351
FY2025-08,2025,Sep,8,Q3,5,ECOM,Ecommerce,Baby,Accessories,Current Plan,26906.24,1078,24.97,4034.94,107.62,0.49,13185.06,70448.96,64535.46,25135.3,9048.71,13.1,0.399
FY2025-09,2025,Oct,9,Q3,4,ECOM,Ecommerce,Baby,Accessories,Current Plan,28216.16,1130,24.97,3890.58,112.86,0.5021,14167.76,64535.46,85617.08,53301.23,19188.44,9.1,0.376
FY2025-10,2025,Nov,10,Q4,4,ECOM,Ecommerce,Baby,Accessories,Current Plan,40497.76,1622,24.97,5749.39,161.99,0.498,20169.18,85617.08,119115.54,79907.59,28766.73,8.5,0.396
FY2025-11,2025,Dec,11,Q4,5,ECOM,Ecommerce,Baby,Accessories,Current Plan,45032.84,1804,24.97,6160.62,180.13,0.5032,22660.39,119115.54,98100.48,30358.54,10929.07,13.2,0.415
FY2025-12,2025,Jan,12,Q4,4,ECOM,Ecommerce,Baby,Accessories,Current Plan,17839.02,714,24.97,2320.72,71.36,0.5099,9096.25,98100.48,77869.38,0.0,0.0,22.0,0.203
FY2026-01,2026,Feb,1,Q1,4,ECOM,Ecommerce,Baby,Accessories,Current Plan,25529.45,1022,24.97,3878.55,102.12,0.4881,12460.3,77869.38,77533.25,29173.99,10502.64,12.2,0.329
FY2026-02,2026,Mar,2,Q1,5,ECOM,Ecommerce,Baby,Accessories,Current Plan,35423.55,1419,24.97,4332.46,141.69,0.5177,18338.61,77533.25,78081.6,40446.06,14560.58,10.9,0.455
FY2026-03,2026,Apr,3,Q1,4,ECOM,Ecommerce,Baby,Accessories,Current Plan,40559.25,1624,24.97,5063.07,162.24,0.5152,20894.85,78081.6,111668.78,79371.74,28573.83,7.7,0.428
FY2026-04,2026,May,4,Q2,4,ECOM,Ecommerce,Baby,Accessories,Current Plan,36728.46,1471,24.97,4920.77,146.91,0.506,18585.44,111668.78,107309.42,37436.78,13477.24,12.2,0.335
FY2026-05,2026,Jun,5,Q2,5,ECOM,Ecommerce,Baby,Accessories,Current Plan,33989.77,1361,24.97,4329.06,135.96,0.5126,17424.39,107309.42,73792.34,4937.72,1777.58,15.8,0.375
FY2026-06,2026,Jul,6,Q2,4,ECOM,Ecommerce,Baby,Accessories,Current Plan,29171.6,1168,24.97,4254.28,116.69,0.4942,14415.54,73792.34,81382.06,41132.29,14807.62,10.1,0.376
FY2026-07,2026,Aug,7,Q3,4,ECOM,Ecommerce,Baby,Accessories,Current Plan,29623.62,1186,24.97,4252.25,118.49,0.4965,14706.87,81382.06,83108.72,35721.03,12859.57,11.0,0.36
FY2026-08,2026,Sep,8,Q3,5,ECOM,Ecommerce,Baby,Accessories,Current Plan,32691.65,1309,24.97,4687.24,130.77,0.4966,16235.41,83108.72,72608.0,27008.94,9723.22,12.7,0.42
FY2026-09,2026,Oct,9,Q3,4,ECOM,Ecommerce,Baby,Accessories,Current Plan,33975.76,1361,24.97,4638.75,135.9,0.5035,17105.73,72608.0,94324.26,60466.68,21768.0,8.5,0.407
FY2026-10,2026,Nov,10,Q4,4,ECOM,Ecommerce,Baby,Accessories,Current Plan,48728.73,1952,24.97,5987.42,194.91,0.5171,25198.96,94324.26,142428.01,103014.81,37085.33,7.7,0.412
FY2026-11,2026,Dec,11,Q4,5,ECOM,Ecommerce,Baby,Accessories,Current Plan,52906.42,2119,24.97,7454.54,211.63,0.4991,26405.58,142428.01,117429.6,35574.17,12806.7,13.5,0.407
FY2026-12,2026,Jan,12,Q4,4,ECOM,Ecommerce,Baby,Accessories,Current Plan,21800.1,873,24.97,2693.12,87.2,0.5165,11258.95,117429.6,92849.18,0.0,0.0,21.5,0.207
FY2024-01,2024,Feb,1,Q1,4,STORE,Retail Stores,Baby,Accessories,Original Plan,8321.05,333,24.97,831.39,74.89,0.5401,4494.08,23815.68,24279.86,9691.5,3488.94,11.4,0.346
FY2024-02,2024,Mar,2,Q1,5,STORE,Retail Stores,Baby,Accessories,Original Plan,11919.34,477,24.97,1374.06,107.27,0.5247,6254.32,24279.86,28247.53,17368.35,6252.6,10.2,0.454
FY2024-03,2024,Apr,3,Q1,4,STORE,Retail Stores,Baby,Accessories,Original Plan,13268.7,531,24.97,1354.04,119.42,0.538,7137.93,28247.53,38949.03,25443.65,9159.71,8.5,0.395
FY2024-04,2024,May,4,Q2,4,STORE,Retail Stores,Baby,Accessories,Original Plan,12256.68,491,24.97,1438.34,110.31,0.5226,6405.93,38949.03,37109.84,11966.14,4307.81,12.7,0.322
FY2024-05,2024,Jun,5,Q2,5,STORE,Retail Stores,Baby,Accessories,Original Plan,11132.21,446,24.97,1121.13,100.19,0.5393,6003.49,37109.84,24888.13,131.82,47.45,16.7,0.359
FY2024-06,2024,Jul,6,Q2,4,STORE,Retail Stores,Baby,Accessories,Original Plan,9445.51,378,24.97,973.98,85.01,0.5369,5071.14,24888.13,25749.66,11366.03,4091.77,10.5,0.373
FY2024-07,2024,Aug,7,Q3,4,STORE,Retail Stores,Baby,Accessories,Original Plan,9895.3,396,24.97,950.46,89.06,0.5439,5382.53,25749.66,29583.47,14768.62,5316.7,10.4,0.358
FY2024-08,2024,Sep,8,Q3,5,STORE,Retail Stores,Baby,Accessories,Original Plan,10682.43,428,24.97,1140.09,96.14,0.5333,5696.66,29583.47,25330.23,7665.42,2759.55,13.8,0.389
FY2024-09,2024,Oct,9,Q3,4,STORE,Retail Stores,Baby,Accessories,Original Plan,11244.66,450,24.97,1207.3,101.2,0.5326,5989.28,25330.23,30713.08,17936.01,6456.96,9.0,0.401
FY2024-10,2024,Nov,10,Q4,4,STORE,Retail Stores,Baby,Accessories,Original Plan,16192.31,649,24.97,1519.27,145.73,0.5462,8843.81,30713.08,49267.5,36411.73,13108.22,7.6,0.405
FY2024-11,2024,Dec,11,Q4,5,STORE,Retail Stores,Baby,Accessories,Original Plan,17541.67,703,24.97,2029.41,157.87,0.5243,9197.26,49267.5,38376.15,8837.6,3181.54,14.0,0.4
FY2024-12,2024,Jan,12,Q4,4,STORE,Retail Stores,Baby,Accessories,Original Plan,7084.13,284,24.97,833.18,63.76,0.5224,3700.66,38376.15,30395.07,0.0,0.0,21.7,0.206
FY2025-01,2025,Feb,1,Q1,4,STORE,Retail Stores,Baby,Accessories,Original Plan,9485.99,380,24.97,1114.2,85.37,0.5225,4956.83,30395.07,25857.28,6147.78,2213.2,12.8,0.337
FY2025-02,2025,Mar,2,Q1,5,STORE,Retail Stores,Baby,Accessories,Original Plan,13588.04,544,24.97,1379.14,122.29,0.5385,7317.2,25857.28,31716.22,20948.41,7541.43,9.5,0.472
FY2025-03,2025,Apr,3,Q1,4,STORE,Retail Stores,Baby,Accessories,Original Plan,15126.31,606,24.97,1822.54,136.14,0.5195,7858.3,31716.22,43620.14,28988.91,10436.01,8.4,0.402
FY2025-04,2025,May,4,Q2,4,STORE,Retail Stores,Baby,Accessories,Original Plan,13972.61,560,24.97,1663.43,125.75,0.521,7279.04,43620.14,39420.22,11561.87,4162.27,12.5,0.337
FY2025-05,2025,Jun,5,Q2,5,STORE,Retail Stores,Baby,Accessories,Original Plan,12690.72,508,24.97,1423.7,114.22,0.5278,6698.36,39420.22,30565.58,5374.0,1934.64,15.5,0.363
FY2025-06,2025,Jul,6,Q2,4,STORE,Retail Stores,Baby,Accessories,Original Plan,10767.88,431,24.97,1135.15,96.91,0.5346,5756.3,30565.58,30967.8,12402.16,4464.78,11.4,0.35
FY2025-07,2025,Aug,7,Q3,4,STORE,Retail Stores,Baby,Accessories,Original Plan,11280.64,452,24.97,1319.0,101.53,0.5231,5900.61,30967.8,32359.31,14092.68,5073.36,11.0,0.356
FY2025-08,2025,Sep,8,Q3,5,STORE,Retail Stores,Baby,Accessories,Original Plan,12177.96,488,24.97,1215.51,109.6,0.5402,6578.38,32359.31,27372.05,8515.82,3065.7,13.3,0.408
FY2025-09,2025,Oct,9,Q3,4,STORE,Retail Stores,Baby,Accessories,Original Plan,12818.91,513,24.97,1534.27,115.37,0.5203,6669.83,27372.05,38810.13,25906.63,9326.39,8.5,0.387
FY2025-10,2025,Nov,10,Q4,4,STORE,Retail Stores,Baby,Accessories,Original Plan,18459.23,739,24.97,1786.71,166.13,0.5432,10027.19,38810.13,51557.27,33159.22,11937.32,8.4,0.409
FY2025-11,2025,Dec,11,Q4,5,STORE,Retail Stores,Baby,Accessories,Original Plan,19997.5,801,24.97,2047.68,179.98,0.5376,10750.72,51557.27,46965.19,17633.07,6347.91,12.9,0.406
FY2025-12,2025,Jan,12,Q4,4,STORE,Retail Stores,Baby,Accessories,Original Plan,8075.91,323,24.97,932.48,72.68,0.5245,4236.11,46965.19,37884.11,0.0,0.0,23.3,0.19
FY2026-01,2026,Feb,1,Q1,4,STORE,Retail Stores,Baby,Accessories,Original Plan,11193.47,448,24.97,1098.0,100.74,0.5419,6065.82,37884.11,31087.39,5595.49,2014.38,13.5,0.325
FY2026-02,2026,Mar,2,Q1,5,STORE,Retail Stores,Baby,Accessories,Original Plan,16033.89,642,24.97,1467.9,144.31,0.5485,8793.79,31087.39,38688.68,25247.39,9089.06,9.7,0.46
FY2026-03,2026,Apr,3,Q1,4,STORE,Retail Stores,Baby,Accessories,Original Plan,17849.05,715,24.97,1944.67,160.64,0.531,9478.73,38688.68,48341.94,29607.62,10658.74,8.7,0.41
FY2026-04,2026,May,4,Q2,4,STORE,Retail Stores,Baby,Accessories,Original Plan,16487.68,660,24.97,1770.76,148.39,0.5326,8781.36,48341.94,47008.41,17073.3,6146.39,11.7,0.346
FY2026-05,2026,Jun,5,Q2,5,STORE,Retail Stores,Baby,Accessories,Original Plan,14975.05,600,24.97,1417.13,134.78,0.5454,8166.91,47008.41,36087.6,5606.14,2018.21,15.7,0.36
FY2026-06,2026,Jul,6,Q2,4,STORE,Retail Stores,Baby,Accessories,Original Plan,12706.1,509,24.97,1413.15,114.35,0.5288,6718.76,36087.6,36383.57,14529.58,5230.65,11.4,0.351
FY2026-07,2026,Aug,7,Q3,4,STORE,Retail Stores,Baby,Accessories,Original Plan,13311.16,533,24.97,1324.74,119.8,0.5405,7194.4,36383.57,36383.52,14755.64,5312.03,10.9,0.366
FY2026-08,2026,Sep,8,Q3,5,STORE,Retail Stores,Baby,Accessories,Original Plan,14370.0,576,24.97,1662.27,129.33,0.5243,7534.53,36383.52,33115.92,12893.99,4641.84,12.7,0.414
FY2026-09,2026,Oct,9,Q3,4,STORE,Retail Stores,Baby,Accessories,Original Plan,15126.31,606,24.97,1353.94,136.14,0.5505,8326.9,33115.92,45058.55,28559.02,10281.25,8.8,0.387
FY2026-10,2026,Nov,10,Q4,4,STORE,Retail Stores,Baby,Accessories,Original Plan,21781.89,872,24.97,2562.47,196.04,0.5224,11377.94,45058.55,64949.36,44431.21,15995.24,8.3,0.396
FY2026-11,2026,Dec,11,Q4,5,STORE,Retail Stores,Baby,Accessories,Original Plan,23597.05,945,24.97,2137.35,212.37,0.5494,12964.76,64949.36,55048.73,16046.15,5776.61,13.8,0.393
FY2026-12,2026,Jan,12,Q4,4,STORE,Retail Stores,Baby,Accessories,Original Plan,9529.58,382,24.97,953.96,85.77,0.5399,5144.97,55048.73,44479.43,0.0,0.0,23.1,0.191
FY2024-01,2024,Feb,1,Q1,4,STORE,Retail Stores,Baby,Accessories,Current Plan,8548.73,342,24.97,987.81,76.94,0.5245,4483.38,24094.06,25131.15,10650.57,3834.2,11.3,0.347
FY2024-02,2024,Mar,2,Q1,5,STORE,Retail Stores,Baby,Accessories,Current Plan,12085.57,484,24.97,1405.94,108.77,0.5237,6328.83,25131.15,27379.05,15848.18,5705.34,10.4,0.46
FY2024-03,2024,Apr,3,Q1,4,STORE,Retail Stores,Baby,Accessories,Current Plan,12834.5,514,24.97,1251.62,115.51,0.5425,6962.47,27379.05,36139.03,22961.61,8266.18,8.5,0.404
FY2024-04,2024,May,4,Q2,4,STORE,Retail Stores,Baby,Accessories,Current Plan,12131.14,486,24.97,1454.39,109.18,0.5201,6309.54,36139.03,36002.06,13557.74,4880.79,11.9,0.336
FY2024-05,2024,Jun,5,Q2,5,STORE,Retail Stores,Baby,Accessories,Current Plan,11267.71,451,24.97,1192.08,101.41,0.5342,6019.25,36002.06,26595.98,3155.13,1135.85,16.0,0.36
FY2024-06,2024,Jul,6,Q2,4,STORE,Retail Stores,Baby,Accessories,Current Plan,9378.02,376,24.97,885.63,84.4,0.5456,5116.31,26595.98,26609.1,10361.17,3730.02,11.3,0.353
FY2024-07,2024,Aug,7,Q3,4,STORE,Retail Stores,Baby,Accessories,Current Plan,10071.72,403,24.97,1060.32,90.65,0.5347,5385.58,26609.1,30428.32,15041.89,5415.08,10.6,0.353
FY2024-08,2024,Sep,8,Q3,5,STORE,Retail Stores,Baby,Accessories,Current Plan,10990.37,440,24.97,1202.83,98.91,0.5306,5831.01,30428.32,25119.18,6982.97,2513.87,13.8,0.396
FY2024-09,2024,Oct,9,Q3,4,STORE,Retail Stores,Baby,Accessories,Current Plan,11159.77,447,24.97,1321.43,100.44,0.5216,5820.83,25119.18,33593.95,21056.4,7580.3,9.0,0.38
FY2024-10,2024,Nov,10,Q4,4,STORE,Retail Stores,Baby,Accessories,Current Plan,16372.67,656,24.97,1712.7,147.35,0.5354,8765.81,33593.95,49451.93,34090.7,12272.65,8.2,0.394
FY2024-11,2024,Dec,11,Q4,5,STORE,Retail Stores,Baby,Accessories,Current Plan,17705.38,709,24.97,1940.82,159.35,0.5304,9390.62,49451.93,39322.83,9676.45,3483.52,14.0,0.399
FY2024-12,2024,Jan,12,Q4,4,STORE,Retail Stores,Baby,Accessories,Current Plan,7288.81,292,24.97,816.77,65.6,0.5279,3848.07,39322.83,31151.66,0.0,0.0,21.6,0.207
FY2025-01,2025,Feb,1,Q1,4,STORE,Retail Stores,Baby,Accessories,Current Plan,9467.19,379,24.97,1008.46,85.2,0.5335,5050.54,31151.66,25918.21,5327.42,1917.87,13.2,0.332
FY2025-02,2025,Mar,2,Q1,5,STORE,Retail Stores,Baby,Accessories,Current Plan,13470.26,540,24.97,1394.86,121.23,0.5364,7226.11,25918.21,29539.47,18607.61,6698.74,9.6,0.486
FY2025-03,2025,Apr,3,Q1,4,STORE,Retail Stores,Baby,Accessories,Current Plan,15141.67,606,24.97,1742.79,136.28,0.5249,7947.88,29539.47,45417.02,32898.29,11843.39,7.8,0.404
FY2025-04,2025,May,4,Q2,4,STORE,Retail Stores,Baby,Accessories,Current Plan,14456.81,579,24.97,1657.52,130.11,0.5253,7594.84,45417.02,41837.76,12665.18,4559.46,12.6,0.331
FY2025-05,2025,Jun,5,Q2,5,STORE,Retail Stores,Baby,Accessories,Current Plan,12777.5,512,24.97,1331.33,115.0,0.5358,6846.27,41837.76,28542.68,928.75,334.35,16.4,0.363
FY2025-06,2025,Jul,6,Q2,4,STORE,Retail Stores,Baby,Accessories,Current Plan,11128.4,446,24.97,1029.76,100.16,0.5475,6092.42,28542.68,30680.36,14396.0,5182.56,10.3,0.376
FY2025-07,2025,Aug,7,Q3,4,STORE,Retail Stores,Baby,Accessories,Current Plan,11618.55,465,24.97,1306.31,104.57,0.5276,6129.56,30680.36,32922.67,15271.73,5497.82,10.6,0.365
FY2025-08,2025,Sep,8,Q3,5,STORE,Retail Stores,Baby,Accessories,Current Plan,12254.16,491,24.97,1389.71,110.29,0.5266,6452.96,32922.67,28042.44,8873.92,3194.61,13.4,0.402
FY2025-09,2025,Oct,9,Q3,4,STORE,Retail Stores,Baby,Accessories,Current Plan,12951.38,519,24.97,1495.72,116.56,0.5245,6793.16,28042.44,37211.83,23733.06,8543.9,8.7,0.397
FY2025-10,2025,Nov,10,Q4,4,STORE,Retail Stores,Baby,Accessories,Current Plan,18632.95,746,24.97,1671.41,167.7,0.5503,10253.68,37211.83,56731.02,39991.23,14396.84,8.0,0.397
FY2025-11,2025,Dec,11,Q4,5,STORE,Retail Stores,Baby,Accessories,Current Plan,19400.15,777,24.97,1776.15,174.6,0.5484,10639.95,56731.02,43909.32,8529.21,3070.51,14.6,0.386
FY2025-12,2025,Jan,12,Q4,4,STORE,Retail Stores,Baby,Accessories,Current Plan,7881.2,316,24.97,947.47,70.93,0.5198,4096.5,43909.32,35009.72,0.0,0.0,22.3,0.2
FY2026-01,2026,Feb,1,Q1,4,STORE,Retail Stores,Baby,Accessories,Current Plan,11257.9,451,24.97,1290.52,101.32,0.5254,5914.54,35009.72,31201.68,8841.7,3183.01,12.4,0.34
FY2026-02,2026,Mar,2,Q1,5,STORE,Retail Stores,Baby,Accessories,Current Plan,16485.42,660,24.97,1947.94,148.37,0.5218,8602.73,31201.68,37569.44,24949.48,8981.81,9.5,0.479
FY2026-03,2026,Apr,3,Q1,4,STORE,Retail Stores,Baby,Accessories,Current Plan,18602.29,745,24.97,1829.65,167.42,0.5416,10075.81,37569.44,55227.64,38257.56,13772.72,8.1,0.401
FY2026-04,2026,May,4,Q2,4,STORE,Retail Stores,Baby,Accessories,Current Plan,16991.35,681,24.97,1759.23,152.92,0.5365,9115.24,55227.64,47462.56,11138.42,4009.83,13.0,0.331
FY2026-05,2026,Jun,5,Q2,5,STORE,Retail Stores,Baby,Accessories,Current Plan,15145.42,607,24.97,1414.29,136.31,0.5466,8278.78,47462.56,34077.8,3311.26,1192.05,15.7,0.371
FY2026-06,2026,Jul,6,Q2,4,STORE,Retail Stores,Baby,Accessories,Current Plan,12954.33,519,24.97,1274.47,116.59,0.5416,7016.3,34077.8,36271.33,16538.92,5954.01,10.5,0.368
FY2026-07,2026,Aug,7,Q3,4,STORE,Retail Stores,Baby,Accessories,Current Plan,13949.46,559,24.97,1506.28,125.55,0.532,7421.37,36271.33,40733.16,20043.12,7215.52,10.4,0.362
FY2026-08,2026,Sep,8,Q3,5,STORE,Retail Stores,Baby,Accessories,Current Plan,14669.58,588,24.97,1490.02,132.03,0.5384,7898.51,40733.16,33950.86,9509.33,3423.36,13.9,0.393
FY2026-09,2026,Oct,9,Q3,4,STORE,Retail Stores,Baby,Accessories,Current Plan,15393.93,617,24.97,1570.21,138.55,0.538,8281.91,33950.86,42533.07,25684.89,9246.56,8.8,0.403
FY2026-10,2026,Nov,10,Q4,4,STORE,Retail Stores,Baby,Accessories,Current Plan,21823.24,874,24.97,2362.76,196.41,0.5317,11604.11,42533.07,60372.15,42221.5,15199.74,7.8,0.424
FY2026-11,2026,Dec,11,Q4,5,STORE,Retail Stores,Baby,Accessories,Current Plan,24238.57,971,24.97,2775.16,218.15,0.5255,12737.53,60372.15,55118.92,21978.65,7912.31,12.5,0.42
FY2026-12,2026,Jan,12,Q4,4,STORE,Retail Stores,Baby,Accessories,Current Plan,9903.99,397,24.97,1173.6,89.14,0.5215,5164.95,55118.92,43952.2,0.0,0.0,22.3,0.2
FY2024-01,2024,Feb,1,Q1,4,WHSL,Wholesale,Baby,Accessories,Original Plan,14361.68,751,19.12,296.72,14.36,0.4593,6596.89,14517.25,13860.03,14015.53,7288.08,4.0,1.012
FY2024-02,2024,Mar,2,Q1,5,WHSL,Wholesale,Baby,Accessories,Original Plan,12045.28,630,19.12,242.6,12.05,0.4599,5539.14,13860.03,9457.2,7897.1,4106.49,5.8,1.033
FY2024-03,2024,Apr,3,Q1,4,WHSL,Wholesale,Baby,Accessories,Original Plan,5744.67,300,19.12,131.95,5.74,0.457,2625.49,9457.2,5955.33,2380.49,1237.85,6.6,0.745
FY2024-04,2024,May,4,Q2,4,WHSL,Wholesale,Baby,Accessories,Original Plan,5096.08,266,19.12,96.64,5.1,0.461,2349.48,5955.33,5306.32,4548.81,2365.38,4.7,0.905
FY2024-05,2024,Jun,5,Q2,5,WHSL,Wholesale,Baby,Accessories,Original Plan,12508.56,654,19.12,221.87,12.51,0.4623,5782.23,5306.32,9743.23,17179.85,8933.52,2.1,1.662
FY2024-06,2024,Jul,6,Q2,4,WHSL,Wholesale,Baby,Accessories,Original Plan,13157.15,688,19.12,254.98,13.16,0.4606,6060.45,9743.23,13231.6,16913.65,8795.1,3.0,1.145
FY2024-07,2024,Aug,7,Q3,4,WHSL,Wholesale,Baby,Accessories,Original Plan,6485.92,339,19.12,127.15,6.49,0.4604,2986.09,13231.6,6612.04,0.0,0.0,8.2,0.654
FY2024-08,2024,Sep,8,Q3,5,WHSL,Wholesale,Baby,Accessories,Original Plan,9728.88,509,19.12,185.55,9.73,0.4609,4484.31,6612.04,7548.38,10860.5,5647.46,3.4,1.374
FY2024-09,2024,Oct,9,Q3,4,WHSL,Wholesale,Baby,Accessories,Original Plan,12786.53,669,19.12,285.28,12.79,0.4577,5852.25,7548.38,12376.35,17912.56,9314.53,2.4,1.283
FY2024-10,2024,Nov,10,Q4,4,WHSL,Wholesale,Baby,Accessories,Original Plan,7875.76,412,19.12,159.15,7.88,0.4598,3621.22,12376.35,7451.15,3117.58,1621.14,6.3,0.794
FY2024-11,2024,Dec,11,Q4,5,WHSL,Wholesale,Baby,Accessories,Original Plan,5559.36,291,19.12,119.97,5.56,0.4584,2548.52,7451.15,4507.64,2741.38,1425.52,6.7,0.93
FY2024-12,2024,Jan,12,Q4,4,WHSL,Wholesale,Baby,Accessories,Original Plan,5837.33,305,19.12,114.34,5.84,0.4604,2687.58,4507.64,5820.84,7270.7,3780.77,3.1,1.13
FY2025-01,2025,Feb,1,Q1,4,WHSL,Wholesale,Baby,Accessories,Original Plan,16372.31,856,19.12,360.72,16.37,0.458,7497.99,5820.84,17189.98,28118.55,14621.64,1.4,1.423
FY2025-02,2025,Mar,2,Q1,5,WHSL,Wholesale,Baby,Accessories,Original Plan,13731.62,718,19.12,297.9,13.73,0.4583,6293.28,17189.98,10476.03,7329.29,3811.23,6.3,0.993
FY2025-03,2025,Apr,3,Q1,4,WHSL,Wholesale,Baby,Accessories,Original Plan,6548.92,342,19.12,129.77,6.55,0.4602,3013.71,10476.03,6265.27,2474.48,1286.73,6.4,0.782
FY2025-04,2025,May,4,Q2,4,WHSL,Wholesale,Baby,Accessories,Original Plan,5809.53,304,19.12,130.34,5.81,0.4576,2658.23,6265.27,5498.85,5179.26,2693.22,4.3,0.988
FY2025-05,2025,Jun,5,Q2,5,WHSL,Wholesale,Baby,Accessories,Original Plan,14259.76,746,19.12,311.6,14.26,0.4581,6533.08,5498.85,11114.5,20201.27,10504.66,1.9,1.717
FY2025-06,2025,Jul,6,Q2,4,WHSL,Wholesale,Baby,Accessories,Original Plan,14999.15,784,19.12,264.04,15.0,0.4624,6935.55,11114.5,14779.73,18943.42,9850.58,3.0,1.158
FY2025-07,2025,Aug,7,Q3,4,WHSL,Wholesale,Baby,Accessories,Original Plan,7393.95,387,19.12,140.47,7.39,0.461,3408.63,14779.73,7375.83,137.91,71.71,8.0,0.667
FY2025-08,2025,Sep,8,Q3,5,WHSL,Wholesale,Baby,Accessories,Original Plan,11090.92,580,19.12,242.74,11.09,0.4581,5080.9,7375.83,8925.75,12894.67,6705.23,3.3,1.361
FY2025-09,2025,Oct,9,Q3,4,WHSL,Wholesale,Baby,Accessories,Original Plan,14576.64,762,19.12,260.19,14.58,0.4622,6736.6,8925.75,13724.53,19650.18,10218.09,2.4,1.287
FY2025-10,2025,Nov,10,Q4,4,WHSL,Wholesale,Baby,Accessories,Original Plan,8978.36,469,19.12,200.75,8.98,0.4576,4108.86,13724.53,8847.29,4310.85,2241.64,6.1,0.796
FY2025-11,2025,Dec,11,Q4,5,WHSL,Wholesale,Baby,Accessories,Original Plan,6337.67,331,19.12,133.7,6.34,0.4589,2908.38,8847.29,4781.98,2412.4,1254.45,7.0,0.93
FY2025-12,2025,Jan,12,Q4,4,WHSL,Wholesale,Baby,Accessories,Original Plan,6654.55,348,19.12,114.96,6.65,0.4627,3079.23,4781.98,6642.22,8636.41,4490.93,2.9,1.165
FY2026-01,2026,Feb,1,Q1,4,WHSL,Wholesale,Baby,Accessories,Original Plan,19319.33,1010,19.12,430.15,19.32,0.4577,8843.13,6642.22,19487.55,32614.13,16959.35,1.4,1.479
FY2026-02,2026,Mar,2,Q1,5,WHSL,Wholesale,Baby,Accessories,Original Plan,16203.31,847,19.12,308.53,16.2,0.461,7469.06,19487.55,12610.45,9650.93,5018.48,6.0,1.01
FY2026-03,2026,Apr,3,Q1,4,WHSL,Wholesale,Baby,Accessories,Original Plan,7727.73,404,19.12,163.86,7.73,0.4588,3545.45,12610.45,7663.82,2952.69,1535.4,6.5,0.762
FY2026-04,2026,May,4,Q2,4,WHSL,Wholesale,Baby,Accessories,Original Plan,6855.25,358,19.12,136.41,6.86,0.4601,3154.1,7663.82,6728.07,6062.76,3152.64,4.5,0.953
FY2026-05,2026,Jun,5,Q2,5,WHSL,Wholesale,Baby,Accessories,Original Plan,16826.51,880,19.12,290.18,16.83,0.4628,7786.55,6728.07,13116.73,23522.17,12231.53,2.0,1.696
FY2026-06,2026,Jul,6,Q2,4,WHSL,Wholesale,Baby,Accessories,Original Plan,17699.0,925,19.12,371.32,17.7,0.459,8124.2,13116.73,17483.67,22454.96,11676.58,3.0,1.157
FY2026-07,2026,Aug,7,Q3,4,WHSL,Wholesale,Baby,Accessories,Original Plan,8724.86,456,19.12,195.17,8.72,0.4576,3992.76,17483.67,8647.45,92.53,48.12,8.0,0.668
FY2026-08,2026,Sep,8,Q3,5,WHSL,Wholesale,Baby,Accessories,Original Plan,13087.29,684,19.12,240.09,13.09,0.4617,6041.81,8647.45,10478.67,15171.69,7889.28,3.3,1.369
FY2026-09,2026,Oct,9,Q3,4,WHSL,Wholesale,Baby,Accessories,Original Plan,17200.43,899,19.12,307.6,17.2,0.4621,7948.61,10478.67,17393.86,24440.42,12709.02,2.4,1.234
FY2026-10,2026,Nov,10,Q4,4,WHSL,Wholesale,Baby,Accessories,Original Plan,10594.47,554,19.12,211.2,10.59,0.4601,4874.15,17393.86,10529.38,3951.78,2054.93,6.6,0.759
FY2026-11,2026,Dec,11,Q4,5,WHSL,Wholesale,Baby,Accessories,Original Plan,7478.45,391,19.12,141.1,7.48,0.4611,3448.56,10529.38,6235.04,3332.68,1733.0,7.0,0.892
FY2026-12,2026,Jan,12,Q4,4,WHSL,Wholesale,Baby,Accessories,Original Plan,7852.37,411,19.12,162.17,7.85,0.4593,3606.97,6235.04,7467.83,9255.18,4812.7,3.2,1.146
FY2024-01,2024,Feb,1,Q1,4,WHSL,Wholesale,Baby,Accessories,Current Plan,14417.4,754,19.12,283.59,14.42,0.4603,6636.76,14581.11,15010.1,15144.39,7875.08,4.0,0.974
FY2024-02,2024,Mar,2,Q1,5,WHSL,Wholesale,Baby,Accessories,Current Plan,12661.23,662,19.12,235.27,12.66,0.4614,5842.12,15010.1,9594.76,7493.81,3896.78,5.9,1.029
FY2024-03,2024,Apr,3,Q1,4,WHSL,Wholesale,Baby,Accessories,Current Plan,5749.03,301,19.12,101.95,5.75,0.4623,2657.58,9594.76,6033.27,2295.24,1193.52,6.7,0.736
FY2024-04,2024,May,4,Q2,4,WHSL,Wholesale,Baby,Accessories,Current Plan,4995.29,261,19.12,114.59,5.0,0.4571,2283.15,6033.27,5153.83,4235.44,2202.43,4.8,0.893
FY2024-05,2024,Jun,5,Q2,5,WHSL,Wholesale,Baby,Accessories,Current Plan,12563.57,657,19.12,217.57,12.56,0.4627,5812.94,5153.83,9568.59,17208.46,8948.4,2.1,1.707
FY2024-06,2024,Jul,6,Q2,4,WHSL,Wholesale,Baby,Accessories,Current Plan,12935.11,676,19.12,287.84,12.94,0.4577,5921.02,9568.59,13003.69,16670.98,8668.91,3.0,1.146
FY2024-07,2024,Aug,7,Q3,4,WHSL,Wholesale,Baby,Accessories,Current Plan,6579.15,344,19.12,128.16,6.58,0.4605,3029.83,13003.69,6289.8,0.0,0.0,7.9,0.682
FY2024-08,2024,Sep,8,Q3,5,WHSL,Wholesale,Baby,Accessories,Current Plan,9633.09,504,19.12,180.48,9.63,0.4613,4443.41,6289.8,7354.12,10887.52,5661.51,3.3,1.412
FY2024-09,2024,Oct,9,Q3,4,WHSL,Wholesale,Baby,Accessories,Current Plan,13063.88,683,19.12,223.33,13.06,0.4629,6047.34,7354.12,13069.16,19015.32,9887.97,2.3,1.279
FY2024-10,2024,Nov,10,Q4,4,WHSL,Wholesale,Baby,Accessories,Current Plan,7999.69,418,19.12,154.03,8.0,0.4607,3685.82,13069.16,8171.6,3264.15,1697.36,6.5,0.753
FY2024-11,2024,Dec,11,Q4,5,WHSL,Wholesale,Baby,Accessories,Current Plan,5463.19,286,19.12,116.6,5.46,0.4587,2505.73,8171.6,4380.28,1793.94,932.85,7.5,0.87
FY2024-12,2024,Jan,12,Q4,4,WHSL,Wholesale,Baby,Accessories,Current Plan,5852.85,306,19.12,123.53,5.85,0.4589,2685.84,4380.28,5764.64,7366.59,3830.63,3.0,1.154
FY2025-01,2025,Feb,1,Q1,4,WHSL,Wholesale,Baby,Accessories,Current Plan,17231.49,901,19.12,325.24,17.23,0.4611,7945.88,5764.64,17684.94,29494.26,15337.02,1.3,1.47
FY2025-02,2025,Mar,2,Q1,5,WHSL,Wholesale,Baby,Accessories,Current Plan,14182.98,742,19.12,295.21,14.18,0.4592,6512.62,17684.94,11965.54,8772.96,4561.94,6.2,0.957
FY2025-03,2025,Apr,3,Q1,4,WHSL,Wholesale,Baby,Accessories,Current Plan,6598.25,345,19.12,130.22,6.6,0.4603,3036.94,11965.54,6897.55,1667.08,866.88,7.3,0.7
FY2025-04,2025,May,4,Q2,4,WHSL,Wholesale,Baby,Accessories,Current Plan,5928.44,310,19.12,117.32,5.93,0.4602,2728.33,6897.55,6108.21,5262.35,2736.42,4.7,0.912
FY2025-05,2025,Jun,5,Q2,5,WHSL,Wholesale,Baby,Accessories,Current Plan,14022.65,733,19.12,269.81,14.02,0.4608,6461.06,6108.21,11132.88,19331.16,10052.2,2.2,1.627
FY2025-06,2025,Jul,6,Q2,4,WHSL,Wholesale,Baby,Accessories,Current Plan,15357.56,803,19.12,327.1,15.36,0.4587,7044.53,11132.88,16109.96,20677.1,10752.09,2.9,1.127
FY2025-07,2025,Aug,7,Q3,4,WHSL,Wholesale,Baby,Accessories,Current Plan,7385.87,386,19.12,166.4,7.39,0.4575,3378.81,16109.96,8550.3,0.0,0.0,8.7,0.599
FY2025-08,2025,Sep,8,Q3,5,WHSL,Wholesale,Baby,Accessories,Current Plan,10981.95,574,19.12,187.97,10.98,0.4629,5083.37,8550.3,8389.45,11020.05,5730.43,3.9,1.297
FY2025-09,2025,Oct,9,Q3,4,WHSL,Wholesale,Baby,Accessories,Current Plan,14007.11,732,19.12,288.25,14.01,0.4594,6435.16,8389.45,14741.29,20661.2,10743.83,2.4,1.211
FY2025-10,2025,Nov,10,Q4,4,WHSL,Wholesale,Baby,Accessories,Current Plan,8922.13,467,19.12,201.47,8.92,0.4574,4081.15,14741.29,9256.75,3647.99,1896.96,6.6,0.744
FY2025-11,2025,Dec,11,Q4,5,WHSL,Wholesale,Baby,Accessories,Current Plan,6517.33,341,19.12,112.8,6.52,0.4627,3015.51,9256.75,5018.62,2398.52,1247.23,7.1,0.913
FY2025-12,2025,Jan,12,Q4,4,WHSL,Wholesale,Baby,Accessories,Current Plan,6813.86,356,19.12,125.99,6.81,0.4615,3144.66,5018.62,7047.01,8975.05,4667.03,2.9,1.129
FY2026-01,2026,Feb,1,Q1,4,WHSL,Wholesale,Baby,Accessories,Current Plan,19831.58,1037,19.12,449.96,19.83,0.4573,9069.19,7047.01,19293.55,32547.9,16924.91,1.4,1.506
FY2026-02,2026,Mar,2,Q1,5,WHSL,Wholesale,Baby,Accessories,Current Plan,16769.67,877,19.12,351.35,16.77,0.459,7698.09,19293.55,12656.36,10500.61,5460.32,5.8,1.05
FY2026-03,2026,Apr,3,Q1,4,WHSL,Wholesale,Baby,Accessories,Current Plan,7879.52,412,19.12,136.87,7.88,0.4626,3645.3,12656.36,7899.47,3267.38,1699.04,6.4,0.767
FY2026-04,2026,May,4,Q2,4,WHSL,Wholesale,Baby,Accessories,Current Plan,6911.66,361,19.12,145.07,6.91,0.459,3172.52,7899.47,6618.1,5782.28,3006.79,4.6,0.952
FY2026-05,2026,Jun,5,Q2,5,WHSL,Wholesale,Baby,Accessories,Current Plan,17332.39,906,19.12,336.05,17.33,0.4606,7983.5,6618.1,14267.87,25335.53,13174.48,1.9,1.66
FY2026-06,2026,Jul,6,Q2,4,WHSL,Wholesale,Baby,Accessories,Current Plan,18276.38,956,19.12,413.36,18.28,0.4574,8359.3,14267.87,17974.5,22414.65,11655.62,3.1,1.134
FY2026-07,2026,Aug,7,Q3,4,WHSL,Wholesale,Baby,Accessories,Current Plan,9044.32,473,19.12,158.9,9.04,0.4624,4182.37,17974.5,8762.23,0.0,0.0,7.9,0.677
FY2026-08,2026,Sep,8,Q3,5,WHSL,Wholesale,Baby,Accessories,Current Plan,13395.45,700,19.12,297.93,13.4,0.4578,6131.89,8762.23,10522.93,15467.46,8043.08,3.3,1.389
FY2026-09,2026,Oct,9,Q3,4,WHSL,Wholesale,Baby,Accessories,Current Plan,17561.15,918,19.12,350.2,17.56,0.4601,8079.16,10522.93,18017.32,25423.3,13220.11,2.4,1.231
FY2026-10,2026,Nov,10,Q4,4,WHSL,Wholesale,Baby,Accessories,Current Plan,10873.69,569,19.12,248.13,10.87,0.4572,4971.24,18017.32,10770.73,3886.11,2020.78,6.6,0.755
FY2026-11,2026,Dec,11,Q4,5,WHSL,Wholesale,Baby,Accessories,Current Plan,7736.95,405,19.12,172.81,7.74,0.4577,3540.92,10770.73,6137.87,3284.64,1708.01,7.0,0.915
FY2026-12,2026,Jan,12,Q4,4,WHSL,Wholesale,Baby,Accessories,Current Plan,8190.95,428,19.12,148.09,8.19,0.4619,3783.57,6137.87,8550.86,10760.23,5595.32,3.0,1.115
FY2024-01,2024,Feb,1,Q1,4,ECOM,Ecommerce,Baby,Rompers,Original Plan,44831.76,929,48.24,5337.81,179.33,0.5209,23354.52,129292.3,124156.16,45212.76,16276.59,11.5,0.354
FY2024-02,2024,Mar,2,Q1,5,ECOM,Ecommerce,Baby,Rompers,Original Plan,64218.47,1331,48.24,9917.69,256.87,0.4856,31182.13,124156.16,146727.44,96964.31,34907.15,9.7,0.474
FY2024-03,2024,Apr,3,Q1,4,ECOM,Ecommerce,Baby,Rompers,Original Plan,71488.49,1482,48.24,9356.31,285.95,0.5091,36396.32,146727.44,197505.19,131908.51,47487.06,8.2,0.415
FY2024-04,2024,May,4,Q2,4,ECOM,Ecommerce,Baby,Rompers,Original Plan,66035.98,1369,48.24,8360.78,264.14,0.5134,33902.24,197505.19,182686.0,59841.71,21543.02,12.0,0.347
FY2024-05,2024,Jun,5,Q2,5,ECOM,Ecommerce,Baby,Rompers,Original Plan,59977.63,1243,48.24,7145.9,239.91,0.5209,31239.78,182686.0,133295.69,17973.13,6470.33,15.2,0.38
FY2024-06,2024,Jul,6,Q2,4,ECOM,Ecommerce,Baby,Rompers,Original Plan,50890.11,1055,48.24,6619.44,203.56,0.5099,25950.23,133295.69,138220.46,62637.87,22549.63,10.5,0.375
FY2024-07,2024,Aug,7,Q3,4,ECOM,Ecommerce,Baby,Rompers,Original Plan,53313.45,1105,48.24,6213.16,213.25,0.5235,27907.45,138220.46,161252.22,82771.63,29797.79,10.4,0.356
FY2024-08,2024,Sep,8,Q3,5,ECOM,Ecommerce,Baby,Rompers,Original Plan,57554.29,1193,48.24,7319.82,230.22,0.5128,29514.93,161252.22,135649.99,39502.09,14220.75,14.0,0.388
FY2024-09,2024,Oct,9,Q3,4,ECOM,Ecommerce,Baby,Rompers,Original Plan,60583.46,1256,48.24,7481.24,242.33,0.5165,31292.17,135649.99,183752.59,116409.64,41907.47,9.0,0.379
FY2024-10,2024,Nov,10,Q4,4,ECOM,Ecommerce,Baby,Rompers,Original Plan,87240.19,1808,48.24,11329.74,348.96,0.5101,44503.98,183752.59,239082.71,154249.02,55529.65,8.4,0.413
FY2024-11,2024,Dec,11,Q4,5,ECOM,Ecommerce,Baby,Rompers,Original Plan,94510.2,1959,48.24,13947.27,378.04,0.4924,46539.26,239082.71,213714.64,83467.44,30048.28,12.6,0.417
FY2024-12,2024,Jan,12,Q4,4,ECOM,Ecommerce,Baby,Rompers,Original Plan,38167.58,791,48.24,4436.56,152.67,0.5238,19990.7,213714.64,170957.83,0.0,0.0,22.4,0.198
FY2025-01,2025,Feb,1,Q1,4,ECOM,Ecommerce,Baby,Rompers,Original Plan,51108.21,1059,48.24,7315.62,204.43,0.4969,25393.64,170957.83,142466.53,30136.97,10849.31,13.4,0.326
FY2025-02,2025,Mar,2,Q1,5,ECOM,Ecommerce,Baby,Rompers,Original Plan,73209.06,1517,48.24,10941.82,292.84,0.4905,35911.97,142466.53,175894.8,117871.98,42433.91,9.7,0.46
FY2025-03,2025,Apr,3,Q1,4,ECOM,Ecommerce,Baby,Rompers,Original Plan,81496.88,1689,48.24,9919.93,325.99,0.5183,42238.07,175894.8,225117.15,140965.14,50747.45,8.6,0.406
FY2025-04,2025,May,4,Q2,4,ECOM,Ecommerce,Baby,Rompers,Original Plan,75281.01,1560,48.24,10747.66,301.12,0.4972,37432.19,225117.15,214788.57,76001.21,27360.44,12.0,0.342
FY2025-05,2025,Jun,5,Q2,5,ECOM,Ecommerce,Baby,Rompers,Original Plan,68374.5,1417,48.24,8099.71,273.5,0.5215,35659.96,214788.57,162894.29,24853.43,8947.23,15.7,0.362
FY2025-06,2025,Jul,6,Q2,4,ECOM,Ecommerce,Baby,Rompers,Original Plan,58014.72,1203,48.24,7007.62,232.06,0.5192,30121.8,162894.29,170069.42,72429.53,26074.63,11.2,0.348
FY2025-07,2025,Aug,7,Q3,4,ECOM,Ecommerce,Baby,Rompers,Original Plan,60777.33,1260,48.24,8362.41,243.11,0.5024,30535.08,170069.42,184531.8,83845.23,30184.28,11.2,0.343
FY2025-08,2025,Sep,8,Q3,5,ECOM,Ecommerce,Baby,Rompers,Original Plan,65611.89,1360,48.24,8544.17,262.45,0.5098,33447.44,184531.8,159323.1,49209.81,17715.53,14.1,0.382
FY2025-09,2025,Oct,9,Q3,4,ECOM,Ecommerce,Baby,Rompers,Original Plan,69065.15,1432,48.24,10381.89,276.26,0.4897,33819.8,159323.1,198660.11,119060.31,42861.71,9.2,0.386
FY2025-10,2025,Nov,10,Q4,4,ECOM,Ecommerce,Baby,Rompers,Original Plan,99453.81,2061,48.24,14337.76,397.82,0.4958,49312.68,198660.11,284519.65,200048.93,72017.62,8.0,0.412
FY2025-11,2025,Dec,11,Q4,5,ECOM,Ecommerce,Baby,Rompers,Original Plan,107741.63,2233,48.24,14036.95,430.97,0.5097,54917.7,284519.65,248480.96,86170.85,31021.51,13.2,0.404
FY2025-12,2025,Jan,12,Q4,4,ECOM,Ecommerce,Baby,Rompers,Original Plan,43511.04,902,48.24,6428.11,174.04,0.4923,21418.96,248480.96,198367.76,0.0,0.0,22.8,0.195
FY2026-01,2026,Feb,1,Q1,4,ECOM,Ecommerce,Baby,Rompers,Original Plan,60307.69,1250,48.24,7885.39,241.23,0.5092,30711.53,198367.76,174687.33,44753.88,16111.4,13.2,0.323
FY2026-02,2026,Mar,2,Q1,5,ECOM,Ecommerce,Baby,Rompers,Original Plan,86386.69,1791,48.24,12205.32,345.55,0.4987,43082.16,174687.33,193759.96,118010.17,42483.66,10.1,0.469
FY2026-03,2026,Apr,3,Q1,4,ECOM,Ecommerce,Baby,Rompers,Original Plan,96166.31,1993,48.24,13190.64,384.67,0.5028,48355.8,193759.96,271702.5,187684.16,67566.3,8.1,0.413
FY2026-04,2026,May,4,Q2,4,ECOM,Ecommerce,Baby,Rompers,Original Plan,88831.59,1841,48.24,11360.9,355.33,0.5121,45491.32,271702.5,270182.13,99027.45,35649.88,12.2,0.328
FY2026-05,2026,Jun,5,Q2,5,ECOM,Ecommerce,Baby,Rompers,Original Plan,80681.91,1672,48.24,10127.13,322.73,0.5145,41509.29,270182.13,179050.37,0.0,0.0,16.7,0.359
FY2026-06,2026,Jul,6,Q2,4,ECOM,Ecommerce,Baby,Rompers,Original Plan,68457.38,1419,48.24,8397.6,273.83,0.5173,35415.13,179050.37,189328.67,87407.1,31466.55,10.5,0.372
FY2026-07,2026,Aug,7,Q3,4,ECOM,Ecommerce,Baby,Rompers,Original Plan,71717.25,1487,48.24,11089.99,286.87,0.4854,34809.05,189328.67,200918.62,94684.07,34086.26,10.6,0.368
FY2026-08,2026,Sep,8,Q3,5,ECOM,Ecommerce,Baby,Rompers,Original Plan,77422.03,1605,48.24,10038.3,309.69,0.5103,39511.8,200918.62,183695.5,70546.9,25396.88,13.0,0.403
FY2026-09,2026,Oct,9,Q3,4,ECOM,Ecommerce,Baby,Rompers,Original Plan,81496.88,1689,48.24,12245.84,325.99,0.4897,39912.16,183695.5,229769.41,140142.61,50451.34,9.0,0.394
FY2026-10,2026,Nov,10,Q4,4,ECOM,Ecommerce,Baby,Rompers,Original Plan,117355.5,2433,48.24,15912.67,469.42,0.5044,59194.85,229769.41,318779.62,222747.8,80189.21,7.8,0.428
FY2026-11,2026,Dec,11,Q4,5,ECOM,Ecommerce,Baby,Rompers,Original Plan,127135.13,2635,48.24,16014.86,508.54,0.514,65351.62,318779.62,294512.13,119391.04,42980.77,12.5,0.415
FY2026-12,2026,Jan,12,Q4,4,ECOM,Ecommerce,Baby,Rompers,Original Plan,51343.03,1064,48.24,6468.08,205.37,0.514,26391.46,294512.13,236495.65,0.0,0.0,22.9,0.193
FY2024-01,2024,Feb,1,Q1,4,ECOM,Ecommerce,Baby,Rompers,Current Plan,44956.88,932,48.24,5244.29,179.83,0.5233,23528.11,131186.67,129015.48,48209.8,17355.53,11.7,0.346
FY2024-02,2024,Mar,2,Q1,5,ECOM,Ecommerce,Baby,Rompers,Current Plan,65357.12,1355,48.24,9957.11,261.43,0.4877,31871.45,129015.48,146720.1,93280.27,33580.9,9.9,0.474
FY2024-03,2024,Apr,3,Q1,4,ECOM,Ecommerce,Baby,Rompers,Current Plan,71032.9,1472,48.24,9513.15,284.13,0.5061,35947.91,146720.1,215755.38,149865.47,53951.57,8.3,0.392
FY2024-04,2024,May,4,Q2,4,ECOM,Ecommerce,Baby,Rompers,Current Plan,66466.27,1378,48.24,7911.55,265.87,0.521,34626.86,215755.38,193079.99,51968.29,18708.59,13.0,0.325
FY2024-05,2024,Jun,5,Q2,5,ECOM,Ecommerce,Baby,Rompers,Current Plan,62104.1,1287,48.24,8989.97,248.42,0.4952,30756.66,193079.99,134472.56,12735.05,4584.62,15.5,0.379
FY2024-06,2024,Jul,6,Q2,4,ECOM,Ecommerce,Baby,Rompers,Current Plan,52915.43,1097,48.24,7612.76,211.66,0.4961,26253.11,134472.56,156490.09,82757.38,29792.66,10.2,0.364
FY2024-07,2024,Aug,7,Q3,4,ECOM,Ecommerce,Baby,Rompers,Current Plan,52055.33,1079,48.24,6505.99,208.22,0.515,26809.42,156490.09,150161.27,52440.72,18878.66,12.0,0.34
FY2024-08,2024,Sep,8,Q3,5,ECOM,Ecommerce,Baby,Rompers,Current Plan,59463.49,1233,48.24,9140.07,237.85,0.4863,28916.56,150161.27,138173.37,56853.51,20467.27,12.6,0.412
FY2024-09,2024,Oct,9,Q3,4,ECOM,Ecommerce,Baby,Rompers,Current Plan,61664.91,1278,48.24,8539.45,246.66,0.5015,30926.09,138173.37,166937.53,99215.18,35717.47,9.0,0.404
FY2024-10,2024,Nov,10,Q4,4,ECOM,Ecommerce,Baby,Rompers,Current Plan,86523.32,1793,48.24,10200.2,346.09,0.5221,45174.73,166937.53,234843.31,164975.39,59391.14,7.7,0.431
FY2024-11,2024,Dec,11,Q4,5,ECOM,Ecommerce,Baby,Rompers,Current Plan,96993.51,2010,48.24,13298.77,387.97,0.5029,48777.08,234843.31,223121.92,98958.86,35625.19,12.1,0.424
FY2024-12,2024,Jan,12,Q4,4,ECOM,Ecommerce,Baby,Rompers,Current Plan,38993.76,808,48.24,5012.91,155.98,0.5114,19943.1,223121.92,178959.27,0.0,0.0,22.9,0.194
FY2025-01,2025,Feb,1,Q1,4,ECOM,Ecommerce,Baby,Rompers,Current Plan,52935.61,1097,48.24,6892.74,211.74,0.5098,26986.04,178959.27,144087.07,25167.89,9060.44,13.5,0.328
FY2025-02,2025,Mar,2,Q1,5,ECOM,Ecommerce,Baby,Rompers,Current Plan,75972.54,1575,48.24,9383.12,303.89,0.5165,39239.3,144087.07,167717.54,109290.02,39344.41,9.5,0.487
FY2025-03,2025,Apr,3,Q1,4,ECOM,Ecommerce,Baby,Rompers,Current Plan,81115.66,1681,48.24,10647.35,324.46,0.5087,41266.67,167717.54,228517.04,152886.98,55039.31,8.3,0.409
FY2025-04,2025,May,4,Q2,4,ECOM,Ecommerce,Baby,Rompers,Current Plan,77173.12,1600,48.24,10436.01,308.69,0.5048,38954.78,228517.04,223995.7,83396.48,30022.73,11.8,0.341
FY2025-05,2025,Jun,5,Q2,5,ECOM,Ecommerce,Baby,Rompers,Current Plan,67771.08,1405,48.24,8887.8,271.08,0.5089,34485.69,223995.7,148879.68,1813.94,653.02,16.5,0.364
FY2025-06,2025,Jul,6,Q2,4,ECOM,Ecommerce,Baby,Rompers,Current Plan,56746.47,1176,48.24,7492.22,226.99,0.508,28825.52,148879.68,153913.16,69499.16,25019.7,10.5,0.375
FY2025-07,2025,Aug,7,Q3,4,ECOM,Ecommerce,Baby,Rompers,Current Plan,63421.33,1315,48.24,8306.67,253.69,0.509,32282.98,153913.16,185594.13,103662.65,37318.55,9.7,0.374
FY2025-08,2025,Sep,8,Q3,5,ECOM,Ecommerce,Baby,Rompers,Current Plan,67301.29,1395,48.24,9312.26,269.21,0.5016,33760.56,185594.13,161090.21,52378.83,18856.38,13.8,0.388
FY2025-09,2025,Oct,9,Q3,4,ECOM,Ecommerce,Baby,Rompers,Current Plan,68928.75,1429,48.24,8482.25,275.72,0.5169,35632.15,161090.21,204102.95,120699.46,43451.8,9.3,0.377
FY2025-10,2025,Nov,10,Q4,4,ECOM,Ecommerce,Baby,Rompers,Current Plan,100494.61,2083,48.24,13239.72,401.98,0.5083,51076.83,204102.95,274692.76,184726.13,66501.41,8.1,0.42
FY2025-11,2025,Dec,11,Q4,5,ECOM,Ecommerce,Baby,Rompers,Current Plan,106478.43,2207,48.24,12705.84,425.91,0.5207,55440.36,274692.76,240127.52,85044.94,30616.18,12.9,0.414
FY2025-12,2025,Jan,12,Q4,4,ECOM,Ecommerce,Baby,Rompers,Current Plan,44410.51,921,48.24,5499.69,177.64,0.5162,22923.04,240127.52,190039.68,0.0,0.0,21.6,0.206
FY2026-01,2026,Feb,1,Q1,4,ECOM,Ecommerce,Baby,Rompers,Current Plan,52344.84,1085,48.24,6026.53,209.38,0.5249,27474.17,190039.68,146827.3,15368.37,5532.61,14.5,0.311
FY2026-02,2026,Mar,2,Q1,5,ECOM,Ecommerce,Baby,Rompers,Current Plan,75617.21,1567,48.24,10512.87,302.47,0.501,37882.14,146827.3,165006.07,104611.32,37660.07,9.7,0.485
FY2026-03,2026,Apr,3,Q1,4,ECOM,Ecommerce,Baby,Rompers,Current Plan,84899.45,1760,48.24,9980.75,339.6,0.5224,44354.9,165006.07,244029.63,174243.37,62727.61,7.8,0.415
FY2026-04,2026,May,4,Q2,4,ECOM,Ecommerce,Baby,Rompers,Current Plan,78069.85,1618,48.24,10084.3,312.28,0.5108,39880.4,244029.63,233737.86,78174.65,28142.88,12.5,0.327
FY2026-05,2026,Jun,5,Q2,5,ECOM,Ecommerce,Baby,Rompers,Current Plan,71001.73,1472,48.24,10457.62,284.01,0.4927,34983.49,233737.86,167612.1,15617.59,5622.33,16.5,0.354
FY2026-06,2026,Jul,6,Q2,4,ECOM,Ecommerce,Baby,Rompers,Current Plan,61067.63,1266,48.24,7872.59,244.27,0.5111,31210.7,167612.1,172764.96,74337.35,26761.45,11.0,0.359
FY2026-07,2026,Aug,7,Q3,4,ECOM,Ecommerce,Baby,Rompers,Current Plan,63519.46,1317,48.24,7467.6,254.08,0.5224,33184.85,172764.96,182785.71,81261.88,29254.28,10.9,0.357
FY2026-08,2026,Sep,8,Q3,5,ECOM,Ecommerce,Baby,Rompers,Current Plan,66968.66,1388,48.24,10163.08,267.87,0.4882,32696.86,182785.71,161634.22,56248.13,20249.33,13.6,0.389
FY2026-09,2026,Oct,9,Q3,4,ECOM,Ecommerce,Baby,Rompers,Current Plan,70813.12,1468,48.24,9928.94,283.25,0.4998,35391.46,161634.22,194694.97,114086.07,41070.98,9.1,0.397
FY2026-10,2026,Nov,10,Q4,4,ECOM,Ecommerce,Baby,Rompers,Current Plan,101973.82,2114,48.24,15148.45,407.9,0.4914,50114.79,194694.97,300666.14,223501.33,80460.48,7.6,0.412
FY2026-11,2026,Dec,11,Q4,5,ECOM,Ecommerce,Baby,Rompers,Current Plan,114621.55,2376,48.24,15487.09,458.49,0.5049,57870.7,300666.14,272034.01,101935.0,36696.6,13.1,0.4
FY2026-12,2026,Jan,12,Q4,4,ECOM,Ecommerce,Baby,Rompers,Current Plan,44854.57,930,48.24,6062.85,179.42,0.5048,22644.08,272034.01,220937.17,0.0,0.0,24.3,0.182
FY2024-01,2024,Feb,1,Q1,4,STORE,Retail Stores,Baby,Rompers,Original Plan,20378.07,422,48.24,1926.12,183.4,0.5455,11115.85,57489.78,58900.15,23897.96,8603.27,11.3,0.35
FY2024-02,2024,Mar,2,Q1,5,STORE,Retail Stores,Baby,Rompers,Original Plan,29190.21,605,48.24,3329.1,262.71,0.526,15352.64,58900.15,66833.63,40715.51,14657.58,10.1,0.464
FY2024-03,2024,Apr,3,Q1,4,STORE,Retail Stores,Baby,Rompers,Original Plan,32494.77,674,48.24,3355.24,292.45,0.5367,17441.41,66833.63,98186.83,67495.66,24298.44,8.2,0.394
FY2024-04,2024,May,4,Q2,4,STORE,Retail Stores,Baby,Rompers,Original Plan,30016.35,622,48.24,3069.98,270.15,0.5377,16140.49,98186.83,89183.5,24353.15,8767.13,13.1,0.32
FY2024-05,2024,Jun,5,Q2,5,STORE,Retail Stores,Baby,Rompers,Original Plan,27262.56,565,48.24,2610.91,245.36,0.5442,14837.13,89183.5,60810.36,1745.69,628.45,16.4,0.364
FY2024-06,2024,Jul,6,Q2,4,STORE,Retail Stores,Baby,Rompers,Original Plan,23131.87,479,48.24,2633.62,208.19,0.5261,12170.77,60810.36,63149.93,28313.25,10192.77,10.5,0.373
FY2024-07,2024,Aug,7,Q3,4,STORE,Retail Stores,Baby,Rompers,Original Plan,24233.39,502,48.24,2435.4,218.1,0.5395,13073.97,63149.93,70957.41,34694.36,12489.97,10.4,0.361
FY2024-08,2024,Sep,8,Q3,5,STORE,Retail Stores,Baby,Rompers,Original Plan,26161.04,542,48.24,2410.33,235.45,0.5479,14332.73,70957.41,58063.36,15912.77,5728.6,13.6,0.406
FY2024-09,2024,Oct,9,Q3,4,STORE,Retail Stores,Baby,Rompers,Original Plan,27537.94,571,48.24,2571.62,247.84,0.5466,15052.66,58063.36,76368.14,48662.18,17518.38,8.4,0.41
FY2024-10,2024,Nov,10,Q4,4,STORE,Retail Stores,Baby,Rompers,Original Plan,39654.63,822,48.24,4404.6,356.89,0.5289,20974.36,76368.14,115297.32,83345.31,30004.31,7.7,0.414
FY2024-11,2024,Dec,11,Q4,5,STORE,Retail Stores,Baby,Rompers,Original Plan,42959.18,890,48.24,4730.94,386.63,0.5299,22762.93,115297.32,103494.08,36273.53,13058.47,13.4,0.393
FY2024-12,2024,Jan,12,Q4,4,STORE,Retail Stores,Baby,Rompers,Original Plan,17348.9,360,48.24,1553.79,156.14,0.5504,9549.5,103494.08,84435.25,0.0,0.0,23.9,0.185
FY2025-01,2025,Feb,1,Q1,4,STORE,Retail Stores,Baby,Rompers,Original Plan,23231.0,482,48.24,2161.66,209.08,0.5469,12706.18,84435.25,68043.91,9210.41,3315.75,14.5,0.305
FY2025-02,2025,Mar,2,Q1,5,STORE,Retail Stores,Baby,Rompers,Original Plan,33276.84,690,48.24,3697.02,299.49,0.5289,17600.16,68043.91,79694.63,48924.08,17612.67,10.2,0.45
FY2025-03,2025,Apr,3,Q1,4,STORE,Retail Stores,Baby,Rompers,Original Plan,37044.03,768,48.24,3465.02,333.4,0.5465,20243.16,79694.63,106161.11,67308.93,24231.22,8.6,0.399
FY2025-04,2025,May,4,Q2,4,STORE,Retail Stores,Baby,Rompers,Original Plan,34218.64,709,48.24,3844.8,307.97,0.5276,18055.14,106161.11,97221.71,29432.0,10595.52,12.4,0.336
FY2025-05,2025,Jun,5,Q2,5,STORE,Retail Stores,Baby,Rompers,Original Plan,31079.32,644,48.24,3480.49,279.71,0.528,16410.28,97221.71,73631.18,11248.99,4049.64,15.6,0.364
FY2025-06,2025,Jul,6,Q2,4,STORE,Retail Stores,Baby,Rompers,Original Plan,26370.33,547,48.24,2844.85,237.33,0.5321,14032.16,73631.18,73472.81,29294.15,10545.89,11.2,0.359
FY2025-07,2025,Aug,7,Q3,4,STORE,Retail Stores,Baby,Rompers,Original Plan,27626.06,573,48.24,2869.68,248.63,0.5361,14811.0,73472.81,79843.04,37114.61,13361.26,10.6,0.36
FY2025-08,2025,Sep,8,Q3,5,STORE,Retail Stores,Baby,Rompers,Original Plan,29823.59,618,48.24,2757.69,268.41,0.5475,16329.4,79843.04,71473.79,24480.44,8812.96,13.4,0.394
FY2025-09,2025,Oct,9,Q3,4,STORE,Retail Stores,Baby,Rompers,Original Plan,31393.25,651,48.24,3340.03,282.54,0.5336,16751.65,71473.79,86676.77,50218.79,18078.77,9.1,0.397
FY2025-10,2025,Nov,10,Q4,4,STORE,Retail Stores,Baby,Rompers,Original Plan,45206.28,937,48.24,4892.29,406.86,0.5318,24039.73,86676.77,122680.47,86509.12,31143.28,7.7,0.432
FY2025-11,2025,Dec,11,Q4,5,STORE,Retail Stores,Baby,Rompers,Original Plan,48973.47,1015,48.24,4581.67,440.76,0.5464,26761.35,122680.47,111263.9,42579.34,15328.56,12.5,0.419
FY2025-12,2025,Jan,12,Q4,4,STORE,Retail Stores,Baby,Rompers,Original Plan,19777.75,410,48.24,1967.64,178.0,0.5405,10690.12,111263.9,89340.52,0.0,0.0,22.5,0.197
FY2026-01,2026,Feb,1,Q1,4,STORE,Retail Stores,Baby,Rompers,Original Plan,27412.59,568,48.24,2490.98,246.71,0.5491,15053.08,89340.52,74619.64,15429.4,5554.58,13.0,0.334
FY2026-02,2026,Mar,2,Q1,5,STORE,Retail Stores,Baby,Rompers,Original Plan,39266.68,814,48.24,3682.21,353.4,0.5462,21448.46,74619.64,85238.47,53921.12,19411.6,9.5,0.491
FY2026-03,2026,Apr,3,Q1,4,STORE,Retail Stores,Baby,Rompers,Original Plan,43711.96,906,48.24,5186.82,393.41,0.5213,22788.83,85238.47,126176.5,90230.22,32482.88,7.8,0.414
FY2026-04,2026,May,4,Q2,4,STORE,Retail Stores,Baby,Rompers,Original Plan,40378.0,837,48.24,4617.47,363.4,0.5256,21224.45,126176.5,112928.51,32110.87,11559.91,12.5,0.338
FY2026-05,2026,Jun,5,Q2,5,STORE,Retail Stores,Baby,Rompers,Original Plan,36673.59,760,48.24,4418.81,330.06,0.5195,19052.29,112928.51,83419.19,11913.15,4288.73,15.4,0.374
FY2026-06,2026,Jul,6,Q2,4,STORE,Retail Stores,Baby,Rompers,Original Plan,31116.99,645,48.24,3640.97,280.05,0.523,16273.91,83419.19,88553.98,40172.8,14462.21,10.7,0.362
FY2026-07,2026,Aug,7,Q3,4,STORE,Retail Stores,Baby,Rompers,Original Plan,32598.75,676,48.24,3495.43,293.39,0.5328,17367.78,88553.98,94177.01,42010.59,15123.81,10.9,0.357
FY2026-08,2026,Sep,8,Q3,5,STORE,Retail Stores,Baby,Rompers,Original Plan,35191.83,729,48.24,4002.27,316.73,0.5263,18520.5,94177.01,83079.5,28413.32,10228.8,13.4,0.397
FY2026-09,2026,Oct,9,Q3,4,STORE,Retail Stores,Baby,Rompers,Original Plan,37044.03,768,48.24,3445.51,333.4,0.547,20262.67,83079.5,112070.86,69814.3,25133.15,9.0,0.38
FY2026-10,2026,Nov,10,Q4,4,STORE,Retail Stores,Baby,Rompers,Original Plan,53343.41,1106,48.24,6081.75,480.09,0.526,28058.03,112070.86,155003.33,102837.72,37021.58,8.4,0.399
FY2026-11,2026,Dec,11,Q4,5,STORE,Retail Stores,Baby,Rompers,Original Plan,57788.69,1198,48.24,6098.76,520.1,0.5345,30886.01,155003.33,137160.72,46564.93,16763.38,13.4,0.396
FY2026-12,2026,Jan,12,Q4,4,STORE,Retail Stores,Baby,Rompers,Original Plan,23337.74,484,48.24,2640.62,210.04,0.5269,12295.53,137160.72,110972.31,0.0,0.0,23.5,0.188
FY2024-01,2024,Feb,1,Q1,4,STORE,Retail Stores,Baby,Rompers,Current Plan,20061.92,416,48.24,1839.35,180.56,0.5483,11000.28,56205.09,57916.86,23793.6,8565.7,11.2,0.352
FY2024-02,2024,Mar,2,Q1,5,STORE,Retail Stores,Baby,Rompers,Current Plan,29152.73,604,48.24,3334.48,262.37,0.5256,15323.27,57916.86,64257.94,39090.66,14072.64,9.9,0.477
FY2024-03,2024,Apr,3,Q1,4,STORE,Retail Stores,Baby,Rompers,Current Plan,32621.33,676,48.24,3141.08,293.59,0.5437,17736.57,64257.94,91922.54,63720.6,22939.42,7.9,0.418
FY2024-04,2024,May,4,Q2,4,STORE,Retail Stores,Baby,Rompers,Current Plan,30253.34,627,48.24,2765.85,272.28,0.5486,16596.29,91922.54,86815.37,28184.3,10146.35,12.2,0.339
FY2024-05,2024,Jun,5,Q2,5,STORE,Retail Stores,Baby,Rompers,Current Plan,28289.88,586,48.24,3086.73,254.61,0.5309,15018.8,86815.37,67631.06,12446.91,4480.89,15.3,0.366
FY2024-06,2024,Jul,6,Q2,4,STORE,Retail Stores,Baby,Rompers,Current Plan,23749.9,492,48.24,2350.36,213.75,0.541,12849.58,67631.06,69949.38,28632.34,10307.64,11.4,0.345
FY2024-07,2024,Aug,7,Q3,4,STORE,Retail Stores,Baby,Rompers,Current Plan,23968.2,497,48.24,2740.85,215.71,0.5256,12598.79,69949.38,70019.7,26995.08,9718.23,11.7,0.342
FY2024-08,2024,Sep,8,Q3,5,STORE,Retail Stores,Baby,Rompers,Current Plan,26904.13,558,48.24,2944.71,242.14,0.5305,14273.93,70019.7,64219.78,24291.07,8744.78,13.0,0.401
FY2024-09,2024,Oct,9,Q3,4,STORE,Retail Stores,Baby,Rompers,Current Plan,28606.82,593,48.24,2679.89,257.46,0.5463,15628.47,64219.78,81137.67,48462.06,17446.34,9.0,0.394
FY2024-10,2024,Nov,10,Q4,4,STORE,Retail Stores,Baby,Rompers,Current Plan,39290.51,814,48.24,4218.93,353.61,0.5326,20926.99,81137.67,117301.17,80026.56,28809.56,8.3,0.396
FY2024-11,2024,Dec,11,Q4,5,STORE,Retail Stores,Baby,Rompers,Current Plan,43148.79,894,48.24,4720.97,388.34,0.5306,22894.25,117301.17,102525.3,33482.23,12053.6,13.6,0.393
FY2024-12,2024,Jan,12,Q4,4,STORE,Retail Stores,Baby,Rompers,Current Plan,17952.33,372,48.24,2069.94,161.57,0.5247,9419.56,102525.3,82341.47,0.0,0.0,22.8,0.194
FY2025-01,2025,Feb,1,Q1,4,STORE,Retail Stores,Baby,Rompers,Current Plan,23493.73,487,48.24,2763.01,211.44,0.5224,12272.98,82341.47,71513.53,15640.25,5630.49,14.0,0.305
FY2025-02,2025,Mar,2,Q1,5,STORE,Retail Stores,Baby,Rompers,Current Plan,32350.11,671,48.24,3757.73,291.15,0.5238,16946.33,71513.53,70003.27,34888.73,12559.94,11.1,0.457
FY2025-03,2025,Apr,3,Q1,4,STORE,Retail Stores,Baby,Rompers,Current Plan,38130.27,790,48.24,3840.28,343.17,0.5393,20563.09,70003.27,109395.36,81705.81,29414.09,7.3,0.425
FY2025-04,2025,May,4,Q2,4,STORE,Retail Stores,Baby,Rompers,Current Plan,34036.86,706,48.24,3731.12,306.33,0.5304,18052.47,109395.36,102376.85,31055.81,11180.09,12.9,0.321
FY2025-05,2025,Jun,5,Q2,5,STORE,Retail Stores,Baby,Rompers,Current Plan,30479.53,632,48.24,2958.35,274.32,0.5429,16548.55,102376.85,69257.63,592.98,213.47,16.8,0.355
FY2025-06,2025,Jul,6,Q2,4,STORE,Retail Stores,Baby,Rompers,Current Plan,26393.93,547,48.24,2762.24,237.55,0.5353,14129.87,69257.63,76359.83,36495.91,13138.53,10.5,0.363
FY2025-07,2025,Aug,7,Q3,4,STORE,Retail Stores,Baby,Rompers,Current Plan,28231.95,585,48.24,3127.46,254.09,0.5292,14940.99,76359.83,84605.54,39859.22,14349.32,10.8,0.351
FY2025-08,2025,Sep,8,Q3,5,STORE,Retail Stores,Baby,Rompers,Current Plan,30208.83,626,48.24,3023.63,271.88,0.5399,16310.02,84605.54,73283.72,22182.51,7985.7,14.0,0.383
FY2025-09,2025,Oct,9,Q3,4,STORE,Retail Stores,Baby,Rompers,Current Plan,31868.08,661,48.24,3797.51,286.81,0.5208,16598.06,73283.72,95164.65,57833.33,20820.0,9.2,0.378
FY2025-10,2025,Nov,10,Q4,4,STORE,Retail Stores,Baby,Rompers,Current Plan,47317.73,981,48.24,4409.55,425.86,0.5468,25873.8,95164.65,128991.52,85980.02,30952.81,8.0,0.422
FY2025-11,2025,Dec,11,Q4,5,STORE,Retail Stores,Baby,Rompers,Current Plan,49309.86,1022,48.24,5880.1,443.79,0.5208,25678.21,128991.52,116212.53,42854.76,15427.71,13.1,0.402
FY2025-12,2025,Jan,12,Q4,4,STORE,Retail Stores,Baby,Rompers,Current Plan,19735.45,409,48.24,2312.19,177.62,0.5228,10318.49,116212.53,93987.27,0.0,0.0,23.6,0.188
FY2026-01,2026,Feb,1,Q1,4,STORE,Retail Stores,Baby,Rompers,Current Plan,24197.57,502,48.24,2230.71,217.78,0.5478,13255.74,93987.27,69634.87,2293.66,825.72,15.5,0.296
FY2026-02,2026,Mar,2,Q1,5,STORE,Retail Stores,Baby,Rompers,Current Plan,34796.86,721,48.24,3111.31,313.17,0.5506,19158.68,69634.87,77991.03,46577.5,16767.9,10.0,0.471
FY2026-03,2026,Apr,3,Q1,4,STORE,Retail Stores,Baby,Rompers,Current Plan,38664.78,801,48.24,3915.81,347.98,0.5387,20829.64,77991.03,106482.09,71419.63,25711.07,8.1,0.419
FY2026-04,2026,May,4,Q2,4,STORE,Retail Stores,Baby,Rompers,Current Plan,34912.15,724,48.24,4035.35,314.21,0.5244,18308.43,106482.09,101063.42,33843.05,12183.5,12.2,0.336
FY2026-05,2026,Jun,5,Q2,5,STORE,Retail Stores,Baby,Rompers,Current Plan,31969.37,663,48.24,3663.02,287.72,0.5254,16797.38,101063.42,75683.91,10540.6,3794.62,15.8,0.362
FY2026-06,2026,Jul,6,Q2,4,STORE,Retail Stores,Baby,Rompers,Current Plan,27715.9,574,48.24,3069.32,249.44,0.5293,14668.85,75683.91,76885.32,32236.08,11604.99,10.9,0.363
FY2026-07,2026,Aug,7,Q3,4,STORE,Retail Stores,Baby,Rompers,Current Plan,27669.01,574,48.24,2678.35,249.02,0.5432,15029.81,76885.32,77551.31,31262.38,11254.46,11.1,0.358
FY2026-08,2026,Sep,8,Q3,5,STORE,Retail Stores,Baby,Rompers,Current Plan,31356.04,650,48.24,2999.0,282.2,0.5444,17068.87,77551.31,68791.27,25877.21,9315.79,12.4,0.429
FY2026-09,2026,Oct,9,Q3,4,STORE,Retail Stores,Baby,Rompers,Current Plan,32088.72,665,48.24,3544.28,288.8,0.5295,16992.5,68791.27,89369.65,56500.18,20340.07,8.6,0.406
FY2026-10,2026,Nov,10,Q4,4,STORE,Retail Stores,Baby,Rompers,Current Plan,47192.33,978,48.24,5623.88,424.73,0.5208,24579.21,89369.65,138188.4,102059.69,36741.49,7.6,0.415
FY2026-11,2026,Dec,11,Q4,5,STORE,Retail Stores,Baby,Rompers,Current Plan,50474.05,1046,48.24,5103.4,454.27,0.5389,27199.99,138188.4,116680.16,34523.48,12428.45,13.7,0.396
FY2026-12,2026,Jan,12,Q4,4,STORE,Retail Stores,Baby,Rompers,Current Plan,20691.91,429,48.24,1962.99,186.23,0.5451,11279.83,116680.16,93839.03,0.0,0.0,22.6,0.197
FY2024-01,2024,Feb,1,Q1,4,WHSL,Wholesale,Baby,Rompers,Original Plan,35171.45,952,36.95,627.01,35.17,0.4622,16255.28,32702.61,34091.51,37222.54,19355.72,3.7,1.053
FY2024-02,2024,Mar,2,Q1,5,WHSL,Wholesale,Baby,Rompers,Original Plan,29498.64,798,36.95,574.44,29.5,0.4605,13584.9,34091.51,23055.42,19066.48,9914.57,5.8,1.032
FY2024-03,2024,Apr,3,Q1,4,WHSL,Wholesale,Baby,Rompers,Original Plan,14068.58,381,36.95,274.29,14.07,0.4605,6478.63,23055.42,14667.57,5969.1,3103.93,6.6,0.746
FY2024-04,2024,May,4,Q2,4,WHSL,Wholesale,Baby,Rompers,Original Plan,12480.19,338,36.95,244.35,12.48,0.4604,5746.14,14667.57,12656.6,10726.05,5577.55,4.7,0.913
FY2024-05,2024,Jun,5,Q2,5,WHSL,Wholesale,Baby,Rompers,Original Plan,30633.2,829,36.95,634.71,30.63,0.4593,14069.23,12656.6,23470.95,42112.89,21898.7,2.1,1.696
FY2024-06,2024,Jul,6,Q2,4,WHSL,Wholesale,Baby,Rompers,Original Plan,32221.59,872,36.95,575.08,32.22,0.4622,14891.29,23470.95,32293.0,41650.94,21658.49,2.9,1.156
FY2024-07,2024,Aug,7,Q3,4,WHSL,Wholesale,Baby,Rompers,Original Plan,15883.88,430,36.95,282.45,15.88,0.4622,7341.81,32293.0,16816.6,705.82,367.03,8.1,0.647
FY2024-08,2024,Sep,8,Q3,5,WHSL,Wholesale,Baby,Rompers,Original Plan,23825.82,645,36.95,467.06,23.83,0.4604,10969.33,16816.6,19283.69,26783.8,13927.58,3.5,1.32
FY2024-09,2024,Oct,9,Q3,4,WHSL,Wholesale,Baby,Rompers,Original Plan,31313.94,847,36.95,653.44,31.31,0.4591,14377.25,19283.69,30133.86,42848.86,22281.41,2.5,1.267
FY2024-10,2024,Nov,10,Q4,4,WHSL,Wholesale,Baby,Rompers,Original Plan,19287.57,522,36.95,348.59,19.29,0.4619,8909.45,30133.86,18528.21,8049.8,4185.89,6.2,0.793
FY2024-11,2024,Dec,11,Q4,5,WHSL,Wholesale,Baby,Rompers,Original Plan,13614.76,368,36.95,301.93,13.61,0.4578,6233.15,18528.21,10785.4,6187.5,3217.5,6.8,0.929
FY2024-12,2024,Jan,12,Q4,4,WHSL,Wholesale,Baby,Rompers,Original Plan,14295.49,387,36.95,285.13,14.3,0.4601,6576.7,10785.4,14312.65,18122.17,9423.53,3.0,1.139
FY2025-01,2025,Feb,1,Q1,4,WHSL,Wholesale,Baby,Rompers,Original Plan,40095.46,1085,36.95,689.18,40.1,0.4628,18556.64,14312.65,41017.63,67529.71,35115.45,1.4,1.449
FY2025-02,2025,Mar,2,Q1,5,WHSL,Wholesale,Baby,Rompers,Original Plan,33628.45,910,36.95,586.93,33.63,0.4625,15554.72,41017.63,26198.74,19430.12,10103.66,6.1,1.001
FY2025-03,2025,Apr,3,Q1,4,WHSL,Wholesale,Baby,Rompers,Original Plan,16038.18,434,36.95,318.23,16.04,0.4602,7380.1,26198.74,16763.45,6937.17,3607.33,6.5,0.747
FY2025-04,2025,May,4,Q2,4,WHSL,Wholesale,Baby,Rompers,Original Plan,14227.42,385,36.95,319.09,14.23,0.4576,6510.07,16763.45,14314.67,12111.96,6298.22,4.7,0.916
FY2025-05,2025,Jun,5,Q2,5,WHSL,Wholesale,Baby,Rompers,Original Plan,34921.85,945,36.95,748.51,34.92,0.4586,16013.98,14314.67,28272.31,49662.92,25824.72,2.0,1.64
FY2025-06,2025,Jul,6,Q2,4,WHSL,Wholesale,Baby,Rompers,Original Plan,36732.61,994,36.95,792.38,36.73,0.4584,16839.27,28272.31,37391.99,46681.4,24274.33,3.1,1.119
FY2025-07,2025,Aug,7,Q3,4,WHSL,Wholesale,Baby,Rompers,Original Plan,18107.63,490,36.95,326.6,18.11,0.462,8365.06,37391.99,18939.65,0.0,0.0,8.3,0.643
FY2025-08,2025,Sep,8,Q3,5,WHSL,Wholesale,Baby,Rompers,Original Plan,27161.44,735,36.95,478.89,27.16,0.4624,12558.61,18939.65,20529.1,29256.94,15213.61,3.5,1.376
FY2025-09,2025,Oct,9,Q3,4,WHSL,Wholesale,Baby,Rompers,Original Plan,35697.89,966,36.95,657.93,35.7,0.4616,16477.06,20529.1,37421.31,53283.73,27707.54,2.3,1.232
FY2025-10,2025,Nov,10,Q4,4,WHSL,Wholesale,Baby,Rompers,Original Plan,21987.83,595,36.95,424.76,21.99,0.4607,10129.4,37421.31,22378.69,7391.96,3843.82,6.8,0.735
FY2025-11,2025,Dec,11,Q4,5,WHSL,Wholesale,Baby,Rompers,Original Plan,15520.82,420,36.95,328.32,15.52,0.4588,7121.67,22378.69,12502.4,5988.38,3113.96,7.2,0.89
FY2025-12,2025,Jan,12,Q4,4,WHSL,Wholesale,Baby,Rompers,Original Plan,16296.86,441,36.95,317.56,16.3,0.4605,7504.93,12502.4,16732.58,20860.9,10847.67,3.1,1.115
FY2026-01,2026,Feb,1,Q1,4,WHSL,Wholesale,Baby,Rompers,Original Plan,47312.64,1280,36.95,875.48,47.31,0.4615,21834.58,16732.58,45921.67,77424.52,40260.75,1.4,1.51
FY2026-02,2026,Mar,2,Q1,5,WHSL,Wholesale,Baby,Rompers,Original Plan,39681.57,1074,36.95,859.66,39.68,0.4583,18187.49,45921.67,33541.68,28200.93,14664.48,5.8,0.999
FY2026-03,2026,Apr,3,Q1,4,WHSL,Wholesale,Baby,Rompers,Original Plan,18925.06,512,36.95,414.7,18.93,0.4581,8669.33,33541.68,19326.49,5143.49,2674.61,7.1,0.716
FY2026-04,2026,May,4,Q2,4,WHSL,Wholesale,Baby,Rompers,Original Plan,16788.36,454,36.95,337.97,16.79,0.4599,7720.44,19326.49,17141.46,14958.08,7778.2,4.6,0.921
FY2026-05,2026,Jun,5,Q2,5,WHSL,Wholesale,Baby,Rompers,Original Plan,41207.78,1115,36.95,757.8,41.21,0.4616,19021.94,17141.46,31138.4,56003.73,29121.94,2.1,1.707
FY2026-06,2026,Jul,6,Q2,4,WHSL,Wholesale,Baby,Rompers,Original Plan,43344.48,1173,36.95,754.65,43.34,0.4626,20050.7,31138.4,41866.22,54870.29,28532.55,2.9,1.187
FY2026-07,2026,Aug,7,Q3,4,WHSL,Wholesale,Baby,Rompers,Original Plan,21367.0,578,36.95,453.17,21.37,0.4588,9802.99,41866.22,21414.97,1390.29,722.95,7.8,0.675
FY2026-08,2026,Sep,8,Q3,5,WHSL,Wholesale,Baby,Rompers,Original Plan,32050.5,867,36.95,568.9,32.05,0.4622,14815.34,21414.97,26102.07,37338.56,19416.05,3.3,1.349
FY2026-09,2026,Oct,9,Q3,4,WHSL,Wholesale,Baby,Rompers,Original Plan,42123.51,1140,36.95,954.9,42.12,0.4573,19264.38,26102.07,43970.42,60988.88,31714.22,2.5,1.202
FY2026-10,2026,Nov,10,Q4,4,WHSL,Wholesale,Baby,Rompers,Original Plan,25945.64,702,36.95,505.73,25.95,0.4605,11948.18,43970.42,25661.39,8168.29,4247.51,6.8,0.745
FY2026-11,2026,Dec,11,Q4,5,WHSL,Wholesale,Baby,Rompers,Original Plan,18314.57,496,36.95,355.46,18.31,0.4606,8435.54,25661.39,15367.45,8394.41,4365.09,7.0,0.893
FY2026-12,2026,Jan,12,Q4,4,WHSL,Wholesale,Baby,Rompers,Original Plan,19230.3,520,36.95,419.77,19.23,0.4582,8810.77,15367.45,19308.19,23610.04,12277.22,3.2,1.109
FY2024-01,2024,Feb,1,Q1,4,WHSL,Wholesale,Baby,Rompers,Current Plan,35274.1,955,36.95,728.31,35.27,0.4594,16203.26,35052.22,35786.09,36771.55,19121.21,4.0,0.996
FY2024-02,2024,Mar,2,Q1,5,WHSL,Wholesale,Baby,Rompers,Current Plan,29293.54,793,36.95,513.95,29.29,0.4625,13546.94,35786.09,24651.58,18702.27,9725.18,6.1,0.969
FY2024-03,2024,Apr,3,Q1,4,WHSL,Wholesale,Baby,Rompers,Current Plan,14049.42,380,36.95,298.98,14.05,0.4587,6444.74,24651.58,14664.81,4375.67,2275.35,7.0,0.715
FY2024-04,2024,May,4,Q2,4,WHSL,Wholesale,Baby,Rompers,Current Plan,12614.54,341,36.95,225.47,12.61,0.4621,5829.51,14664.81,12999.4,11187.21,5817.35,4.7,0.912
FY2024-05,2024,Jun,5,Q2,5,WHSL,Wholesale,Baby,Rompers,Current Plan,31504.88,853,36.95,633.65,31.5,0.4599,14488.69,12999.4,24999.44,44170.08,22968.44,2.1,1.658
FY2024-06,2024,Jul,6,Q2,4,WHSL,Wholesale,Baby,Rompers,Current Plan,32313.12,874,36.95,734.57,32.31,0.4573,14775.73,24999.44,33494.16,41574.72,21618.85,3.1,1.105
FY2024-07,2024,Aug,7,Q3,4,WHSL,Wholesale,Baby,Rompers,Current Plan,16159.69,437,36.95,281.17,16.16,0.4626,7475.48,33494.16,17037.14,0.0,0.0,8.3,0.64
FY2024-08,2024,Sep,8,Q3,5,WHSL,Wholesale,Baby,Rompers,Current Plan,23832.16,645,36.95,522.48,23.83,0.4581,10916.96,17037.14,18546.59,25887.92,13461.72,3.6,1.339
FY2024-09,2024,Oct,9,Q3,4,WHSL,Wholesale,Baby,Rompers,Current Plan,31668.27,857,36.95,550.13,31.67,0.4626,14650.64,18546.59,32078.92,45782.4,23806.85,2.3,1.251
FY2024-10,2024,Nov,10,Q4,4,WHSL,Wholesale,Baby,Rompers,Current Plan,19486.68,527,36.95,419.33,19.49,0.4585,8934.28,32078.92,19145.58,6992.15,3635.92,6.6,0.761
FY2024-11,2024,Dec,11,Q4,5,WHSL,Wholesale,Baby,Rompers,Current Plan,13456.64,364,36.95,260.1,13.46,0.4607,6199.09,19145.58,10999.25,5583.86,2903.61,7.1,0.893
FY2024-12,2024,Jan,12,Q4,4,WHSL,Wholesale,Baby,Rompers,Current Plan,13939.24,377,36.95,275.28,13.94,0.4603,6415.55,10999.25,14196.92,17426.13,9061.59,3.2,1.106
FY2025-01,2025,Feb,1,Q1,4,WHSL,Wholesale,Baby,Rompers,Current Plan,41021.93,1110,36.95,878.75,41.02,0.4586,18811.77,14196.92,40003.76,67748.54,35229.24,1.4,1.514
FY2025-02,2025,Mar,2,Q1,5,WHSL,Wholesale,Baby,Rompers,Current Plan,34352.22,930,36.95,732.12,34.35,0.4587,15756.94,40003.76,28537.41,23652.34,12299.22,5.8,1.002
FY2025-03,2025,Apr,3,Q1,4,WHSL,Wholesale,Baby,Rompers,Current Plan,16047.96,434,36.95,325.6,16.05,0.4597,7377.42,28537.41,16294.12,4146.31,2156.08,7.1,0.716
FY2025-04,2025,May,4,Q2,4,WHSL,Wholesale,Baby,Rompers,Current Plan,14237.56,385,36.95,322.91,14.24,0.4573,6511.12,16294.12,13430.6,11711.19,6089.82,4.6,0.958
FY2025-05,2025,Jun,5,Q2,5,WHSL,Wholesale,Baby,Rompers,Current Plan,34818.2,942,36.95,666.55,34.82,0.4609,16046.19,13430.6,27606.06,49695.03,25841.42,1.9,1.697
FY2025-06,2025,Jul,6,Q2,4,WHSL,Wholesale,Baby,Rompers,Current Plan,36697.23,993,36.95,706.49,36.7,0.4607,16908.18,27606.06,35978.87,45813.23,23822.88,3.0,1.154
FY2025-07,2025,Aug,7,Q3,4,WHSL,Wholesale,Baby,Rompers,Current Plan,18355.11,497,36.95,378.3,18.36,0.4594,8432.15,35978.87,18990.16,1763.05,916.79,7.8,0.668
FY2025-08,2025,Sep,8,Q3,5,WHSL,Wholesale,Baby,Rompers,Current Plan,27425.96,742,36.95,476.9,27.43,0.4626,12687.56,18990.16,22816.06,31756.18,16513.22,3.5,1.312
FY2025-09,2025,Oct,9,Q3,4,WHSL,Wholesale,Baby,Rompers,Current Plan,35644.76,965,36.95,801.54,35.64,0.4575,16307.95,22816.06,35914.5,49580.38,25781.8,2.6,1.214
FY2025-10,2025,Nov,10,Q4,4,WHSL,Wholesale,Baby,Rompers,Current Plan,22756.27,616,36.95,467.99,22.76,0.4594,10455.02,35914.5,22732.13,10064.65,5233.62,6.3,0.776
FY2025-11,2025,Dec,11,Q4,5,WHSL,Wholesale,Baby,Rompers,Current Plan,15609.0,422,36.95,326.6,15.61,0.4591,7165.72,22732.13,12846.87,6065.96,3154.3,7.3,0.877
FY2025-12,2025,Jan,12,Q4,4,WHSL,Wholesale,Baby,Rompers,Current Plan,16523.32,447,36.95,323.26,16.52,0.4604,7607.93,12846.87,15664.78,19681.01,10234.12,3.1,1.159
FY2026-01,2026,Feb,1,Q1,4,WHSL,Wholesale,Baby,Rompers,Current Plan,41585.11,1125,36.95,922.96,41.59,0.4578,19037.9,15664.78,39294.96,66179.83,34413.51,1.5,1.513
FY2026-02,2026,Mar,2,Q1,5,WHSL,Wholesale,Baby,Rompers,Current Plan,35289.69,955,36.95,624.39,35.29,0.4623,16314.66,39294.96,28292.4,24946.81,12972.34,5.6,1.044
FY2026-03,2026,Apr,3,Q1,4,WHSL,Wholesale,Baby,Rompers,Current Plan,16667.12,451,36.95,333.69,16.67,0.46,7666.53,28292.4,16071.56,4796.63,2494.25,6.8,0.751
FY2026-04,2026,May,4,Q2,4,WHSL,Wholesale,Baby,Rompers,Current Plan,14792.22,400,36.95,299.14,14.79,0.4598,6801.12,16071.56,13978.62,13013.22,6766.87,4.3,0.985
FY2026-05,2026,Jun,5,Q2,5,WHSL,Wholesale,Baby,Rompers,Current Plan,37021.46,1002,36.95,766.83,37.02,0.4593,17003.47,13978.62,28289.1,52135.79,27110.61,1.9,1.752
FY2026-06,2026,Jul,6,Q2,4,WHSL,Wholesale,Baby,Rompers,Current Plan,38027.48,1029,36.95,705.72,38.03,0.4614,17547.47,28289.1,39313.34,49795.45,25893.64,3.0,1.125
FY2026-07,2026,Aug,7,Q3,4,WHSL,Wholesale,Baby,Rompers,Current Plan,18712.39,506,36.95,416.94,18.71,0.4577,8565.01,39313.34,20165.3,0.0,0.0,8.4,0.629
FY2026-08,2026,Sep,8,Q3,5,WHSL,Wholesale,Baby,Rompers,Current Plan,28577.04,773,36.95,487.99,28.58,0.4629,13228.99,20165.3,21522.48,30450.78,15834.41,3.5,1.371
FY2026-09,2026,Oct,9,Q3,4,WHSL,Wholesale,Baby,Rompers,Current Plan,36667.98,992,36.95,678.32,36.67,0.4615,16922.32,21522.48,37922.01,53782.49,27966.9,2.3,1.234
FY2026-10,2026,Nov,10,Q4,4,WHSL,Wholesale,Baby,Rompers,Current Plan,22949.58,621,36.95,417.44,22.95,0.4618,10598.36,37922.01,22588.96,8056.91,4189.6,6.6,0.759
FY2026-11,2026,Dec,11,Q4,5,WHSL,Wholesale,Baby,Rompers,Current Plan,16162.05,437,36.95,338.15,16.16,0.4591,7419.63,22588.96,13545.77,7473.18,3886.05,7.0,0.895
FY2026-12,2026,Jan,12,Q4,4,WHSL,Wholesale,Baby,Rompers,Current Plan,17195.74,465,36.95,308.61,17.2,0.4621,7945.34,13545.77,17432.23,21408.0,11132.16,3.2,1.11
FY2024-01,2024,Feb,1,Q1,4,ECOM,Ecommerce,Baby,Sets,Original Plan,22415.88,385,58.27,2979.71,89.66,0.5071,11366.46,64415.29,63056.73,24126.69,8685.61,11.5,0.352
FY2024-02,2024,Mar,2,Q1,5,ECOM,Ecommerce,Baby,Sets,Original Plan,32109.24,551,58.27,4844.46,128.44,0.4891,15705.45,63056.73,69863.85,43889.25,15800.13,9.8,0.483
FY2024-03,2024,Apr,3,Q1,4,ECOM,Ecommerce,Baby,Sets,Original Plan,35744.24,613,58.27,4179.36,142.98,0.5231,18696.96,69863.85,100171.81,70374.55,25334.84,7.8,0.42
FY2024-04,2024,May,4,Q2,4,ECOM,Ecommerce,Baby,Sets,Original Plan,33017.99,567,58.27,4953.86,132.07,0.49,16177.65,100171.81,89574.42,27506.53,9902.35,12.1,0.348
FY2024-05,2024,Jun,5,Q2,5,ECOM,Ecommerce,Baby,Sets,Original Plan,29988.81,515,58.27,4191.96,119.96,0.5002,15000.88,89574.42,68667.46,13393.77,4821.76,14.9,0.379
FY2024-06,2024,Jul,6,Q2,4,ECOM,Ecommerce,Baby,Sets,Original Plan,25445.05,437,58.27,3150.6,101.78,0.5162,13134.23,68667.46,75918.71,35948.69,12941.53,10.8,0.352
FY2024-07,2024,Aug,7,Q3,4,ECOM,Ecommerce,Baby,Sets,Original Plan,26656.72,457,58.27,3560.12,106.63,0.5064,13500.18,75918.71,77530.73,31935.5,11496.78,11.4,0.347
FY2024-08,2024,Sep,8,Q3,5,ECOM,Ecommerce,Baby,Sets,Original Plan,28777.15,494,58.27,3661.09,115.11,0.5128,14756.28,77530.73,63252.47,18275.09,6579.03,13.5,0.409
FY2024-09,2024,Oct,9,Q3,4,ECOM,Ecommerce,Baby,Sets,Original Plan,30291.73,520,58.27,4132.13,121.17,0.5036,15254.58,63252.47,88916.13,60208.68,21675.13,8.4,0.398
FY2024-10,2024,Nov,10,Q4,4,ECOM,Ecommerce,Baby,Sets,Original Plan,43620.09,749,58.27,6552.53,174.48,0.4898,21364.33,88916.13,123490.5,84921.48,30571.73,8.2,0.411
FY2024-11,2024,Dec,11,Q4,5,ECOM,Ecommerce,Baby,Sets,Original Plan,47255.1,811,58.27,6209.58,189.02,0.5086,24033.68,123490.5,103485.39,33648.59,12113.49,13.1,0.416
FY2024-12,2024,Jan,12,Q4,4,ECOM,Ecommerce,Baby,Sets,Original Plan,19083.79,328,58.27,2839.45,76.34,0.4912,9374.17,103485.39,81485.81,0.0,0.0,21.7,0.206
FY2025-01,2025,Feb,1,Q1,4,ECOM,Ecommerce,Baby,Sets,Original Plan,25554.11,439,58.27,3197.35,102.22,0.5149,13157.28,81485.81,75266.04,22633.9,8148.21,12.8,0.326
FY2025-02,2025,Mar,2,Q1,5,ECOM,Ecommerce,Baby,Sets,Original Plan,36604.53,628,58.27,5671.68,146.42,0.4851,17755.22,75266.04,88666.37,55822.96,20096.26,10.3,0.447
FY2025-03,2025,Apr,3,Q1,4,ECOM,Ecommerce,Baby,Sets,Original Plan,40748.44,699,58.27,5207.2,162.99,0.5122,20871.8,88666.37,120109.13,77561.39,27922.1,8.7,0.39
FY2025-04,2025,May,4,Q2,4,ECOM,Ecommerce,Baby,Sets,Original Plan,37640.51,646,58.27,4687.17,150.56,0.5155,19402.75,120109.13,106373.1,28742.21,10347.2,12.8,0.332
FY2025-05,2025,Jun,5,Q2,5,ECOM,Ecommerce,Baby,Sets,Original Plan,34187.25,587,58.27,5231.86,136.75,0.487,16647.98,106373.1,77543.63,10726.39,3861.5,15.6,0.372
FY2025-06,2025,Jul,6,Q2,4,ECOM,Ecommerce,Baby,Sets,Original Plan,29007.36,498,58.27,4417.13,116.03,0.4877,14147.58,77543.63,86682.54,42679.43,15364.6,10.7,0.353
FY2025-07,2025,Aug,7,Q3,4,ECOM,Ecommerce,Baby,Sets,Original Plan,30388.67,522,58.27,4475.73,121.55,0.4927,14973.02,86682.54,83523.27,31826.67,11457.6,11.4,0.357
FY2025-08,2025,Sep,8,Q3,5,ECOM,Ecommerce,Baby,Sets,Original Plan,32805.95,563,58.27,4117.42,131.22,0.5145,16878.39,83523.27,74310.19,27841.5,10022.94,12.7,0.416
FY2025-09,2025,Oct,9,Q3,4,ECOM,Ecommerce,Baby,Sets,Original Plan,34532.57,593,58.27,3980.12,138.13,0.5247,18120.73,74310.19,100412.04,64752.67,23310.96,8.6,0.395
FY2025-10,2025,Nov,10,Q4,4,ECOM,Ecommerce,Baby,Sets,Original Plan,49726.91,853,58.27,6181.29,198.91,0.5157,25643.93,100412.04,141474.81,97169.88,34981.16,8.1,0.411
FY2025-11,2025,Dec,11,Q4,5,ECOM,Ecommerce,Baby,Sets,Original Plan,53870.82,924,58.27,6195.91,215.48,0.525,28281.42,141474.81,121311.25,40118.65,14442.71,13.1,0.41
FY2025-12,2025,Jan,12,Q4,4,ECOM,Ecommerce,Baby,Sets,Original Plan,21755.52,373,58.27,2740.98,87.02,0.514,11182.56,121311.25,96727.73,0.0,0.0,22.3,0.2
FY2026-01,2026,Feb,1,Q1,4,ECOM,Ecommerce,Baby,Sets,Original Plan,30153.84,517,58.27,4315.27,120.62,0.4969,14983.19,96727.73,83816.38,21678.38,7804.22,12.8,0.334
FY2026-02,2026,Mar,2,Q1,5,ECOM,Ecommerce,Baby,Sets,Original Plan,43193.34,741,58.27,6116.49,172.77,0.4984,21527.25,83816.38,94714.36,60380.58,21737.01,9.7,0.484
FY2026-03,2026,Apr,3,Q1,4,ECOM,Ecommerce,Baby,Sets,Original Plan,48083.16,825,58.27,6110.02,192.33,0.5129,24663.2,94714.36,143056.26,102727.41,36981.87,7.9,0.404
FY2026-04,2026,May,4,Q2,4,ECOM,Ecommerce,Baby,Sets,Original Plan,44415.8,762,58.27,6152.85,177.66,0.5015,22273.26,143056.26,124927.3,32617.35,11742.25,12.9,0.331
FY2026-05,2026,Jun,5,Q2,5,ECOM,Ecommerce,Baby,Sets,Original Plan,40340.95,692,58.27,4957.41,161.36,0.5171,20860.8,124927.3,93755.68,14288.11,5143.72,15.5,0.369
FY2026-06,2026,Jul,6,Q2,4,ECOM,Ecommerce,Baby,Sets,Original Plan,34228.69,587,58.27,4797.06,136.91,0.4999,17109.3,93755.68,102179.58,47586.57,17131.16,11.0,0.349
FY2026-07,2026,Aug,7,Q3,4,ECOM,Ecommerce,Baby,Sets,Original Plan,35858.63,615,58.27,5009.68,143.43,0.5003,17939.84,102179.58,106663.13,45495.28,16378.3,11.4,0.343
FY2026-08,2026,Sep,8,Q3,5,ECOM,Ecommerce,Baby,Sets,Original Plan,38711.02,664,58.27,5673.36,154.84,0.4934,19101.69,106663.13,84827.56,22703.65,8173.31,13.8,0.404
FY2026-09,2026,Oct,9,Q3,4,ECOM,Ecommerce,Baby,Sets,Original Plan,40748.44,699,58.27,4826.16,162.99,0.5216,21252.84,84827.56,112902.54,73812.57,26572.53,8.3,0.412
FY2026-10,2026,Nov,10,Q4,4,ECOM,Ecommerce,Baby,Sets,Original Plan,58677.75,1007,58.27,6921.52,234.71,0.522,30632.24,112902.54,167413.4,120344.84,43324.14,7.7,0.419
FY2026-11,2026,Dec,11,Q4,5,ECOM,Ecommerce,Baby,Sets,Original Plan,63567.56,1091,58.27,8270.27,254.27,0.5099,32412.97,167413.4,139626.22,44304.92,15949.77,13.2,0.414
FY2026-12,2026,Jan,12,Q4,4,ECOM,Ecommerce,Baby,Sets,Original Plan,25671.52,441,58.27,2981.48,102.69,0.5239,13448.29,139626.22,110870.53,0.0,0.0,21.8,0.205
FY2024-01,2024,Feb,1,Q1,4,ECOM,Ecommerce,Baby,Sets,Current Plan,22597.01,388,58.27,2940.07,90.39,0.5099,11522.01,71456.89,68111.89,22282.47,8021.69,12.6,0.324
FY2024-02,2024,Mar,2,Q1,5,ECOM,Ecommerce,Baby,Sets,Current Plan,32250.92,553,58.27,4106.97,129.0,0.5127,16533.62,68111.89,73701.99,42076.99,15147.72,10.6,0.455
FY2024-03,2024,Apr,3,Q1,4,ECOM,Ecommerce,Baby,Sets,Current Plan,37955.25,651,58.27,4981.29,151.82,0.5088,19310.07,73701.99,113068.0,82454.37,29683.57,7.8,0.406
FY2024-04,2024,May,4,Q2,4,ECOM,Ecommerce,Baby,Sets,Current Plan,33146.29,569,58.27,4541.04,132.59,0.503,16672.58,113068.0,91357.56,16109.46,5799.41,13.6,0.324
FY2024-05,2024,Jun,5,Q2,5,ECOM,Ecommerce,Baby,Sets,Current Plan,30555.58,524,58.27,3597.18,122.22,0.5223,15958.39,91357.56,67068.93,9986.35,3595.09,14.9,0.386
FY2024-06,2024,Jul,6,Q2,4,ECOM,Ecommerce,Baby,Sets,Current Plan,24872.64,427,58.27,3613.28,99.49,0.4947,12305.2,67068.93,67978.85,29495.32,10618.32,10.8,0.368
FY2024-07,2024,Aug,7,Q3,4,ECOM,Ecommerce,Baby,Sets,Current Plan,26299.86,451,58.27,3760.29,105.2,0.497,13071.62,67978.85,75789.25,37975.76,13671.27,10.3,0.366
FY2024-08,2024,Sep,8,Q3,5,ECOM,Ecommerce,Baby,Sets,Current Plan,28489.8,489,58.27,3429.52,113.96,0.5196,14803.95,75789.25,63874.78,20118.82,7242.77,13.3,0.408
FY2024-09,2024,Oct,9,Q3,4,ECOM,Ecommerce,Baby,Sets,Current Plan,30372.68,521,58.27,4084.13,121.49,0.5055,15354.39,63874.78,83307.25,54010.76,19443.87,8.4,0.413
FY2024-10,2024,Nov,10,Q4,4,ECOM,Ecommerce,Baby,Sets,Current Plan,43876.51,753,58.27,6663.21,175.51,0.4881,21417.76,83307.25,131916.7,99324.67,35756.88,7.6,0.408
FY2024-11,2024,Dec,11,Q4,5,ECOM,Ecommerce,Baby,Sets,Current Plan,47629.17,817,58.27,6100.57,190.52,0.5119,24382.1,131916.7,105576.65,27580.21,9928.87,13.8,0.401
FY2024-12,2024,Jan,12,Q4,4,ECOM,Ecommerce,Baby,Sets,Current Plan,19006.55,326,58.27,2359.42,76.03,0.5159,9804.78,105576.65,84134.66,0.0,0.0,22.2,0.2
FY2025-01,2025,Feb,1,Q1,4,ECOM,Ecommerce,Baby,Sets,Current Plan,25197.04,432,58.27,3167.4,100.79,0.5143,12958.71,84134.66,76781.13,21111.71,7600.21,13.4,0.313
FY2025-02,2025,Mar,2,Q1,5,ECOM,Ecommerce,Baby,Sets,Current Plan,37182.39,638,58.27,5202.25,148.73,0.5001,18594.48,76781.13,86468.76,52221.0,18799.56,10.3,0.456
FY2025-03,2025,Apr,3,Q1,4,ECOM,Ecommerce,Baby,Sets,Current Plan,40505.36,695,58.27,5694.87,162.02,0.4994,20228.56,86468.76,111863.04,71756.53,25832.35,8.5,0.408
FY2025-04,2025,May,4,Q2,4,ECOM,Ecommerce,Baby,Sets,Current Plan,39035.28,670,58.27,4563.8,156.14,0.5231,20418.77,111863.04,118290.66,50182.84,18065.82,11.5,0.339
FY2025-05,2025,Jun,5,Q2,5,ECOM,Ecommerce,Baby,Sets,Current Plan,34765.39,597,58.27,4400.99,139.06,0.5134,17848.86,118290.66,78985.22,0.0,0.0,17.0,0.352
FY2025-06,2025,Jul,6,Q2,4,ECOM,Ecommerce,Baby,Sets,Current Plan,28514.11,489,58.27,3346.62,114.06,0.5226,14902.41,78985.22,86130.41,39119.98,14083.19,11.1,0.345
FY2025-07,2025,Aug,7,Q3,4,ECOM,Ecommerce,Baby,Sets,Current Plan,31495.98,541,58.27,3917.65,125.98,0.5156,16239.77,86130.41,91505.2,40914.4,14729.19,10.9,0.355
FY2025-08,2025,Sep,8,Q3,5,ECOM,Ecommerce,Baby,Sets,Current Plan,32964.44,566,58.27,4185.47,131.86,0.513,16911.77,91505.2,75973.44,21750.02,7830.01,13.9,0.394
FY2025-09,2025,Oct,9,Q3,4,ECOM,Ecommerce,Baby,Sets,Current Plan,35192.93,604,58.27,4786.28,140.77,0.504,17737.2,75973.44,103926.15,68072.69,24506.17,8.6,0.391
FY2025-10,2025,Nov,10,Q4,4,ECOM,Ecommerce,Baby,Sets,Current Plan,49751.86,854,58.27,7661.77,199.01,0.486,24179.42,103926.15,149754.36,103440.84,37238.7,8.4,0.392
FY2025-11,2025,Dec,11,Q4,5,ECOM,Ecommerce,Baby,Sets,Current Plan,53903.27,925,58.27,7674.03,215.61,0.4976,26824.06,149754.36,116699.91,28738.48,10345.85,13.9,0.405
FY2025-12,2025,Jan,12,Q4,4,ECOM,Ecommerce,Baby,Sets,Current Plan,21773.78,374,58.27,3327.59,87.1,0.4872,10607.64,116699.91,91511.45,0.0,0.0,21.4,0.209
FY2026-01,2026,Feb,1,Q1,4,ECOM,Ecommerce,Baby,Sets,Current Plan,30106.52,517,58.27,4548.04,120.43,0.4889,14720.13,91511.45,88875.53,32139.07,11570.06,12.2,0.334
FY2026-02,2026,Mar,2,Q1,5,ECOM,Ecommerce,Baby,Sets,Current Plan,41869.61,719,58.27,5996.03,167.48,0.4968,20800.52,88875.53,93315.88,52473.48,18890.45,10.6,0.46
FY2026-03,2026,Apr,3,Q1,4,ECOM,Ecommerce,Baby,Sets,Current Plan,47706.13,819,58.27,6672.62,190.82,0.5001,23859.31,93315.88,132297.89,93551.58,33678.57,7.8,0.423
FY2026-04,2026,May,4,Q2,4,ECOM,Ecommerce,Baby,Sets,Current Plan,43938.52,754,58.27,6329.19,175.75,0.496,21791.46,132297.89,128779.98,46925.56,16893.2,12.0,0.337
FY2026-05,2026,Jun,5,Q2,5,ECOM,Ecommerce,Baby,Sets,Current Plan,39433.67,677,58.27,5649.58,157.73,0.4967,19587.97,128779.98,95960.81,12421.81,4471.85,16.3,0.351
FY2026-06,2026,Jul,6,Q2,4,ECOM,Ecommerce,Baby,Sets,Current Plan,34444.77,591,58.27,4724.33,137.78,0.5028,17320.32,95960.81,96814.54,40160.61,14457.82,11.1,0.357
FY2026-07,2026,Aug,7,Q3,4,ECOM,Ecommerce,Baby,Sets,Current Plan,36328.49,623,58.27,4971.47,145.31,0.5032,18278.76,96814.54,104184.99,48815.72,17573.66,10.7,0.361
FY2026-08,2026,Sep,8,Q3,5,ECOM,Ecommerce,Baby,Sets,Current Plan,38303.03,657,58.27,5245.48,153.21,0.5031,19268.45,104184.99,86503.62,26020.36,9367.33,13.6,0.402
FY2026-09,2026,Oct,9,Q3,4,ECOM,Ecommerce,Baby,Sets,Current Plan,40858.08,701,58.27,5909.69,163.43,0.4954,20239.48,86503.62,111217.07,71644.66,25792.08,8.5,0.413
FY2026-10,2026,Nov,10,Q4,4,ECOM,Ecommerce,Baby,Sets,Current Plan,58261.05,1000,58.27,6695.5,233.04,0.5251,30591.57,111217.07,160864.75,114837.26,41341.42,7.6,0.428
FY2026-11,2026,Dec,11,Q4,5,ECOM,Ecommerce,Baby,Sets,Current Plan,63359.43,1087,58.27,7295.07,253.44,0.5249,33254.96,160864.75,142548.89,52592.08,18933.15,12.7,0.418
FY2026-12,2026,Jan,12,Q4,4,ECOM,Ecommerce,Baby,Sets,Current Plan,25231.23,433,58.27,3107.13,100.92,0.5169,13040.85,142548.89,114109.61,0.0,0.0,22.6,0.197
FY2024-01,2024,Feb,1,Q1,4,STORE,Retail Stores,Baby,Sets,Original Plan,10189.04,175,58.27,1064.34,91.7,0.5355,5456.64,29817.71,30286.71,11814.07,4253.07,11.7,0.339
FY2024-02,2024,Mar,2,Q1,5,STORE,Retail Stores,Baby,Sets,Original Plan,14595.11,250,58.27,1461.87,131.36,0.5398,7879.0,30286.71,33651.67,19553.3,7039.19,10.4,0.457
FY2024-03,2024,Apr,3,Q1,4,STORE,Retail Stores,Baby,Sets,Original Plan,16247.38,279,58.27,1563.17,146.23,0.5438,8835.16,33651.67,46269.25,30574.35,11006.77,8.3,0.407
FY2024-04,2024,May,4,Q2,4,STORE,Retail Stores,Baby,Sets,Original Plan,15008.18,258,58.27,1598.69,135.07,0.5335,8006.55,46269.25,40948.72,11421.4,4111.71,12.3,0.344
FY2024-05,2024,Jun,5,Q2,5,STORE,Retail Stores,Baby,Sets,Original Plan,13631.28,234,58.27,1386.33,122.68,0.5383,7337.68,40948.72,29523.79,3715.37,1337.53,15.0,0.387
FY2024-06,2024,Jul,6,Q2,4,STORE,Retail Stores,Baby,Sets,Original Plan,11565.93,198,58.27,1324.55,104.09,0.5255,6077.65,29523.79,34620.09,18090.87,6512.71,10.2,0.361
FY2024-07,2024,Aug,7,Q3,4,STORE,Retail Stores,Baby,Sets,Original Plan,12116.69,208,58.27,1158.62,109.05,0.5444,6596.07,34620.09,35678.64,14442.91,5199.45,11.4,0.345
FY2024-08,2024,Sep,8,Q3,5,STORE,Retail Stores,Baby,Sets,Original Plan,13080.52,224,58.27,1462.18,117.72,0.5282,6909.35,35678.64,28394.91,7376.7,2655.61,13.6,0.408
FY2024-09,2024,Oct,9,Q3,4,STORE,Retail Stores,Baby,Sets,Original Plan,13768.97,236,58.27,1350.99,123.92,0.5419,7461.15,28394.91,39029.75,25878.73,9316.34,8.2,0.408
FY2024-10,2024,Nov,10,Q4,4,STORE,Retail Stores,Baby,Sets,Original Plan,19827.32,340,58.27,2201.31,178.45,0.529,10488.17,39029.75,57872.43,41049.75,14777.91,7.9,0.409
FY2024-11,2024,Dec,11,Q4,5,STORE,Retail Stores,Baby,Sets,Original Plan,21479.59,369,58.27,2334.38,193.32,0.5313,11412.56,57872.43,46579.15,12714.01,4577.04,13.5,0.411
FY2024-12,2024,Jan,12,Q4,4,STORE,Retail Stores,Baby,Sets,Original Plan,8674.45,149,58.27,970.97,78.07,0.5281,4580.68,46579.15,36855.66,0.0,0.0,21.5,0.208
FY2025-01,2025,Feb,1,Q1,4,STORE,Retail Stores,Baby,Sets,Original Plan,11615.5,199,58.27,1284.2,104.54,0.5294,6149.72,36855.66,31395.37,7543.96,2715.82,12.7,0.34
FY2025-02,2025,Mar,2,Q1,5,STORE,Retail Stores,Baby,Sets,Original Plan,16638.42,286,58.27,1592.85,149.75,0.5443,9055.74,31395.37,38799.9,25785.54,9282.79,9.4,0.474
FY2025-03,2025,Apr,3,Q1,4,STORE,Retail Stores,Baby,Sets,Original Plan,18522.02,318,58.27,1718.63,166.7,0.5472,10135.46,38799.9,52237.94,33845.39,12184.34,8.4,0.407
FY2025-04,2025,May,4,Q2,4,STORE,Retail Stores,Baby,Sets,Original Plan,17109.32,294,58.27,1801.95,153.98,0.5347,9148.01,52237.94,48461.59,15288.9,5504.01,12.2,0.34
FY2025-05,2025,Jun,5,Q2,5,STORE,Retail Stores,Baby,Sets,Original Plan,15539.66,267,58.27,1772.4,139.86,0.5259,8172.98,48461.59,36340.53,5330.85,1919.11,15.6,0.366
FY2025-06,2025,Jul,6,Q2,4,STORE,Retail Stores,Baby,Sets,Original Plan,13185.16,226,58.27,1310.65,118.67,0.5406,7127.86,36340.53,36735.3,15009.25,5403.33,11.0,0.361
FY2025-07,2025,Aug,7,Q3,4,STORE,Retail Stores,Baby,Sets,Original Plan,13813.03,237,58.27,1493.22,124.32,0.5319,7347.12,36735.3,41081.95,19777.22,7119.8,10.6,0.355
FY2025-08,2025,Sep,8,Q3,5,STORE,Retail Stores,Baby,Sets,Original Plan,14911.79,256,58.27,1340.14,134.21,0.5501,8203.41,41081.95,33250.07,8554.26,3079.53,13.8,0.401
FY2025-09,2025,Oct,9,Q3,4,STORE,Retail Stores,Baby,Sets,Original Plan,15696.62,269,58.27,1801.37,141.27,0.5252,8244.47,33250.07,46331.12,30720.31,11059.31,8.5,0.394
FY2025-10,2025,Nov,10,Q4,4,STORE,Retail Stores,Baby,Sets,Original Plan,22603.14,388,58.27,2153.92,203.43,0.5447,12312.09,46331.12,66897.23,45526.6,16389.58,8.2,0.399
FY2025-11,2025,Dec,11,Q4,5,STORE,Retail Stores,Baby,Sets,Original Plan,24486.73,420,58.27,2953.88,220.38,0.5194,12717.63,66897.23,55383.03,16146.79,5812.85,13.7,0.401
FY2025-12,2025,Jan,12,Q4,4,STORE,Retail Stores,Baby,Sets,Original Plan,9888.87,170,58.27,1016.68,89.0,0.5372,5312.2,55383.03,44388.48,0.0,0.0,22.4,0.198
FY2026-01,2026,Feb,1,Q1,4,STORE,Retail Stores,Baby,Sets,Original Plan,13706.29,235,58.27,1552.74,123.36,0.5267,7219.28,44388.48,37114.08,8108.0,2918.88,13.0,0.336
FY2026-02,2026,Mar,2,Q1,5,STORE,Retail Stores,Baby,Sets,Original Plan,19633.34,337,58.27,2186.26,176.7,0.5286,10379.07,37114.08,46728.73,31610.95,11379.94,9.5,0.468
FY2026-03,2026,Apr,3,Q1,4,STORE,Retail Stores,Baby,Sets,Original Plan,21855.98,375,58.27,2305.78,196.7,0.5345,11682.04,46728.73,65416.9,43046.64,15496.79,8.6,0.39
FY2026-04,2026,May,4,Q2,4,STORE,Retail Stores,Baby,Sets,Original Plan,20189.0,346,58.27,2082.77,181.7,0.5368,10838.19,65416.9,55509.05,12545.62,4516.42,13.0,0.334
FY2026-05,2026,Jun,5,Q2,5,STORE,Retail Stores,Baby,Sets,Original Plan,18336.8,315,58.27,1711.19,165.03,0.5467,10024.36,55509.05,44606.97,9310.93,3351.94,15.1,0.366
FY2026-06,2026,Jul,6,Q2,4,STORE,Retail Stores,Baby,Sets,Original Plan,15558.49,267,58.27,1651.21,140.03,0.5339,8306.23,44606.97,44885.27,17628.03,6346.09,11.5,0.348
FY2026-07,2026,Aug,7,Q3,4,STORE,Retail Stores,Baby,Sets,Original Plan,16299.38,280,58.27,1522.07,146.69,0.5466,8909.53,44885.27,46339.19,19422.07,6991.94,11.0,0.357
FY2026-08,2026,Sep,8,Q3,5,STORE,Retail Stores,Baby,Sets,Original Plan,17595.92,302,58.27,1850.61,158.36,0.5348,9410.78,46339.19,40881.71,14147.41,5093.07,13.2,0.403
FY2026-09,2026,Oct,9,Q3,4,STORE,Retail Stores,Baby,Sets,Original Plan,18522.02,318,58.27,1717.37,166.7,0.5473,10136.72,40881.71,55157.64,34682.02,12485.53,8.8,0.386
FY2026-10,2026,Nov,10,Q4,4,STORE,Retail Stores,Baby,Sets,Original Plan,26671.7,458,58.27,3167.65,240.05,0.5212,13902.24,55157.64,76148.13,51069.89,18385.16,8.3,0.406
FY2026-11,2026,Dec,11,Q4,5,STORE,Retail Stores,Baby,Sets,Original Plan,28894.35,496,58.27,3432.9,260.05,0.5212,15059.48,76148.13,66944.51,23383.67,8418.12,13.2,0.404
FY2026-12,2026,Jan,12,Q4,4,STORE,Retail Stores,Baby,Sets,Original Plan,11668.87,200,58.27,1096.56,105.02,0.546,6371.51,66944.51,54074.05,0.0,0.0,22.9,0.193
FY2024-01,2024,Feb,1,Q1,4,STORE,Retail Stores,Baby,Sets,Current Plan,10539.05,181,58.27,1237.24,94.85,0.5226,5507.75,30905.35,31245.5,12211.28,4396.06,11.7,0.339
FY2024-02,2024,Mar,2,Q1,5,STORE,Retail Stores,Baby,Sets,Current Plan,14122.38,242,58.27,1443.45,127.1,0.5378,7594.87,31245.5,32382.06,16829.49,6058.62,11.1,0.444
FY2024-03,2024,Apr,3,Q1,4,STORE,Retail Stores,Baby,Sets,Current Plan,16919.88,290,58.27,1763.96,152.28,0.5357,9064.77,32382.06,47880.0,34334.05,12360.26,7.7,0.422
FY2024-04,2024,May,4,Q2,4,STORE,Retail Stores,Baby,Sets,Current Plan,15095.05,259,58.27,1462.43,135.86,0.5431,8198.4,47880.0,44953.62,13766.96,4956.11,12.7,0.325
FY2024-05,2024,Jun,5,Q2,5,STORE,Retail Stores,Baby,Sets,Current Plan,13551.75,233,58.27,1338.57,121.97,0.5412,7334.55,44953.62,32292.76,2351.42,846.51,16.6,0.351
FY2024-06,2024,Jul,6,Q2,4,STORE,Retail Stores,Baby,Sets,Current Plan,11645.59,200,58.27,1188.95,104.81,0.5379,6264.23,32292.76,33541.13,14187.72,5107.58,11.1,0.354
FY2024-07,2024,Aug,7,Q3,4,STORE,Retail Stores,Baby,Sets,Current Plan,12088.14,207,58.27,1144.89,108.79,0.5453,6591.52,33541.13,34020.82,13821.52,4975.75,11.1,0.358
FY2024-08,2024,Sep,8,Q3,5,STORE,Retail Stores,Baby,Sets,Current Plan,12772.19,219,58.27,1286.46,114.95,0.5393,6887.75,34020.82,29690.93,9843.71,3543.73,13.3,0.401
FY2024-09,2024,Oct,9,Q3,4,STORE,Retail Stores,Baby,Sets,Current Plan,13722.62,235,58.27,1483.25,123.5,0.5319,7299.23,29690.93,37289.35,22927.79,8254.01,8.7,0.41
FY2024-10,2024,Nov,10,Q4,4,STORE,Retail Stores,Baby,Sets,Current Plan,20669.86,355,58.27,2471.92,186.03,0.5204,10756.79,37289.35,57011.74,43050.2,15498.07,7.2,0.438
FY2024-11,2024,Dec,11,Q4,5,STORE,Retail Stores,Baby,Sets,Current Plan,21783.36,374,58.27,2168.53,196.05,0.5405,11772.82,57011.74,48329.21,15465.41,5567.55,13.1,0.414
FY2024-12,2024,Jan,12,Q4,4,STORE,Retail Stores,Baby,Sets,Current Plan,8710.91,149,58.27,881.47,78.4,0.5388,4693.52,48329.21,38658.43,0.0,0.0,22.2,0.2
FY2025-01,2025,Feb,1,Q1,4,STORE,Retail Stores,Baby,Sets,Current Plan,11559.16,198,58.27,1130.81,104.03,0.5422,6267.05,38658.43,32994.68,7130.25,2566.89,13.4,0.323
FY2025-02,2025,Mar,2,Q1,5,STORE,Retail Stores,Baby,Sets,Current Plan,16730.99,287,58.27,1509.52,150.58,0.5498,9198.31,32994.68,36781.46,22177.88,7984.04,9.9,0.48
FY2025-03,2025,Apr,3,Q1,4,STORE,Retail Stores,Baby,Sets,Current Plan,18554.15,318,58.27,1749.67,166.99,0.5457,10124.99,36781.46,53502.51,37191.86,13389.07,7.9,0.411
FY2025-04,2025,May,4,Q2,4,STORE,Retail Stores,Baby,Sets,Current Plan,17506.64,300,58.27,1820.43,157.56,0.536,9383.82,53502.51,50144.37,16126.49,5805.54,12.2,0.338
FY2025-05,2025,Jun,5,Q2,5,STORE,Retail Stores,Baby,Sets,Current Plan,15146.71,260,58.27,1427.44,136.32,0.5458,8266.46,50144.37,34458.47,1024.56,368.84,16.6,0.358
FY2025-06,2025,Jul,6,Q2,4,STORE,Retail Stores,Baby,Sets,Current Plan,13447.87,231,58.27,1391.21,121.03,0.5365,7215.43,34458.47,40307.05,20808.69,7491.13,10.2,0.36
FY2025-07,2025,Aug,7,Q3,4,STORE,Retail Stores,Baby,Sets,Current Plan,13639.48,234,58.27,1258.6,122.76,0.5477,7470.67,40307.05,36985.52,11699.31,4211.75,11.8,0.353
FY2025-08,2025,Sep,8,Q3,5,STORE,Retail Stores,Baby,Sets,Current Plan,15250.53,262,58.27,1377.46,137.25,0.5497,8382.88,36985.52,35316.69,15096.41,5434.71,12.1,0.422
FY2025-09,2025,Oct,9,Q3,4,STORE,Retail Stores,Baby,Sets,Current Plan,16228.33,278,58.27,1951.35,146.05,0.5198,8434.78,35316.69,44195.5,27204.54,9793.64,8.7,0.408
FY2025-10,2025,Nov,10,Q4,4,STORE,Retail Stores,Baby,Sets,Current Plan,22769.14,391,58.27,2745.48,204.92,0.5194,11826.76,44195.5,65522.68,47046.72,16936.82,7.8,0.415
FY2025-11,2025,Dec,11,Q4,5,STORE,Retail Stores,Baby,Sets,Current Plan,24341.97,418,58.27,2287.77,219.08,0.546,13291.1,65522.68,56754.47,18080.61,6509.02,13.5,0.398
FY2025-12,2025,Jan,12,Q4,4,STORE,Retail Stores,Baby,Sets,Current Plan,9682.85,166,58.27,868.92,87.15,0.5503,5328.11,56754.47,46115.55,0.0,0.0,23.4,0.188
FY2026-01,2026,Feb,1,Q1,4,STORE,Retail Stores,Baby,Sets,Current Plan,13583.14,233,58.27,1300.03,122.25,0.5443,7393.18,46115.55,40411.01,9300.87,3348.31,13.6,0.314
FY2026-02,2026,Mar,2,Q1,5,STORE,Retail Stores,Baby,Sets,Current Plan,19302.04,331,58.27,2154.67,173.72,0.5284,10198.63,40411.01,47042.01,28261.44,10174.12,10.5,0.441
FY2026-03,2026,Apr,3,Q1,4,STORE,Retail Stores,Baby,Sets,Current Plan,21545.95,370,58.27,2533.79,193.91,0.5224,11255.62,47042.01,64245.24,41476.88,14931.68,8.7,0.387
FY2026-04,2026,May,4,Q2,4,STORE,Retail Stores,Baby,Sets,Current Plan,20160.94,346,58.27,1885.32,181.45,0.5465,11017.69,64245.24,59024.5,17006.97,6122.51,12.7,0.327
FY2026-05,2026,Jun,5,Q2,5,STORE,Retail Stores,Baby,Sets,Current Plan,17937.12,308,58.27,1775.28,161.43,0.541,9704.47,59024.5,41349.43,2198.77,791.56,16.5,0.357
FY2026-06,2026,Jul,6,Q2,4,STORE,Retail Stores,Baby,Sets,Current Plan,15256.31,262,58.27,1662.38,137.31,0.531,8101.66,41349.43,42720.24,18426.81,6633.65,10.8,0.363
FY2026-07,2026,Aug,7,Q3,4,STORE,Retail Stores,Baby,Sets,Current Plan,16217.18,278,58.27,1636.3,145.95,0.5391,8742.69,42720.24,49263.56,24542.76,8835.39,10.5,0.353
FY2026-08,2026,Sep,8,Q3,5,STORE,Retail Stores,Baby,Sets,Current Plan,16884.22,290,58.27,1594.78,151.96,0.5455,9211.12,49263.56,37830.99,7198.38,2591.42,14.6,0.388
FY2026-09,2026,Oct,9,Q3,4,STORE,Retail Stores,Baby,Sets,Current Plan,18214.85,313,58.27,1838.4,163.93,0.5391,9819.1,37830.99,54679.72,37065.92,13343.73,8.3,0.394
FY2026-10,2026,Nov,10,Q4,4,STORE,Retail Stores,Baby,Sets,Current Plan,26030.87,447,58.27,2485.9,234.28,0.5445,14173.86,54679.72,72887.54,46958.86,16905.19,8.4,0.408
FY2026-11,2026,Dec,11,Q4,5,STORE,Retail Stores,Baby,Sets,Current Plan,28422.83,488,58.27,3311.07,255.81,0.5235,14879.54,72887.54,66172.24,25274.42,9098.79,12.8,0.409
FY2026-12,2026,Jan,12,Q4,4,STORE,Retail Stores,Baby,Sets,Current Plan,11376.16,195,58.27,1138.09,102.39,0.54,6142.65,66172.24,53555.6,0.0,0.0,23.3,0.19
FY2024-01,2024,Feb,1,Q1,4,WHSL,Wholesale,Baby,Sets,Original Plan,17585.73,394,44.63,359.85,17.59,0.4595,8081.3,17870.37,17852.31,17945.11,9331.46,4.1,0.985
FY2024-02,2024,Mar,2,Q1,5,WHSL,Wholesale,Baby,Sets,Original Plan,14749.32,330,44.63,251.85,14.75,0.4629,6827.82,17852.31,12142.11,9305.72,4838.97,6.1,0.983
FY2024-03,2024,Apr,3,Q1,4,WHSL,Wholesale,Baby,Sets,Original Plan,7034.29,158,44.63,161.63,7.03,0.457,3214.83,12142.11,6700.36,1761.21,915.83,6.9,0.747
FY2024-04,2024,May,4,Q2,4,WHSL,Wholesale,Baby,Sets,Original Plan,6240.1,140,44.63,134.95,6.24,0.4584,2860.3,6700.36,5994.93,5675.85,2951.44,4.3,0.983
FY2024-05,2024,Jun,5,Q2,5,WHSL,Wholesale,Baby,Sets,Original Plan,15316.6,343,44.63,326.66,15.32,0.4587,7025.31,5994.93,12187.48,21851.13,11362.59,2.0,1.685
FY2024-06,2024,Jul,6,Q2,4,WHSL,Wholesale,Baby,Sets,Original Plan,16110.8,361,44.63,319.32,16.11,0.4602,7413.86,12187.48,15809.87,20068.61,10435.68,3.0,1.151
FY2024-07,2024,Aug,7,Q3,4,WHSL,Wholesale,Baby,Sets,Original Plan,7941.94,178,44.63,138.35,7.94,0.4626,3673.78,15809.87,7737.0,15.37,7.99,8.0,0.675
FY2024-08,2024,Sep,8,Q3,5,WHSL,Wholesale,Baby,Sets,Original Plan,11912.91,267,44.63,215.4,11.91,0.4619,5502.8,7737.0,9439.71,13842.94,7198.33,3.2,1.387
FY2024-09,2024,Oct,9,Q3,4,WHSL,Wholesale,Baby,Sets,Original Plan,15656.97,351,44.63,307.52,15.66,0.4604,7207.83,9439.71,16020.74,22561.17,11731.81,2.4,1.23
FY2024-10,2024,Nov,10,Q4,4,WHSL,Wholesale,Baby,Sets,Original Plan,9643.79,216,44.63,183.25,9.64,0.461,4445.76,16020.74,9168.22,2984.16,1551.76,6.6,0.766
FY2024-11,2024,Dec,11,Q4,5,WHSL,Wholesale,Baby,Sets,Original Plan,6807.38,153,44.63,144.56,6.81,0.4588,3122.98,9168.22,5547.19,3337.72,1735.62,6.7,0.925
FY2024-12,2024,Jan,12,Q4,4,WHSL,Wholesale,Baby,Sets,Original Plan,7147.75,160,44.63,147.36,7.15,0.4594,3283.56,5547.19,7337.38,9092.45,4728.08,3.1,1.11
FY2025-01,2025,Feb,1,Q1,4,WHSL,Wholesale,Baby,Sets,Original Plan,20047.73,449,44.63,370.49,20.05,0.4615,9252.42,7337.38,20068.11,33168.98,17247.87,1.5,1.463
FY2025-02,2025,Mar,2,Q1,5,WHSL,Wholesale,Baby,Sets,Original Plan,16814.22,377,44.63,306.83,16.81,0.4618,7764.0,20068.11,12810.06,9879.82,5137.51,6.0,1.023
FY2025-03,2025,Apr,3,Q1,4,WHSL,Wholesale,Baby,Sets,Original Plan,8019.09,180,44.63,176.29,8.02,0.458,3672.87,12810.06,7728.68,3122.03,1623.45,6.4,0.781
FY2025-04,2025,May,4,Q2,4,WHSL,Wholesale,Baby,Sets,Original Plan,7113.71,159,44.63,122.99,7.11,0.4627,3291.59,7728.68,7027.95,6543.09,3402.41,4.3,0.964
FY2025-05,2025,Jun,5,Q2,5,WHSL,Wholesale,Baby,Sets,Original Plan,17460.93,391,44.63,374.2,17.46,0.4586,8007.04,7027.95,13926.63,24751.27,12870.66,2.0,1.667
FY2025-06,2025,Jul,6,Q2,4,WHSL,Wholesale,Baby,Sets,Original Plan,18366.31,411,44.63,414.59,18.37,0.4574,8401.24,13926.63,19171.46,24044.09,12502.93,3.0,1.11
FY2025-07,2025,Aug,7,Q3,4,WHSL,Wholesale,Baby,Sets,Original Plan,9053.81,203,44.63,162.4,9.05,0.4621,4183.43,19171.46,9946.2,0.0,0.0,8.5,0.622
FY2025-08,2025,Sep,8,Q3,5,WHSL,Wholesale,Baby,Sets,Original Plan,13580.72,304,44.63,288.92,13.58,0.4587,6229.82,9946.2,10959.53,14896.56,7746.21,3.7,1.299
FY2025-09,2025,Oct,9,Q3,4,WHSL,Wholesale,Baby,Sets,Original Plan,17848.95,400,44.63,316.16,17.85,0.4623,8251.33,10959.53,18179.6,25403.02,13209.57,2.5,1.225
FY2025-10,2025,Nov,10,Q4,4,WHSL,Wholesale,Baby,Sets,Original Plan,10993.92,246,44.63,229.08,10.99,0.4592,5048.0,18179.6,11005.18,4059.57,2110.98,6.6,0.753
FY2025-11,2025,Dec,11,Q4,5,WHSL,Wholesale,Baby,Sets,Original Plan,7760.41,174,44.63,167.85,7.76,0.4584,3557.15,11005.18,6446.26,3377.1,1756.09,7.1,0.889
FY2025-12,2025,Jan,12,Q4,4,WHSL,Wholesale,Baby,Sets,Original Plan,8148.43,183,44.63,155.01,8.15,0.461,3756.24,6446.26,7887.34,9752.67,5071.39,3.2,1.137
FY2026-01,2026,Feb,1,Q1,4,WHSL,Wholesale,Baby,Sets,Original Plan,23656.32,530,44.63,526.93,23.66,0.4577,10828.11,7887.34,24555.48,40875.04,21255.02,1.3,1.458
FY2026-02,2026,Mar,2,Q1,5,WHSL,Wholesale,Baby,Sets,Original Plan,19840.78,445,44.63,451.35,19.84,0.4573,9072.23,24555.48,16720.28,12476.77,6487.92,6.2,0.961
FY2026-03,2026,Apr,3,Q1,4,WHSL,Wholesale,Baby,Sets,Original Plan,9462.53,212,44.63,215.37,9.46,0.4572,4326.65,16720.28,9457.84,2424.92,1260.96,7.1,0.723
FY2026-04,2026,May,4,Q2,4,WHSL,Wholesale,Baby,Sets,Original Plan,8394.18,188,44.63,160.43,8.39,0.4609,3868.77,9457.84,8536.07,7641.23,3973.44,4.5,0.933
FY2026-05,2026,Jun,5,Q2,5,WHSL,Wholesale,Baby,Sets,Original Plan,20603.89,462,44.63,472.67,20.6,0.4571,9417.2,8536.07,17302.36,29863.45,15528.99,2.1,1.595
FY2026-06,2026,Jul,6,Q2,4,WHSL,Wholesale,Baby,Sets,Original Plan,21672.24,486,44.63,396.85,21.67,0.4617,10005.82,17302.36,22117.68,26906.08,13991.16,3.2,1.1
FY2026-07,2026,Aug,7,Q3,4,WHSL,Wholesale,Baby,Sets,Original Plan,10683.5,239,44.63,237.17,10.68,0.4578,4890.9,22117.68,11186.32,0.0,0.0,8.3,0.642
FY2026-08,2026,Sep,8,Q3,5,WHSL,Wholesale,Baby,Sets,Original Plan,16025.25,359,44.63,297.42,16.03,0.4614,7394.7,11186.32,13266.81,18419.19,9577.98,3.5,1.311
FY2026-09,2026,Oct,9,Q3,4,WHSL,Wholesale,Baby,Sets,Original Plan,21061.76,472,44.63,376.17,21.06,0.4621,9733.47,13266.81,20786.5,28978.68,15068.91,2.5,1.237
FY2026-10,2026,Nov,10,Q4,4,WHSL,Wholesale,Baby,Sets,Original Plan,12972.82,291,44.63,263.63,12.97,0.4597,5963.32,20786.5,12531.84,4994.77,2597.28,6.4,0.779
FY2026-11,2026,Dec,11,Q4,5,WHSL,Wholesale,Baby,Sets,Original Plan,9157.29,205,44.63,162.35,9.16,0.4623,4233.15,12531.84,7205.72,4002.67,2081.39,6.8,0.928
FY2026-12,2026,Jan,12,Q4,4,WHSL,Wholesale,Baby,Sets,Original Plan,9615.15,215,44.63,195.35,9.62,0.4597,4419.93,7205.72,9122.94,11737.33,6103.41,3.0,1.178
FY2024-01,2024,Feb,1,Q1,4,WHSL,Wholesale,Baby,Sets,Current Plan,18020.6,404,44.63,414.23,18.02,0.457,8235.66,17347.84,18020.03,19125.04,9945.02,3.9,1.019
FY2024-02,2024,Mar,2,Q1,5,WHSL,Wholesale,Baby,Sets,Current Plan,14415.71,323,44.63,284.18,14.42,0.4603,6635.36,18020.03,11500.89,8195.18,4261.49,6.3,0.977
FY2024-03,2024,Apr,3,Q1,4,WHSL,Wholesale,Baby,Sets,Current Plan,6874.15,154,44.63,138.44,6.87,0.4599,3161.15,11500.89,6979.52,2498.09,1299.01,6.7,0.744
FY2024-04,2024,May,4,Q2,4,WHSL,Wholesale,Baby,Sets,Current Plan,6396.44,143,44.63,132.76,6.4,0.4592,2937.53,6979.52,6092.55,5648.63,2937.29,4.4,0.979
FY2024-05,2024,Jun,5,Q2,5,WHSL,Wholesale,Baby,Sets,Current Plan,15485.86,347,44.63,325.15,15.49,0.459,7108.06,6092.55,12841.06,22575.01,11739.0,2.0,1.636
FY2024-06,2024,Jul,6,Q2,4,WHSL,Wholesale,Baby,Sets,Current Plan,16438.27,368,44.63,322.64,16.44,0.4604,7567.73,12841.06,16835.32,20771.61,10801.23,3.1,1.108
FY2024-07,2024,Aug,7,Q3,4,WHSL,Wholesale,Baby,Sets,Current Plan,8104.6,182,44.63,138.65,8.1,0.4629,3751.56,16835.32,8583.96,0.0,0.0,8.3,0.638
FY2024-08,2024,Sep,8,Q3,5,WHSL,Wholesale,Baby,Sets,Current Plan,11563.5,259,44.63,265.83,11.56,0.457,5284.65,8583.96,9746.22,13003.15,6761.64,3.7,1.262
FY2024-09,2024,Oct,9,Q3,4,WHSL,Wholesale,Baby,Sets,Current Plan,16553.32,371,44.63,346.4,16.55,0.4591,7599.19,9746.22,16046.13,23216.19,12072.42,2.4,1.284
FY2024-10,2024,Nov,10,Q4,4,WHSL,Wholesale,Baby,Sets,Current Plan,9360.9,210,44.63,188.44,9.36,0.4599,4304.79,16046.13,9043.73,2556.3,1329.27,6.9,0.746
FY2024-11,2024,Dec,11,Q4,5,WHSL,Wholesale,Baby,Sets,Current Plan,6826.14,153,44.63,147.82,6.83,0.4583,3128.73,9043.73,5762.01,3699.06,1923.51,6.6,0.922
FY2024-12,2024,Jan,12,Q4,4,WHSL,Wholesale,Baby,Sets,Current Plan,7233.28,162,44.63,162.46,7.23,0.4575,3309.51,5762.01,6800.77,8441.73,4389.7,3.2,1.152
FY2025-01,2025,Feb,1,Q1,4,WHSL,Wholesale,Baby,Sets,Current Plan,20173.27,452,44.63,383.99,20.17,0.461,9299.18,6800.77,20944.09,34720.76,18054.79,1.3,1.454
FY2025-02,2025,Mar,2,Q1,5,WHSL,Wholesale,Baby,Sets,Current Plan,17100.26,383,44.63,373.2,17.1,0.4582,7834.92,20944.09,12866.24,9412.71,4894.61,6.1,1.012
FY2025-03,2025,Apr,3,Q1,4,WHSL,Wholesale,Baby,Sets,Current Plan,8292.9,186,44.63,165.42,8.29,0.4601,3815.17,12866.24,8357.47,3957.85,2058.08,6.2,0.781
FY2025-04,2025,May,4,Q2,4,WHSL,Wholesale,Baby,Sets,Current Plan,7023.82,157,44.63,160.07,7.02,0.4572,3211.36,8357.47,7067.73,5901.18,3068.61,4.8,0.911
FY2025-05,2025,Jun,5,Q2,5,WHSL,Wholesale,Baby,Sets,Current Plan,17928.03,402,44.63,324.01,17.93,0.4619,8281.44,7067.73,13858.66,25060.9,13031.67,2.0,1.713
FY2025-06,2025,Jul,6,Q2,4,WHSL,Wholesale,Baby,Sets,Current Plan,18494.85,414,44.63,336.48,18.49,0.4618,8541.04,13858.66,19369.03,24360.2,12667.3,3.0,1.113
FY2025-07,2025,Aug,7,Q3,4,WHSL,Wholesale,Baby,Sets,Current Plan,9221.63,207,44.63,168.53,9.22,0.4617,4257.85,19369.03,9969.65,0.0,0.0,8.4,0.629
FY2025-08,2025,Sep,8,Q3,5,WHSL,Wholesale,Baby,Sets,Current Plan,13665.77,306,44.63,279.34,13.67,0.4596,6280.23,9969.65,10634.76,14623.88,7604.42,3.6,1.326
FY2025-09,2025,Oct,9,Q3,4,WHSL,Wholesale,Baby,Sets,Current Plan,18271.24,409,44.63,361.97,18.27,0.4602,8408.23,10634.76,18240.0,26256.72,13653.5,2.3,1.266
FY2025-10,2025,Nov,10,Q4,4,WHSL,Wholesale,Baby,Sets,Current Plan,11112.0,249,44.63,244.37,11.11,0.458,5089.4,18240.0,11734.96,4862.44,2528.47,6.6,0.741
FY2025-11,2025,Dec,11,Q4,5,WHSL,Wholesale,Baby,Sets,Current Plan,7924.99,178,44.63,153.5,7.92,0.4606,3650.49,11734.96,6395.11,2746.57,1428.21,7.4,0.874
FY2025-12,2025,Jan,12,Q4,4,WHSL,Wholesale,Baby,Sets,Current Plan,8355.99,187,44.63,181.93,8.36,0.4582,3828.95,6395.11,8239.46,10390.62,5403.12,3.1,1.142
FY2026-01,2026,Feb,1,Q1,4,WHSL,Wholesale,Baby,Sets,Current Plan,23354.66,523,44.63,484.04,23.35,0.4593,10726.2,8239.46,22011.99,37634.6,19569.99,1.4,1.544
FY2026-02,2026,Mar,2,Q1,5,WHSL,Wholesale,Baby,Sets,Current Plan,19813.22,444,44.63,368.8,19.81,0.4614,9141.55,22011.99,16741.87,14931.72,7764.49,5.6,1.023
FY2026-03,2026,Apr,3,Q1,4,WHSL,Wholesale,Baby,Sets,Current Plan,9332.54,209,44.63,204.72,9.33,0.4581,4274.9,16741.87,8946.6,1751.32,910.69,7.2,0.727
FY2026-04,2026,May,4,Q2,4,WHSL,Wholesale,Baby,Sets,Current Plan,8228.99,184,44.63,160.76,8.23,0.4605,3789.16,8946.6,8443.18,7894.56,4105.17,4.3,0.946
FY2026-05,2026,Jun,5,Q2,5,WHSL,Wholesale,Baby,Sets,Current Plan,20234.99,453,44.63,414.89,20.23,0.4595,9297.9,8443.18,15229.18,27456.11,14277.18,2.1,1.71
FY2026-06,2026,Jul,6,Q2,4,WHSL,Wholesale,Baby,Sets,Current Plan,21477.88,481,44.63,411.19,21.48,0.4609,9898.19,15229.18,22699.07,29380.45,15277.83,2.8,1.133
FY2026-07,2026,Aug,7,Q3,4,WHSL,Wholesale,Baby,Sets,Current Plan,10689.27,239,44.63,191.44,10.69,0.4621,4939.41,22699.07,11807.67,0.0,0.0,8.5,0.62
FY2026-08,2026,Sep,8,Q3,5,WHSL,Wholesale,Baby,Sets,Current Plan,15831.86,355,44.63,337.38,15.83,0.4587,7261.92,11807.67,11998.61,16376.01,8515.52,3.7,1.33
FY2026-09,2026,Oct,9,Q3,4,WHSL,Wholesale,Baby,Sets,Current Plan,20707.03,464,44.63,445.59,20.71,0.4585,9493.79,11998.61,20342.05,29516.77,15348.72,2.3,1.281
FY2026-10,2026,Nov,10,Q4,4,WHSL,Wholesale,Baby,Sets,Current Plan,12622.27,283,44.63,282.34,12.62,0.4576,5776.35,20342.05,12278.65,4853.84,2523.99,6.4,0.774
FY2026-11,2026,Dec,11,Q4,5,WHSL,Wholesale,Baby,Sets,Current Plan,8983.78,201,44.63,171.97,8.98,0.4609,4140.25,12278.65,7201.72,4087.79,2125.65,6.8,0.922
FY2026-12,2026,Jan,12,Q4,4,WHSL,Wholesale,Baby,Sets,Current Plan,9284.47,208,44.63,172.61,9.28,0.4614,4283.93,7201.72,9322.83,11587.48,6025.49,3.1,1.124
FY2024-01,2024,Feb,1,Q1,4,ECOM,Ecommerce,Baby,Sleepwear,Original Plan,52303.72,1325,39.47,7375.48,209.21,0.499,26098.9,148551.82,141969.36,53305.97,19190.15,11.4,0.36
FY2024-02,2024,Mar,2,Q1,5,ECOM,Ecommerce,Baby,Sleepwear,Original Plan,74921.55,1898,39.47,9677.17,299.69,0.5108,38272.63,141969.36,181022.49,123951.53,44622.55,9.5,0.464
FY2024-03,2024,Apr,3,Q1,4,ECOM,Ecommerce,Baby,Sleepwear,Original Plan,83403.24,2113,39.47,9803.95,333.61,0.5225,43574.12,181022.49,250405.41,162923.72,58652.54,8.7,0.387
FY2024-04,2024,May,4,Q2,4,ECOM,Ecommerce,Baby,Sleepwear,Original Plan,77041.97,1952,39.47,11536.83,308.17,0.4903,37770.03,250405.41,209455.36,47936.92,17257.29,13.0,0.335
FY2024-05,2024,Jun,5,Q2,5,ECOM,Ecommerce,Baby,Sleepwear,Original Plan,69973.9,1773,39.47,8349.78,279.9,0.5207,36433.52,209455.36,151581.16,20729.36,7462.57,15.0,0.388
FY2024-06,2024,Jul,6,Q2,4,ECOM,Ecommerce,Baby,Sleepwear,Original Plan,59371.79,1504,39.47,8824.23,237.49,0.4914,29173.72,151581.16,165639.42,82491.77,29697.04,10.2,0.374
FY2024-07,2024,Aug,7,Q3,4,ECOM,Ecommerce,Baby,Sleepwear,Original Plan,62199.02,1576,39.47,9459.27,248.8,0.4879,30348.11,165639.42,182067.74,88335.41,31800.75,10.7,0.358
FY2024-08,2024,Sep,8,Q3,5,ECOM,Ecommerce,Baby,Sleepwear,Original Plan,67146.67,1701,39.47,10107.6,268.59,0.4895,32866.27,182067.74,155067.9,50523.02,18188.29,13.6,0.398
FY2024-09,2024,Oct,9,Q3,4,ECOM,Ecommerce,Baby,Sleepwear,Original Plan,70680.71,1791,39.47,10074.95,282.72,0.4975,35160.7,155067.9,210623.45,136593.93,49173.82,8.8,0.387
FY2024-10,2024,Nov,10,Q4,4,ECOM,Ecommerce,Baby,Sleepwear,Original Plan,101780.22,2579,39.47,15237.71,407.12,0.4903,49901.63,210623.45,305731.34,212532.94,76511.86,8.3,0.394
FY2024-11,2024,Dec,11,Q4,5,ECOM,Ecommerce,Baby,Sleepwear,Original Plan,110261.9,2794,39.47,12773.0,441.05,0.5242,57794.62,305731.34,254455.02,72199.63,25991.87,13.9,0.394
FY2024-12,2024,Jan,12,Q4,4,ECOM,Ecommerce,Baby,Sleepwear,Original Plan,44528.85,1128,39.47,6335.98,178.12,0.4977,22162.48,254455.02,203412.08,0.0,0.0,22.9,0.195
FY2025-01,2025,Feb,1,Q1,4,ECOM,Ecommerce,Baby,Sleepwear,Original Plan,59626.25,1511,39.47,7771.23,238.5,0.5097,30389.56,203412.08,167120.14,31344.05,11283.86,13.6,0.322
FY2025-02,2025,Mar,2,Q1,5,ECOM,Ecommerce,Baby,Sleepwear,Original Plan,85410.57,2164,39.47,13006.31,341.64,0.4877,41656.45,167120.14,192388.06,124026.44,44649.52,9.8,0.475
FY2025-03,2025,Apr,3,Q1,4,ECOM,Ecommerce,Baby,Sleepwear,Original Plan,95079.69,2409,39.47,11029.52,380.32,0.524,49821.48,192388.06,289153.06,203254.53,73171.63,8.1,0.395
FY2025-04,2025,May,4,Q2,4,ECOM,Ecommerce,Baby,Sleepwear,Original Plan,87827.85,2225,39.47,10805.24,351.31,0.517,45404.58,289153.06,263740.24,73571.57,26485.77,13.2,0.318
FY2025-05,2025,Jun,5,Q2,5,ECOM,Ecommerce,Baby,Sleepwear,Original Plan,79770.25,2021,39.47,9509.12,319.08,0.5208,41543.83,263740.24,177465.32,3323.53,1196.47,16.5,0.362
FY2025-06,2025,Jul,6,Q2,4,ECOM,Ecommerce,Baby,Sleepwear,Original Plan,67683.85,1715,39.47,8721.32,270.74,0.5111,34596.34,177465.32,197058.52,96269.1,34656.88,10.5,0.361
FY2025-07,2025,Aug,7,Q3,4,ECOM,Ecommerce,Baby,Sleepwear,Original Plan,70906.89,1796,39.47,10974.51,283.63,0.4852,34405.9,197058.52,215551.97,100658.48,36237.05,11.1,0.344
FY2025-08,2025,Sep,8,Q3,5,ECOM,Ecommerce,Baby,Sleepwear,Original Plan,76547.21,1939,39.47,11213.27,306.19,0.4935,37776.94,215551.97,169457.45,41972.15,15109.97,14.1,0.398
FY2025-09,2025,Oct,9,Q3,4,ECOM,Ecommerce,Baby,Sleepwear,Original Plan,80576.01,2041,39.47,9651.23,322.3,0.5202,41917.42,169457.45,243039.76,164131.85,59087.47,8.4,0.391
FY2025-10,2025,Nov,10,Q4,4,ECOM,Ecommerce,Baby,Sleepwear,Original Plan,116029.45,2940,39.47,16495.56,464.12,0.4978,57763.29,243039.76,353351.18,243300.54,87588.19,8.4,0.389
FY2025-11,2025,Dec,11,Q4,5,ECOM,Ecommerce,Baby,Sleepwear,Original Plan,125698.57,3185,39.47,17409.27,502.79,0.5015,63037.82,353351.18,295691.0,85950.46,30942.17,14.1,0.387
FY2025-12,2025,Jan,12,Q4,4,ECOM,Ecommerce,Baby,Sleepwear,Original Plan,50762.88,1286,39.47,6155.35,203.05,0.5187,26332.9,295691.0,238569.72,0.0,0.0,23.3,0.19
FY2026-01,2026,Feb,1,Q1,4,ECOM,Ecommerce,Baby,Sleepwear,Original Plan,70358.97,1783,39.47,8793.24,281.44,0.515,36236.5,238569.72,201534.76,42398.69,15263.53,13.6,0.32
FY2026-02,2026,Mar,2,Q1,5,ECOM,Ecommerce,Baby,Sleepwear,Original Plan,100784.47,2553,39.47,14486.77,403.14,0.4963,50015.29,201534.76,225543.27,139682.88,50285.84,10.0,0.472
FY2026-03,2026,Apr,3,Q1,4,ECOM,Ecommerce,Baby,Sleepwear,Original Plan,112194.03,2842,39.47,15529.09,448.78,0.5016,56275.09,225543.27,306232.84,208861.47,75190.13,8.0,0.422
FY2026-04,2026,May,4,Q2,4,ECOM,Ecommerce,Baby,Sleepwear,Original Plan,103636.86,2626,39.47,15079.82,414.55,0.4945,51247.77,306232.84,303239.74,116138.13,41809.73,11.8,0.34
FY2026-05,2026,Jun,5,Q2,5,ECOM,Ecommerce,Baby,Sleepwear,Original Plan,94128.89,2385,39.47,10996.76,376.52,0.5232,49245.73,303239.74,205624.65,7887.08,2839.35,16.1,0.37
FY2026-06,2026,Jul,6,Q2,4,ECOM,Ecommerce,Baby,Sleepwear,Original Plan,79866.94,2023,39.47,11648.8,319.47,0.4941,39466.04,205624.65,238792.25,125002.81,45001.01,10.3,0.359
FY2026-07,2026,Aug,7,Q3,4,ECOM,Ecommerce,Baby,Sleepwear,Original Plan,83670.13,2120,39.47,11539.75,334.68,0.5021,42009.13,238792.25,237150.47,93902.77,33805.0,11.4,0.352
FY2026-08,2026,Sep,8,Q3,5,ECOM,Ecommerce,Baby,Sleepwear,Original Plan,90325.7,2288,39.47,12574.09,361.3,0.5008,45234.36,237150.47,211770.05,77880.67,28037.04,13.1,0.402
FY2026-09,2026,Oct,9,Q3,4,ECOM,Ecommerce,Baby,Sleepwear,Original Plan,95079.69,2409,39.47,12853.42,380.32,0.5048,47997.58,211770.05,277561.07,174104.45,62677.6,8.9,0.389
FY2026-10,2026,Nov,10,Q4,4,ECOM,Ecommerce,Baby,Sleepwear,Original Plan,136914.75,3469,39.47,16397.4,547.66,0.5202,71228.04,277561.07,392592.18,268890.92,96800.73,8.1,0.409
FY2026-11,2026,Dec,11,Q4,5,ECOM,Ecommerce,Baby,Sleepwear,Original Plan,148324.31,3758,39.47,17377.29,593.3,0.5228,77550.27,392592.18,343661.2,117363.92,42251.01,13.2,0.403
FY2026-12,2026,Jan,12,Q4,4,ECOM,Ecommerce,Baby,Sleepwear,Original Plan,59900.2,1518,39.47,7041.94,239.6,0.5224,31294.19,343661.2,276479.45,0.0,0.0,22.9,0.193
FY2024-01,2024,Feb,1,Q1,4,ECOM,Ecommerce,Baby,Sleepwear,Current Plan,54215.94,1374,39.47,7282.1,216.86,0.5057,27416.1,148876.11,147606.48,60445.27,21760.3,11.0,0.366
FY2024-02,2024,Mar,2,Q1,5,ECOM,Ecommerce,Baby,Sleepwear,Current Plan,74745.2,1894,39.47,8958.54,298.98,0.5201,38878.39,147606.48,180822.7,117218.94,42198.82,9.9,0.455
FY2024-03,2024,Apr,3,Q1,4,ECOM,Ecommerce,Baby,Sleepwear,Current Plan,83162.53,2107,39.47,10343.52,332.65,0.5156,42880.49,180822.7,228367.61,141383.6,50898.1,8.7,0.406
FY2024-04,2024,May,4,Q2,4,ECOM,Ecommerce,Baby,Sleepwear,Current Plan,78093.47,1979,39.47,9562.39,312.37,0.5176,40417.42,228367.61,223028.49,82629.11,29746.48,11.7,0.346
FY2024-05,2024,Jun,5,Q2,5,ECOM,Ecommerce,Baby,Sleepwear,Current Plan,71655.32,1815,39.47,9308.54,286.62,0.5101,36550.86,223028.49,161203.97,19425.97,6993.35,15.6,0.373
FY2024-06,2024,Jul,6,Q2,4,ECOM,Ecommerce,Baby,Sleepwear,Current Plan,58118.09,1472,39.47,7613.59,232.47,0.509,29581.99,161203.97,167343.4,72103.57,25957.29,11.1,0.354
FY2024-07,2024,Aug,7,Q3,4,ECOM,Ecommerce,Baby,Sleepwear,Current Plan,65015.06,1647,39.47,9310.42,260.06,0.4968,32299.22,167343.4,183298.86,90541.01,32594.76,10.3,0.371
FY2024-08,2024,Sep,8,Q3,5,ECOM,Ecommerce,Baby,Sleepwear,Current Plan,66003.86,1672,39.47,9577.84,264.02,0.4949,32664.63,183298.86,152714.73,45261.58,16294.17,13.9,0.393
FY2024-09,2024,Oct,9,Q3,4,ECOM,Ecommerce,Baby,Sleepwear,Current Plan,70905.62,1796,39.47,9541.85,283.62,0.5054,35837.75,152714.73,194635.66,122652.03,44154.73,8.6,0.408
FY2024-10,2024,Nov,10,Q4,4,ECOM,Ecommerce,Baby,Sleepwear,Current Plan,100194.42,2538,39.47,12780.6,400.78,0.5124,51343.83,194635.66,296296.12,215036.26,77413.05,7.8,0.408
FY2024-11,2024,Dec,11,Q4,5,ECOM,Ecommerce,Baby,Sleepwear,Current Plan,110062.17,2788,39.47,12949.62,440.25,0.5223,57490.17,296296.12,250561.78,77717.7,27978.37,13.5,0.403
FY2024-12,2024,Jan,12,Q4,4,ECOM,Ecommerce,Baby,Sleepwear,Current Plan,43345.36,1098,39.47,5421.41,173.38,0.5149,22319.62,250561.78,201621.63,0.0,0.0,23.1,0.192
FY2025-01,2025,Feb,1,Q1,4,ECOM,Ecommerce,Baby,Sleepwear,Current Plan,58284.52,1477,39.47,7538.35,233.14,0.5107,29763.75,201621.63,160223.67,24658.04,8876.9,13.8,0.322
FY2025-02,2025,Mar,2,Q1,5,ECOM,Ecommerce,Baby,Sleepwear,Current Plan,84013.2,2129,39.47,11699.53,336.05,0.5007,42068.91,160223.67,188369.56,124194.67,44710.08,9.5,0.482
FY2025-03,2025,Apr,3,Q1,4,ECOM,Ecommerce,Baby,Sleepwear,Current Plan,96825.81,2453,39.47,11659.65,387.3,0.5196,50308.87,188369.56,275479.27,195982.46,70553.69,7.8,0.417
FY2025-04,2025,May,4,Q2,4,ECOM,Ecommerce,Baby,Sleepwear,Current Plan,89266.08,2262,39.47,11003.67,357.06,0.5167,46126.63,275479.27,263090.58,88238.12,31765.72,12.3,0.331
FY2025-05,2025,Jun,5,Q2,5,ECOM,Ecommerce,Baby,Sleepwear,Current Plan,81404.47,2062,39.47,9857.99,325.62,0.5189,42240.87,263090.58,186189.84,14687.35,5287.45,16.2,0.362
FY2025-06,2025,Jul,6,Q2,4,ECOM,Ecommerce,Baby,Sleepwear,Current Plan,67446.94,1709,39.47,8139.26,269.79,0.5193,35026.78,186189.84,205514.82,95180.97,34265.15,11.0,0.344
FY2025-07,2025,Aug,7,Q3,4,ECOM,Ecommerce,Baby,Sleepwear,Current Plan,73172.03,1854,39.47,11266.02,292.69,0.486,35564.08,205514.82,199675.91,78891.83,28401.06,11.2,0.361
FY2025-08,2025,Sep,8,Q3,5,ECOM,Ecommerce,Baby,Sleepwear,Current Plan,78996.49,2001,39.47,9172.13,315.99,0.5239,41385.62,199675.91,186536.66,75345.36,27124.33,12.6,0.409
FY2025-09,2025,Oct,9,Q3,4,ECOM,Ecommerce,Baby,Sleepwear,Current Plan,81812.97,2073,39.47,9961.92,327.25,0.5182,42398.38,186536.66,223933.72,129499.19,46619.71,9.1,0.399
FY2025-10,2025,Nov,10,Q4,4,ECOM,Ecommerce,Baby,Sleepwear,Current Plan,118312.4,2997,39.47,17522.34,473.25,0.4919,58197.6,223933.72,354732.96,267107.24,96158.6,7.6,0.409
FY2025-11,2025,Dec,11,Q4,5,ECOM,Ecommerce,Baby,Sleepwear,Current Plan,124221.77,3147,39.47,17658.75,496.89,0.4978,61843.18,354732.96,297462.01,85106.46,30638.33,14.3,0.381
FY2025-12,2025,Jan,12,Q4,4,ECOM,Ecommerce,Baby,Sleepwear,Current Plan,51221.72,1298,39.47,6271.05,204.89,0.5176,26510.85,297462.01,239764.36,0.0,0.0,23.2,0.191
FY2026-01,2026,Feb,1,Q1,4,ECOM,Ecommerce,Baby,Sleepwear,Current Plan,71131.78,1802,39.47,8718.18,284.53,0.5174,36806.17,239764.36,194670.14,35040.27,12614.5,13.5,0.327
FY2026-02,2026,Mar,2,Q1,5,ECOM,Ecommerce,Baby,Sleepwear,Current Plan,99464.17,2520,39.47,13431.34,397.86,0.505,50225.73,194670.14,235023.05,153646.28,55312.66,9.8,0.463
FY2026-03,2026,Apr,3,Q1,4,ECOM,Ecommerce,Baby,Sleepwear,Current Plan,112382.46,2847,39.47,17262.96,449.53,0.4864,54661.81,235023.05,313170.14,208242.03,74967.13,8.4,0.41
FY2026-04,2026,May,4,Q2,4,ECOM,Ecommerce,Baby,Sleepwear,Current Plan,103072.39,2611,39.47,13706.5,412.29,0.507,52259.83,313170.14,282830.29,86851.33,31266.48,12.2,0.346
FY2026-05,2026,Jun,5,Q2,5,ECOM,Ecommerce,Baby,Sleepwear,Current Plan,94359.36,2391,39.47,12723.82,377.44,0.5052,47666.17,282830.29,208275.53,32905.86,11846.11,15.0,0.384
FY2026-06,2026,Jul,6,Q2,4,ECOM,Ecommerce,Baby,Sleepwear,Current Plan,79768.26,2021,39.47,11774.82,319.07,0.4924,39276.87,208275.53,230835.08,114421.71,41191.81,10.4,0.363
FY2026-07,2026,Aug,7,Q3,4,ECOM,Ecommerce,Baby,Sleepwear,Current Plan,85828.14,2174,39.47,10458.69,343.31,0.5181,44471.32,230835.08,242767.97,108563.04,39082.7,10.8,0.362
FY2026-08,2026,Sep,8,Q3,5,ECOM,Ecommerce,Baby,Sleepwear,Current Plan,89894.38,2278,39.47,13605.03,359.58,0.4887,43927.38,242767.97,202479.75,63570.76,22885.47,13.5,0.404
FY2026-09,2026,Oct,9,Q3,4,ECOM,Ecommerce,Baby,Sleepwear,Current Plan,93787.77,2376,39.47,12315.76,375.15,0.5087,47708.41,202479.75,254436.44,158435.39,57036.74,8.6,0.411
FY2026-10,2026,Nov,10,Q4,4,ECOM,Ecommerce,Baby,Sleepwear,Current Plan,137657.43,3488,39.47,17946.23,550.63,0.5096,70154.53,254436.44,411520.49,313238.34,112765.8,7.4,0.413
FY2026-11,2026,Dec,11,Q4,5,ECOM,Ecommerce,Baby,Sleepwear,Current Plan,148235.4,3756,39.47,19209.09,592.94,0.5104,75661.56,411520.49,358076.7,114593.65,41253.71,13.9,0.385
FY2026-12,2026,Jan,12,Q4,4,ECOM,Ecommerce,Baby,Sleepwear,Current Plan,59730.77,1513,39.47,7644.1,238.92,0.512,30583.59,358076.7,290462.91,0.0,0.0,24.0,0.184
FY2024-01,2024,Feb,1,Q1,4,STORE,Retail Stores,Baby,Sleepwear,Original Plan,23774.42,602,39.47,2206.15,213.97,0.5472,13009.48,68032.61,66711.3,24873.24,8954.37,11.4,0.353
FY2024-02,2024,Mar,2,Q1,5,STORE,Retail Stores,Baby,Sleepwear,Original Plan,34055.25,863,39.47,3663.33,306.5,0.5324,18132.03,66711.3,80073.3,51387.08,18499.35,9.8,0.464
FY2024-03,2024,Apr,3,Q1,4,STORE,Retail Stores,Baby,Sleepwear,Original Plan,37910.56,960,39.47,4288.62,341.2,0.5269,19974.14,80073.3,106566.15,69033.23,24851.96,8.4,0.406
FY2024-04,2024,May,4,Q2,4,STORE,Retail Stores,Baby,Sleepwear,Original Plan,35019.08,887,39.47,4022.93,315.17,0.5251,18389.28,106566.15,94742.06,27533.09,9911.91,12.2,0.348
FY2024-05,2024,Jun,5,Q2,5,STORE,Retail Stores,Baby,Sleepwear,Original Plan,31806.32,806,39.47,3314.97,286.26,0.5358,17041.08,94742.06,75111.3,15776.79,5679.64,14.9,0.375
FY2024-06,2024,Jul,6,Q2,4,STORE,Retail Stores,Baby,Sleepwear,Original Plan,26987.18,684,39.47,2955.17,242.88,0.5305,14316.62,75111.3,81931.97,37005.91,13322.13,11.1,0.344
FY2024-07,2024,Aug,7,Q3,4,STORE,Retail Stores,Baby,Sleepwear,Original Plan,28272.28,716,39.47,3253.98,254.45,0.5249,14840.28,81931.97,83778.71,33627.46,12105.88,11.6,0.341
FY2024-08,2024,Sep,8,Q3,5,STORE,Retail Stores,Baby,Sleepwear,Original Plan,30521.21,773,39.47,3207.74,274.69,0.5349,16325.83,83778.71,73322.06,23547.0,8476.92,13.7,0.389
FY2024-09,2024,Oct,9,Q3,4,STORE,Retail Stores,Baby,Sleepwear,Original Plan,32127.59,814,39.47,2880.98,289.15,0.5503,17680.68,73322.06,94697.95,56673.61,20402.5,9.1,0.382
FY2024-10,2024,Nov,10,Q4,4,STORE,Retail Stores,Baby,Sleepwear,Original Plan,46263.74,1172,39.47,5153.94,416.37,0.5286,24454.86,94697.95,138743.69,95879.78,34516.72,8.2,0.396
FY2024-11,2024,Dec,11,Q4,5,STORE,Retail Stores,Baby,Sleepwear,Original Plan,50119.05,1270,39.47,5741.73,451.07,0.5254,26334.46,138743.69,118830.82,36398.98,13103.63,13.8,0.389
FY2024-12,2024,Jan,12,Q4,4,STORE,Retail Stores,Baby,Sleepwear,Original Plan,20240.38,513,39.47,2428.61,182.16,0.52,10525.24,118830.82,95979.66,0.0,0.0,23.5,0.188
FY2025-01,2025,Feb,1,Q1,4,STORE,Retail Stores,Baby,Sleepwear,Original Plan,27102.84,687,39.47,3223.37,243.93,0.5211,14122.44,95979.66,77237.97,11828.45,4258.24,14.2,0.313
FY2025-02,2025,Mar,2,Q1,5,STORE,Retail Stores,Baby,Sleepwear,Original Plan,38822.99,984,39.47,3749.57,349.41,0.5434,21097.14,77237.97,90165.11,55849.1,20105.67,9.9,0.464
FY2025-03,2025,Apr,3,Q1,4,STORE,Retail Stores,Baby,Sleepwear,Original Plan,43218.04,1095,39.47,5210.34,388.96,0.5194,22449.21,90165.11,122693.6,81345.83,29284.5,8.3,0.406
FY2025-04,2025,May,4,Q2,4,STORE,Retail Stores,Baby,Sleepwear,Original Plan,39921.75,1011,39.47,4588.36,359.3,0.5251,20961.56,122693.6,113962.28,36138.09,13009.71,12.3,0.337
FY2025-05,2025,Jun,5,Q2,5,STORE,Retail Stores,Baby,Sleepwear,Original Plan,36259.2,919,39.47,4293.99,326.33,0.5216,18911.9,113962.28,79909.05,6826.3,2457.47,15.7,0.374
FY2025-06,2025,Jul,6,Q2,4,STORE,Retail Stores,Baby,Sleepwear,Original Plan,30765.38,779,39.47,2796.96,276.89,0.5491,16892.88,79909.05,92309.74,46239.93,16646.37,10.4,0.357
FY2025-07,2025,Aug,7,Q3,4,STORE,Retail Stores,Baby,Sleepwear,Original Plan,32230.4,817,39.47,3224.98,290.07,0.5399,17402.47,92309.74,94729.35,38165.06,13739.42,11.5,0.345
FY2025-08,2025,Sep,8,Q3,5,STORE,Retail Stores,Baby,Sleepwear,Original Plan,34794.18,882,39.47,3937.81,313.15,0.5268,18330.47,94729.35,79499.3,23815.09,8573.43,13.6,0.399
FY2025-09,2025,Oct,9,Q3,4,STORE,Retail Stores,Baby,Sleepwear,Original Plan,36625.46,928,39.47,3418.44,329.63,0.5467,20021.85,79499.3,111308.35,72182.58,25985.73,8.7,0.384
FY2025-10,2025,Nov,10,Q4,4,STORE,Retail Stores,Baby,Sleepwear,Original Plan,52740.66,1336,39.47,5629.0,474.67,0.5333,28125.02,111308.35,153290.63,100826.61,36297.58,8.4,0.399
FY2025-11,2025,Dec,11,Q4,5,STORE,Retail Stores,Baby,Sleepwear,Original Plan,57135.71,1448,39.47,6580.19,514.22,0.5248,29986.67,153290.63,134708.87,45648.36,16433.41,13.4,0.397
FY2025-12,2025,Jan,12,Q4,4,STORE,Retail Stores,Baby,Sleepwear,Original Plan,23074.04,585,39.47,2227.1,207.67,0.5435,12540.29,134708.87,109200.07,0.0,0.0,23.4,0.189
FY2026-01,2026,Feb,1,Q1,4,STORE,Retail Stores,Baby,Sleepwear,Original Plan,31981.35,810,39.47,3809.42,287.83,0.5209,16658.64,109200.07,95580.45,22458.98,8085.23,13.7,0.312
FY2026-02,2026,Mar,2,Q1,5,STORE,Retail Stores,Baby,Sleepwear,Original Plan,45811.12,1161,39.47,5077.89,412.3,0.5292,24241.22,95580.45,102067.14,57788.01,20803.68,10.4,0.464
FY2026-03,2026,Apr,3,Q1,4,STORE,Retail Stores,Baby,Sleepwear,Original Plan,50997.29,1292,39.47,5081.29,458.98,0.5404,27556.98,102067.14,147798.57,102268.98,36816.83,8.0,0.408
FY2026-04,2026,May,4,Q2,4,STORE,Retail Stores,Baby,Sleepwear,Original Plan,47107.66,1193,39.47,4965.18,423.97,0.5346,25183.72,147798.57,141352.97,46051.21,16578.43,12.5,0.326
FY2026-05,2026,Jun,5,Q2,5,STORE,Retail Stores,Baby,Sleepwear,Original Plan,42785.86,1084,39.47,4624.65,385.07,0.5319,22758.3,141352.97,95769.64,2212.26,796.41,16.5,0.361
FY2026-06,2026,Jul,6,Q2,4,STORE,Retail Stores,Baby,Sleepwear,Original Plan,36303.15,920,39.47,3931.19,326.73,0.5317,19302.82,95769.64,100910.98,45702.42,16452.87,10.6,0.369
FY2026-07,2026,Aug,7,Q3,4,STORE,Retail Stores,Baby,Sleepwear,Original Plan,38031.88,964,39.47,3641.44,342.29,0.5443,20698.96,100910.98,111569.9,52674.52,18962.83,10.6,0.358
FY2026-08,2026,Sep,8,Q3,5,STORE,Retail Stores,Baby,Sleepwear,Original Plan,41057.14,1040,39.47,3763.01,369.51,0.5483,22513.56,111569.9,93863.43,27483.19,9893.95,13.6,0.4
FY2026-09,2026,Oct,9,Q3,4,STORE,Retail Stores,Baby,Sleepwear,Original Plan,43218.04,1095,39.47,4824.58,388.96,0.5284,22834.96,93863.43,117610.61,72178.76,25984.35,8.7,0.409
FY2026-10,2026,Nov,10,Q4,4,STORE,Retail Stores,Baby,Sleepwear,Original Plan,62233.98,1577,39.47,6156.63,560.11,0.5411,33673.12,117610.61,180056.45,131396.56,47302.76,7.6,0.418
FY2026-11,2026,Dec,11,Q4,5,STORE,Retail Stores,Baby,Sleepwear,Original Plan,67420.14,1708,39.47,7454.8,606.78,0.5294,35694.09,180056.45,162681.2,58106.48,20918.33,13.4,0.393
FY2026-12,2026,Jan,12,Q4,4,STORE,Retail Stores,Baby,Sleepwear,Original Plan,27227.37,690,39.47,2885.34,245.05,0.534,14540.18,162681.2,132323.46,0.0,0.0,23.9,0.185
FY2024-01,2024,Feb,1,Q1,4,STORE,Retail Stores,Baby,Sleepwear,Current Plan,24234.74,614,39.47,2789.77,218.11,0.5249,12720.46,69663.54,67922.12,25501.21,9180.44,11.5,0.352
FY2024-02,2024,Mar,2,Q1,5,STORE,Retail Stores,Baby,Sleepwear,Current Plan,35180.42,891,39.47,3235.58,316.62,0.548,19279.89,67922.12,81375.41,52185.9,18786.93,9.7,0.471
FY2024-03,2024,Apr,3,Q1,4,STORE,Retail Stores,Baby,Sleepwear,Current Plan,37205.89,943,39.47,4324.76,334.85,0.5238,19487.01,81375.41,107656.11,68146.21,24532.64,8.7,0.394
FY2024-04,2024,May,4,Q2,4,STORE,Retail Stores,Baby,Sleepwear,Current Plan,35818.13,907,39.47,3296.58,322.36,0.548,19627.03,107656.11,103952.1,35733.06,12863.9,12.0,0.339
FY2024-05,2024,Jun,5,Q2,5,STORE,Retail Stores,Baby,Sleepwear,Current Plan,32193.3,816,39.47,3380.15,289.74,0.535,17223.56,103952.1,70896.27,2807.37,1010.65,16.1,0.368
FY2024-06,2024,Jul,6,Q2,4,STORE,Retail Stores,Baby,Sleepwear,Current Plan,27901.93,707,39.47,2525.99,251.12,0.5495,15331.24,70896.27,84933.29,44716.07,16097.78,10.2,0.358
FY2024-07,2024,Aug,7,Q3,4,STORE,Retail Stores,Baby,Sleepwear,Current Plan,28790.88,729,39.47,2983.1,259.12,0.5364,15443.06,84933.29,81133.6,28233.41,10164.03,11.8,0.347
FY2024-08,2024,Sep,8,Q3,5,STORE,Retail Stores,Baby,Sleepwear,Current Plan,30926.48,784,39.47,3408.56,278.34,0.5298,16384.39,81133.6,75095.11,28574.9,10286.96,13.1,0.396
FY2024-09,2024,Oct,9,Q3,4,STORE,Retail Stores,Baby,Sleepwear,Current Plan,31934.15,809,39.47,3077.07,287.41,0.5436,17360.78,75095.11,89232.06,49435.58,17796.81,9.4,0.389
FY2024-10,2024,Nov,10,Q4,4,STORE,Retail Stores,Baby,Sleepwear,Current Plan,46301.92,1173,39.47,5117.31,416.72,0.5295,24515.92,89232.06,126884.5,89488.39,32215.82,7.7,0.428
FY2024-11,2024,Dec,11,Q4,5,STORE,Retail Stores,Baby,Sleepwear,Current Plan,48139.13,1220,39.47,4960.97,433.25,0.5369,25848.07,126884.5,112999.65,39648.51,14273.46,13.2,0.401
FY2024-12,2024,Jan,12,Q4,4,STORE,Retail Stores,Baby,Sleepwear,Current Plan,21016.93,532,39.47,2178.34,189.15,0.5364,11272.49,112999.65,89615.23,0.0,0.0,21.5,0.207
FY2025-01,2025,Feb,1,Q1,4,STORE,Retail Stores,Baby,Sleepwear,Current Plan,26783.3,679,39.47,2901.33,241.05,0.5317,14239.98,89615.23,75994.39,16304.84,5869.74,13.4,0.323
FY2025-02,2025,Mar,2,Q1,5,STORE,Retail Stores,Baby,Sleepwear,Current Plan,38614.01,978,39.47,3926.22,347.53,0.5383,20786.74,75994.39,90340.37,57233.74,20604.15,9.8,0.464
FY2025-03,2025,Apr,3,Q1,4,STORE,Retail Stores,Baby,Sleepwear,Current Plan,43766.2,1109,39.47,5182.8,393.9,0.5216,22827.57,90340.37,125154.41,84156.93,30296.5,8.3,0.406
FY2025-04,2025,May,4,Q2,4,STORE,Retail Stores,Baby,Sleepwear,Current Plan,41990.98,1064,39.47,3830.4,377.92,0.5488,23043.83,125154.41,116468.07,37512.95,13504.66,11.9,0.348
FY2025-05,2025,Jun,5,Q2,5,STORE,Retail Stores,Baby,Sleepwear,Current Plan,36033.56,913,39.47,3474.35,324.3,0.5436,19587.13,116468.07,81269.81,4633.95,1668.22,16.2,0.364
FY2025-06,2025,Jul,6,Q2,4,STORE,Retail Stores,Baby,Sleepwear,Current Plan,31528.84,799,39.47,3313.73,283.76,0.5349,16864.73,81269.81,90643.28,44499.81,16019.93,10.3,0.367
FY2025-07,2025,Aug,7,Q3,4,STORE,Retail Stores,Baby,Sleepwear,Current Plan,32419.82,821,39.47,3799.09,291.78,0.5228,16949.6,90643.28,91033.23,36900.64,13284.23,11.2,0.357
FY2025-08,2025,Sep,8,Q3,5,STORE,Retail Stores,Baby,Sleepwear,Current Plan,35551.42,901,39.47,3392.09,319.96,0.5446,19360.82,91033.23,80490.52,28720.76,10339.47,12.8,0.415
FY2025-09,2025,Oct,9,Q3,4,STORE,Retail Stores,Baby,Sleepwear,Current Plan,37584.28,952,39.47,3757.39,338.26,0.54,20296.55,80490.52,103058.67,64248.08,23129.31,8.6,0.41
FY2025-10,2025,Nov,10,Q4,4,STORE,Retail Stores,Baby,Sleepwear,Current Plan,55142.5,1397,39.47,5243.93,496.28,0.5449,30047.26,103058.67,164972.75,122796.79,44206.84,7.5,0.411
FY2025-11,2025,Dec,11,Q4,5,STORE,Retail Stores,Baby,Sleepwear,Current Plan,55910.5,1417,39.47,5833.44,503.19,0.5357,29949.28,164972.75,130136.79,27411.18,9868.02,14.8,0.379
FY2025-12,2025,Jan,12,Q4,4,STORE,Retail Stores,Baby,Sleepwear,Current Plan,23059.05,584,39.47,2086.1,207.53,0.5495,12671.69,130136.79,104784.11,0.0,0.0,22.6,0.196
FY2026-01,2026,Feb,1,Q1,4,STORE,Retail Stores,Baby,Sleepwear,Current Plan,32428.26,822,39.47,3378.62,291.85,0.5358,17375.46,104784.11,97586.23,28900.86,10404.31,12.9,0.32
FY2026-02,2026,Mar,2,Q1,5,STORE,Retail Stores,Baby,Sleepwear,Current Plan,44859.26,1137,39.47,5070.28,403.73,0.527,23639.65,97586.23,103422.78,56169.82,20221.14,10.9,0.446
FY2026-03,2026,Apr,3,Q1,4,STORE,Retail Stores,Baby,Sleepwear,Current Plan,50723.86,1285,39.47,4893.53,456.51,0.5435,27569.74,103422.78,138070.89,90722.02,32659.93,8.2,0.42
FY2026-04,2026,May,4,Q2,4,STORE,Retail Stores,Baby,Sleepwear,Current Plan,47246.89,1197,39.47,4230.03,425.22,0.5505,26007.97,138070.89,140917.94,54749.2,19709.71,11.7,0.339
FY2026-05,2026,Jun,5,Q2,5,STORE,Retail Stores,Baby,Sleepwear,Current Plan,42178.54,1069,39.47,3959.67,379.61,0.5461,23034.6,140917.94,99595.55,5195.42,1870.35,16.7,0.351
FY2026-06,2026,Jul,6,Q2,4,STORE,Retail Stores,Baby,Sleepwear,Current Plan,36231.03,918,39.47,4203.23,326.08,0.524,18984.63,99595.55,101211.18,42375.97,15255.35,11.0,0.361
FY2026-07,2026,Aug,7,Q3,4,STORE,Retail Stores,Baby,Sleepwear,Current Plan,38542.76,976,39.47,4202.7,346.88,0.531,20464.67,101211.18,109582.29,51463.46,18526.84,10.5,0.366
FY2026-08,2026,Sep,8,Q3,5,STORE,Retail Stores,Baby,Sleepwear,Current Plan,40961.4,1038,39.47,4918.7,368.65,0.5199,21296.59,109582.29,97764.89,34431.35,12395.29,13.4,0.395
FY2026-09,2026,Oct,9,Q3,4,STORE,Retail Stores,Baby,Sleepwear,Current Plan,42612.47,1080,39.47,4645.09,383.51,0.531,22626.9,97764.89,126382.42,76258.61,27453.1,9.2,0.38
FY2026-10,2026,Nov,10,Q4,4,STORE,Retail Stores,Baby,Sleepwear,Current Plan,61912.83,1569,39.47,6921.43,557.22,0.5282,32702.78,126382.42,172830.65,115839.71,41702.29,8.2,0.414
FY2026-11,2026,Dec,11,Q4,5,STORE,Retail Stores,Baby,Sleepwear,Current Plan,67566.04,1712,39.47,7711.16,608.09,0.5259,35531.1,172830.65,159425.76,62480.41,22492.95,12.8,0.407
FY2026-12,2026,Jan,12,Q4,4,STORE,Retail Stores,Baby,Sleepwear,Current Plan,26981.91,684,39.47,2759.47,242.84,0.5377,14508.95,159425.76,129441.54,0.0,0.0,23.6,0.187
FY2024-01,2024,Feb,1,Q1,4,WHSL,Wholesale,Baby,Sleepwear,Original Plan,41033.36,1357,30.23,793.57,41.03,0.4607,18902.45,44617.45,42766.28,40016.8,20808.73,4.3,0.939
FY2024-02,2024,Mar,2,Q1,5,WHSL,Wholesale,Baby,Sleepwear,Original Plan,34415.08,1138,30.23,711.09,34.42,0.4593,15808.15,42766.28,28445.78,20840.09,10836.84,6.2,0.967
FY2024-03,2024,Apr,3,Q1,4,WHSL,Wholesale,Baby,Sleepwear,Original Plan,16413.35,543,30.23,290.17,16.41,0.4623,7588.24,28445.78,15551.78,3825.92,1989.48,6.9,0.746
FY2024-04,2024,May,4,Q2,4,WHSL,Wholesale,Baby,Sleepwear,Original Plan,14560.23,482,30.23,321.95,14.56,0.4579,6666.96,15551.78,14565.56,13910.52,7233.47,4.3,0.967
FY2024-05,2024,Jun,5,Q2,5,WHSL,Wholesale,Baby,Sleepwear,Original Plan,35738.74,1182,30.23,608.36,35.74,0.463,16546.23,14565.56,28091.51,49908.79,25952.57,2.0,1.676
FY2024-06,2024,Jul,6,Q2,4,WHSL,Wholesale,Baby,Sleepwear,Original Plan,37591.86,1243,30.23,757.61,37.59,0.4598,17286.48,28091.51,38532.68,48828.22,25390.68,3.0,1.128
FY2024-07,2024,Aug,7,Q3,4,WHSL,Wholesale,Baby,Sleepwear,Original Plan,18531.2,613,30.23,375.11,18.53,0.4598,8519.86,38532.68,19607.84,0.0,0.0,8.3,0.637
FY2024-08,2024,Sep,8,Q3,5,WHSL,Wholesale,Baby,Sleepwear,Original Plan,27796.79,919,30.23,557.61,27.8,0.4599,12784.85,19607.84,22611.46,31385.82,16320.63,3.5,1.317
FY2024-09,2024,Oct,9,Q3,4,WHSL,Wholesale,Baby,Sleepwear,Original Plan,36532.93,1208,30.23,759.97,36.53,0.4592,16775.83,22611.46,37108.98,51826.96,26950.02,2.5,1.223
FY2024-10,2024,Nov,10,Q4,4,WHSL,Wholesale,Baby,Sleepwear,Original Plan,22502.17,744,30.23,476.66,22.5,0.4588,10324.38,37108.98,23251.36,9143.7,4754.73,6.6,0.746
FY2024-11,2024,Dec,11,Q4,5,WHSL,Wholesale,Baby,Sleepwear,Original Plan,15883.88,525,30.23,288.11,15.88,0.4619,7336.16,23251.36,12742.35,5678.87,2953.01,7.3,0.883
FY2024-12,2024,Jan,12,Q4,4,WHSL,Wholesale,Baby,Sleepwear,Original Plan,16678.08,552,30.23,337.01,16.68,0.4598,7668.46,12742.35,17633.84,21923.26,11400.09,3.1,1.098
FY2025-01,2025,Feb,1,Q1,4,WHSL,Wholesale,Baby,Sleepwear,Original Plan,46778.03,1547,30.23,797.73,46.78,0.4629,21655.73,17633.84,47470.57,77459.26,40278.82,1.5,1.437
FY2025-02,2025,Mar,2,Q1,5,WHSL,Wholesale,Baby,Sleepwear,Original Plan,39233.19,1298,30.23,691.02,39.23,0.4624,18140.91,47470.57,32539.05,25031.93,13016.6,6.0,0.981
FY2025-03,2025,Apr,3,Q1,4,WHSL,Wholesale,Baby,Sleepwear,Original Plan,18711.21,619,30.23,381.76,18.71,0.4596,8599.62,32539.05,19440.74,6013.38,3126.96,7.0,0.72
FY2025-04,2025,May,4,Q2,4,WHSL,Wholesale,Baby,Sleepwear,Original Plan,16598.66,549,30.23,338.16,16.6,0.4596,7629.19,19440.74,16171.34,13684.02,7115.69,4.7,0.932
FY2025-05,2025,Jun,5,Q2,5,WHSL,Wholesale,Baby,Sleepwear,Original Plan,40742.16,1348,30.23,910.34,40.74,0.4577,18645.9,16171.34,30716.34,56238.24,29243.89,2.0,1.738
FY2025-06,2025,Jul,6,Q2,4,WHSL,Wholesale,Baby,Sleepwear,Original Plan,42854.72,1417,30.23,807.57,42.85,0.4612,19762.69,30716.34,40445.58,53434.38,27785.88,2.9,1.204
FY2025-07,2025,Aug,7,Q3,4,WHSL,Wholesale,Baby,Sleepwear,Original Plan,21125.56,699,30.23,430.23,21.13,0.4596,9710.05,40445.58,20472.94,1604.28,834.23,7.7,0.694
FY2025-08,2025,Sep,8,Q3,5,WHSL,Wholesale,Baby,Sleepwear,Original Plan,31688.35,1048,30.23,727.22,31.69,0.4571,14483.19,20472.94,25517.47,37491.78,19495.72,3.2,1.378
FY2025-09,2025,Oct,9,Q3,4,WHSL,Wholesale,Baby,Sleepwear,Original Plan,41647.54,1378,30.23,931.55,41.65,0.4576,19059.27,25517.47,41572.44,58675.71,30511.37,2.5,1.242
FY2025-10,2025,Nov,10,Q4,4,WHSL,Wholesale,Baby,Sleepwear,Original Plan,25652.47,848,30.23,473.0,25.65,0.4616,11840.19,41572.44,24805.75,9384.42,4879.9,6.5,0.773
FY2025-11,2025,Dec,11,Q4,5,WHSL,Wholesale,Baby,Sleepwear,Original Plan,18107.63,599,30.23,334.28,18.11,0.4615,8357.38,24805.75,14035.78,7690.05,3998.83,6.8,0.932
FY2025-12,2025,Jan,12,Q4,4,WHSL,Wholesale,Baby,Sleepwear,Original Plan,19013.01,629,30.23,329.37,19.01,0.4627,8796.87,14035.78,18542.45,23868.06,12411.39,3.0,1.167
FY2026-01,2026,Feb,1,Q1,4,WHSL,Wholesale,Baby,Sleepwear,Original Plan,55198.08,1826,30.23,959.96,55.2,0.4626,25535.12,18542.45,54358.15,92028.94,47855.05,1.3,1.514
FY2026-02,2026,Mar,2,Q1,5,WHSL,Wholesale,Baby,Sleepwear,Original Plan,46295.16,1531,30.23,825.0,46.3,0.4622,21396.68,54358.15,39239.16,32047.47,16664.68,5.9,0.989
FY2026-03,2026,Apr,3,Q1,4,WHSL,Wholesale,Baby,Sleepwear,Original Plan,22079.23,730,30.23,440.42,22.08,0.4601,10157.61,39239.16,23345.5,6648.06,3456.99,7.1,0.706
FY2026-04,2026,May,4,Q2,4,WHSL,Wholesale,Baby,Sleepwear,Original Plan,19586.42,648,30.23,450.13,19.59,0.457,8951.35,23345.5,19914.98,16625.62,8645.32,4.8,0.906
FY2026-05,2026,Jun,5,Q2,5,WHSL,Wholesale,Baby,Sleepwear,Original Plan,48075.75,1590,30.23,966.37,48.08,0.4599,22109.99,19914.98,36383.64,65558.85,34090.6,2.1,1.708
FY2026-06,2026,Jul,6,Q2,4,WHSL,Wholesale,Baby,Sleepwear,Original Plan,50568.56,1673,30.23,871.72,50.57,0.4628,23401.2,36383.64,50394.48,65501.69,34060.88,2.9,1.165
FY2026-07,2026,Aug,7,Q3,4,WHSL,Wholesale,Baby,Sleepwear,Original Plan,24928.17,825,30.23,426.51,24.93,0.4629,11539.01,50394.48,25575.26,560.37,291.39,8.1,0.656
FY2026-08,2026,Sep,8,Q3,5,WHSL,Wholesale,Baby,Sleepwear,Original Plan,37392.25,1237,30.23,838.87,37.39,0.4576,17109.41,25575.26,28681.42,41374.67,21514.83,3.4,1.378
FY2026-09,2026,Oct,9,Q3,4,WHSL,Wholesale,Baby,Sleepwear,Original Plan,49144.1,1626,30.23,911.57,49.14,0.4615,22677.6,28681.42,46424.13,67847.52,35280.71,2.3,1.309
FY2026-10,2026,Nov,10,Q4,4,WHSL,Wholesale,Baby,Sleepwear,Original Plan,30269.92,1001,30.23,672.0,30.27,0.4578,13857.56,46424.13,31563.45,16111.49,8377.98,6.1,0.776
FY2026-11,2026,Dec,11,Q4,5,WHSL,Wholesale,Baby,Sleepwear,Original Plan,21367.0,707,30.23,454.58,21.37,0.4587,9801.58,31563.45,16925.62,7205.12,3746.66,7.4,0.881
FY2026-12,2026,Jan,12,Q4,4,WHSL,Wholesale,Baby,Sleepwear,Original Plan,22435.35,742,30.23,434.93,22.44,0.4606,10334.03,16925.62,23377.44,29344.54,15259.16,3.0,1.113
FY2024-01,2024,Feb,1,Q1,4,WHSL,Wholesale,Baby,Sleepwear,Current Plan,41774.76,1382,30.23,826.92,41.77,0.4602,19224.96,38716.44,40155.49,44082.5,22922.9,3.7,1.059
FY2024-02,2024,Mar,2,Q1,5,WHSL,Wholesale,Baby,Sleepwear,Current Plan,35071.58,1160,30.23,658.98,35.07,0.4612,16175.38,40155.49,29584.97,25195.1,13101.45,5.7,1.006
FY2024-03,2024,Apr,3,Q1,4,WHSL,Wholesale,Baby,Sleepwear,Current Plan,16425.88,543,30.23,305.83,16.43,0.4614,7578.6,29584.97,16730.73,3893.89,2024.83,7.2,0.709
FY2024-04,2024,May,4,Q2,4,WHSL,Wholesale,Baby,Sleepwear,Current Plan,14935.4,494,30.23,296.84,14.94,0.4601,6872.15,16730.73,14342.45,12858.89,6686.62,4.5,0.961
FY2024-05,2024,Jun,5,Q2,5,WHSL,Wholesale,Baby,Sleepwear,Current Plan,36347.63,1202,30.23,781.77,36.35,0.4585,16665.1,14342.45,27569.65,50392.95,26204.34,2.0,1.734
FY2024-06,2024,Jul,6,Q2,4,WHSL,Wholesale,Baby,Sleepwear,Current Plan,37168.07,1229,30.23,823.81,37.17,0.4578,17016.86,27569.65,37465.63,47925.03,24921.01,3.0,1.143
FY2024-07,2024,Aug,7,Q3,4,WHSL,Wholesale,Baby,Sleepwear,Current Plan,18654.48,617,30.23,355.88,18.65,0.4609,8598.27,37465.63,18924.78,488.15,253.84,8.0,0.662
FY2024-08,2024,Sep,8,Q3,5,WHSL,Wholesale,Baby,Sleepwear,Current Plan,28160.49,931,30.23,544.74,28.16,0.4607,12972.3,18924.78,23409.65,33218.26,17273.49,3.4,1.33
FY2024-09,2024,Oct,9,Q3,4,WHSL,Wholesale,Baby,Sleepwear,Current Plan,36587.23,1210,30.23,828.02,36.59,0.4574,16733.85,23409.65,36801.24,50843.42,26438.58,2.6,1.215
FY2024-10,2024,Nov,10,Q4,4,WHSL,Wholesale,Baby,Sleepwear,Current Plan,22632.12,749,30.23,503.06,22.63,0.4578,10360.36,36801.24,21488.06,7844.63,4079.21,6.5,0.777
FY2024-11,2024,Dec,11,Q4,5,WHSL,Wholesale,Baby,Sleepwear,Current Plan,16132.44,534,30.23,305.21,16.13,0.4611,7438.36,21488.06,12908.56,7874.28,4094.63,6.7,0.938
FY2024-12,2024,Jan,12,Q4,4,WHSL,Wholesale,Baby,Sleepwear,Current Plan,16483.59,545,30.23,302.33,16.48,0.4617,7609.79,12908.56,17008.62,20902.46,10869.28,3.1,1.102
FY2025-01,2025,Feb,1,Q1,4,WHSL,Wholesale,Baby,Sleepwear,Current Plan,46736.78,1546,30.23,854.87,46.74,0.4617,21578.79,17008.62,44138.52,74768.29,38879.51,1.5,1.529
FY2025-02,2025,Mar,2,Q1,5,WHSL,Wholesale,Baby,Sleepwear,Current Plan,40265.7,1332,30.23,847.18,40.27,0.459,18480.36,44138.52,32054.0,29068.62,15115.68,5.5,1.057
FY2025-03,2025,Apr,3,Q1,4,WHSL,Wholesale,Baby,Sleepwear,Current Plan,19037.65,630,30.23,344.9,19.04,0.4619,8793.18,32054.0,20048.17,7395.77,3845.8,6.7,0.731
FY2025-04,2025,May,4,Q2,4,WHSL,Wholesale,Baby,Sleepwear,Current Plan,17466.24,578,30.23,401.07,17.47,0.457,7982.73,20048.17,18507.96,16344.56,8499.17,4.6,0.906
FY2025-05,2025,Jun,5,Q2,5,WHSL,Wholesale,Baby,Sleepwear,Current Plan,40908.05,1353,30.23,835.04,40.91,0.4596,18800.83,18507.96,33570.36,56846.4,29560.13,2.3,1.571
FY2025-06,2025,Jul,6,Q2,4,WHSL,Wholesale,Baby,Sleepwear,Current Plan,42785.08,1415,30.23,816.62,42.79,0.4609,19720.21,33570.36,43685.54,53759.67,27955.03,3.1,1.108
FY2025-07,2025,Aug,7,Q3,4,WHSL,Wholesale,Baby,Sleepwear,Current Plan,21343.78,706,30.23,433.09,21.34,0.4597,9811.93,43685.54,21887.32,0.0,0.0,8.2,0.651
FY2025-08,2025,Sep,8,Q3,5,WHSL,Wholesale,Baby,Sleepwear,Current Plan,31860.17,1054,30.23,641.3,31.86,0.4599,14651.58,21887.32,25280.45,35926.46,18681.76,3.4,1.351
FY2025-09,2025,Oct,9,Q3,4,WHSL,Wholesale,Baby,Sleepwear,Current Plan,41443.41,1371,30.23,834.9,41.44,0.4599,19057.94,25280.45,41428.68,58467.97,30403.34,2.4,1.243
FY2025-10,2025,Nov,10,Q4,4,WHSL,Wholesale,Baby,Sleepwear,Current Plan,25803.05,853,30.23,529.21,25.8,0.4595,11856.25,41428.68,27105.46,12034.84,6258.12,6.4,0.753
FY2025-11,2025,Dec,11,Q4,5,WHSL,Wholesale,Baby,Sleepwear,Current Plan,18130.1,600,30.23,409.46,18.13,0.4574,8292.98,27105.46,14833.72,6285.95,3268.7,7.5,0.865
FY2025-12,2025,Jan,12,Q4,4,WHSL,Wholesale,Baby,Sleepwear,Current Plan,19901.5,658,30.23,387.62,19.9,0.4605,9165.11,14833.72,20908.28,26383.58,13719.46,3.0,1.114
FY2026-01,2026,Feb,1,Q1,4,WHSL,Wholesale,Baby,Sleepwear,Current Plan,55540.96,1837,30.23,1046.46,55.54,0.4612,25613.2,20908.28,58676.76,94411.44,49093.95,1.5,1.396
FY2026-02,2026,Mar,2,Q1,5,WHSL,Wholesale,Baby,Sleepwear,Current Plan,45713.9,1512,30.23,1006.89,45.71,0.458,20935.78,58676.76,38516.34,26606.09,13835.17,6.4,0.941
FY2026-03,2026,Apr,3,Q1,4,WHSL,Wholesale,Baby,Sleepwear,Current Plan,21972.43,727,30.23,430.08,21.97,0.4604,10116.69,38516.34,21863.22,5771.36,3001.11,7.0,0.728
FY2026-04,2026,May,4,Q2,4,WHSL,Wholesale,Baby,Sleepwear,Current Plan,19713.28,652,30.23,427.74,19.71,0.4583,9034.63,21863.22,19798.11,18095.62,9409.72,4.4,0.946
FY2026-05,2026,Jun,5,Q2,5,WHSL,Wholesale,Baby,Sleepwear,Current Plan,48659.4,1609,30.23,856.76,48.66,0.4624,22499.75,19798.11,41139.68,70906.4,36871.33,2.0,1.597
FY2026-06,2026,Jul,6,Q2,4,WHSL,Wholesale,Baby,Sleepwear,Current Plan,50289.93,1663,30.23,855.42,50.29,0.463,23283.74,41139.68,51041.45,61097.4,31770.65,3.3,1.091
FY2026-07,2026,Aug,7,Q3,4,WHSL,Wholesale,Baby,Sleepwear,Current Plan,25368.06,839,30.23,491.5,25.37,0.4606,11685.17,51041.45,25978.47,821.95,427.41,8.0,0.659
FY2026-08,2026,Sep,8,Q3,5,WHSL,Wholesale,Baby,Sleepwear,Current Plan,36178.29,1197,30.23,736.3,36.18,0.4596,16629.28,25978.47,30001.64,40973.94,21306.45,3.6,1.293
FY2026-09,2026,Oct,9,Q3,4,WHSL,Wholesale,Baby,Sleepwear,Current Plan,49062.24,1623,30.23,1092.05,49.06,0.4577,22457.83,30001.64,46147.24,66348.95,34501.45,2.4,1.289
FY2026-10,2026,Nov,10,Q4,4,WHSL,Wholesale,Baby,Sleepwear,Current Plan,29988.74,992,30.23,531.89,29.99,0.4623,13862.71,46147.24,30330.07,14733.45,7661.4,6.2,0.784
FY2026-11,2026,Dec,11,Q4,5,WHSL,Wholesale,Baby,Sleepwear,Current Plan,21896.19,724,30.23,472.26,21.9,0.4584,10037.92,30330.07,16685.11,8745.39,4547.6,6.9,0.931
FY2026-12,2026,Jan,12,Q4,4,WHSL,Wholesale,Baby,Sleepwear,Current Plan,22404.11,741,30.23,469.73,22.4,0.459,10284.25,16685.11,23410.74,29621.87,15403.37,3.0,1.118
FY2024-01,2024,Feb,1,Q1,4,ECOM,Ecommerce,Boys,Bottoms,Original Plan,24906.54,543,45.86,3326.92,99.63,0.5064,12613.27,72329.07,74746.12,30750.12,11070.04,11.6,0.339
FY2024-02,2024,Mar,2,Q1,5,ECOM,Ecommerce,Boys,Bottoms,Original Plan,35676.93,778,45.86,4922.01,142.71,0.502,17911.22,74746.12,86002.48,51998.01,18719.28,10.5,0.444
FY2024-03,2024,Apr,3,Q1,4,ECOM,Ecommerce,Boys,Bottoms,Original Plan,39715.83,866,45.86,5815.49,158.86,0.4936,19602.64,86002.48,113980.39,73668.09,26520.51,8.7,0.397
FY2024-04,2024,May,4,Q2,4,ECOM,Ecommerce,Boys,Bottoms,Original Plan,36686.65,800,45.86,5436.86,146.75,0.4918,18042.6,113980.39,102192.61,30482.47,10973.69,12.4,0.339
FY2024-05,2024,Jun,5,Q2,5,ECOM,Ecommerce,Boys,Bottoms,Original Plan,33320.91,727,45.86,3853.93,133.28,0.5243,17471.45,102192.61,74083.56,9199.07,3311.67,15.3,0.378
FY2024-06,2024,Jul,6,Q2,4,ECOM,Ecommerce,Boys,Bottoms,Original Plan,28272.28,616,45.86,3646.61,113.09,0.511,14447.65,74083.56,76603.85,34552.27,12438.82,10.5,0.375
FY2024-07,2024,Aug,7,Q3,4,ECOM,Ecommerce,Boys,Bottoms,Original Plan,29618.58,646,45.86,3569.81,118.47,0.5195,15386.08,76603.85,90252.39,46955.41,16903.95,10.3,0.355
FY2024-08,2024,Sep,8,Q3,5,ECOM,Ecommerce,Boys,Bottoms,Original Plan,31974.61,697,45.86,4032.55,127.9,0.5139,16431.2,90252.39,74448.71,20331.37,7319.29,14.1,0.388
FY2024-09,2024,Oct,9,Q3,4,ECOM,Ecommerce,Boys,Bottoms,Original Plan,33657.48,734,45.86,4742.7,134.63,0.4991,16798.08,74448.71,94316.54,58402.64,21024.95,8.8,0.399
FY2024-10,2024,Nov,10,Q4,4,ECOM,Ecommerce,Boys,Bottoms,Original Plan,48466.77,1057,45.86,6198.3,193.87,0.5121,24820.44,94316.54,132512.47,93054.86,33499.75,7.8,0.427
FY2024-11,2024,Dec,11,Q4,5,ECOM,Ecommerce,Boys,Bottoms,Original Plan,52505.67,1145,45.86,7017.13,210.02,0.5064,26586.49,132512.47,121673.08,48893.44,17601.64,12.6,0.413
FY2024-12,2024,Jan,12,Q4,4,ECOM,Ecommerce,Boys,Bottoms,Original Plan,21204.21,462,45.86,2690.66,84.82,0.5131,10880.04,121673.08,97693.4,0.0,0.0,23.0,0.193
FY2025-01,2025,Feb,1,Q1,4,ECOM,Ecommerce,Boys,Bottoms,Original Plan,28393.45,619,45.86,4047.51,113.57,0.4974,14124.3,97693.4,79332.29,14193.42,5109.63,13.8,0.321
FY2025-02,2025,Mar,2,Q1,5,ECOM,Ecommerce,Boys,Bottoms,Original Plan,40671.7,887,45.86,5952.44,162.69,0.4936,20077.45,79332.29,89202.39,56656.93,20396.5,9.8,0.483
FY2025-03,2025,Apr,3,Q1,4,ECOM,Ecommerce,Boys,Bottoms,Original Plan,45276.04,987,45.86,6345.38,181.1,0.4999,22631.28,89202.39,137594.5,100194.63,36070.07,7.9,0.399
FY2025-04,2025,May,4,Q2,4,ECOM,Ecommerce,Boys,Bottoms,Original Plan,41822.78,912,45.86,5682.93,167.29,0.5041,21083.65,137594.5,123888.42,33966.94,12228.1,13.2,0.32
FY2025-05,2025,Jun,5,Q2,5,ECOM,Ecommerce,Boys,Bottoms,Original Plan,37985.83,828,45.86,5512.26,151.94,0.4949,18798.68,123888.42,87698.85,7460.46,2685.76,16.3,0.359
FY2025-06,2025,Jul,6,Q2,4,ECOM,Ecommerce,Boys,Bottoms,Original Plan,32230.4,703,45.86,4827.99,128.92,0.4902,15799.47,87698.85,96510.99,45999.46,16559.8,10.9,0.35
FY2025-07,2025,Aug,7,Q3,4,ECOM,Ecommerce,Boys,Bottoms,Original Plan,33765.18,736,45.86,4648.96,135.06,0.5023,16960.76,96510.99,102144.44,44182.65,15905.75,11.4,0.34
FY2025-08,2025,Sep,8,Q3,5,ECOM,Ecommerce,Boys,Bottoms,Original Plan,36451.05,795,45.86,5345.07,145.8,0.4934,17983.6,102144.44,87371.09,27168.58,9780.69,14.0,0.385
FY2025-09,2025,Oct,9,Q3,4,ECOM,Ecommerce,Boys,Bottoms,Original Plan,38369.53,837,45.86,4773.11,153.48,0.5156,19783.39,87371.09,110081.15,66006.18,23762.22,9.1,0.389
FY2025-10,2025,Nov,10,Q4,4,ECOM,Ecommerce,Boys,Bottoms,Original Plan,55252.12,1205,45.86,6487.5,221.01,0.5226,28873.86,110081.15,151023.29,102902.76,37044.99,8.0,0.423
FY2025-11,2025,Dec,11,Q4,5,ECOM,Ecommerce,Boys,Bottoms,Original Plan,59856.46,1305,45.86,7292.69,239.43,0.5182,31015.44,151023.29,135133.95,51499.23,18539.72,12.6,0.418
FY2025-12,2025,Jan,12,Q4,4,ECOM,Ecommerce,Boys,Bottoms,Original Plan,24172.8,527,45.86,3657.64,96.69,0.4887,11812.96,135133.95,107206.81,0.0,0.0,22.4,0.199
FY2026-01,2026,Feb,1,Q1,4,ECOM,Ecommerce,Boys,Bottoms,Original Plan,33504.27,731,45.86,3982.78,134.02,0.5211,17459.95,107206.81,95075.68,25489.94,9176.38,12.8,0.331
FY2026-02,2026,Mar,2,Q1,5,ECOM,Ecommerce,Boys,Bottoms,Original Plan,47992.6,1046,45.86,6003.74,191.97,0.5149,24711.53,95075.68,107535.7,66648.34,23993.4,9.9,0.474
FY2026-03,2026,Apr,3,Q1,4,ECOM,Ecommerce,Boys,Bottoms,Original Plan,53425.73,1165,45.86,7646.07,213.7,0.4969,26546.4,107535.7,145856.17,99605.97,35858.15,8.1,0.422
FY2026-04,2026,May,4,Q2,4,ECOM,Ecommerce,Boys,Bottoms,Original Plan,49350.89,1076,45.86,7643.23,197.4,0.4851,23941.34,145856.17,142733.31,54068.65,19464.72,11.8,0.342
FY2026-05,2026,Jun,5,Q2,5,ECOM,Ecommerce,Boys,Bottoms,Original Plan,44823.28,977,45.86,5516.3,179.29,0.5169,23170.6,142733.31,107993.39,15778.95,5680.42,15.9,0.358
FY2026-06,2026,Jul,6,Q2,4,ECOM,Ecommerce,Boys,Bottoms,Original Plan,38031.88,829,45.86,5730.25,152.13,0.4893,18610.15,107993.39,111124.43,47045.29,16936.31,11.4,0.347
FY2026-07,2026,Aug,7,Q3,4,ECOM,Ecommerce,Boys,Bottoms,Original Plan,39842.92,869,45.86,5382.44,159.37,0.5049,20117.03,111124.43,121129.59,55389.89,19940.36,11.2,0.343
FY2026-08,2026,Sep,8,Q3,5,ECOM,Ecommerce,Boys,Bottoms,Original Plan,43012.24,938,45.86,5589.51,172.05,0.51,21938.33,121129.59,93307.24,20951.44,7542.52,14.1,0.401
FY2026-09,2026,Oct,9,Q3,4,ECOM,Ecommerce,Boys,Bottoms,Original Plan,45276.04,987,45.86,5585.1,181.1,0.5166,23391.57,93307.24,132602.0,90337.0,32521.32,8.2,0.401
FY2026-10,2026,Nov,10,Q4,4,ECOM,Ecommerce,Boys,Bottoms,Original Plan,65197.5,1422,45.86,9506.6,260.79,0.4942,32219.8,132602.0,191107.4,133470.28,48049.3,8.1,0.403
FY2026-11,2026,Dec,11,Q4,5,ECOM,Ecommerce,Boys,Bottoms,Original Plan,70630.63,1540,45.86,10829.85,282.52,0.4867,34373.75,191107.4,158886.29,49521.9,17827.88,13.5,0.404
FY2026-12,2026,Jan,12,Q4,4,ECOM,Ecommerce,Boys,Bottoms,Original Plan,28523.91,622,45.86,4320.17,114.1,0.4885,13935.13,158886.29,125928.12,0.0,0.0,22.3,0.2
FY2024-01,2024,Feb,1,Q1,4,ECOM,Ecommerce,Boys,Bottoms,Current Plan,25896.51,565,45.86,3375.82,103.59,0.5096,13197.95,72536.74,74168.08,31007.26,11162.61,11.2,0.353
FY2024-02,2024,Mar,2,Q1,5,ECOM,Ecommerce,Boys,Bottoms,Current Plan,36687.2,800,45.86,4376.47,146.75,0.5207,19103.34,74168.08,86647.62,53689.97,19328.39,10.1,0.456
FY2024-03,2024,Apr,3,Q1,4,ECOM,Ecommerce,Boys,Bottoms,Current Plan,39622.65,864,45.86,4826.99,158.49,0.5182,20531.51,86647.62,120394.84,78355.34,28207.92,8.7,0.383
FY2024-04,2024,May,4,Q2,4,ECOM,Ecommerce,Boys,Bottoms,Current Plan,34950.15,762,45.86,5023.29,139.8,0.4963,17344.81,120394.84,102112.95,21831.35,7859.29,13.8,0.314
FY2024-05,2024,Jun,5,Q2,5,ECOM,Ecommerce,Boys,Bottoms,Current Plan,32616.34,711,45.86,4864.81,130.47,0.4908,16009.65,102112.95,78833.62,14332.29,5159.63,15.7,0.361
FY2024-06,2024,Jul,6,Q2,4,ECOM,Ecommerce,Boys,Bottoms,Current Plan,28111.42,613,45.86,3888.75,112.45,0.5017,14102.56,78833.62,79941.29,33220.29,11959.3,11.2,0.354
FY2024-07,2024,Aug,7,Q3,4,ECOM,Ecommerce,Boys,Bottoms,Current Plan,28693.13,626,45.86,3585.88,114.77,0.515,14777.72,79941.29,86300.34,38752.83,13951.02,11.1,0.345
FY2024-08,2024,Sep,8,Q3,5,ECOM,Ecommerce,Boys,Bottoms,Current Plan,32507.46,709,45.86,4515.95,130.03,0.5011,16288.83,86300.34,71460.12,22313.21,8032.76,13.3,0.412
FY2024-09,2024,Oct,9,Q3,4,ECOM,Ecommerce,Boys,Bottoms,Current Plan,34156.64,745,45.86,3991.64,136.63,0.5231,17868.61,71460.12,101084.25,67909.04,24447.25,8.4,0.396
FY2024-10,2024,Nov,10,Q4,4,ECOM,Ecommerce,Boys,Bottoms,Current Plan,50964.43,1111,45.86,7688.61,203.86,0.4891,24928.63,101084.25,139827.05,97599.7,35135.89,7.9,0.423
FY2024-11,2024,Dec,11,Q4,5,ECOM,Ecommerce,Boys,Bottoms,Current Plan,52529.19,1145,45.86,7357.95,210.12,0.4999,26260.73,139827.05,126896.21,47166.42,16979.91,13.3,0.394
FY2024-12,2024,Jan,12,Q4,4,ECOM,Ecommerce,Boys,Bottoms,Current Plan,20932.78,456,45.86,2580.46,83.73,0.5167,10816.52,126896.21,103299.24,0.0,0.0,24.2,0.182
FY2025-01,2025,Feb,1,Q1,4,ECOM,Ecommerce,Boys,Bottoms,Current Plan,29320.03,639,45.86,3823.03,117.28,0.5096,14941.79,103299.24,82507.93,12469.03,4488.85,14.1,0.316
FY2025-02,2025,Mar,2,Q1,5,ECOM,Ecommerce,Boys,Bottoms,Current Plan,40386.22,881,45.86,5738.17,161.54,0.4979,20109.01,82507.93,97100.15,60878.16,21916.14,10.2,0.45
FY2025-03,2025,Apr,3,Q1,4,ECOM,Ecommerce,Boys,Bottoms,Current Plan,46522.64,1014,45.86,7009.89,186.09,0.4893,22764.6,97100.15,141273.5,97891.97,35241.11,8.3,0.39
FY2025-04,2025,May,4,Q2,4,ECOM,Ecommerce,Boys,Bottoms,Current Plan,40980.7,894,45.86,5889.82,163.92,0.4963,20337.83,141273.5,120347.59,26108.53,9399.07,13.8,0.313
FY2025-05,2025,Jun,5,Q2,5,ECOM,Ecommerce,Boys,Bottoms,Current Plan,36675.53,800,45.86,4486.13,146.7,0.5177,18986.21,120347.59,81753.98,2714.76,977.31,16.4,0.363
FY2025-06,2025,Jul,6,Q2,4,ECOM,Ecommerce,Boys,Bottoms,Current Plan,32321.38,705,45.86,4408.56,129.29,0.5036,16277.12,81753.98,97737.24,52842.49,19023.3,10.1,0.36
FY2025-07,2025,Aug,7,Q3,4,ECOM,Ecommerce,Boys,Bottoms,Current Plan,34306.87,748,45.86,4634.65,137.23,0.5049,17321.74,97737.24,94707.68,36049.19,12977.71,11.4,0.357
FY2025-08,2025,Sep,8,Q3,5,ECOM,Ecommerce,Boys,Bottoms,Current Plan,35329.1,770,45.86,5164.66,141.32,0.4938,17445.96,94707.68,80790.68,26718.07,9618.51,13.4,0.403
FY2025-09,2025,Oct,9,Q3,4,ECOM,Ecommerce,Boys,Bottoms,Current Plan,39257.92,856,45.86,5061.2,157.03,0.5111,20063.87,80790.68,106389.48,70074.95,25226.98,8.2,0.419
FY2025-10,2025,Nov,10,Q4,4,ECOM,Ecommerce,Boys,Bottoms,Current Plan,56525.97,1233,45.86,7401.46,226.1,0.5091,28775.16,106389.48,163524.59,121288.65,43663.92,7.5,0.419
FY2025-11,2025,Dec,11,Q4,5,ECOM,Ecommerce,Boys,Bottoms,Current Plan,61541.61,1342,45.86,7481.19,246.17,0.5184,31905.44,163524.59,145066.44,50810.82,18291.9,13.3,0.399
FY2025-12,2025,Jan,12,Q4,4,ECOM,Ecommerce,Boys,Bottoms,Current Plan,24278.67,529,45.86,3085.25,97.11,0.5129,12453.1,145066.44,117605.41,0.0,0.0,23.9,0.185
FY2026-01,2026,Feb,1,Q1,4,ECOM,Ecommerce,Boys,Bottoms,Current Plan,34472.25,752,45.86,5072.93,137.89,0.4928,16989.31,117605.41,104816.1,26893.75,9681.75,13.6,0.31
FY2026-02,2026,Mar,2,Q1,5,ECOM,Ecommerce,Boys,Bottoms,Current Plan,50113.19,1093,45.86,7771.16,200.45,0.4849,24301.29,104816.1,109350.09,62618.8,22542.77,10.5,0.468
FY2026-03,2026,Apr,3,Q1,4,ECOM,Ecommerce,Boys,Bottoms,Current Plan,55196.15,1204,45.86,7723.34,220.78,0.5001,27602.2,109350.09,159561.82,113352.0,40806.72,7.9,0.411
FY2026-04,2026,May,4,Q2,4,ECOM,Ecommerce,Boys,Bottoms,Current Plan,49985.41,1090,45.86,7716.11,199.94,0.4856,24274.55,159561.82,139756.0,38095.64,13714.43,12.8,0.334
FY2026-05,2026,Jun,5,Q2,5,ECOM,Ecommerce,Boys,Bottoms,Current Plan,46424.36,1012,45.86,6992.06,185.7,0.4894,22719.52,139756.0,106743.22,20589.34,7412.16,15.1,0.377
FY2026-06,2026,Jul,6,Q2,4,ECOM,Ecommerce,Boys,Bottoms,Current Plan,39756.36,867,45.86,5673.44,159.03,0.4973,19770.64,106743.22,107831.43,46677.04,16803.73,10.7,0.371
FY2026-07,2026,Aug,7,Q3,4,ECOM,Ecommerce,Boys,Bottoms,Current Plan,40532.79,884,45.86,5025.46,162.13,0.516,20915.52,107831.43,111675.36,49564.31,17843.15,10.6,0.369
FY2026-08,2026,Sep,8,Q3,5,ECOM,Ecommerce,Boys,Bottoms,Current Plan,44613.11,973,45.86,5656.14,178.45,0.5132,22896.25,111675.36,107766.93,46539.27,16754.14,12.5,0.407
FY2026-09,2026,Oct,9,Q3,4,ECOM,Ecommerce,Boys,Bottoms,Current Plan,47564.24,1037,45.86,5738.02,190.26,0.5194,24703.1,107766.93,132950.31,78675.9,28323.32,9.1,0.395
FY2026-10,2026,Nov,10,Q4,4,ECOM,Ecommerce,Boys,Bottoms,Current Plan,66800.88,1457,45.86,9178.43,267.2,0.5026,33574.13,132950.31,196298.9,139595.11,50254.24,8.0,0.406
FY2026-11,2026,Dec,11,Q4,5,ECOM,Ecommerce,Boys,Bottoms,Current Plan,72932.41,1590,45.86,9108.42,291.73,0.5151,37568.33,196298.9,159424.3,45457.96,16364.86,13.5,0.41
FY2026-12,2026,Jan,12,Q4,4,ECOM,Ecommerce,Boys,Bottoms,Current Plan,29462.62,642,45.86,3800.15,117.85,0.511,15055.92,159424.3,126043.68,0.0,0.0,21.6,0.206
FY2024-01,2024,Feb,1,Q1,4,STORE,Retail Stores,Boys,Bottoms,Original Plan,11321.15,247,45.86,1276.76,101.89,0.5272,5968.78,33010.92,32666.29,12355.17,4447.86,11.7,0.345
FY2024-02,2024,Mar,2,Q1,5,STORE,Retail Stores,Boys,Bottoms,Original Plan,16216.79,354,45.86,1866.13,145.95,0.5249,8512.62,32666.29,36685.43,22248.01,8009.28,10.1,0.468
FY2024-03,2024,Apr,3,Q1,4,STORE,Retail Stores,Boys,Bottoms,Original Plan,18052.65,394,45.86,2037.94,162.47,0.5271,9515.76,36685.43,49224.11,32791.74,11805.03,8.1,0.42
FY2024-04,2024,May,4,Q2,4,STORE,Retail Stores,Boys,Bottoms,Original Plan,16675.75,364,45.86,1991.2,150.08,0.5206,8681.28,49224.11,46000.66,15593.58,5613.69,11.8,0.35
FY2024-05,2024,Jun,5,Q2,5,STORE,Retail Stores,Boys,Bottoms,Original Plan,15145.87,330,45.86,1783.71,136.31,0.5222,7909.64,46000.66,36586.95,7652.18,2754.79,15.2,0.367
FY2024-06,2024,Jul,6,Q2,4,STORE,Retail Stores,Boys,Bottoms,Original Plan,12851.04,280,45.86,1432.14,115.66,0.5286,6792.52,36586.95,37223.66,15035.54,5412.8,11.4,0.348
FY2024-07,2024,Aug,7,Q3,4,STORE,Retail Stores,Boys,Bottoms,Original Plan,13462.99,294,45.86,1269.86,121.17,0.5457,7346.45,37223.66,37500.2,15130.57,5447.0,11.1,0.36
FY2024-08,2024,Sep,8,Q3,5,STORE,Retail Stores,Boys,Bottoms,Original Plan,14533.91,317,45.86,1492.87,130.81,0.5373,7808.83,37500.2,33460.59,12117.98,4362.47,12.9,0.41
FY2024-09,2024,Oct,9,Q3,4,STORE,Retail Stores,Boys,Bottoms,Original Plan,15298.85,334,45.86,1411.46,137.69,0.5477,8379.81,33460.59,41497.17,24884.58,8958.45,8.7,0.408
FY2024-10,2024,Nov,10,Q4,4,STORE,Retail Stores,Boys,Bottoms,Original Plan,22030.35,480,45.86,2224.09,198.27,0.539,11875.33,41497.17,63530.98,46486.52,16735.15,7.5,0.42
FY2024-11,2024,Dec,11,Q4,5,STORE,Retail Stores,Boys,Bottoms,Original Plan,23866.21,520,45.86,2300.99,214.8,0.5436,12973.39,63530.98,55232.32,18083.34,6510.0,13.3,0.402
FY2024-12,2024,Jan,12,Q4,4,STORE,Retail Stores,Boys,Bottoms,Original Plan,9638.28,210,45.86,920.52,86.74,0.5445,5247.97,55232.32,44586.78,0.0,0.0,22.9,0.193
FY2025-01,2025,Feb,1,Q1,4,STORE,Retail Stores,Boys,Bottoms,Original Plan,12906.11,281,45.86,1159.52,116.16,0.5502,7100.39,44586.78,36712.78,6307.79,2270.8,13.8,0.317
FY2025-02,2025,Mar,2,Q1,5,STORE,Retail Stores,Boys,Bottoms,Original Plan,18487.14,403,45.86,1686.55,166.38,0.5488,10145.22,36712.78,44046.1,27673.39,9962.42,9.9,0.458
FY2025-03,2025,Apr,3,Q1,4,STORE,Retail Stores,Boys,Bottoms,Original Plan,20580.02,449,45.86,1970.25,185.22,0.5443,11200.96,44046.1,59401.43,38090.83,13712.7,8.6,0.398
FY2025-04,2025,May,4,Q2,4,STORE,Retail Stores,Boys,Bottoms,Original Plan,19010.36,415,45.86,1808.88,171.09,0.5448,10357.75,59401.43,53624.49,15213.39,5476.82,12.5,0.336
FY2025-05,2025,Jun,5,Q2,5,STORE,Retail Stores,Boys,Bottoms,Original Plan,17266.29,376,45.86,1826.97,155.4,0.5342,9223.46,53624.49,37904.02,3528.19,1270.15,15.5,0.377
FY2025-06,2025,Jul,6,Q2,4,STORE,Retail Stores,Boys,Bottoms,Original Plan,14650.18,319,45.86,1712.86,131.85,0.5231,7663.25,37904.02,44629.19,23220.07,8359.23,10.3,0.355
FY2025-07,2025,Aug,7,Q3,4,STORE,Retail Stores,Boys,Bottoms,Original Plan,15347.81,335,45.86,1382.91,138.13,0.5499,8439.69,44629.19,44272.66,16512.32,5944.43,11.6,0.345
FY2025-08,2025,Sep,8,Q3,5,STORE,Retail Stores,Boys,Bottoms,Original Plan,16568.66,361,45.86,1706.99,149.12,0.537,8896.95,44272.66,38288.2,12440.3,4478.51,13.4,0.401
FY2025-09,2025,Oct,9,Q3,4,STORE,Retail Stores,Boys,Bottoms,Original Plan,17440.69,380,45.86,1768.01,156.97,0.5386,9394.04,38288.2,48691.87,29769.34,10716.96,8.8,0.401
FY2025-10,2025,Nov,10,Q4,4,STORE,Retail Stores,Boys,Bottoms,Original Plan,25114.6,548,45.86,2731.27,226.03,0.5312,13342.08,48691.87,72319.51,51699.54,18611.83,7.8,0.415
FY2025-11,2025,Dec,11,Q4,5,STORE,Retail Stores,Boys,Bottoms,Original Plan,27207.48,593,45.86,3179.61,244.87,0.5231,14233.18,72319.51,62067.29,20379.75,7336.71,13.3,0.405
FY2025-12,2025,Jan,12,Q4,4,STORE,Retail Stores,Boys,Bottoms,Original Plan,10987.64,240,45.86,1237.08,98.89,0.5274,5795.01,62067.29,49743.69,0.0,0.0,22.6,0.197
FY2026-01,2026,Feb,1,Q1,4,STORE,Retail Stores,Boys,Bottoms,Original Plan,15229.21,332,45.86,1502.94,137.06,0.5413,8243.76,49743.69,44797.97,11923.5,4292.46,13.1,0.322
FY2026-02,2026,Mar,2,Q1,5,STORE,Retail Stores,Boys,Bottoms,Original Plan,21814.82,476,45.86,2501.05,196.33,0.5254,11460.43,44797.97,50744.99,30459.22,10965.32,10.3,0.457
FY2026-03,2026,Apr,3,Q1,4,STORE,Retail Stores,Boys,Bottoms,Original Plan,24284.42,530,45.86,2467.75,218.56,0.5384,13074.28,50744.99,66754.42,42980.17,15472.86,8.4,0.413
FY2026-04,2026,May,4,Q2,4,STORE,Retail Stores,Boys,Bottoms,Original Plan,22432.22,489,45.86,2237.76,201.89,0.5402,12118.86,66754.42,61161.72,19279.17,6940.5,11.9,0.351
FY2026-05,2026,Jun,5,Q2,5,STORE,Retail Stores,Boys,Bottoms,Original Plan,20374.22,444,45.86,2273.35,183.37,0.5284,10766.15,61161.72,49455.75,11124.96,4004.99,15.0,0.368
FY2026-06,2026,Jul,6,Q2,4,STORE,Retail Stores,Boys,Bottoms,Original Plan,17287.22,377,45.86,1691.81,155.58,0.5421,9372.01,49455.75,48524.95,18203.81,6553.37,11.4,0.353
FY2026-07,2026,Aug,7,Q3,4,STORE,Retail Stores,Boys,Bottoms,Original Plan,18110.42,395,45.86,2044.24,162.99,0.5271,9546.43,48524.95,50152.98,21945.68,7900.45,10.7,0.367
FY2026-08,2026,Sep,8,Q3,5,STORE,Retail Stores,Boys,Bottoms,Original Plan,19551.02,426,45.86,2352.46,175.96,0.5197,10160.19,50152.98,46190.07,18116.53,6521.95,12.8,0.406
FY2026-09,2026,Oct,9,Q3,4,STORE,Retail Stores,Boys,Bottoms,Original Plan,20580.02,449,45.86,2256.37,185.22,0.5304,10914.84,46190.07,58246.77,35078.31,12628.19,9.0,0.394
FY2026-10,2026,Nov,10,Q4,4,STORE,Retail Stores,Boys,Bottoms,Original Plan,29635.23,646,45.86,3264.29,266.72,0.5299,15702.26,58246.77,87705.85,62625.32,22545.11,7.9,0.406
FY2026-11,2026,Dec,11,Q4,5,STORE,Retail Stores,Boys,Bottoms,Original Plan,32104.83,700,45.86,3081.55,288.94,0.544,17465.54,87705.85,77364.66,25134.13,9048.29,13.7,0.389
FY2026-12,2026,Jan,12,Q4,4,STORE,Retail Stores,Boys,Bottoms,Original Plan,12965.41,283,45.86,1363.96,116.69,0.5348,6933.91,77364.66,62918.6,0.0,0.0,23.9,0.185
FY2024-01,2024,Feb,1,Q1,4,STORE,Retail Stores,Boys,Bottoms,Current Plan,11404.1,249,45.86,1327.3,102.64,0.5236,5971.32,32069.56,32447.01,13211.47,4756.13,11.2,0.354
FY2024-02,2024,Mar,2,Q1,5,STORE,Retail Stores,Boys,Bottoms,Current Plan,16072.88,350,45.86,1545.21,144.66,0.5439,8741.44,32447.01,34933.35,20249.09,7289.67,10.1,0.477
FY2024-03,2024,Apr,3,Q1,4,STORE,Retail Stores,Boys,Bottoms,Current Plan,17525.41,382,45.86,2039.94,157.73,0.5236,9176.33,34933.35,51568.43,36358.16,13088.94,8.0,0.405
FY2024-04,2024,May,4,Q2,4,STORE,Retail Stores,Boys,Bottoms,Current Plan,16974.89,370,45.86,2029.58,152.77,0.5204,8834.35,51568.43,45918.04,13506.85,4862.47,12.2,0.348
FY2024-05,2024,Jun,5,Q2,5,STORE,Retail Stores,Boys,Bottoms,Current Plan,15042.36,328,45.86,1654.74,135.38,0.53,7972.37,45918.04,34184.37,5098.8,1835.57,15.3,0.376
FY2024-06,2024,Jul,6,Q2,4,STORE,Retail Stores,Boys,Bottoms,Current Plan,12866.64,281,45.86,1272.34,115.8,0.5411,6962.31,34184.37,38549.67,18620.07,6703.23,10.6,0.354
FY2024-07,2024,Aug,7,Q3,4,STORE,Retail Stores,Boys,Bottoms,Current Plan,13642.43,297,45.86,1612.77,122.78,0.5218,7118.38,38549.67,40601.29,17429.6,6274.66,11.3,0.345
FY2024-08,2024,Sep,8,Q3,5,STORE,Retail Stores,Boys,Bottoms,Current Plan,14309.12,312,45.86,1499.05,128.78,0.5352,7658.78,40601.29,33615.46,8951.12,3222.4,14.2,0.386
FY2024-09,2024,Oct,9,Q3,4,STORE,Retail Stores,Boys,Bottoms,Current Plan,15581.35,340,45.86,1586.4,140.23,0.5382,8385.67,33615.46,46458.26,30150.79,10854.28,8.6,0.389
FY2024-10,2024,Nov,10,Q4,4,STORE,Retail Stores,Boys,Bottoms,Current Plan,22479.55,490,45.86,2168.77,202.32,0.5435,12218.14,46458.26,67129.72,45522.09,16387.95,8.3,0.396
FY2024-11,2024,Dec,11,Q4,5,STORE,Retail Stores,Boys,Bottoms,Current Plan,24826.8,541,45.86,2582.82,223.44,0.536,13306.33,67129.72,55570.85,16074.19,5786.71,13.5,0.405
FY2024-12,2024,Jan,12,Q4,4,STORE,Retail Stores,Boys,Bottoms,Current Plan,9317.73,203,45.86,991.79,83.86,0.5336,4971.56,55570.85,45177.47,0.0,0.0,23.9,0.185
FY2025-01,2025,Feb,1,Q1,4,STORE,Retail Stores,Boys,Bottoms,Current Plan,13384.5,292,45.86,1270.22,120.46,0.5451,7295.86,45177.47,40009.34,9607.07,3458.54,13.5,0.314
FY2025-02,2025,Mar,2,Q1,5,STORE,Retail Stores,Boys,Bottoms,Current Plan,19197.57,419,45.86,2105.07,172.78,0.5303,10181.38,40009.34,41520.52,22986.59,8275.17,10.4,0.471
FY2025-03,2025,Apr,3,Q1,4,STORE,Retail Stores,Boys,Bottoms,Current Plan,20804.09,454,45.86,2316.55,187.24,0.5286,10998.07,41520.52,58335.74,40123.1,14444.32,8.0,0.417
FY2025-04,2025,May,4,Q2,4,STORE,Retail Stores,Boys,Bottoms,Current Plan,19329.29,421,45.86,1875.29,173.96,0.543,10495.45,58335.74,55724.31,18767.11,6756.16,12.1,0.339
FY2025-05,2025,Jun,5,Q2,5,STORE,Retail Stores,Boys,Bottoms,Current Plan,17568.13,383,45.86,2045.81,158.11,0.5236,9197.8,55724.31,41645.27,5693.01,2049.48,15.9,0.361
FY2025-06,2025,Jul,6,Q2,4,STORE,Retail Stores,Boys,Bottoms,Current Plan,14464.83,315,45.86,1315.64,130.18,0.549,7941.85,41645.27,40423.88,14689.26,5288.14,11.5,0.353
FY2025-07,2025,Aug,7,Q3,4,STORE,Retail Stores,Boys,Bottoms,Current Plan,15528.38,339,45.86,1571.52,139.76,0.5388,8366.65,40423.88,42857.67,19673.44,7082.44,10.4,0.373
FY2025-08,2025,Sep,8,Q3,5,STORE,Retail Stores,Boys,Bottoms,Current Plan,17046.66,372,45.86,1557.1,153.42,0.5487,9352.77,42857.67,41180.3,17079.81,6148.73,12.6,0.406
FY2025-09,2025,Oct,9,Q3,4,STORE,Retail Stores,Boys,Bottoms,Current Plan,17666.16,385,45.86,1929.24,159.0,0.5308,9377.11,41180.3,51380.87,29954.96,10783.78,9.3,0.382
FY2025-10,2025,Nov,10,Q4,4,STORE,Retail Stores,Boys,Bottoms,Current Plan,25243.45,550,45.86,2801.17,227.19,0.529,13354.63,51380.87,73396.5,50287.44,18103.48,8.1,0.405
FY2025-11,2025,Dec,11,Q4,5,STORE,Retail Stores,Boys,Bottoms,Current Plan,26607.61,580,45.86,3193.44,239.47,0.52,13835.42,73396.5,61640.54,18284.56,6582.44,13.8,0.394
FY2025-12,2025,Jan,12,Q4,4,STORE,Retail Stores,Boys,Bottoms,Current Plan,11226.3,245,45.86,1307.59,101.04,0.5235,5877.24,61640.54,49005.61,0.0,0.0,22.0,0.203
FY2026-01,2026,Feb,1,Q1,4,STORE,Retail Stores,Boys,Bottoms,Current Plan,15597.13,340,45.86,1460.77,140.37,0.5463,8521.39,49005.61,42199.18,10391.85,3741.07,12.6,0.342
FY2026-02,2026,Mar,2,Q1,5,STORE,Retail Stores,Boys,Bottoms,Current Plan,22893.28,499,45.86,2156.41,206.04,0.5458,12495.29,42199.18,49727.0,32783.55,11802.08,9.2,0.498
FY2026-03,2026,Apr,3,Q1,4,STORE,Retail Stores,Boys,Bottoms,Current Plan,24755.13,540,45.86,2607.75,222.8,0.5347,13235.54,49727.0,72265.6,50124.28,18044.74,8.0,0.406
FY2026-04,2026,May,4,Q2,4,STORE,Retail Stores,Boys,Bottoms,Current Plan,23676.84,516,45.86,2847.29,213.09,0.5197,12305.88,72265.6,66285.1,20756.73,7472.42,12.2,0.342
FY2026-05,2026,Jun,5,Q2,5,STORE,Retail Stores,Boys,Bottoms,Current Plan,21295.05,464,45.86,2318.43,191.66,0.5311,11310.41,66285.1,46984.54,4504.57,1621.65,15.6,0.376
FY2026-06,2026,Jul,6,Q2,4,STORE,Retail Stores,Boys,Bottoms,Current Plan,17895.06,390,45.86,2126.47,161.06,0.5212,9326.37,46984.54,52562.63,25760.67,9273.84,10.5,0.36
FY2026-07,2026,Aug,7,Q3,4,STORE,Retail Stores,Boys,Bottoms,Current Plan,18318.1,399,45.86,1712.48,164.86,0.5465,10011.11,52562.63,54573.69,22206.5,7994.34,11.5,0.342
FY2026-08,2026,Sep,8,Q3,5,STORE,Retail Stores,Boys,Bottoms,Current Plan,20535.64,448,45.86,1968.61,184.82,0.5441,11174.2,54573.69,44943.12,13058.49,4701.06,13.3,0.413
FY2026-09,2026,Oct,9,Q3,4,STORE,Retail Stores,Boys,Bottoms,Current Plan,21415.37,467,45.86,2373.34,192.74,0.5292,11332.5,44943.12,64131.38,43169.7,15541.09,8.4,0.393
FY2026-10,2026,Nov,10,Q4,4,STORE,Retail Stores,Boys,Bottoms,Current Plan,29978.23,654,45.86,3238.76,269.8,0.532,15947.3,64131.38,90291.92,59647.34,21473.04,8.6,0.388
FY2026-11,2026,Dec,11,Q4,5,STORE,Retail Stores,Boys,Bottoms,Current Plan,33380.78,728,45.86,3490.36,300.43,0.5354,17873.34,90291.92,74495.15,21374.8,7694.93,13.5,0.405
FY2026-12,2026,Jan,12,Q4,4,STORE,Retail Stores,Boys,Bottoms,Current Plan,13450.24,293,45.86,1496.75,121.05,0.5287,7111.4,74495.15,59427.1,0.0,0.0,22.2,0.201
FY2024-01,2024,Feb,1,Q1,4,WHSL,Wholesale,Boys,Bottoms,Original Plan,19539.7,556,35.13,431.22,19.54,0.4579,8947.84,19348.38,19834.74,20476.81,10647.94,4.0,0.997
FY2024-02,2024,Mar,2,Q1,5,WHSL,Wholesale,Boys,Bottoms,Original Plan,16388.13,467,35.13,282.89,16.39,0.4627,7583.41,19834.74,12508.13,9360.81,4867.62,6.1,1.013
FY2024-03,2024,Apr,3,Q1,4,WHSL,Wholesale,Boys,Bottoms,Original Plan,7815.88,222,35.13,140.68,7.82,0.462,3610.94,12508.13,7542.47,2998.72,1559.33,6.4,0.78
FY2024-04,2024,May,4,Q2,4,WHSL,Wholesale,Boys,Bottoms,Original Plan,6933.44,197,35.13,148.95,6.93,0.4585,3179.1,7542.47,6731.82,6278.67,3264.91,4.4,0.971
FY2024-05,2024,Jun,5,Q2,5,WHSL,Wholesale,Boys,Bottoms,Original Plan,17018.45,484,35.13,343.31,17.02,0.4598,7825.55,6731.82,13917.13,24564.08,12773.32,2.0,1.648
FY2024-06,2024,Jul,6,Q2,4,WHSL,Wholesale,Boys,Bottoms,Original Plan,17900.88,510,35.13,333.21,17.9,0.4614,8259.21,13917.13,18231.86,22566.73,11734.7,3.1,1.114
FY2024-07,2024,Aug,7,Q3,4,WHSL,Wholesale,Boys,Bottoms,Original Plan,8824.38,251,35.13,182.65,8.82,0.4593,4053.05,18231.86,9216.0,0.0,0.0,8.3,0.643
FY2024-08,2024,Sep,8,Q3,5,WHSL,Wholesale,Boys,Bottoms,Original Plan,13236.57,377,35.13,240.78,13.24,0.4618,6112.77,9216.0,10384.65,14659.24,7622.8,3.5,1.351
FY2024-09,2024,Oct,9,Q3,4,WHSL,Wholesale,Boys,Bottoms,Original Plan,17396.63,495,35.13,333.97,17.4,0.4608,8016.42,10384.65,18362.53,25725.87,13377.45,2.4,1.21
FY2024-10,2024,Nov,10,Q4,4,WHSL,Wholesale,Boys,Bottoms,Original Plan,10715.32,305,35.13,240.0,10.72,0.4576,4903.35,18362.53,10128.88,2732.39,1420.84,6.9,0.752
FY2024-11,2024,Dec,11,Q4,5,WHSL,Wholesale,Boys,Bottoms,Original Plan,7563.75,215,35.13,134.43,7.56,0.4622,3496.17,10128.88,6029.04,3605.91,1875.07,6.7,0.936
FY2024-12,2024,Jan,12,Q4,4,WHSL,Wholesale,Boys,Bottoms,Original Plan,7941.94,226,35.13,146.15,7.94,0.4616,3665.98,6029.04,7981.11,10048.1,5225.01,3.0,1.134
FY2025-01,2025,Feb,1,Q1,4,WHSL,Wholesale,Boys,Bottoms,Original Plan,22275.25,634,35.13,400.36,22.28,0.462,10291.76,7981.11,23051.96,37768.74,19639.75,1.4,1.436
FY2025-02,2025,Mar,2,Q1,5,WHSL,Wholesale,Boys,Bottoms,Original Plan,18682.47,532,35.13,400.63,18.68,0.4586,8566.96,23051.96,15180.74,11230.56,5839.89,6.2,0.977
FY2025-03,2025,Apr,3,Q1,4,WHSL,Wholesale,Boys,Bottoms,Original Plan,8910.1,254,35.13,173.22,8.91,0.4606,4103.62,15180.74,8826.95,2738.44,1423.99,6.8,0.742
FY2025-04,2025,May,4,Q2,4,WHSL,Wholesale,Boys,Bottoms,Original Plan,7904.12,225,35.13,160.4,7.9,0.4597,3633.58,8826.95,7632.69,6878.17,3576.65,4.5,0.96
FY2025-05,2025,Jun,5,Q2,5,WHSL,Wholesale,Boys,Bottoms,Original Plan,19401.03,552,35.13,401.04,19.4,0.4593,8911.45,7632.69,14850.73,27039.51,14060.54,2.0,1.726
FY2025-06,2025,Jul,6,Q2,4,WHSL,Wholesale,Boys,Bottoms,Original Plan,20407.01,581,35.13,387.18,20.41,0.461,9408.18,14850.73,19817.68,25781.55,13406.41,2.9,1.177
FY2025-07,2025,Aug,7,Q3,4,WHSL,Wholesale,Boys,Bottoms,Original Plan,10059.79,286,35.13,179.98,10.06,0.4621,4648.72,19817.68,9757.58,189.74,98.66,7.9,0.68
FY2025-08,2025,Sep,8,Q3,5,WHSL,Wholesale,Boys,Bottoms,Original Plan,15089.69,430,35.13,299.2,15.09,0.4602,6943.85,9757.58,11775.96,17422.35,9059.62,3.2,1.402
FY2025-09,2025,Oct,9,Q3,4,WHSL,Wholesale,Boys,Bottoms,Original Plan,19832.16,565,35.13,355.7,19.83,0.4621,9163.73,11775.96,18822.92,27254.66,14172.43,2.4,1.296
FY2025-10,2025,Nov,10,Q4,4,WHSL,Wholesale,Boys,Bottoms,Original Plan,12215.46,348,35.13,270.15,12.22,0.4579,5593.28,18822.92,12635.41,6310.32,3281.36,6.2,0.777
FY2025-11,2025,Dec,11,Q4,5,WHSL,Wholesale,Boys,Bottoms,Original Plan,8622.68,245,35.13,197.77,8.62,0.4571,3941.11,12635.41,7301.28,3494.94,1817.37,7.3,0.865
FY2025-12,2025,Jan,12,Q4,4,WHSL,Wholesale,Boys,Bottoms,Original Plan,9053.81,258,35.13,171.1,9.05,0.4611,4174.73,7301.28,8660.82,10593.5,5508.62,3.2,1.134
FY2026-01,2026,Feb,1,Q1,4,WHSL,Wholesale,Boys,Bottoms,Original Plan,26284.8,748,35.13,548.58,26.28,0.4591,12068.13,8660.82,25862.37,44061.21,22911.83,1.3,1.523
FY2026-02,2026,Mar,2,Q1,5,WHSL,Wholesale,Boys,Bottoms,Original Plan,22045.32,628,35.13,410.02,22.05,0.4614,10171.74,25862.37,18089.46,14704.47,7646.32,5.9,1.003
FY2026-03,2026,Apr,3,Q1,4,WHSL,Wholesale,Boys,Bottoms,Original Plan,10513.92,299,35.13,239.91,10.51,0.4572,4806.78,18089.46,10104.66,2779.54,1445.36,6.9,0.746
FY2026-04,2026,May,4,Q2,4,WHSL,Wholesale,Boys,Bottoms,Original Plan,9326.86,266,35.13,159.65,9.33,0.4629,4317.24,10104.66,9062.27,8453.45,4395.79,4.3,0.973
FY2026-05,2026,Jun,5,Q2,5,WHSL,Wholesale,Boys,Bottoms,Original Plan,22893.21,652,35.13,498.78,22.89,0.4582,10489.96,9062.27,17976.41,32329.03,16811.1,2.0,1.693
FY2026-06,2026,Jul,6,Q2,4,WHSL,Wholesale,Boys,Bottoms,Original Plan,24080.27,685,35.13,430.85,24.08,0.4621,11127.68,17976.41,23039.91,29598.69,15391.32,3.0,1.174
FY2026-07,2026,Aug,7,Q3,4,WHSL,Wholesale,Boys,Bottoms,Original Plan,11870.55,338,35.13,264.79,11.87,0.4577,5433.08,23039.91,12563.64,1670.95,868.89,7.8,0.667
FY2026-08,2026,Sep,8,Q3,5,WHSL,Wholesale,Boys,Bottoms,Original Plan,17805.83,507,35.13,383.19,17.81,0.4585,8163.61,12563.64,13484.62,19127.81,9946.46,3.5,1.367
FY2026-09,2026,Oct,9,Q3,4,WHSL,Wholesale,Boys,Bottoms,Original Plan,23401.95,666,35.13,405.27,23.4,0.4627,10827.67,13484.62,24397.11,34743.11,18066.42,2.3,1.236
FY2026-10,2026,Nov,10,Q4,4,WHSL,Wholesale,Boys,Bottoms,Original Plan,14414.25,410,35.13,306.13,14.41,0.4588,6612.71,24397.11,14518.13,4855.8,2525.02,6.8,0.741
FY2026-11,2026,Dec,11,Q4,5,WHSL,Wholesale,Boys,Bottoms,Original Plan,10174.76,290,35.13,193.88,10.17,0.4609,4690.01,14518.13,8126.57,3987.25,2073.37,7.1,0.899
FY2026-12,2026,Jan,12,Q4,4,WHSL,Wholesale,Boys,Bottoms,Original Plan,10683.5,304,35.13,235.36,10.68,0.458,4892.72,8126.57,10290.08,13093.06,6808.39,3.0,1.16
FY2024-01,2024,Feb,1,Q1,4,WHSL,Wholesale,Boys,Bottoms,Current Plan,18962.38,540,35.13,337.46,18.96,0.4622,8764.49,18950.59,19628.4,19996.61,10398.24,4.0,0.983
FY2024-02,2024,Mar,2,Q1,5,WHSL,Wholesale,Boys,Bottoms,Current Plan,16242.73,462,35.13,297.53,16.24,0.4617,7498.98,19628.4,13043.15,9971.26,5185.06,6.0,0.994
FY2024-03,2024,Apr,3,Q1,4,WHSL,Wholesale,Boys,Bottoms,Current Plan,7810.83,222,35.13,155.66,7.81,0.4601,3593.54,13043.15,8187.38,3118.52,1621.63,6.7,0.736
FY2024-04,2024,May,4,Q2,4,WHSL,Wholesale,Boys,Bottoms,Current Plan,6892.16,196,35.13,134.37,6.89,0.4605,3173.87,8187.38,7141.43,5987.48,3113.49,4.8,0.899
FY2024-05,2024,Jun,5,Q2,5,WHSL,Wholesale,Boys,Bottoms,Current Plan,17439.12,496,35.13,348.74,17.44,0.46,8022.04,7141.43,14438.79,25102.65,13053.38,2.0,1.616
FY2024-06,2024,Jul,6,Q2,4,WHSL,Wholesale,Boys,Bottoms,Current Plan,17707.57,504,35.13,364.97,17.71,0.4594,8134.67,14438.79,16735.35,20386.81,10601.14,3.3,1.136
FY2024-07,2024,Aug,7,Q3,4,WHSL,Wholesale,Boys,Bottoms,Current Plan,9126.17,260,35.13,187.87,9.13,0.4594,4192.69,16735.35,9509.45,2097.25,1090.57,7.3,0.695
FY2024-08,2024,Sep,8,Q3,5,WHSL,Wholesale,Boys,Bottoms,Current Plan,13378.06,381,35.13,307.45,13.38,0.457,6114.02,9509.45,10517.41,14706.86,7647.57,3.6,1.336
FY2024-09,2024,Oct,9,Q3,4,WHSL,Wholesale,Boys,Bottoms,Current Plan,17462.64,497,35.13,364.05,17.46,0.4592,8018.02,10517.41,17620.15,24946.88,12972.38,2.4,1.241
FY2024-10,2024,Nov,10,Q4,4,WHSL,Wholesale,Boys,Bottoms,Current Plan,10541.3,300,35.13,189.88,10.54,0.462,4869.95,17620.15,10418.01,3539.58,1840.58,6.7,0.752
FY2024-11,2024,Dec,11,Q4,5,WHSL,Wholesale,Boys,Bottoms,Current Plan,7753.18,221,35.13,157.98,7.75,0.4596,3563.54,10418.01,6504.34,4005.24,2082.73,6.7,0.916
FY2024-12,2024,Jan,12,Q4,4,WHSL,Wholesale,Boys,Bottoms,Current Plan,8012.21,228,35.13,139.86,8.01,0.4625,3706.0,6504.34,8010.62,9666.36,5026.51,3.2,1.104
FY2025-01,2025,Feb,1,Q1,4,WHSL,Wholesale,Boys,Bottoms,Current Plan,23297.55,663,35.13,510.95,23.3,0.4581,10671.88,8010.62,22794.41,38615.59,20080.1,1.4,1.513
FY2025-02,2025,Mar,2,Q1,5,WHSL,Wholesale,Boys,Bottoms,Current Plan,18633.99,530,35.13,321.95,18.63,0.4627,8622.37,22794.41,15529.54,11709.71,6089.05,6.1,0.972
FY2025-03,2025,Apr,3,Q1,4,WHSL,Wholesale,Boys,Bottoms,Current Plan,9065.6,258,35.13,185.56,9.07,0.4595,4165.93,15529.54,9339.42,3070.1,1596.45,6.9,0.729
FY2025-04,2025,May,4,Q2,4,WHSL,Wholesale,Boys,Bottoms,Current Plan,7890.27,225,35.13,163.54,7.89,0.4593,3623.79,9339.42,7568.62,6290.9,3271.27,4.7,0.933
FY2025-05,2025,Jun,5,Q2,5,WHSL,Wholesale,Boys,Bottoms,Current Plan,18913.72,538,35.13,413.37,18.91,0.4581,8665.22,7568.62,14610.52,26387.91,13721.71,2.0,1.706
FY2025-06,2025,Jul,6,Q2,4,WHSL,Wholesale,Boys,Bottoms,Current Plan,20984.21,597,35.13,378.08,20.98,0.462,9694.34,14610.52,20637.28,27410.03,14253.22,2.8,1.191
FY2025-07,2025,Aug,7,Q3,4,WHSL,Wholesale,Boys,Bottoms,Current Plan,10555.49,300,35.13,221.07,10.56,0.4591,4845.56,20637.28,10631.08,780.91,406.07,7.8,0.675
FY2025-08,2025,Sep,8,Q3,5,WHSL,Wholesale,Boys,Bottoms,Current Plan,15478.64,441,35.13,332.41,15.48,0.4585,7097.34,10631.08,12367.01,17562.46,9132.48,3.4,1.346
FY2025-09,2025,Oct,9,Q3,4,WHSL,Wholesale,Boys,Bottoms,Current Plan,19903.21,567,35.13,417.65,19.9,0.459,9135.9,12367.01,19004.87,26978.62,14028.88,2.5,1.269
FY2025-10,2025,Nov,10,Q4,4,WHSL,Wholesale,Boys,Bottoms,Current Plan,12508.99,356,35.13,247.47,12.51,0.4602,5756.85,19004.87,13191.99,6956.08,3617.16,6.1,0.777
FY2025-11,2025,Dec,11,Q4,5,WHSL,Wholesale,Boys,Bottoms,Current Plan,8710.75,248,35.13,149.22,8.71,0.4629,4031.94,13191.99,6622.92,2299.62,1195.8,7.6,0.879
FY2025-12,2025,Jan,12,Q4,4,WHSL,Wholesale,Boys,Bottoms,Current Plan,9044.67,257,35.13,186.11,9.04,0.4594,4155.33,6622.92,9525.54,12142.46,6314.08,2.9,1.12
FY2026-01,2026,Feb,1,Q1,4,WHSL,Wholesale,Boys,Bottoms,Current Plan,27323.08,778,35.13,607.29,27.32,0.4578,12507.79,9525.54,28412.66,46844.82,24359.3,1.4,1.44
FY2026-02,2026,Mar,2,Q1,5,WHSL,Wholesale,Boys,Bottoms,Current Plan,22930.77,653,35.13,486.5,22.93,0.4588,10520.27,28412.66,18736.62,13764.16,7157.37,6.2,0.973
FY2026-03,2026,Apr,3,Q1,4,WHSL,Wholesale,Boys,Bottoms,Current Plan,10813.68,308,35.13,229.55,10.81,0.4588,4961.02,18736.62,10710.37,3027.8,1574.46,6.9,0.734
FY2026-04,2026,May,4,Q2,4,WHSL,Wholesale,Boys,Bottoms,Current Plan,9555.15,272,35.13,188.05,9.56,0.4603,4398.42,10710.37,9479.31,8521.69,4431.28,4.5,0.947
FY2026-05,2026,Jun,5,Q2,5,WHSL,Wholesale,Boys,Bottoms,Current Plan,23604.15,672,35.13,518.22,23.6,0.458,10811.77,9479.31,18680.46,33347.12,17340.5,2.0,1.676
FY2026-06,2026,Jul,6,Q2,4,WHSL,Wholesale,Boys,Bottoms,Current Plan,25034.65,713,35.13,456.86,25.03,0.4618,11559.77,18680.46,24731.01,31567.1,16414.89,3.0,1.153
FY2026-07,2026,Aug,7,Q3,4,WHSL,Wholesale,Boys,Bottoms,Current Plan,12280.65,350,35.13,223.81,12.28,0.4618,5670.9,24731.01,12599.84,385.57,200.5,8.1,0.658
FY2026-08,2026,Sep,8,Q3,5,WHSL,Wholesale,Boys,Bottoms,Current Plan,18738.21,533,35.13,414.33,18.74,0.4579,8580.01,12599.84,14347.57,20919.0,10877.88,3.4,1.391
FY2026-09,2026,Oct,9,Q3,4,WHSL,Wholesale,Boys,Bottoms,Current Plan,24752.0,705,35.13,434.45,24.75,0.4624,11446.51,14347.57,26129.13,36992.77,19236.24,2.3,1.223
FY2026-10,2026,Nov,10,Q4,4,WHSL,Wholesale,Boys,Bottoms,Current Plan,15031.79,428,35.13,298.89,15.03,0.4601,6916.37,26129.13,15318.6,4535.17,2358.29,7.0,0.725
FY2026-11,2026,Dec,11,Q4,5,WHSL,Wholesale,Boys,Bottoms,Current Plan,10707.4,305,35.13,212.38,10.71,0.4602,4927.17,15318.6,9057.47,4669.35,2428.06,7.2,0.879
FY2026-12,2026,Jan,12,Q4,4,WHSL,Wholesale,Boys,Bottoms,Current Plan,10968.87,312,35.13,232.11,10.97,0.4588,5032.95,9057.47,11335.45,13489.93,7014.76,3.3,1.076
FY2024-01,2024,Feb,1,Q1,4,ECOM,Ecommerce,Boys,Sets,Original Plan,19925.23,314,63.44,2967.56,79.7,0.4911,9784.59,58535.81,55871.72,20308.4,7311.03,11.8,0.348
FY2024-02,2024,Mar,2,Q1,5,ECOM,Ecommerce,Boys,Sets,Original Plan,28541.54,450,63.44,4277.01,114.17,0.4901,13989.58,55871.72,64394.04,41455.03,14923.81,9.8,0.475
FY2024-03,2024,Apr,3,Q1,4,ECOM,Ecommerce,Boys,Sets,Original Plan,31772.66,501,63.44,4147.96,127.09,0.5094,16186.55,64394.04,95133.93,66787.6,24043.54,8.1,0.398
FY2024-04,2024,May,4,Q2,4,ECOM,Ecommerce,Boys,Sets,Original Plan,29349.32,463,63.44,3888.82,117.4,0.5075,14894.75,95133.93,87924.75,26146.36,9412.69,13.0,0.321
FY2024-05,2024,Jun,5,Q2,5,ECOM,Ecommerce,Boys,Sets,Original Plan,26656.72,420,63.44,3774.02,106.63,0.4984,13286.28,87924.75,64548.56,7161.18,2578.03,16.5,0.35
FY2024-06,2024,Jul,6,Q2,4,ECOM,Ecommerce,Boys,Sets,Original Plan,22617.83,357,63.44,3004.56,90.47,0.5072,11470.85,64548.56,65489.62,26653.91,9595.41,11.4,0.348
FY2024-07,2024,Aug,7,Q3,4,ECOM,Ecommerce,Boys,Sets,Original Plan,23694.87,373,63.44,3177.66,94.78,0.5059,11987.06,65489.62,69385.95,30863.63,11110.91,11.1,0.351
FY2024-08,2024,Sep,8,Q3,5,ECOM,Ecommerce,Boys,Sets,Original Plan,25579.68,403,63.44,3313.18,102.32,0.5105,13057.82,69385.95,58456.51,18065.74,6503.67,13.6,0.4
FY2024-09,2024,Oct,9,Q3,4,ECOM,Ecommerce,Boys,Sets,Original Plan,26925.98,424,63.44,3603.76,107.7,0.5062,13628.87,58456.51,73038.47,45219.41,16278.99,8.7,0.41
FY2024-10,2024,Nov,10,Q4,4,ECOM,Ecommerce,Boys,Sets,Original Plan,38773.42,611,63.44,5831.96,155.09,0.4896,18983.03,73038.47,104955.31,76677.31,27603.83,7.5,0.436
FY2024-11,2024,Dec,11,Q4,5,ECOM,Ecommerce,Boys,Sets,Original Plan,42004.53,662,63.44,6137.9,168.02,0.4939,20745.0,104955.31,102119.14,45474.29,16370.74,12.5,0.406
FY2024-12,2024,Jan,12,Q4,4,ECOM,Ecommerce,Boys,Sets,Original Plan,16963.37,267,63.44,2501.21,67.85,0.4926,8355.35,102119.14,82586.71,0.0,0.0,24.1,0.184
FY2025-01,2025,Feb,1,Q1,4,ECOM,Ecommerce,Boys,Sets,Original Plan,22714.76,358,63.44,2797.87,90.86,0.5168,11739.58,82586.71,62936.46,5953.23,2143.16,14.5,0.312
FY2025-02,2025,Mar,2,Q1,5,ECOM,Ecommerce,Boys,Sets,Original Plan,32537.36,513,63.44,4479.49,130.15,0.5023,16344.42,62936.46,71635.24,45845.79,16504.48,9.7,0.484
FY2025-03,2025,Apr,3,Q1,4,ECOM,Ecommerce,Boys,Sets,Original Plan,36220.83,571,63.44,5484.2,144.88,0.4886,17697.13,71635.24,106124.73,76339.4,27482.18,7.9,0.408
FY2025-04,2025,May,4,Q2,4,ECOM,Ecommerce,Boys,Sets,Original Plan,33458.23,527,63.44,4806.01,133.83,0.4964,16607.26,106124.73,93494.76,25768.1,9276.52,12.7,0.335
FY2025-05,2025,Jun,5,Q2,5,ECOM,Ecommerce,Boys,Sets,Original Plan,30388.67,479,63.44,4209.76,121.55,0.5015,15238.99,93494.76,70601.52,11826.74,4257.63,15.4,0.37
FY2025-06,2025,Jul,6,Q2,4,ECOM,Ecommerce,Boys,Sets,Original Plan,25784.32,406,63.44,3593.57,103.14,0.5006,12908.4,70601.52,72484.32,31363.83,11290.98,11.0,0.36
FY2025-07,2025,Aug,7,Q3,4,ECOM,Ecommerce,Boys,Sets,Original Plan,27012.15,426,63.44,3309.03,108.05,0.5175,13978.75,72484.32,77632.28,35577.18,12807.79,10.7,0.36
FY2025-08,2025,Sep,8,Q3,5,ECOM,Ecommerce,Boys,Sets,Original Plan,29160.84,460,63.44,3633.38,116.64,0.5154,15029.56,77632.28,69916.05,25194.63,9070.07,13.3,0.395
FY2025-09,2025,Oct,9,Q3,4,ECOM,Ecommerce,Boys,Sets,Original Plan,30695.62,484,63.44,4403.49,122.78,0.4965,15241.71,69916.05,84867.09,50172.94,18062.26,9.1,0.397
FY2025-10,2025,Nov,10,Q4,4,ECOM,Ecommerce,Boys,Sets,Original Plan,44201.7,697,63.44,6772.64,176.81,0.4868,21516.44,84867.09,129830.49,96114.55,34601.24,7.7,0.412
FY2025-11,2025,Dec,11,Q4,5,ECOM,Ecommerce,Boys,Sets,Original Plan,47885.17,755,63.44,7309.96,191.54,0.4873,23336.55,129830.49,108023.38,33579.55,12088.64,13.6,0.403
FY2025-12,2025,Jan,12,Q4,4,ECOM,Ecommerce,Boys,Sets,Original Plan,19338.24,305,63.44,2417.44,77.35,0.515,9959.03,108023.38,86190.35,0.0,0.0,22.3,0.199
FY2026-01,2026,Feb,1,Q1,4,ECOM,Ecommerce,Boys,Sets,Original Plan,26803.42,422,63.44,3662.17,107.21,0.5034,13492.02,86190.35,76996.28,21378.73,7696.34,12.9,0.329
FY2026-02,2026,Mar,2,Q1,5,ECOM,Ecommerce,Boys,Sets,Original Plan,38394.08,605,63.44,5497.5,153.58,0.4968,19074.71,76996.28,92247.28,59296.16,21346.62,10.0,0.454
FY2026-03,2026,Apr,3,Q1,4,ECOM,Ecommerce,Boys,Sets,Original Plan,42740.58,674,63.44,5769.29,170.96,0.505,21584.68,92247.28,118118.11,74551.66,26838.6,8.6,0.406
FY2026-04,2026,May,4,Q2,4,ECOM,Ecommerce,Boys,Sets,Original Plan,39480.71,622,63.44,5657.0,157.92,0.4967,19610.65,118118.11,107848.7,35026.22,12609.44,12.0,0.349
FY2026-05,2026,Jun,5,Q2,5,ECOM,Ecommerce,Boys,Sets,Original Plan,35858.63,565,63.44,5092.85,143.43,0.498,17856.67,107848.7,80511.46,13757.68,4952.77,15.0,0.381
FY2026-06,2026,Jul,6,Q2,4,ECOM,Ecommerce,Boys,Sets,Original Plan,30425.5,480,63.44,4204.93,121.7,0.5018,15267.39,80511.46,90883.45,45124.11,16244.68,10.6,0.355
FY2026-07,2026,Aug,7,Q3,4,ECOM,Ecommerce,Boys,Sets,Original Plan,31874.33,502,63.44,4232.24,127.5,0.5072,16167.34,90883.45,91469.62,36820.25,13255.29,11.4,0.35
FY2026-08,2026,Sep,8,Q3,5,ECOM,Ecommerce,Boys,Sets,Original Plan,34409.79,542,63.44,4793.71,137.64,0.5007,17228.56,91469.62,82020.87,29892.39,10761.26,13.3,0.397
FY2026-09,2026,Oct,9,Q3,4,ECOM,Ecommerce,Boys,Sets,Original Plan,36220.83,571,63.44,5299.87,144.88,0.4937,17881.46,82020.87,108344.61,67989.33,24476.16,9.1,0.381
FY2026-10,2026,Nov,10,Q4,4,ECOM,Ecommerce,Boys,Sets,Original Plan,52158.0,822,63.44,6892.45,208.63,0.5079,26488.67,108344.61,152411.28,103325.75,37197.27,8.3,0.4
FY2026-11,2026,Dec,11,Q4,5,ECOM,Ecommerce,Boys,Sets,Original Plan,56504.5,891,63.44,8145.41,226.02,0.4958,28017.47,152411.28,126753.26,39217.91,14118.45,13.5,0.405
FY2026-12,2026,Jan,12,Q4,4,ECOM,Ecommerce,Boys,Sets,Original Plan,22819.13,360,63.44,3265.45,91.28,0.4969,11338.79,126753.26,100577.4,0.0,0.0,22.2,0.201
FY2024-01,2024,Feb,1,Q1,4,ECOM,Ecommerce,Boys,Sets,Current Plan,20430.07,322,63.44,2938.53,81.72,0.4962,10136.71,59491.3,56732.45,20691.46,7448.92,11.6,0.352
FY2024-02,2024,Mar,2,Q1,5,ECOM,Ecommerce,Boys,Sets,Current Plan,29143.59,459,63.44,3561.51,116.57,0.5178,15090.39,56732.45,66953.84,43043.07,15495.51,9.7,0.471
FY2024-03,2024,Apr,3,Q1,4,ECOM,Ecommerce,Boys,Sets,Current Plan,32594.82,514,63.44,4157.3,130.38,0.5125,16703.38,66953.84,93247.34,63175.99,22743.36,8.2,0.407
FY2024-04,2024,May,4,Q2,4,ECOM,Ecommerce,Boys,Sets,Current Plan,29986.43,473,63.44,4580.39,119.95,0.4873,14610.93,93247.34,81880.72,23320.15,8395.25,12.4,0.342
FY2024-05,2024,Jun,5,Q2,5,ECOM,Ecommerce,Boys,Sets,Current Plan,27546.69,434,63.44,3750.71,110.19,0.5038,13879.17,81880.72,64444.54,13971.4,5029.7,14.9,0.377
FY2024-06,2024,Jul,6,Q2,4,ECOM,Ecommerce,Boys,Sets,Current Plan,23134.94,365,63.44,2909.46,92.54,0.5142,11896.9,64444.54,65536.48,27228.87,9802.39,11.1,0.356
FY2024-07,2024,Aug,7,Q3,4,ECOM,Ecommerce,Boys,Sets,Current Plan,23262.73,367,63.44,3130.33,93.05,0.5054,11757.82,65536.48,66238.36,27187.99,9787.68,11.3,0.353
FY2024-08,2024,Sep,8,Q3,5,ECOM,Ecommerce,Boys,Sets,Current Plan,25978.03,409,63.44,3334.66,103.91,0.5116,13291.28,66238.36,56539.13,19717.37,7098.25,12.7,0.423
FY2024-09,2024,Oct,9,Q3,4,ECOM,Ecommerce,Boys,Sets,Current Plan,26826.07,423,63.44,3652.82,107.3,0.5038,13515.87,56539.13,79885.17,53932.23,19415.6,8.4,0.393
FY2024-10,2024,Nov,10,Q4,4,ECOM,Ecommerce,Boys,Sets,Current Plan,39950.97,630,63.44,5212.97,159.8,0.5095,20355.65,79885.17,120433.11,85871.69,30913.81,8.0,0.399
FY2024-11,2024,Dec,11,Q4,5,ECOM,Ecommerce,Boys,Sets,Current Plan,42715.98,673,63.44,5654.36,170.86,0.5076,21683.87,120433.11,103696.95,31805.05,11449.82,14.1,0.381
FY2024-12,2024,Jan,12,Q4,4,ECOM,Ecommerce,Boys,Sets,Current Plan,17032.98,268,63.44,1966.5,68.13,0.5245,8934.61,103696.95,84629.35,0.0,0.0,24.4,0.181
FY2025-01,2025,Feb,1,Q1,4,ECOM,Ecommerce,Boys,Sets,Current Plan,22681.63,358,63.44,3113.86,90.73,0.5027,11402.38,84629.35,64350.18,5607.06,2018.54,14.9,0.304
FY2025-02,2025,Mar,2,Q1,5,ECOM,Ecommerce,Boys,Sets,Current Plan,33006.75,520,63.44,3823.81,132.03,0.5242,17300.51,64350.18,79488.08,52100.47,18756.17,9.7,0.459
FY2025-03,2025,Apr,3,Q1,4,ECOM,Ecommerce,Boys,Sets,Current Plan,35263.15,556,63.44,4322.31,141.05,0.5174,18246.1,79488.08,101952.43,62190.87,22388.71,9.0,0.389
FY2025-04,2025,May,4,Q2,4,ECOM,Ecommerce,Boys,Sets,Current Plan,33888.15,534,63.44,4893.42,135.55,0.4956,16794.99,101952.43,95193.97,32158.66,11577.12,12.0,0.344
FY2025-05,2025,Jun,5,Q2,5,ECOM,Ecommerce,Boys,Sets,Current Plan,29928.87,472,63.44,4602.9,119.72,0.4862,14551.58,95193.97,69022.39,8479.91,3052.77,15.9,0.365
FY2025-06,2025,Jul,6,Q2,4,ECOM,Ecommerce,Boys,Sets,Current Plan,25913.55,408,63.44,3967.59,103.65,0.4869,12617.08,69022.39,72667.87,33630.27,12106.9,10.7,0.366
FY2025-07,2025,Aug,7,Q3,4,ECOM,Ecommerce,Boys,Sets,Current Plan,27534.44,434,63.44,4018.44,110.14,0.4941,13603.6,72667.87,80497.83,39492.98,14217.47,10.6,0.36
FY2025-08,2025,Sep,8,Q3,5,ECOM,Ecommerce,Boys,Sets,Current Plan,29475.77,465,63.44,3451.64,117.9,0.5229,15412.86,80497.83,65296.77,17844.25,6423.93,13.7,0.404
FY2025-09,2025,Oct,9,Q3,4,ECOM,Ecommerce,Boys,Sets,Current Plan,31792.1,501,63.44,4257.12,127.17,0.5061,16089.82,65296.77,94283.31,65162.92,23458.65,8.2,0.398
FY2025-10,2025,Nov,10,Q4,4,ECOM,Ecommerce,Boys,Sets,Current Plan,44575.19,703,63.44,5930.48,178.3,0.507,22597.64,94283.31,129339.52,85740.19,30866.47,8.5,0.399
FY2025-11,2025,Dec,11,Q4,5,ECOM,Ecommerce,Boys,Sets,Current Plan,48978.18,772,63.44,6173.33,195.91,0.514,25172.7,129339.52,108621.15,34629.05,12466.46,13.2,0.412
FY2025-12,2025,Jan,12,Q4,4,ECOM,Ecommerce,Boys,Sets,Current Plan,20116.18,317,63.44,2567.07,80.46,0.5124,10307.29,108621.15,85857.44,0.0,0.0,21.6,0.207
FY2026-01,2026,Feb,1,Q1,4,ECOM,Ecommerce,Boys,Sets,Current Plan,25794.48,407,63.44,3776.65,103.18,0.4936,12731.81,85857.44,75920.26,19737.13,7105.37,13.3,0.319
FY2026-02,2026,Mar,2,Q1,5,ECOM,Ecommerce,Boys,Sets,Current Plan,36320.3,573,63.44,4380.95,145.28,0.5194,18864.04,75920.26,85843.8,50770.06,18277.22,10.5,0.449
FY2026-03,2026,Apr,3,Q1,4,ECOM,Ecommerce,Boys,Sets,Current Plan,41460.98,654,63.44,6361.3,165.84,0.4866,20173.73,85843.8,124603.19,86747.51,31229.1,8.3,0.394
FY2026-04,2026,May,4,Q2,4,ECOM,Ecommerce,Boys,Sets,Current Plan,38561.24,608,63.44,5128.97,154.24,0.507,19550.23,124603.19,110748.22,29989.49,10796.22,12.9,0.328
FY2026-05,2026,Jun,5,Q2,5,ECOM,Ecommerce,Boys,Sets,Current Plan,34428.75,543,63.44,5247.87,137.71,0.4876,16786.53,110748.22,78246.12,7312.23,2632.4,16.1,0.364
FY2026-06,2026,Jul,6,Q2,4,ECOM,Ecommerce,Boys,Sets,Current Plan,29711.76,468,63.44,4460.03,118.85,0.4899,14555.5,78246.12,85470.12,41514.63,14945.27,10.5,0.363
FY2026-07,2026,Aug,7,Q3,4,ECOM,Ecommerce,Boys,Sets,Current Plan,31677.04,499,63.44,4889.65,126.71,0.4856,15383.66,85470.12,89878.79,41102.06,14796.74,10.8,0.361
FY2026-08,2026,Sep,8,Q3,5,ECOM,Ecommerce,Boys,Sets,Current Plan,33419.6,527,63.44,5141.16,133.68,0.4862,16247.38,89878.79,80692.33,29507.99,10622.88,13.4,0.392
FY2026-09,2026,Oct,9,Q3,4,ECOM,Ecommerce,Boys,Sets,Current Plan,35489.22,559,63.44,4285.4,141.96,0.5192,18427.7,80692.33,102939.72,62163.97,22379.03,9.1,0.387
FY2026-10,2026,Nov,10,Q4,4,ECOM,Ecommerce,Boys,Sets,Current Plan,51368.57,810,63.44,6643.62,205.47,0.5107,26232.26,102939.72,151879.63,107157.57,38576.72,8.0,0.403
FY2026-11,2026,Dec,11,Q4,5,ECOM,Ecommerce,Boys,Sets,Current Plan,54183.63,854,63.44,6828.72,216.73,0.514,27848.8,151879.63,126656.74,36006.2,12962.23,14.0,0.389
FY2026-12,2026,Jan,12,Q4,4,ECOM,Ecommerce,Boys,Sets,Current Plan,21774.96,343,63.44,2729.2,87.1,0.5147,11206.78,126656.74,102065.49,0.0,0.0,23.3,0.19
FY2024-01,2024,Feb,1,Q1,4,STORE,Retail Stores,Boys,Sets,Original Plan,9056.92,143,63.44,1022.12,81.51,0.5271,4774.31,24939.88,24945.83,10166.51,3659.94,11.0,0.363
FY2024-02,2024,Mar,2,Q1,5,STORE,Retail Stores,Boys,Sets,Original Plan,12973.43,204,63.44,1258.9,116.76,0.543,7044.09,24945.83,31404.17,20807.44,7490.68,9.6,0.46
FY2024-03,2024,Apr,3,Q1,4,STORE,Retail Stores,Boys,Sets,Original Plan,14442.12,228,63.44,1681.63,129.98,0.5236,7561.32,31404.17,40551.95,25401.51,9144.54,8.7,0.401
FY2024-04,2024,May,4,Q2,4,STORE,Retail Stores,Boys,Sets,Original Plan,13340.6,210,63.44,1193.75,120.07,0.5505,7344.24,40551.95,40447.88,14550.34,5238.12,12.2,0.329
FY2024-05,2024,Jun,5,Q2,5,STORE,Retail Stores,Boys,Sets,Original Plan,12116.69,191,63.44,1415.34,109.05,0.5232,6339.34,40447.88,29319.95,2513.16,904.74,16.7,0.347
FY2024-06,2024,Jul,6,Q2,4,STORE,Retail Stores,Boys,Sets,Original Plan,10280.83,162,63.44,1026.55,92.53,0.5401,5553.18,29319.95,27830.27,9910.22,3567.68,11.4,0.36
FY2024-07,2024,Aug,7,Q3,4,STORE,Retail Stores,Boys,Sets,Original Plan,10770.39,170,63.44,1261.11,96.93,0.5229,5631.94,27830.27,31563.7,15861.87,5710.27,10.3,0.363
FY2024-08,2024,Sep,8,Q3,5,STORE,Retail Stores,Boys,Sets,Original Plan,11627.13,183,63.44,1321.99,104.64,0.5263,6119.37,31563.7,25978.51,7468.57,2688.69,13.6,0.404
FY2024-09,2024,Oct,9,Q3,4,STORE,Retail Stores,Boys,Sets,Original Plan,12239.08,193,63.44,1243.74,110.15,0.5384,6589.27,25978.51,34165.75,21780.21,7840.88,8.5,0.407
FY2024-10,2024,Nov,10,Q4,4,STORE,Retail Stores,Boys,Sets,Original Plan,17624.28,278,63.44,1758.01,158.62,0.5403,9521.52,34165.75,48041.7,33416.86,12030.07,7.8,0.429
FY2024-11,2024,Dec,11,Q4,5,STORE,Retail Stores,Boys,Sets,Original Plan,19092.97,301,63.44,1982.98,171.84,0.5361,10236.52,48041.7,41950.53,15156.61,5456.38,12.6,0.424
FY2024-12,2024,Jan,12,Q4,4,STORE,Retail Stores,Boys,Sets,Original Plan,7710.62,122,63.44,772.67,69.4,0.5398,4162.12,41950.53,33397.83,0.0,0.0,21.8,0.205
FY2025-01,2025,Feb,1,Q1,4,STORE,Retail Stores,Boys,Sets,Original Plan,10324.89,163,63.44,1071.13,92.92,0.5363,5536.8,33397.83,29147.14,7238.26,2605.77,12.9,0.33
FY2025-02,2025,Mar,2,Q1,5,STORE,Retail Stores,Boys,Sets,Original Plan,14789.71,233,63.44,1581.97,133.11,0.533,7883.44,29147.14,35444.34,22801.99,8208.72,9.9,0.458
FY2025-03,2025,Apr,3,Q1,4,STORE,Retail Stores,Boys,Sets,Original Plan,16464.02,260,63.44,1621.96,148.18,0.5415,8915.01,35444.34,48133.25,30923.05,11132.3,8.6,0.394
FY2025-04,2025,May,4,Q2,4,STORE,Retail Stores,Boys,Sets,Original Plan,15208.29,240,63.44,1793.72,136.87,0.5221,7939.58,48133.25,44219.88,13225.52,4761.19,12.7,0.329
FY2025-05,2025,Jun,5,Q2,5,STORE,Retail Stores,Boys,Sets,Original Plan,13813.03,218,63.44,1336.12,124.32,0.5433,7504.22,44219.88,30686.45,1740.03,626.41,16.0,0.369
FY2025-06,2025,Jul,6,Q2,4,STORE,Retail Stores,Boys,Sets,Original Plan,11720.15,185,63.44,1265.18,105.48,0.5321,6235.71,30686.45,34394.34,16798.7,6047.53,10.5,0.36
FY2025-07,2025,Aug,7,Q3,4,STORE,Retail Stores,Boys,Sets,Original Plan,12278.25,194,63.44,1144.83,110.5,0.5468,6713.25,34394.34,37090.87,16230.11,5842.84,11.2,0.344
FY2025-08,2025,Sep,8,Q3,5,STORE,Retail Stores,Boys,Sets,Original Plan,13254.93,209,63.44,1473.06,119.29,0.5289,7010.09,37090.87,29468.47,7224.88,2600.96,14.0,0.398
FY2025-09,2025,Oct,9,Q3,4,STORE,Retail Stores,Boys,Sets,Original Plan,13952.56,220,63.44,1281.34,125.57,0.5482,7648.29,29468.47,41599.15,27490.16,9896.46,8.4,0.393
FY2025-10,2025,Nov,10,Q4,4,STORE,Retail Stores,Boys,Sets,Original Plan,20091.68,317,63.44,2292.77,180.83,0.5259,10565.9,41599.15,56365.49,37331.61,13439.38,8.3,0.41
FY2025-11,2025,Dec,11,Q4,5,STORE,Retail Stores,Boys,Sets,Original Plan,21765.99,343,63.44,2285.5,195.89,0.535,11644.73,56365.49,48657.49,16539.39,5954.18,12.9,0.414
FY2025-12,2025,Jan,12,Q4,4,STORE,Retail Stores,Boys,Sets,Original Plan,8790.11,139,63.44,1045.2,79.11,0.5211,4580.48,48657.49,38743.07,0.0,0.0,22.1,0.201
FY2026-01,2026,Feb,1,Q1,4,STORE,Retail Stores,Boys,Sets,Original Plan,12183.37,192,63.44,1105.36,109.65,0.5493,6692.0,38743.07,35486.1,10141.41,3650.91,12.7,0.328
FY2026-02,2026,Mar,2,Q1,5,STORE,Retail Stores,Boys,Sets,Original Plan,17451.86,275,63.44,1954.05,157.07,0.528,9215.14,35486.1,42378.2,26455.07,9523.83,10.2,0.448
FY2026-03,2026,Apr,3,Q1,4,STORE,Retail Stores,Boys,Sets,Original Plan,19427.54,306,63.44,2051.67,174.85,0.5344,10381.96,42378.2,56253.76,35529.61,12790.66,8.7,0.394
FY2026-04,2026,May,4,Q2,4,STORE,Retail Stores,Boys,Sets,Original Plan,17945.78,283,63.44,1647.02,161.51,0.5482,9838.28,56253.76,51685.52,15186.06,5466.98,12.5,0.333
FY2026-05,2026,Jun,5,Q2,5,STORE,Retail Stores,Boys,Sets,Original Plan,16299.38,257,63.44,1678.05,146.69,0.537,8753.55,51685.52,37769.71,4208.31,1514.99,15.9,0.364
FY2026-06,2026,Jul,6,Q2,4,STORE,Retail Stores,Boys,Sets,Original Plan,13829.77,218,63.44,1503.86,124.47,0.5313,7347.19,37769.71,37625.34,15313.73,5512.94,10.9,0.367
FY2026-07,2026,Aug,7,Q3,4,STORE,Retail Stores,Boys,Sets,Original Plan,14488.33,228,63.44,1343.69,130.4,0.5473,7928.85,37625.34,39351.97,17689.04,6368.06,10.4,0.376
FY2026-08,2026,Sep,8,Q3,5,STORE,Retail Stores,Boys,Sets,Original Plan,15640.81,247,63.44,1432.37,140.77,0.5484,8577.75,39351.97,35894.54,13756.53,4952.35,12.6,0.416
FY2026-09,2026,Oct,9,Q3,4,STORE,Retail Stores,Boys,Sets,Original Plan,16464.02,260,63.44,1717.23,148.18,0.5357,8819.74,35894.54,48129.5,30564.38,11003.18,8.7,0.392
FY2026-10,2026,Nov,10,Q4,4,STORE,Retail Stores,Boys,Sets,Original Plan,23708.18,374,63.44,2523.18,213.37,0.5336,12650.06,48129.5,69722.45,48037.68,17293.56,8.1,0.402
FY2026-11,2026,Dec,11,Q4,5,STORE,Retail Stores,Boys,Sets,Original Plan,25683.86,405,63.44,2474.54,231.15,0.5437,13963.13,69722.45,59156.49,17823.6,6416.5,13.6,0.399
FY2026-12,2026,Jan,12,Q4,4,STORE,Retail Stores,Boys,Sets,Original Plan,10372.33,163,63.44,1017.25,93.35,0.5419,5621.04,59156.49,47673.57,0.0,0.0,22.8,0.194
FY2024-01,2024,Feb,1,Q1,4,STORE,Retail Stores,Boys,Sets,Current Plan,9301.35,147,63.44,1040.52,83.71,0.5281,4912.34,26443.57,26240.35,10222.37,3680.05,11.4,0.353
FY2024-02,2024,Mar,2,Q1,5,STORE,Retail Stores,Boys,Sets,Current Plan,13131.18,207,63.44,1468.25,118.18,0.5282,6935.7,26240.35,29266.73,17743.99,6387.84,10.0,0.473
FY2024-03,2024,Apr,3,Q1,4,STORE,Retail Stores,Boys,Sets,Current Plan,14168.22,223,63.44,1430.71,127.51,0.539,7636.95,29266.73,39085.12,25544.83,9196.14,8.3,0.415
FY2024-04,2024,May,4,Q2,4,STORE,Retail Stores,Boys,Sets,Current Plan,13635.9,215,63.44,1503.33,122.72,0.5298,7223.65,39085.12,40155.14,16331.97,5879.51,11.5,0.344
FY2024-05,2024,Jun,5,Q2,5,STORE,Retail Stores,Boys,Sets,Current Plan,12549.71,198,63.44,1281.52,112.95,0.5379,6750.3,40155.14,30498.7,4287.73,1543.58,16.0,0.355
FY2024-06,2024,Jul,6,Q2,4,STORE,Retail Stores,Boys,Sets,Current Plan,10209.76,161,63.44,1152.61,91.89,0.5271,5381.64,30498.7,28562.2,9517.77,3426.4,11.9,0.346
FY2024-07,2024,Aug,7,Q3,4,STORE,Retail Stores,Boys,Sets,Current Plan,11026.34,174,63.44,1113.05,99.24,0.5391,5943.81,28562.2,33212.52,16888.95,6080.02,10.4,0.357
FY2024-08,2024,Sep,8,Q3,5,STORE,Retail Stores,Boys,Sets,Current Plan,11889.85,187,63.44,1378.63,107.01,0.5241,6230.88,33212.52,28085.92,8248.89,2969.6,14.0,0.388
FY2024-09,2024,Oct,9,Q3,4,STORE,Retail Stores,Boys,Sets,Current Plan,12262.29,193,63.44,1373.88,110.36,0.528,6473.98,28085.92,35496.18,21156.79,7616.44,9.2,0.386
FY2024-10,2024,Nov,10,Q4,4,STORE,Retail Stores,Boys,Sets,Current Plan,18400.01,290,63.44,1740.64,165.6,0.5454,10035.37,35496.18,56056.88,40866.94,14712.1,7.7,0.402
FY2024-11,2024,Dec,11,Q4,5,STORE,Retail Stores,Boys,Sets,Current Plan,19041.97,300,63.44,1799.01,171.38,0.5455,10387.85,56056.88,43721.74,8677.22,3123.8,14.7,0.382
FY2024-12,2024,Jan,12,Q4,4,STORE,Retail Stores,Boys,Sets,Current Plan,7992.96,126,63.44,851.03,71.94,0.5335,4264.46,43721.74,34805.81,0.0,0.0,21.9,0.204
FY2025-01,2025,Feb,1,Q1,4,STORE,Retail Stores,Boys,Sets,Current Plan,10492.77,165,63.44,1017.51,94.43,0.543,5697.86,34805.81,30203.68,7002.59,2520.93,13.3,0.323
FY2025-02,2025,Mar,2,Q1,5,STORE,Retail Stores,Boys,Sets,Current Plan,14414.16,227,63.44,1312.56,129.73,0.5489,7912.5,30203.68,31375.61,17028.38,6130.22,10.5,0.468
FY2025-03,2025,Apr,3,Q1,4,STORE,Retail Stores,Boys,Sets,Current Plan,16852.93,266,63.44,1661.74,151.68,0.5414,9124.13,31375.61,50757.1,38047.83,13697.22,7.4,0.41
FY2025-04,2025,May,4,Q2,4,STORE,Retail Stores,Boys,Sets,Current Plan,15490.29,244,63.44,1450.58,139.41,0.5464,8463.2,50757.1,46896.06,13219.25,4758.93,13.1,0.317
FY2025-05,2025,Jun,5,Q2,5,STORE,Retail Stores,Boys,Sets,Current Plan,13279.33,209,63.44,1425.04,119.51,0.5327,7073.73,46896.06,32072.18,0.0,0.0,17.7,0.336
FY2025-06,2025,Jul,6,Q2,4,STORE,Retail Stores,Boys,Sets,Current Plan,11777.87,186,63.44,1123.83,106.0,0.5446,6414.01,32072.18,32366.86,13302.38,4788.86,10.9,0.366
FY2025-07,2025,Aug,7,Q3,4,STORE,Retail Stores,Boys,Sets,Current Plan,12437.93,196,63.44,1260.01,111.94,0.5387,6700.26,32366.86,33733.0,15176.02,5463.37,10.4,0.376
FY2025-08,2025,Sep,8,Q3,5,STORE,Retail Stores,Boys,Sets,Current Plan,13520.87,213,63.44,1352.73,121.69,0.54,7300.63,33733.0,32143.53,13405.82,4826.09,12.5,0.41
FY2025-09,2025,Oct,9,Q3,4,STORE,Retail Stores,Boys,Sets,Current Plan,14167.65,223,63.44,1502.24,127.51,0.534,7565.05,32143.53,38653.09,22306.96,8030.5,9.1,0.4
FY2025-10,2025,Nov,10,Q4,4,STORE,Retail Stores,Boys,Sets,Current Plan,20527.89,324,63.44,2461.69,184.75,0.5201,10676.16,38653.09,60721.3,45242.54,16287.31,7.5,0.413
FY2025-11,2025,Dec,11,Q4,5,STORE,Retail Stores,Boys,Sets,Current Plan,22102.66,348,63.44,2620.25,198.92,0.5215,11525.45,60721.3,50686.42,14886.95,5359.3,13.7,0.397
FY2025-12,2025,Jan,12,Q4,4,STORE,Retail Stores,Boys,Sets,Current Plan,8844.1,139,63.44,979.12,79.6,0.5293,4681.1,50686.42,40783.61,0.0,0.0,22.9,0.193
FY2026-01,2026,Feb,1,Q1,4,STORE,Retail Stores,Boys,Sets,Current Plan,11715.4,185,63.44,1390.32,105.44,0.5213,6107.53,40783.61,34419.87,6847.41,2465.07,13.9,0.312
FY2026-02,2026,Mar,2,Q1,5,STORE,Retail Stores,Boys,Sets,Current Plan,16897.17,266,63.44,1940.11,152.07,0.5252,8874.08,34419.87,38151.63,22721.12,8179.6,10.2,0.466
FY2026-03,2026,Apr,3,Q1,4,STORE,Retail Stores,Boys,Sets,Current Plan,19352.81,305,63.44,2024.1,174.18,0.5354,10361.69,38151.63,56958.62,40358.07,14528.91,7.9,0.407
FY2026-04,2026,May,4,Q2,4,STORE,Retail Stores,Boys,Sets,Current Plan,17364.6,274,63.44,1822.66,156.28,0.535,9290.69,56958.62,52440.92,14825.84,5337.3,13.1,0.317
FY2026-05,2026,Jun,5,Q2,5,STORE,Retail Stores,Boys,Sets,Current Plan,15861.32,250,63.44,1589.71,142.75,0.5398,8561.54,52440.92,36870.23,2023.1,728.31,16.5,0.355
FY2026-06,2026,Jul,6,Q2,4,STORE,Retail Stores,Boys,Sets,Current Plan,13474.9,212,63.44,1253.91,121.27,0.5469,7370.03,36870.23,37744.02,15723.88,5660.6,10.9,0.361
FY2026-07,2026,Aug,7,Q3,4,STORE,Retail Stores,Boys,Sets,Current Plan,14059.57,222,63.44,1645.02,126.54,0.523,7353.1,37744.02,40571.72,18658.82,6717.17,10.7,0.359
FY2026-08,2026,Sep,8,Q3,5,STORE,Retail Stores,Boys,Sets,Current Plan,15264.16,241,63.44,1553.46,137.38,0.5382,8215.6,40571.72,34662.4,11045.68,3976.44,13.3,0.406
FY2026-09,2026,Oct,9,Q3,4,STORE,Retail Stores,Boys,Sets,Current Plan,16108.01,254,63.44,1752.12,144.97,0.5312,8557.01,34662.4,47885.0,31227.69,11241.97,8.6,0.39
FY2026-10,2026,Nov,10,Q4,4,STORE,Retail Stores,Boys,Sets,Current Plan,23068.83,364,63.44,2715.69,207.62,0.5223,12048.36,47885.0,67262.48,45369.61,16333.06,8.3,0.401
FY2026-11,2026,Dec,11,Q4,5,STORE,Retail Stores,Boys,Sets,Current Plan,25262.21,398,63.44,2812.76,227.36,0.5287,13355.05,67262.48,56771.13,17810.99,6411.96,13.3,0.407
FY2026-12,2026,Jan,12,Q4,4,STORE,Retail Stores,Boys,Sets,Current Plan,9761.9,154,63.44,1049.14,87.86,0.5325,5198.48,56771.13,45872.24,0.0,0.0,23.3,0.19
FY2024-01,2024,Feb,1,Q1,4,WHSL,Wholesale,Boys,Sets,Original Plan,15631.76,322,48.59,273.05,15.63,0.4625,7230.2,16193.06,15820.07,15547.44,8084.67,4.1,0.977
FY2024-02,2024,Mar,2,Q1,5,WHSL,Wholesale,Boys,Sets,Original Plan,13110.51,270,48.59,254.3,13.11,0.4606,6038.74,15820.07,10081.96,7639.81,3972.7,6.0,1.012
FY2024-03,2024,Apr,3,Q1,4,WHSL,Wholesale,Boys,Sets,Original Plan,6252.7,129,48.59,133.9,6.25,0.4586,2867.4,10081.96,6558.76,2869.65,1492.22,6.4,0.751
FY2024-04,2024,May,4,Q2,4,WHSL,Wholesale,Boys,Sets,Original Plan,5546.75,114,48.59,106.3,5.55,0.4608,2556.14,6558.76,5602.5,4702.33,2445.21,4.7,0.912
FY2024-05,2024,Jun,5,Q2,5,WHSL,Wholesale,Boys,Sets,Original Plan,13614.76,280,48.59,238.28,13.61,0.4625,6296.8,5602.5,11282.91,19547.06,10164.47,2.1,1.613
FY2024-06,2024,Jul,6,Q2,4,WHSL,Wholesale,Boys,Sets,Original Plan,14320.71,295,48.59,324.29,14.32,0.4574,6549.65,11282.91,14282.74,17659.15,9182.76,3.2,1.12
FY2024-07,2024,Aug,7,Q3,4,WHSL,Wholesale,Boys,Sets,Original Plan,7059.5,145,48.59,138.25,7.06,0.4604,3250.31,14282.74,7077.93,0.0,0.0,8.1,0.661
FY2024-08,2024,Sep,8,Q3,5,WHSL,Wholesale,Boys,Sets,Original Plan,10589.26,218,48.59,229.02,10.59,0.4584,4853.82,7077.93,8107.97,11858.91,6166.63,3.3,1.395
FY2024-09,2024,Oct,9,Q3,4,WHSL,Wholesale,Boys,Sets,Original Plan,13917.31,286,48.59,287.13,13.92,0.4594,6393.17,8107.97,13111.32,19221.71,9995.29,2.3,1.312
FY2024-10,2024,Nov,10,Q4,4,WHSL,Wholesale,Boys,Sets,Original Plan,8572.25,176,48.59,157.87,8.57,0.4616,3956.81,13111.32,8887.71,4515.09,2347.85,6.1,0.779
FY2024-11,2024,Dec,11,Q4,5,WHSL,Wholesale,Boys,Sets,Original Plan,6051.0,125,48.59,104.42,6.05,0.4627,2800.06,8887.71,4646.64,1920.41,998.61,7.3,0.894
FY2024-12,2024,Jan,12,Q4,4,WHSL,Wholesale,Boys,Sets,Original Plan,6353.55,131,48.59,139.71,6.35,0.458,2910.0,4646.64,6460.87,8313.84,4323.2,2.9,1.144
FY2025-01,2025,Feb,1,Q1,4,WHSL,Wholesale,Boys,Sets,Original Plan,17820.2,367,48.59,343.34,17.82,0.4607,8210.36,6460.87,17159.45,28879.94,15017.57,1.5,1.509
FY2025-02,2025,Mar,2,Q1,5,WHSL,Wholesale,Boys,Sets,Original Plan,14945.98,308,48.59,265.08,14.95,0.4623,6908.99,17159.45,11698.13,9764.68,5077.63,5.7,1.036
FY2025-03,2025,Apr,3,Q1,4,WHSL,Wholesale,Boys,Sets,Original Plan,7128.08,147,48.59,137.38,7.13,0.4607,3284.1,11698.13,7302.07,2876.53,1495.8,6.6,0.75
FY2025-04,2025,May,4,Q2,4,WHSL,Wholesale,Boys,Sets,Original Plan,6323.3,130,48.59,130.94,6.32,0.4593,2904.25,7302.07,6655.95,5814.44,3023.51,4.6,0.906
FY2025-05,2025,Jun,5,Q2,5,WHSL,Wholesale,Boys,Sets,Original Plan,15520.82,319,48.59,282.49,15.52,0.4618,7167.5,6655.95,12251.51,21414.4,11135.49,2.1,1.642
FY2025-06,2025,Jul,6,Q2,4,WHSL,Wholesale,Boys,Sets,Original Plan,16325.61,336,48.59,358.12,16.33,0.4581,7478.17,12251.51,16637.05,21085.59,10964.51,3.0,1.13
FY2025-07,2025,Aug,7,Q3,4,WHSL,Wholesale,Boys,Sets,Original Plan,8047.83,166,48.59,170.15,8.05,0.4589,3692.81,16637.05,8411.02,0.0,0.0,8.3,0.643
FY2025-08,2025,Sep,8,Q3,5,WHSL,Wholesale,Boys,Sets,Original Plan,12071.75,248,48.59,231.74,12.07,0.4608,5562.7,8411.02,10150.26,14054.81,7308.5,3.5,1.301
FY2025-09,2025,Oct,9,Q3,4,WHSL,Wholesale,Boys,Sets,Original Plan,15865.73,327,48.59,356.79,15.87,0.4575,7258.76,10150.26,15389.92,21478.04,11168.58,2.6,1.242
FY2025-10,2025,Nov,10,Q4,4,WHSL,Wholesale,Boys,Sets,Original Plan,9772.37,201,48.59,208.0,9.77,0.4587,4482.73,15389.92,9258.89,3859.12,2006.74,6.3,0.793
FY2025-11,2025,Dec,11,Q4,5,WHSL,Wholesale,Boys,Sets,Original Plan,6898.14,142,48.59,142.85,6.9,0.4593,3168.26,9258.89,5290.74,3079.74,1601.46,6.7,0.948
FY2025-12,2025,Jan,12,Q4,4,WHSL,Wholesale,Boys,Sets,Original Plan,7243.05,149,48.59,157.62,7.24,0.4582,3319.05,5290.74,7030.1,9147.27,4756.58,2.9,1.176
FY2026-01,2026,Feb,1,Q1,4,WHSL,Wholesale,Boys,Sets,Original Plan,21027.84,433,48.59,479.18,21.03,0.4572,9614.18,7030.1,20070.47,34568.42,17975.58,1.3,1.552
FY2026-02,2026,Mar,2,Q1,5,WHSL,Wholesale,Boys,Sets,Original Plan,17636.25,363,48.59,402.51,17.64,0.4572,8062.9,20070.47,13836.18,11822.1,6147.49,5.7,1.04
FY2026-03,2026,Apr,3,Q1,4,WHSL,Wholesale,Boys,Sets,Original Plan,8411.14,173,48.59,161.91,8.41,0.4608,3875.43,13836.18,8589.8,3335.08,1734.24,6.6,0.75
FY2026-04,2026,May,4,Q2,4,WHSL,Wholesale,Boys,Sets,Original Plan,7461.49,154,48.59,164.05,7.46,0.458,3417.47,8589.8,7473.66,6516.87,3388.77,4.6,0.929
FY2026-05,2026,Jun,5,Q2,5,WHSL,Wholesale,Boys,Sets,Original Plan,18314.57,377,48.59,420.3,18.31,0.4571,8370.7,7473.66,15471.16,26750.68,13910.35,2.0,1.596
FY2026-06,2026,Jul,6,Q2,4,WHSL,Wholesale,Boys,Sets,Original Plan,19264.21,396,48.59,376.64,19.26,0.4604,8870.18,15471.16,19459.41,23648.38,12297.16,3.2,1.103
FY2026-07,2026,Aug,7,Q3,4,WHSL,Wholesale,Boys,Sets,Original Plan,9496.44,195,48.59,171.18,9.5,0.462,4387.12,19459.41,9782.3,0.0,0.0,8.2,0.65
FY2026-08,2026,Sep,8,Q3,5,WHSL,Wholesale,Boys,Sets,Original Plan,14244.67,293,48.59,314.21,14.24,0.4579,6523.23,9782.3,11838.98,16629.81,8647.5,3.4,1.318
FY2026-09,2026,Oct,9,Q3,4,WHSL,Wholesale,Boys,Sets,Original Plan,18721.56,385,48.59,363.55,18.72,0.4606,8622.8,11838.98,18815.76,26080.61,13561.92,2.5,1.221
FY2026-10,2026,Nov,10,Q4,4,WHSL,Wholesale,Boys,Sets,Original Plan,11531.4,237,48.59,206.14,11.53,0.4621,5328.93,18815.76,11965.05,4898.36,2547.15,6.5,0.749
FY2026-11,2026,Dec,11,Q4,5,WHSL,Wholesale,Boys,Sets,Original Plan,8139.81,168,48.59,149.65,8.14,0.4616,3757.46,11965.05,6376.82,2709.37,1408.87,7.3,0.888
FY2026-12,2026,Jan,12,Q4,4,WHSL,Wholesale,Boys,Sets,Original Plan,8546.8,176,48.59,162.89,8.55,0.4609,3939.58,6376.82,8354.1,10695.52,5561.67,3.0,1.16
FY2024-01,2024,Feb,1,Q1,4,WHSL,Wholesale,Boys,Sets,Current Plan,15847.05,326,48.59,326.15,15.85,0.4594,7280.43,15021.84,15404.85,16572.06,8617.47,3.8,1.042
FY2024-02,2024,Mar,2,Q1,5,WHSL,Wholesale,Boys,Sets,Current Plan,13138.05,270,48.59,289.77,13.14,0.4579,6016.49,15404.85,11120.4,9156.52,4761.39,5.9,0.991
FY2024-03,2024,Apr,3,Q1,4,WHSL,Wholesale,Boys,Sets,Current Plan,6292.01,129,48.59,125.41,6.29,0.4601,2894.75,11120.4,5986.67,1289.98,670.79,7.1,0.736
FY2024-04,2024,May,4,Q2,4,WHSL,Wholesale,Boys,Sets,Current Plan,5786.06,119,48.59,131.12,5.79,0.4573,2646.19,5986.67,5849.86,5786.15,3008.8,4.1,0.978
FY2024-05,2024,Jun,5,Q2,5,WHSL,Wholesale,Boys,Sets,Current Plan,13519.01,278,48.59,235.61,13.52,0.4626,6253.52,5849.86,10977.78,18896.07,9825.95,2.2,1.607
FY2024-06,2024,Jul,6,Q2,4,WHSL,Wholesale,Boys,Sets,Current Plan,14465.34,298,48.59,283.86,14.47,0.4604,6659.5,10977.78,14561.37,18347.26,9540.57,3.0,1.133
FY2024-07,2024,Aug,7,Q3,4,WHSL,Wholesale,Boys,Sets,Current Plan,7107.3,146,48.59,130.51,7.11,0.4616,3280.99,14561.37,7399.51,83.04,43.18,8.2,0.647
FY2024-08,2024,Sep,8,Q3,5,WHSL,Wholesale,Boys,Sets,Current Plan,10631.41,219,48.59,193.78,10.63,0.4618,4909.3,7399.51,8575.55,12011.87,6246.17,3.5,1.331
FY2024-09,2024,Oct,9,Q3,4,WHSL,Wholesale,Boys,Sets,Current Plan,14060.73,289,48.59,279.25,14.06,0.4601,6469.9,8575.55,14675.45,20453.95,10636.05,2.4,1.209
FY2024-10,2024,Nov,10,Q4,4,WHSL,Wholesale,Boys,Sets,Current Plan,8667.81,178,48.59,155.69,8.67,0.462,4004.86,14675.45,8941.52,3098.24,1611.08,6.8,0.734
FY2024-11,2024,Dec,11,Q4,5,WHSL,Wholesale,Boys,Sets,Current Plan,6032.68,124,48.59,133.5,6.03,0.4579,2762.19,8941.52,4740.63,1971.31,1025.08,7.4,0.882
FY2024-12,2024,Jan,12,Q4,4,WHSL,Wholesale,Boys,Sets,Current Plan,6266.83,129,48.59,128.98,6.27,0.4594,2879.1,4740.63,6503.53,8164.98,4245.79,3.0,1.115
FY2025-01,2025,Feb,1,Q1,4,WHSL,Wholesale,Boys,Sets,Current Plan,17905.98,368,48.59,365.5,17.91,0.4596,8229.37,6503.53,18440.58,30226.43,15717.74,1.5,1.436
FY2025-02,2025,Mar,2,Q1,5,WHSL,Wholesale,Boys,Sets,Current Plan,15363.17,316,48.59,313.63,15.36,0.4596,7060.69,18440.58,12045.58,9297.16,4834.52,6.0,1.008
FY2025-03,2025,Apr,3,Q1,4,WHSL,Wholesale,Boys,Sets,Current Plan,7145.26,147,48.59,130.1,7.15,0.4618,3299.62,12045.58,7088.88,2325.81,1209.42,6.7,0.747
FY2025-04,2025,May,4,Q2,4,WHSL,Wholesale,Boys,Sets,Current Plan,6542.37,135,48.59,127.71,6.54,0.4605,3012.62,7088.88,6804.97,6392.71,3324.21,4.3,0.942
FY2025-05,2025,Jun,5,Q2,5,WHSL,Wholesale,Boys,Sets,Current Plan,15465.99,318,48.59,290.02,15.47,0.4612,7133.66,6804.97,12245.12,21211.62,11030.04,2.2,1.624
FY2025-06,2025,Jul,6,Q2,4,WHSL,Wholesale,Boys,Sets,Current Plan,16440.87,338,48.59,299.4,16.44,0.4618,7592.21,12245.12,16142.78,20654.38,10740.28,3.0,1.158
FY2025-07,2025,Aug,7,Q3,4,WHSL,Wholesale,Boys,Sets,Current Plan,8302.7,171,48.59,160.02,8.3,0.4607,3825.27,16142.78,7846.58,174.83,90.91,7.8,0.692
FY2025-08,2025,Sep,8,Q3,5,WHSL,Wholesale,Boys,Sets,Current Plan,12331.06,254,48.59,237.11,12.33,0.4608,5681.8,7846.58,10337.86,15071.78,7837.32,3.2,1.356
FY2025-09,2025,Oct,9,Q3,4,WHSL,Wholesale,Boys,Sets,Current Plan,15877.58,327,48.59,354.47,15.88,0.4577,7266.77,10337.86,16212.12,22122.19,11503.54,2.6,1.196
FY2025-10,2025,Nov,10,Q4,4,WHSL,Wholesale,Boys,Sets,Current Plan,9872.22,203,48.59,183.38,9.87,0.4614,4555.28,16212.12,9531.36,3384.72,1760.06,6.6,0.767
FY2025-11,2025,Dec,11,Q4,5,WHSL,Wholesale,Boys,Sets,Current Plan,7054.72,145,48.59,156.28,7.05,0.4578,3229.99,9531.36,5675.57,3362.25,1748.37,6.8,0.928
FY2025-12,2025,Jan,12,Q4,4,WHSL,Wholesale,Boys,Sets,Current Plan,7257.01,149,48.59,159.25,7.26,0.4581,3324.11,5675.57,6944.98,8692.93,4520.32,3.1,1.15
FY2026-01,2026,Feb,1,Q1,4,WHSL,Wholesale,Boys,Sets,Current Plan,19913.62,410,48.59,434.97,19.91,0.4582,9123.57,6944.98,20750.41,34173.92,17770.44,1.4,1.438
FY2026-02,2026,Mar,2,Q1,5,WHSL,Wholesale,Boys,Sets,Current Plan,17118.52,352,48.59,393.57,17.12,0.457,7823.32,20750.41,13740.7,10519.51,5470.14,6.1,0.993
FY2026-03,2026,Apr,3,Q1,4,WHSL,Wholesale,Boys,Sets,Current Plan,8176.14,168,48.59,141.15,8.18,0.4627,3783.39,13740.7,7902.37,2487.14,1293.31,6.7,0.756
FY2026-04,2026,May,4,Q2,4,WHSL,Wholesale,Boys,Sets,Current Plan,7391.21,152,48.59,145.14,7.39,0.4604,3402.64,7902.37,7169.54,6810.92,3541.68,4.3,0.981
FY2026-05,2026,Jun,5,Q2,5,WHSL,Wholesale,Boys,Sets,Current Plan,17564.42,361,48.59,370.45,17.56,0.4589,8060.47,7169.54,13525.64,24308.55,12640.45,2.0,1.697
FY2026-06,2026,Jul,6,Q2,4,WHSL,Wholesale,Boys,Sets,Current Plan,18725.17,385,48.59,354.16,18.73,0.4611,8633.92,13525.64,19270.93,24843.34,12918.54,2.9,1.142
FY2026-07,2026,Aug,7,Q3,4,WHSL,Wholesale,Boys,Sets,Current Plan,9209.38,190,48.59,188.51,9.21,0.4595,4232.0,19270.93,9863.83,0.0,0.0,8.4,0.632
FY2026-08,2026,Sep,8,Q3,5,WHSL,Wholesale,Boys,Sets,Current Plan,13877.16,286,48.59,240.01,13.88,0.4627,6421.02,9863.83,11503.62,15770.83,8200.83,3.6,1.299
FY2026-09,2026,Oct,9,Q3,4,WHSL,Wholesale,Boys,Sets,Current Plan,18189.63,374,48.59,342.04,18.19,0.4612,8388.98,11503.62,17937.8,24984.04,12991.7,2.5,1.236
FY2026-10,2026,Nov,10,Q4,4,WHSL,Wholesale,Boys,Sets,Current Plan,11078.49,228,48.59,220.55,11.08,0.4601,5097.13,17937.8,10639.95,4012.27,2086.38,6.5,0.775
FY2026-11,2026,Dec,11,Q4,5,WHSL,Wholesale,Boys,Sets,Current Plan,7780.75,160,48.59,157.2,7.78,0.4598,3577.56,10639.95,6265.27,3571.04,1856.94,6.8,0.921
FY2026-12,2026,Jan,12,Q4,4,WHSL,Wholesale,Boys,Sets,Current Plan,8329.79,171,48.59,148.88,8.33,0.4621,3849.42,6265.27,8396.8,10618.53,5521.64,3.0,1.136
FY2024-01,2024,Feb,1,Q1,4,ECOM,Ecommerce,Boys,Sleepwear,Original Plan,19925.23,379,52.63,2310.08,79.7,0.5241,10442.07,54728.75,55961.97,23548.23,8477.36,11.0,0.36
FY2024-02,2024,Mar,2,Q1,5,ECOM,Ecommerce,Boys,Sleepwear,Original Plan,28541.54,542,52.63,3554.34,114.17,0.5155,14712.25,55961.97,69009.1,45257.17,16292.58,9.8,0.457
FY2024-03,2024,Apr,3,Q1,4,ECOM,Ecommerce,Boys,Sleepwear,Original Plan,31772.66,604,52.63,4810.61,127.09,0.4886,15523.89,69009.1,95378.53,63079.79,22708.73,8.7,0.387
FY2024-04,2024,May,4,Q2,4,ECOM,Ecommerce,Boys,Sleepwear,Original Plan,29349.32,558,52.63,3405.63,117.4,0.524,15377.94,95378.53,86869.37,24363.2,8770.75,13.0,0.322
FY2024-05,2024,Jun,5,Q2,5,ECOM,Ecommerce,Boys,Sleepwear,Original Plan,26656.72,506,52.63,3931.77,106.63,0.4925,13128.54,86869.37,62456.3,6282.04,2261.53,16.3,0.357
FY2024-06,2024,Jul,6,Q2,4,ECOM,Ecommerce,Boys,Sleepwear,Original Plan,22617.83,430,52.63,3207.72,90.47,0.4982,11267.69,62456.3,61480.99,24940.7,8978.65,11.0,0.365
FY2024-07,2024,Aug,7,Q3,4,ECOM,Ecommerce,Boys,Sleepwear,Original Plan,23694.87,450,52.63,3254.36,94.78,0.5027,11910.36,61480.99,70334.59,35897.6,12923.14,10.4,0.36
FY2024-08,2024,Sep,8,Q3,5,ECOM,Ecommerce,Boys,Sleepwear,Original Plan,25579.68,486,52.63,3411.28,102.32,0.5066,12959.72,70334.59,55400.21,14158.91,5097.21,13.7,0.407
FY2024-09,2024,Oct,9,Q3,4,ECOM,Ecommerce,Boys,Sleepwear,Original Plan,26925.98,512,52.63,3769.23,107.7,0.5,13463.4,55400.21,79882.47,55285.17,19902.66,8.2,0.398
FY2024-10,2024,Nov,10,Q4,4,ECOM,Ecommerce,Boys,Sleepwear,Original Plan,38773.42,737,52.63,4680.12,155.09,0.5193,20134.87,79882.47,113964.6,77690.76,27968.67,8.2,0.4
FY2024-11,2024,Dec,11,Q4,5,ECOM,Ecommerce,Boys,Sleepwear,Original Plan,42004.53,798,52.63,6269.11,168.02,0.4908,20613.8,113964.6,100733.47,35210.53,12675.79,13.6,0.391
FY2024-12,2024,Jan,12,Q4,4,ECOM,Ecommerce,Boys,Sleepwear,Original Plan,16963.37,322,52.63,2142.03,67.85,0.5137,8714.52,100733.47,81560.21,0.0,0.0,23.8,0.186
FY2025-01,2025,Feb,1,Q1,4,ECOM,Ecommerce,Boys,Sleepwear,Original Plan,22714.76,432,52.63,3428.44,90.86,0.4891,11109.0,81560.21,68380.46,13054.31,4699.55,14.4,0.303
FY2025-02,2025,Mar,2,Q1,5,ECOM,Ecommerce,Boys,Sleepwear,Original Plan,32537.36,618,52.63,4942.94,130.15,0.4881,15880.97,68380.46,73466.08,42696.07,15370.58,10.5,0.459
FY2025-03,2025,Apr,3,Q1,4,ECOM,Ecommerce,Boys,Sleepwear,Original Plan,36220.83,688,52.63,4840.32,144.88,0.5064,18341.02,73466.08,103254.06,70994.01,25557.84,8.1,0.41
FY2025-04,2025,May,4,Q2,4,ECOM,Ecommerce,Boys,Sleepwear,Original Plan,33458.23,636,52.63,4369.53,133.83,0.5094,17043.73,103254.06,93673.94,28381.48,10217.33,12.3,0.34
FY2025-05,2025,Jun,5,Q2,5,ECOM,Ecommerce,Boys,Sleepwear,Original Plan,30388.67,577,52.63,3692.68,121.55,0.5185,15756.06,93673.94,68111.06,8640.03,3110.41,15.4,0.376
FY2025-06,2025,Jul,6,Q2,4,ECOM,Ecommerce,Boys,Sleepwear,Original Plan,25784.32,490,52.63,3823.67,103.14,0.4917,12678.3,68111.06,73251.28,34851.34,12546.48,10.6,0.365
FY2025-07,2025,Aug,7,Q3,4,ECOM,Ecommerce,Boys,Sleepwear,Original Plan,27012.15,513,52.63,3734.65,108.05,0.5017,13553.13,73251.28,78508.95,36112.52,13000.51,10.8,0.356
FY2025-08,2025,Sep,8,Q3,5,ECOM,Ecommerce,Boys,Sleepwear,Original Plan,29160.84,554,52.63,4017.51,116.64,0.5022,14645.43,78508.95,69557.48,24343.51,8763.66,13.5,0.394
FY2025-09,2025,Oct,9,Q3,4,ECOM,Ecommerce,Boys,Sleepwear,Original Plan,30695.62,583,52.63,4184.58,122.78,0.5037,15460.62,69557.48,83153.62,48599.13,17495.69,9.1,0.402
FY2025-10,2025,Nov,10,Q4,4,ECOM,Ecommerce,Boys,Sleepwear,Original Plan,44201.7,840,52.63,6720.77,176.81,0.488,21568.31,83153.62,132865.39,100811.04,36291.97,7.5,0.409
FY2025-11,2025,Dec,11,Q4,5,ECOM,Ecommerce,Boys,Sleepwear,Original Plan,47885.17,910,52.63,7113.36,191.54,0.4914,23533.15,132865.39,107273.18,29597.86,10655.23,13.9,0.399
FY2025-12,2025,Jan,12,Q4,4,ECOM,Ecommerce,Boys,Sleepwear,Original Plan,19338.24,367,52.63,2669.13,77.35,0.502,9707.34,107273.18,85188.45,0.0,0.0,22.2,0.201
FY2026-01,2026,Feb,1,Q1,4,ECOM,Ecommerce,Boys,Sleepwear,Original Plan,26803.42,509,52.63,3380.82,107.21,0.5139,13773.36,85188.45,81662.61,26765.62,9635.62,12.7,0.321
FY2026-02,2026,Mar,2,Q1,5,ECOM,Ecommerce,Boys,Sleepwear,Original Plan,38394.08,730,52.63,5618.28,153.58,0.4937,18953.93,81662.61,85966.46,48469.79,17449.12,10.6,0.458
FY2026-03,2026,Apr,3,Q1,4,ECOM,Ecommerce,Boys,Sleepwear,Original Plan,42740.58,812,52.63,6207.75,170.96,0.4948,21146.22,85966.46,126487.86,89640.69,32270.65,8.0,0.402
FY2026-04,2026,May,4,Q2,4,ECOM,Ecommerce,Boys,Sleepwear,Original Plan,39480.71,750,52.63,5465.35,157.92,0.5016,19802.31,126487.86,117671.76,36287.88,13063.64,12.8,0.323
FY2026-05,2026,Jun,5,Q2,5,ECOM,Ecommerce,Boys,Sleepwear,Original Plan,35858.63,681,52.63,4469.82,143.43,0.5153,18479.7,117671.76,81966.01,4766.13,1715.81,16.4,0.359
FY2026-06,2026,Jul,6,Q2,4,ECOM,Ecommerce,Boys,Sleepwear,Original Plan,30425.5,578,52.63,4006.79,121.7,0.5083,15465.53,81966.01,85739.09,38327.08,13797.75,10.8,0.363
FY2026-07,2026,Aug,7,Q3,4,ECOM,Ecommerce,Boys,Sleepwear,Original Plan,31874.33,606,52.63,4302.57,127.5,0.505,16097.0,85739.09,88901.88,39467.19,14208.19,10.8,0.365
FY2026-08,2026,Sep,8,Q3,5,ECOM,Ecommerce,Boys,Sleepwear,Original Plan,34409.79,654,52.63,5226.16,137.64,0.4881,16796.1,88901.88,81232.86,32104.57,11557.64,12.9,0.405
FY2026-09,2026,Oct,9,Q3,4,ECOM,Ecommerce,Boys,Sleepwear,Original Plan,36220.83,688,52.63,5308.44,144.88,0.4934,17872.9,81232.86,102071.73,62513.02,22504.69,9.0,0.395
FY2026-10,2026,Nov,10,Q4,4,ECOM,Ecommerce,Boys,Sleepwear,Original Plan,52158.0,991,52.63,7724.36,208.63,0.4919,25656.76,102071.73,156492.76,114512.03,41224.33,7.8,0.403
FY2026-11,2026,Dec,11,Q4,5,ECOM,Ecommerce,Boys,Sleepwear,Original Plan,56504.5,1074,52.63,6833.38,226.02,0.5191,29329.5,156492.76,129123.17,36194.31,13029.95,13.8,0.396
FY2026-12,2026,Jan,12,Q4,4,ECOM,Ecommerce,Boys,Sleepwear,Original Plan,22819.13,434,52.63,2748.7,91.28,0.5195,11855.54,129123.17,103464.07,0.0,0.0,22.6,0.196
FY2024-01,2024,Feb,1,Q1,4,ECOM,Ecommerce,Boys,Sleepwear,Current Plan,19507.93,371,52.63,2478.71,78.03,0.5129,10006.37,56753.09,54178.7,19490.28,7016.5,11.6,0.352
FY2024-02,2024,Mar,2,Q1,5,ECOM,Ecommerce,Boys,Sleepwear,Current Plan,28302.17,538,52.63,4009.03,113.21,0.4983,14104.36,54178.7,62747.29,40993.01,14757.48,9.6,0.484
FY2024-03,2024,Apr,3,Q1,4,ECOM,Ecommerce,Boys,Sleepwear,Current Plan,32083.09,610,52.63,4129.51,128.33,0.5113,16403.66,62747.29,95277.56,68871.2,24793.63,7.8,0.406
FY2024-04,2024,May,4,Q2,4,ECOM,Ecommerce,Boys,Sleepwear,Current Plan,30092.48,572,52.63,4323.39,120.37,0.4963,14935.79,95277.56,85366.71,24625.39,8865.14,12.7,0.333
FY2024-05,2024,Jun,5,Q2,5,ECOM,Ecommerce,Boys,Sleepwear,Current Plan,27197.65,517,52.63,4213.62,108.79,0.4851,13192.87,85366.71,58928.81,5082.15,1829.58,15.7,0.377
FY2024-06,2024,Jul,6,Q2,4,ECOM,Ecommerce,Boys,Sleepwear,Current Plan,23752.17,451,52.63,3627.6,95.01,0.4873,11573.79,58928.81,71948.33,40494.3,14577.95,9.9,0.363
FY2024-07,2024,Aug,7,Q3,4,ECOM,Ecommerce,Boys,Sleepwear,Current Plan,23623.64,449,52.63,2726.67,94.49,0.5246,12392.45,71948.33,70783.46,25279.93,9100.78,12.2,0.331
FY2024-08,2024,Sep,8,Q3,5,ECOM,Ecommerce,Boys,Sleepwear,Current Plan,25938.61,493,52.63,3313.54,103.75,0.5123,13287.17,70783.46,61955.31,20527.77,7390.0,13.6,0.391
FY2024-09,2024,Oct,9,Q3,4,ECOM,Ecommerce,Boys,Sleepwear,Current Plan,26108.82,496,52.63,3519.46,104.44,0.5052,13190.19,61955.31,73365.96,41143.36,14811.61,9.5,0.386
FY2024-10,2024,Nov,10,Q4,4,ECOM,Ecommerce,Boys,Sleepwear,Current Plan,39754.64,755,52.63,5972.02,159.02,0.4898,19470.95,73365.96,120090.37,92610.08,33339.63,7.4,0.411
FY2024-11,2024,Dec,11,Q4,5,ECOM,Ecommerce,Boys,Sleepwear,Current Plan,41534.39,789,52.63,5625.63,166.14,0.5046,20956.38,120090.37,90426.67,17662.46,6358.49,14.5,0.395
FY2024-12,2024,Jan,12,Q4,4,ECOM,Ecommerce,Boys,Sleepwear,Current Plan,17724.23,337,52.63,2081.28,70.9,0.5226,9262.23,90426.67,70550.26,0.0,0.0,20.4,0.22
FY2025-01,2025,Feb,1,Q1,4,ECOM,Ecommerce,Boys,Sleepwear,Current Plan,23285.35,442,52.63,3530.09,93.14,0.4884,11372.54,70550.26,70052.54,26410.86,9507.91,12.1,0.331
FY2025-02,2025,Mar,2,Q1,5,ECOM,Ecommerce,Boys,Sleepwear,Current Plan,33584.84,638,52.63,4984.99,134.34,0.4916,16509.3,70052.54,75248.2,43899.83,15803.94,10.4,0.462
FY2025-03,2025,Apr,3,Q1,4,ECOM,Ecommerce,Boys,Sleepwear,Current Plan,37668.55,716,52.63,4528.66,150.67,0.5198,19579.21,75248.2,113931.72,81031.4,29171.3,8.0,0.398
FY2025-04,2025,May,4,Q2,4,ECOM,Ecommerce,Boys,Sleepwear,Current Plan,32537.16,618,52.63,4932.06,130.15,0.4884,15891.72,113931.72,91765.25,15432.9,5555.84,14.0,0.316
FY2025-05,2025,Jun,5,Q2,5,ECOM,Ecommerce,Boys,Sleepwear,Current Plan,31002.84,589,52.63,4127.93,124.01,0.5069,15713.89,91765.25,72532.21,16021.73,5767.82,14.8,0.377
FY2025-06,2025,Jul,6,Q2,4,ECOM,Ecommerce,Boys,Sleepwear,Current Plan,26274.37,499,52.63,3050.55,105.1,0.5239,13765.04,72532.21,79408.51,36306.31,13070.27,11.0,0.346
FY2025-07,2025,Aug,7,Q3,4,ECOM,Ecommerce,Boys,Sleepwear,Current Plan,27107.74,515,52.63,4150.35,108.43,0.4869,13198.6,79408.51,82269.27,34227.28,12321.82,11.7,0.335
FY2025-08,2025,Sep,8,Q3,5,ECOM,Ecommerce,Boys,Sleepwear,Current Plan,29295.75,557,52.63,4438.27,117.18,0.4885,14311.01,82269.27,66066.92,17648.86,6353.59,14.0,0.395
FY2025-09,2025,Oct,9,Q3,4,ECOM,Ecommerce,Boys,Sleepwear,Current Plan,31444.12,597,52.63,4477.08,125.78,0.4976,15647.16,66066.92,93424.02,63404.09,22825.47,8.4,0.394
FY2025-10,2025,Nov,10,Q4,4,ECOM,Ecommerce,Boys,Sleepwear,Current Plan,44268.24,841,52.63,6256.8,177.07,0.4987,22074.87,93424.02,132004.32,89282.42,32141.67,8.4,0.393
FY2025-11,2025,Dec,11,Q4,5,ECOM,Ecommerce,Boys,Sleepwear,Current Plan,51448.18,978,52.63,7858.35,205.79,0.4873,25068.49,132004.32,113424.54,40932.54,14735.72,12.8,0.419
FY2025-12,2025,Jan,12,Q4,4,ECOM,Ecommerce,Boys,Sleepwear,Current Plan,19661.98,374,52.63,2354.63,78.65,0.5202,10229.04,113424.54,91329.28,0.0,0.0,23.1,0.192
FY2026-01,2026,Feb,1,Q1,4,ECOM,Ecommerce,Boys,Sleepwear,Current Plan,24458.46,465,52.63,2882.12,97.83,0.5222,12771.29,91329.28,69818.47,5927.6,2133.93,14.9,0.304
FY2026-02,2026,Mar,2,Q1,5,ECOM,Ecommerce,Boys,Sleepwear,Current Plan,34023.17,646,52.63,4148.75,136.09,0.5181,17626.08,69818.47,78043.79,46533.34,16752.0,10.3,0.46
FY2026-03,2026,Apr,3,Q1,4,ECOM,Ecommerce,Boys,Sleepwear,Current Plan,37920.76,721,52.63,5606.23,151.68,0.4922,18663.06,78043.79,104771.76,70406.64,25346.39,8.2,0.415
FY2026-04,2026,May,4,Q2,4,ECOM,Ecommerce,Boys,Sleepwear,Current Plan,35452.14,674,52.63,5219.18,141.81,0.4928,17470.19,104771.76,105359.19,41400.56,14904.2,11.8,0.337
FY2026-05,2026,Jun,5,Q2,5,ECOM,Ecommerce,Boys,Sleepwear,Current Plan,31808.02,604,52.63,3738.37,127.23,0.5225,16618.76,105359.19,70235.79,550.21,198.08,16.6,0.362
FY2026-06,2026,Jul,6,Q2,4,ECOM,Ecommerce,Boys,Sleepwear,Current Plan,27801.75,528,52.63,3648.41,111.21,0.5088,14144.71,70235.79,77636.06,38961.65,14026.19,10.1,0.376
FY2026-07,2026,Aug,7,Q3,4,ECOM,Ecommerce,Boys,Sleepwear,Current Plan,27875.33,530,52.63,4253.88,111.5,0.4874,13586.33,77636.06,84165.27,38769.92,13957.17,11.1,0.345
FY2026-08,2026,Sep,8,Q3,5,ECOM,Ecommerce,Boys,Sleepwear,Current Plan,30898.79,587,52.63,3974.3,123.6,0.5114,15800.93,84165.27,75282.84,26114.26,9401.13,13.6,0.388
FY2026-09,2026,Oct,9,Q3,4,ECOM,Ecommerce,Boys,Sleepwear,Current Plan,33184.53,631,52.63,3834.57,132.74,0.5244,17403.53,75282.84,99860.15,61729.14,22222.49,9.1,0.379
FY2026-10,2026,Nov,10,Q4,4,ECOM,Ecommerce,Boys,Sleepwear,Current Plan,46875.8,891,52.63,5840.89,187.5,0.5154,24159.62,99860.15,129109.18,82153.23,29575.16,8.5,0.409
FY2026-11,2026,Dec,11,Q4,5,ECOM,Ecommerce,Boys,Sleepwear,Current Plan,49496.77,940,52.63,6975.81,197.99,0.4991,24702.12,129109.18,118642.59,46203.98,16633.43,13.0,0.4
FY2026-12,2026,Jan,12,Q4,4,ECOM,Ecommerce,Boys,Sleepwear,Current Plan,20952.94,398,52.63,3087.41,83.81,0.4927,10322.47,118642.59,94518.43,0.0,0.0,22.6,0.197
FY2024-01,2024,Feb,1,Q1,4,STORE,Retail Stores,Boys,Sleepwear,Original Plan,9056.92,172,52.63,1036.67,81.51,0.5255,4759.76,27832.96,26622.21,8964.35,3227.16,12.3,0.333
FY2024-02,2024,Mar,2,Q1,5,STORE,Retail Stores,Boys,Sleepwear,Original Plan,12973.43,246,52.63,1429.52,116.76,0.5298,6873.48,26622.21,28555.62,16453.11,5923.12,10.3,0.47
FY2024-03,2024,Apr,3,Q1,4,STORE,Retail Stores,Boys,Sleepwear,Original Plan,14442.12,274,52.63,1395.57,129.98,0.5434,7847.39,28555.62,42893.92,30305.97,10910.15,7.9,0.404
FY2024-04,2024,May,4,Q2,4,STORE,Retail Stores,Boys,Sleepwear,Original Plan,13340.6,253,52.63,1537.49,120.07,0.5248,7000.49,42893.92,37365.27,9469.51,3409.02,12.9,0.332
FY2024-05,2024,Jun,5,Q2,5,STORE,Retail Stores,Boys,Sleepwear,Original Plan,12116.69,230,52.63,1276.33,109.05,0.5347,6478.36,37365.27,27120.36,3257.17,1172.58,15.4,0.376
FY2024-06,2024,Jul,6,Q2,4,STORE,Retail Stores,Boys,Sleepwear,Original Plan,10280.83,195,52.63,1207.98,92.53,0.5225,5371.76,27120.36,30544.14,15005.11,5401.84,10.6,0.357
FY2024-07,2024,Aug,7,Q3,4,STORE,Retail Stores,Boys,Sleepwear,Original Plan,10770.39,205,52.63,985.88,96.93,0.5485,5907.17,30544.14,30601.97,11911.04,4287.97,11.3,0.352
FY2024-08,2024,Sep,8,Q3,5,STORE,Retail Stores,Boys,Sleepwear,Original Plan,11627.13,221,52.63,1075.15,104.64,0.5475,6366.21,30601.97,27978.9,10183.85,3666.19,13.2,0.397
FY2024-09,2024,Oct,9,Q3,4,STORE,Retail Stores,Boys,Sleepwear,Original Plan,12239.08,233,52.63,1404.66,110.15,0.5252,6428.35,27978.9,36540.95,22315.95,8033.74,9.1,0.379
FY2024-10,2024,Nov,10,Q4,4,STORE,Retail Stores,Boys,Sleepwear,Original Plan,17624.28,335,52.63,1723.52,158.62,0.5422,9556.02,36540.95,51088.28,34053.74,12259.35,8.3,0.402
FY2024-11,2024,Dec,11,Q4,5,STORE,Retail Stores,Boys,Sleepwear,Original Plan,19092.97,363,52.63,2289.28,171.84,0.5201,9930.22,51088.28,43545.81,14011.62,5044.18,13.4,0.404
FY2024-12,2024,Jan,12,Q4,4,STORE,Retail Stores,Boys,Sleepwear,Original Plan,7710.62,147,52.63,854.2,69.4,0.5292,4080.6,43545.81,34911.59,0.0,0.0,22.6,0.197
FY2025-01,2025,Feb,1,Q1,4,STORE,Retail Stores,Boys,Sleepwear,Original Plan,10324.89,196,52.63,1073.36,92.92,0.536,5534.57,34911.59,31212.14,7791.72,2805.02,13.5,0.312
FY2025-02,2025,Mar,2,Q1,5,STORE,Retail Stores,Boys,Sleepwear,Original Plan,14789.71,281,52.63,1544.57,133.11,0.5356,7920.85,31212.14,33399.29,18654.53,6715.63,10.6,0.458
FY2025-03,2025,Apr,3,Q1,4,STORE,Retail Stores,Boys,Sleepwear,Original Plan,16464.02,313,52.63,1924.15,148.18,0.5231,8612.82,33399.29,49012.72,34149.77,12293.92,8.1,0.4
FY2025-04,2025,May,4,Q2,4,STORE,Retail Stores,Boys,Sleepwear,Original Plan,15208.29,289,52.63,1712.72,136.87,0.5274,8020.58,49012.72,44376.26,12421.42,4471.71,12.9,0.326
FY2025-05,2025,Jun,5,Q2,5,STORE,Retail Stores,Boys,Sleepwear,Original Plan,13813.03,262,52.63,1415.79,124.32,0.5375,7424.55,44376.26,31317.08,2293.96,825.83,16.1,0.365
FY2025-06,2025,Jul,6,Q2,4,STORE,Retail Stores,Boys,Sleepwear,Original Plan,11720.15,223,52.63,1287.57,105.48,0.5301,6213.32,31317.08,32724.42,14520.53,5227.39,10.7,0.366
FY2025-07,2025,Aug,7,Q3,4,STORE,Retail Stores,Boys,Sleepwear,Original Plan,12278.25,233,52.63,1165.47,110.5,0.5451,6692.6,32724.42,34937.88,15767.69,5676.37,10.7,0.363
FY2025-08,2025,Sep,8,Q3,5,STORE,Retail Stores,Boys,Sleepwear,Original Plan,13254.93,252,52.63,1253.86,119.29,0.5454,7229.29,34937.88,30805.79,10495.99,3778.56,13.2,0.403
FY2025-09,2025,Oct,9,Q3,4,STORE,Retail Stores,Boys,Sleepwear,Original Plan,13952.56,265,52.63,1639.75,125.57,0.5225,7289.89,30805.79,39362.58,24274.66,8738.88,8.8,0.398
FY2025-10,2025,Nov,10,Q4,4,STORE,Retail Stores,Boys,Sleepwear,Original Plan,20091.68,382,52.63,2333.03,180.83,0.5239,10525.65,39362.58,61218.4,44461.35,16006.09,7.8,0.4
FY2025-11,2025,Dec,11,Q4,5,STORE,Retail Stores,Boys,Sleepwear,Original Plan,21765.99,414,52.63,2268.35,195.89,0.5358,11661.88,61218.4,47952.11,10963.95,3947.02,14.1,0.399
FY2025-12,2025,Jan,12,Q4,4,STORE,Retail Stores,Boys,Sleepwear,Original Plan,8790.11,167,52.63,863.39,79.11,0.5418,4762.28,47952.11,38219.51,0.0,0.0,21.8,0.204
FY2026-01,2026,Feb,1,Q1,4,STORE,Retail Stores,Boys,Sleepwear,Original Plan,12183.37,231,52.63,1284.08,109.65,0.5346,6513.28,38219.51,36130.41,11488.0,4135.68,12.5,0.328
FY2026-02,2026,Mar,2,Q1,5,STORE,Retail Stores,Boys,Sleepwear,Original Plan,17451.86,332,52.63,2005.42,157.07,0.5251,9163.77,36130.41,38811.64,22295.58,8026.41,10.4,0.466
FY2026-03,2026,Apr,3,Q1,4,STORE,Retail Stores,Boys,Sleepwear,Original Plan,19427.54,369,52.63,2002.06,174.85,0.5369,10431.56,38811.64,54909.76,37702.56,13572.92,8.0,0.415
FY2026-04,2026,May,4,Q2,4,STORE,Retail Stores,Boys,Sleepwear,Original Plan,17945.78,341,52.63,1763.45,161.51,0.5417,9721.85,54909.76,51609.28,16570.27,5965.3,12.2,0.337
FY2026-05,2026,Jun,5,Q2,5,STORE,Retail Stores,Boys,Sleepwear,Original Plan,16299.38,310,52.63,1732.58,146.69,0.5337,8699.02,51609.28,37729.76,4299.13,1547.69,15.8,0.365
FY2026-06,2026,Jul,6,Q2,4,STORE,Retail Stores,Boys,Sleepwear,Original Plan,13829.77,263,52.63,1271.59,124.47,0.5481,7579.47,37729.76,39417.73,16913.79,6088.96,10.9,0.359
FY2026-07,2026,Aug,7,Q3,4,STORE,Retail Stores,Boys,Sleepwear,Original Plan,14488.33,275,52.63,1736.87,130.4,0.5201,7535.66,39417.73,41906.34,18844.22,6783.92,10.9,0.356
FY2026-08,2026,Sep,8,Q3,5,STORE,Retail Stores,Boys,Sleepwear,Original Plan,15640.81,297,52.63,1469.92,140.77,0.546,8540.2,41906.34,34492.72,9837.88,3541.64,13.4,0.409
FY2026-09,2026,Oct,9,Q3,4,STORE,Retail Stores,Boys,Sleepwear,Original Plan,16464.02,313,52.63,1787.81,148.18,0.5314,8749.16,34492.72,48586.98,32494.27,11697.94,8.4,0.396
FY2026-10,2026,Nov,10,Q4,4,STORE,Retail Stores,Boys,Sleepwear,Original Plan,23708.18,450,52.63,2305.24,213.37,0.5428,12867.99,48586.98,71222.88,48862.7,17590.57,8.2,0.396
FY2026-11,2026,Dec,11,Q4,5,STORE,Retail Stores,Boys,Sleepwear,Original Plan,25683.86,488,52.63,2763.48,231.15,0.5324,13674.19,71222.88,62311.2,19766.82,7116.05,13.9,0.385
FY2026-12,2026,Jan,12,Q4,4,STORE,Retail Stores,Boys,Sleepwear,Original Plan,10372.33,197,52.63,1227.71,93.35,0.5216,5410.58,62311.2,50617.81,0.0,0.0,24.0,0.184
FY2024-01,2024,Feb,1,Q1,4,STORE,Retail Stores,Boys,Sleepwear,Current Plan,8969.67,170,52.63,1023.01,80.73,0.5259,4717.58,25565.65,24357.6,8865.36,3191.53,11.4,0.359
FY2024-02,2024,Mar,2,Q1,5,STORE,Retail Stores,Boys,Sleepwear,Current Plan,13248.97,252,52.63,1388.0,119.24,0.5352,7091.34,24357.6,31979.57,22378.19,8056.15,9.2,0.47
FY2024-03,2024,Apr,3,Q1,4,STORE,Retail Stores,Boys,Sleepwear,Current Plan,14426.68,274,52.63,1705.26,129.84,0.5218,7527.82,31979.57,42710.5,26992.71,9717.38,8.9,0.386
FY2024-04,2024,May,4,Q2,4,STORE,Retail Stores,Boys,Sleepwear,Current Plan,13535.98,257,52.63,1220.32,121.82,0.5498,7442.71,42710.5,37082.82,9250.45,3330.16,12.6,0.339
FY2024-05,2024,Jun,5,Q2,5,STORE,Retail Stores,Boys,Sleepwear,Current Plan,12311.96,234,52.63,1301.08,110.81,0.5343,6578.57,37082.82,27326.02,3967.04,1428.14,15.1,0.382
FY2024-06,2024,Jul,6,Q2,4,STORE,Retail Stores,Boys,Sleepwear,Current Plan,10162.89,193,52.63,1193.27,91.47,0.5226,5310.98,27326.02,30168.19,14289.79,5144.33,10.8,0.354
FY2024-07,2024,Aug,7,Q3,4,STORE,Retail Stores,Boys,Sleepwear,Current Plan,10971.57,208,52.63,1277.34,98.74,0.5236,5744.47,30168.19,32691.8,14871.25,5353.65,11.0,0.349
FY2024-08,2024,Sep,8,Q3,5,STORE,Retail Stores,Boys,Sleepwear,Current Plan,11773.22,224,52.63,1143.31,105.96,0.5429,6391.56,32691.8,27833.87,8164.57,2939.24,13.9,0.389
FY2024-09,2024,Oct,9,Q3,4,STORE,Retail Stores,Boys,Sleepwear,Current Plan,12617.76,240,52.63,1323.47,113.56,0.5351,6751.9,27833.87,37405.76,23626.68,8505.6,8.8,0.387
FY2024-10,2024,Nov,10,Q4,4,STORE,Retail Stores,Boys,Sleepwear,Current Plan,18435.07,350,52.63,2134.99,165.92,0.5242,9663.45,37405.76,54340.61,37670.83,13561.5,8.1,0.402
FY2024-11,2024,Dec,11,Q4,5,STORE,Retail Stores,Boys,Sleepwear,Current Plan,19099.1,363,52.63,2004.56,171.89,0.535,10218.86,54340.61,46016.55,12951.49,4662.54,14.2,0.381
FY2024-12,2024,Jan,12,Q4,4,STORE,Retail Stores,Boys,Sleepwear,Current Plan,7970.96,151,52.63,878.27,71.74,0.5298,4223.15,46016.55,37095.58,0.0,0.0,23.1,0.192
FY2025-01,2025,Feb,1,Q1,4,STORE,Retail Stores,Boys,Sleepwear,Current Plan,10341.99,197,52.63,1157.95,93.08,0.528,5460.92,37095.58,28942.49,3439.93,1238.37,14.3,0.313
FY2025-02,2025,Mar,2,Q1,5,STORE,Retail Stores,Boys,Sleepwear,Current Plan,14776.22,281,52.63,1757.57,132.99,0.5211,7699.21,28942.49,34346.77,22071.05,7945.58,9.8,0.467
FY2025-03,2025,Apr,3,Q1,4,STORE,Retail Stores,Boys,Sleepwear,Current Plan,17018.17,323,52.63,1968.53,153.16,0.5243,8923.1,34346.77,50250.33,35043.43,12615.63,8.1,0.402
FY2025-04,2025,May,4,Q2,4,STORE,Retail Stores,Boys,Sleepwear,Current Plan,15288.26,290,52.63,1752.86,137.59,0.5253,8031.63,50250.33,44789.74,11718.12,4218.52,13.1,0.322
FY2025-05,2025,Jun,5,Q2,5,STORE,Retail Stores,Boys,Sleepwear,Current Plan,13857.59,263,52.63,1623.22,124.72,0.5229,7245.64,44789.74,31836.5,2652.28,954.82,16.2,0.362
FY2025-06,2025,Jul,6,Q2,4,STORE,Retail Stores,Boys,Sleepwear,Current Plan,12179.74,231,52.63,1310.26,109.62,0.5324,6484.78,31836.5,33655.93,15419.05,5550.86,10.5,0.372
FY2025-07,2025,Aug,7,Q3,4,STORE,Retail Stores,Boys,Sleepwear,Current Plan,12081.0,230,52.63,1282.45,108.73,0.5338,6449.38,33655.93,34861.61,14677.86,5284.03,11.1,0.353
FY2025-08,2025,Sep,8,Q3,5,STORE,Retail Stores,Boys,Sleepwear,Current Plan,13395.45,255,52.63,1377.35,120.56,0.5372,7195.73,34861.61,30094.87,10126.61,3645.58,13.0,0.412
FY2025-09,2025,Oct,9,Q3,4,STORE,Retail Stores,Boys,Sleepwear,Current Plan,13747.06,261,52.63,1491.28,123.72,0.5315,7306.84,30094.87,38167.68,23434.87,8436.55,8.8,0.403
FY2025-10,2025,Nov,10,Q4,4,STORE,Retail Stores,Boys,Sleepwear,Current Plan,20278.41,385,52.63,2329.54,182.51,0.5251,10648.64,38167.68,55908.32,40531.09,14591.19,7.5,0.431
FY2025-11,2025,Dec,11,Q4,5,STORE,Retail Stores,Boys,Sleepwear,Current Plan,21730.19,413,52.63,2269.51,195.57,0.5356,11637.81,55908.32,47931.4,16218.35,5838.61,12.9,0.419
FY2025-12,2025,Jan,12,Q4,4,STORE,Retail Stores,Boys,Sleepwear,Current Plan,9293.26,177,52.63,1070.48,83.64,0.5248,4877.2,47931.4,37484.03,0.0,0.0,20.6,0.218
FY2026-01,2026,Feb,1,Q1,4,STORE,Retail Stores,Boys,Sleepwear,Current Plan,10872.01,207,52.63,1108.16,97.85,0.5381,5849.93,37484.03,32372.1,6966.09,2507.79,13.8,0.311
FY2026-02,2026,Mar,2,Q1,5,STORE,Retail Stores,Boys,Sleepwear,Current Plan,15576.75,296,52.63,1548.5,140.19,0.5406,8420.62,32372.1,35766.45,20659.79,7437.53,10.4,0.457
FY2026-03,2026,Apr,3,Q1,4,STORE,Retail Stores,Boys,Sleepwear,Current Plan,17150.91,326,52.63,1698.12,154.36,0.541,9278.47,35766.45,50791.07,34028.01,12250.08,8.3,0.396
FY2026-04,2026,May,4,Q2,4,STORE,Retail Stores,Boys,Sleepwear,Current Plan,15864.44,301,52.63,1582.78,142.78,0.5402,8570.47,50791.07,46951.32,13750.25,4950.09,12.8,0.325
FY2026-05,2026,Jun,5,Q2,5,STORE,Retail Stores,Boys,Sleepwear,Current Plan,14793.67,281,52.63,1586.18,133.14,0.5328,7881.77,46951.32,35405.57,4967.25,1788.21,15.9,0.359
FY2026-06,2026,Jul,6,Q2,4,STORE,Retail Stores,Boys,Sleepwear,Current Plan,12241.51,233,52.63,1197.21,110.17,0.5422,6637.36,35405.57,35342.02,13485.33,4854.72,11.6,0.346
FY2026-07,2026,Aug,7,Q3,4,STORE,Retail Stores,Boys,Sleepwear,Current Plan,12783.22,243,52.63,1449.03,115.05,0.5266,6732.24,35342.02,37624.18,16629.46,5986.61,11.1,0.35
FY2026-08,2026,Sep,8,Q3,5,STORE,Retail Stores,Boys,Sleepwear,Current Plan,13839.11,263,52.63,1293.31,124.55,0.5465,7563.71,37624.18,32403.94,10036.74,3613.22,13.6,0.395
FY2026-09,2026,Oct,9,Q3,4,STORE,Retail Stores,Boys,Sleepwear,Current Plan,14895.94,283,52.63,1510.2,134.06,0.5386,8023.2,32403.94,41789.18,25925.43,9333.15,8.7,0.402
FY2026-10,2026,Nov,10,Q4,4,STORE,Retail Stores,Boys,Sleepwear,Current Plan,21135.74,402,52.63,2374.41,190.22,0.5277,11152.46,41789.18,57841.43,39752.62,14310.94,7.9,0.424
FY2026-11,2026,Dec,11,Q4,5,STORE,Retail Stores,Boys,Sleepwear,Current Plan,23098.12,439,52.63,2547.47,207.88,0.5297,12235.33,57841.43,54489.23,22501.28,8100.46,12.5,0.411
FY2026-12,2026,Jan,12,Q4,4,STORE,Retail Stores,Boys,Sleepwear,Current Plan,9224.77,175,52.63,926.09,83.02,0.5396,4977.76,54489.23,44255.34,0.0,0.0,23.6,0.187
FY2024-01,2024,Feb,1,Q1,4,WHSL,Wholesale,Boys,Sleepwear,Original Plan,15631.76,388,40.31,325.7,15.63,0.4592,7177.54,15332.07,15448.79,16089.81,8366.7,3.9,1.016
FY2024-02,2024,Mar,2,Q1,5,WHSL,Wholesale,Boys,Sleepwear,Original Plan,13110.51,325,40.31,285.63,13.11,0.4582,6007.41,15448.79,11072.34,9032.79,4697.05,5.9,0.989
FY2024-03,2024,Apr,3,Q1,4,WHSL,Wholesale,Boys,Sleepwear,Original Plan,6252.7,155,40.31,120.41,6.25,0.4607,2880.89,11072.34,6258.78,1565.8,814.22,7.1,0.722
FY2024-04,2024,May,4,Q2,4,WHSL,Wholesale,Boys,Sleepwear,Original Plan,5546.75,138,40.31,99.19,5.55,0.4621,2563.25,6258.78,5713.47,5106.18,2655.21,4.5,0.927
FY2024-05,2024,Jun,5,Q2,5,WHSL,Wholesale,Boys,Sleepwear,Original Plan,13614.76,338,40.31,237.13,13.61,0.4626,6297.95,5713.47,10957.29,19109.32,9936.85,2.1,1.633
FY2024-06,2024,Jul,6,Q2,4,WHSL,Wholesale,Boys,Sleepwear,Original Plan,14320.71,355,40.31,302.08,14.32,0.4589,6571.86,10957.29,15130.62,18810.44,9781.43,3.1,1.098
FY2024-07,2024,Aug,7,Q3,4,WHSL,Wholesale,Boys,Sleepwear,Original Plan,7059.5,175,40.31,130.83,7.06,0.4615,3257.74,15130.62,7933.23,0.0,0.0,8.6,0.612
FY2024-08,2024,Sep,8,Q3,5,WHSL,Wholesale,Boys,Sleepwear,Original Plan,10589.26,263,40.31,206.32,10.59,0.4605,4876.52,7933.23,8600.36,11473.3,5966.12,3.7,1.281
FY2024-09,2024,Oct,9,Q3,4,WHSL,Wholesale,Boys,Sleepwear,Original Plan,13917.31,345,40.31,305.4,13.92,0.4581,6374.91,8600.36,13802.37,19438.63,10108.09,2.5,1.242
FY2024-10,2024,Nov,10,Q4,4,WHSL,Wholesale,Boys,Sleepwear,Original Plan,8572.25,213,40.31,155.53,8.57,0.4619,3959.15,13802.37,8787.15,3721.14,1934.99,6.4,0.759
FY2024-11,2024,Dec,11,Q4,5,WHSL,Wholesale,Boys,Sleepwear,Original Plan,6051.0,150,40.31,137.34,6.05,0.4573,2767.14,8787.15,4992.56,2399.79,1247.89,7.3,0.878
FY2024-12,2024,Jan,12,Q4,4,WHSL,Wholesale,Boys,Sleepwear,Original Plan,6353.55,158,40.31,129.35,6.35,0.4596,2920.35,4992.56,6400.16,7896.86,4106.37,3.1,1.115
FY2025-01,2025,Feb,1,Q1,4,WHSL,Wholesale,Boys,Sleepwear,Original Plan,17820.2,442,40.31,364.65,17.82,0.4595,8189.05,6400.16,18457.61,30260.13,15735.27,1.4,1.434
FY2025-02,2025,Mar,2,Q1,5,WHSL,Wholesale,Boys,Sleepwear,Original Plan,14945.98,371,40.31,265.25,14.95,0.4623,6908.82,18457.61,11420.41,8188.96,4258.26,6.2,1.0
FY2025-03,2025,Apr,3,Q1,4,WHSL,Wholesale,Boys,Sleepwear,Original Plan,7128.08,177,40.31,133.88,7.13,0.4612,3287.59,11420.41,7348.71,3197.4,1662.65,6.4,0.76
FY2025-04,2025,May,4,Q2,4,WHSL,Wholesale,Boys,Sleepwear,Original Plan,6323.3,157,40.31,130.64,6.32,0.4593,2904.54,7348.71,6517.94,5629.5,2927.34,4.6,0.912
FY2025-05,2025,Jun,5,Q2,5,WHSL,Wholesale,Boys,Sleepwear,Original Plan,15520.82,385,40.31,276.96,15.52,0.4622,7173.04,6517.94,11887.74,21183.11,11015.21,2.1,1.687
FY2025-06,2025,Jul,6,Q2,4,WHSL,Wholesale,Boys,Sleepwear,Original Plan,16325.61,405,40.31,337.96,16.33,0.4593,7498.33,11887.74,15640.61,20432.76,10625.04,2.9,1.186
FY2025-07,2025,Aug,7,Q3,4,WHSL,Wholesale,Boys,Sleepwear,Original Plan,8047.83,200,40.31,152.3,8.05,0.4611,3710.66,15640.61,7689.98,257.55,133.93,7.8,0.69
FY2025-08,2025,Sep,8,Q3,5,WHSL,Wholesale,Boys,Sleepwear,Original Plan,12071.75,299,40.31,271.24,12.07,0.4575,5523.2,7689.98,9679.82,14344.91,7459.35,3.2,1.39
FY2025-09,2025,Oct,9,Q3,4,WHSL,Wholesale,Boys,Sleepwear,Original Plan,15865.73,394,40.31,353.84,15.87,0.4577,7261.71,9679.82,15089.39,21645.0,11255.4,2.4,1.281
FY2025-10,2025,Nov,10,Q4,4,WHSL,Wholesale,Boys,Sleepwear,Original Plan,9772.37,242,40.31,204.29,9.77,0.4591,4486.45,15089.39,10101.66,4998.7,2599.32,6.2,0.776
FY2025-11,2025,Dec,11,Q4,5,WHSL,Wholesale,Boys,Sleepwear,Original Plan,6898.14,171,40.31,119.09,6.9,0.4627,3192.02,10101.66,5542.07,2464.54,1281.56,7.3,0.882
FY2025-12,2025,Jan,12,Q4,4,WHSL,Wholesale,Boys,Sleepwear,Original Plan,7243.05,180,40.31,160.53,7.24,0.4578,3316.13,5542.07,7428.35,9297.1,4834.49,3.1,1.117
FY2026-01,2026,Feb,1,Q1,4,WHSL,Wholesale,Boys,Sleepwear,Original Plan,21027.84,522,40.31,414.3,21.03,0.4603,9679.06,7428.35,20787.98,34822.8,18107.86,1.4,1.49
FY2026-02,2026,Mar,2,Q1,5,WHSL,Wholesale,Boys,Sleepwear,Original Plan,17636.25,437,40.31,404.23,17.64,0.4571,8061.17,20787.98,14763.27,12033.42,6257.38,5.9,0.992
FY2026-03,2026,Apr,3,Q1,4,WHSL,Wholesale,Boys,Sleepwear,Original Plan,8411.14,209,40.31,182.63,8.41,0.4583,3854.71,14763.27,8137.42,1976.32,1027.69,7.0,0.735
FY2026-04,2026,May,4,Q2,4,WHSL,Wholesale,Boys,Sleepwear,Original Plan,7461.49,185,40.31,141.63,7.46,0.461,3439.88,8137.42,7210.73,6683.9,3475.63,4.4,0.972
FY2026-05,2026,Jun,5,Q2,5,WHSL,Wholesale,Boys,Sleepwear,Original Plan,18314.57,454,40.31,377.89,18.31,0.4594,8413.11,7210.73,14093.16,25593.2,13308.46,2.0,1.719
FY2026-06,2026,Jul,6,Q2,4,WHSL,Wholesale,Boys,Sleepwear,Original Plan,19264.21,478,40.31,330.3,19.26,0.4629,8916.52,14093.16,19138.65,24659.27,12822.82,2.9,1.159
FY2026-07,2026,Aug,7,Q3,4,WHSL,Wholesale,Boys,Sleepwear,Original Plan,9496.44,236,40.31,171.14,9.5,0.462,4387.15,19138.65,9461.57,0.0,0.0,8.1,0.664
FY2026-08,2026,Sep,8,Q3,5,WHSL,Wholesale,Boys,Sleepwear,Original Plan,14244.67,353,40.31,257.76,14.24,0.4619,6579.68,9461.57,11246.81,16301.91,8476.99,3.3,1.376
FY2026-09,2026,Oct,9,Q3,4,WHSL,Wholesale,Boys,Sleepwear,Original Plan,18721.56,464,40.31,421.92,18.72,0.4575,8564.43,11246.81,19624.21,27539.6,14320.59,2.4,1.213
FY2026-10,2026,Nov,10,Q4,4,WHSL,Wholesale,Boys,Sleepwear,Original Plan,11531.4,286,40.31,241.26,11.53,0.4591,5293.81,19624.21,11036.77,3196.75,1662.31,6.8,0.752
FY2026-11,2026,Dec,11,Q4,5,WHSL,Wholesale,Boys,Sleepwear,Original Plan,8139.81,202,40.31,172.55,8.14,0.4588,3734.56,11036.77,6312.67,3596.4,1870.13,6.8,0.938
FY2026-12,2026,Jan,12,Q4,4,WHSL,Wholesale,Boys,Sleepwear,Original Plan,8546.8,212,40.31,167.88,8.55,0.4604,3934.59,6312.67,8402.53,10813.09,5622.81,3.0,1.162
FY2024-01,2024,Feb,1,Q1,4,WHSL,Wholesale,Boys,Sleepwear,Current Plan,15751.9,391,40.31,340.6,15.75,0.4584,7220.31,15843.92,15880.28,16144.6,8395.19,4.0,0.993
FY2024-02,2024,Mar,2,Q1,5,WHSL,Wholesale,Boys,Sleepwear,Current Plan,13418.03,333,40.31,232.04,13.42,0.4627,6208.62,15880.28,10163.16,7946.36,4132.11,5.9,1.03
FY2024-03,2024,Apr,3,Q1,4,WHSL,Wholesale,Boys,Sleepwear,Current Plan,6341.58,157,40.31,138.84,6.34,0.4581,2905.12,10163.16,6093.27,2416.87,1256.77,6.4,0.78
FY2024-04,2024,May,4,Q2,4,WHSL,Wholesale,Boys,Sleepwear,Current Plan,5645.0,140,40.31,98.83,5.64,0.4625,2610.77,6093.27,5741.89,5398.1,2807.01,4.3,0.954
FY2024-05,2024,Jun,5,Q2,5,WHSL,Wholesale,Boys,Sleepwear,Current Plan,13882.71,344,40.31,247.29,13.88,0.4622,6416.41,5741.89,11134.54,19536.53,10158.99,2.1,1.645
FY2024-06,2024,Jul,6,Q2,4,WHSL,Wholesale,Boys,Sleepwear,Current Plan,14297.79,355,40.31,320.58,14.3,0.4576,6542.36,11134.54,14289.08,17787.2,9249.34,3.1,1.125
FY2024-07,2024,Aug,7,Q3,4,WHSL,Wholesale,Boys,Sleepwear,Current Plan,7195.53,178,40.31,141.25,7.2,0.4604,3312.6,14289.08,7485.93,540.83,281.23,7.9,0.661
FY2024-08,2024,Sep,8,Q3,5,WHSL,Wholesale,Boys,Sleepwear,Current Plan,10336.4,256,40.31,188.28,10.34,0.4618,4773.19,7485.93,8509.07,11558.15,6010.24,3.6,1.292
FY2024-09,2024,Oct,9,Q3,4,WHSL,Wholesale,Boys,Sleepwear,Current Plan,14805.06,367,40.31,290.35,14.81,0.4604,6816.08,8509.07,15324.69,21925.84,11401.44,2.3,1.242
FY2024-10,2024,Nov,10,Q4,4,WHSL,Wholesale,Boys,Sleepwear,Current Plan,8370.14,208,40.31,180.31,8.37,0.4585,3837.36,15324.69,7949.85,1183.98,615.67,7.3,0.719
FY2024-11,2024,Dec,11,Q4,5,WHSL,Wholesale,Boys,Sleepwear,Current Plan,6007.46,149,40.31,106.07,6.01,0.4623,2777.51,7949.85,4691.48,2861.16,1487.8,6.6,0.95
FY2024-12,2024,Jan,12,Q4,4,WHSL,Wholesale,Boys,Sleepwear,Current Plan,6318.84,157,40.31,116.72,6.32,0.4615,2916.32,4691.48,6668.65,8419.06,4377.91,3.0,1.112
FY2025-01,2025,Feb,1,Q1,4,WHSL,Wholesale,Boys,Sleepwear,Current Plan,18391.71,456,40.31,362.85,18.39,0.4603,8465.18,6668.65,17628.64,29732.93,15461.12,1.5,1.514
FY2025-02,2025,Mar,2,Q1,5,WHSL,Wholesale,Boys,Sleepwear,Current Plan,15016.29,372,40.31,293.33,15.02,0.4605,6914.49,17628.64,11777.98,9473.97,4926.47,5.9,1.021
FY2025-03,2025,Apr,3,Q1,4,WHSL,Wholesale,Boys,Sleepwear,Current Plan,7151.92,177,40.31,149.91,7.15,0.459,3283.02,11777.98,7575.46,3106.46,1615.36,6.6,0.739
FY2025-04,2025,May,4,Q2,4,WHSL,Wholesale,Boys,Sleepwear,Current Plan,6618.06,164,40.31,140.99,6.62,0.4587,3035.68,7575.46,6496.06,5686.27,2956.86,4.6,0.941
FY2025-05,2025,Jun,5,Q2,5,WHSL,Wholesale,Boys,Sleepwear,Current Plan,16074.7,399,40.31,307.16,16.07,0.4609,7408.69,6496.06,13042.08,22943.96,11930.86,2.0,1.645
FY2025-06,2025,Jul,6,Q2,4,WHSL,Wholesale,Boys,Sleepwear,Current Plan,16250.89,403,40.31,371.33,16.25,0.4571,7429.09,13042.08,16250.15,19846.55,10320.21,3.2,1.11
FY2025-07,2025,Aug,7,Q3,4,WHSL,Wholesale,Boys,Sleepwear,Current Plan,7941.89,197,40.31,171.36,7.94,0.4584,3640.75,16250.15,8214.94,85.99,44.72,8.2,0.649
FY2025-08,2025,Sep,8,Q3,5,WHSL,Wholesale,Boys,Sleepwear,Current Plan,12138.09,301,40.31,219.36,12.14,0.4619,5606.92,8214.94,9657.28,13811.92,7182.2,3.4,1.358
FY2025-09,2025,Oct,9,Q3,4,WHSL,Wholesale,Boys,Sleepwear,Current Plan,15906.82,395,40.31,294.56,15.91,0.4615,7340.72,9657.28,16679.86,23239.87,12084.73,2.4,1.208
FY2025-10,2025,Nov,10,Q4,4,WHSL,Wholesale,Boys,Sleepwear,Current Plan,9814.79,243,40.31,218.51,9.81,0.4577,4492.59,16679.86,10314.12,3677.38,1912.24,6.8,0.727
FY2025-11,2025,Dec,11,Q4,5,WHSL,Wholesale,Boys,Sleepwear,Current Plan,6782.71,168,40.31,119.35,6.78,0.4624,3136.35,10314.12,5360.74,1955.45,1016.84,7.6,0.865
FY2025-12,2025,Jan,12,Q4,4,WHSL,Wholesale,Boys,Sleepwear,Current Plan,7343.0,182,40.31,135.04,7.34,0.4616,3389.6,5360.74,7283.88,9408.52,4892.43,2.9,1.161
FY2026-01,2026,Feb,1,Q1,4,WHSL,Wholesale,Boys,Sleepwear,Current Plan,19092.83,474,40.31,392.54,19.09,0.4594,8772.02,7283.88,19277.49,31498.06,16378.99,1.5,1.438
FY2026-02,2026,Mar,2,Q1,5,WHSL,Wholesale,Boys,Sleepwear,Current Plan,15844.28,393,40.31,314.61,15.84,0.4601,7290.64,19277.49,12528.48,9425.73,4901.38,6.1,0.996
FY2026-03,2026,Apr,3,Q1,4,WHSL,Wholesale,Boys,Sleepwear,Current Plan,7462.37,185,40.31,149.6,7.46,0.46,3432.34,12528.48,7761.38,2852.33,1483.21,6.7,0.736
FY2026-04,2026,May,4,Q2,4,WHSL,Wholesale,Boys,Sleepwear,Current Plan,6664.9,165,40.31,145.98,6.66,0.4581,3053.17,7761.38,7017.44,6073.6,3158.27,4.7,0.902
FY2026-05,2026,Jun,5,Q2,5,WHSL,Wholesale,Boys,Sleepwear,Current Plan,16337.45,405,40.31,331.92,16.34,0.4597,7510.06,7017.44,12804.19,22472.46,11685.68,2.1,1.648
FY2026-06,2026,Jul,6,Q2,4,WHSL,Wholesale,Boys,Sleepwear,Current Plan,17223.97,427,40.31,351.11,17.22,0.4596,7916.4,12804.19,17027.11,21815.22,11343.91,3.0,1.155
FY2026-07,2026,Aug,7,Q3,4,WHSL,Wholesale,Boys,Sleepwear,Current Plan,8605.47,213,40.31,186.91,8.61,0.4583,3943.71,17027.11,8376.77,150.65,78.34,7.9,0.677
FY2026-08,2026,Sep,8,Q3,5,WHSL,Wholesale,Boys,Sleepwear,Current Plan,12515.51,310,40.31,240.71,12.52,0.4608,5766.74,8376.77,9885.75,14277.72,7424.42,3.3,1.371
FY2026-09,2026,Oct,9,Q3,4,WHSL,Wholesale,Boys,Sleepwear,Current Plan,16882.03,419,40.31,295.21,16.88,0.4625,7808.16,9885.75,16895.42,24203.8,12585.98,2.3,1.261
FY2026-10,2026,Nov,10,Q4,4,WHSL,Wholesale,Boys,Sleepwear,Current Plan,10273.89,255,40.31,178.26,10.27,0.4626,4753.21,16895.42,9745.61,3312.62,1722.56,6.6,0.771
FY2026-11,2026,Dec,11,Q4,5,WHSL,Wholesale,Boys,Sleepwear,Current Plan,7370.4,183,40.31,148.88,7.37,0.4598,3388.91,9745.61,5575.8,3356.85,1745.56,6.6,0.962
FY2026-12,2026,Jan,12,Q4,4,WHSL,Wholesale,Boys,Sleepwear,Current Plan,7482.49,186,40.31,131.66,7.48,0.4624,3459.94,5575.8,7436.02,9481.86,4930.57,3.0,1.15
FY2024-01,2024,Feb,1,Q1,4,ECOM,Ecommerce,Boys,Swim,Original Plan,9962.61,171,58.27,1492.16,39.85,0.4902,4883.91,28856.62,27679.97,10317.97,3714.47,11.6,0.352
FY2024-02,2024,Mar,2,Q1,5,ECOM,Ecommerce,Boys,Swim,Original Plan,14270.77,245,58.27,1920.93,57.08,0.5054,7212.36,27679.97,31469.17,20037.99,7213.67,9.7,0.483
FY2024-03,2024,Apr,3,Q1,4,ECOM,Ecommerce,Boys,Swim,Original Plan,15886.33,273,58.27,2037.58,63.55,0.5117,8129.67,31469.17,48301.75,34820.04,12535.21,7.9,0.398
FY2024-04,2024,May,4,Q2,4,ECOM,Ecommerce,Boys,Swim,Original Plan,14674.66,252,58.27,1701.14,58.7,0.5241,7690.64,48301.75,40684.21,8816.96,3174.1,13.2,0.33
FY2024-05,2024,Jun,5,Q2,5,ECOM,Ecommerce,Boys,Swim,Original Plan,13328.36,229,58.27,1983.08,53.31,0.4912,6547.08,40684.21,29190.31,3870.86,1393.51,15.3,0.381
FY2024-06,2024,Jul,6,Q2,4,ECOM,Ecommerce,Boys,Swim,Original Plan,11308.91,194,58.27,1678.96,45.24,0.4915,5558.75,29190.31,33004.11,16846.9,6064.88,10.3,0.364
FY2024-07,2024,Aug,7,Q3,4,ECOM,Ecommerce,Boys,Swim,Original Plan,11847.43,203,58.27,1574.42,47.39,0.5071,6007.94,33004.11,32388.76,12853.89,4627.4,11.1,0.362
FY2024-08,2024,Sep,8,Q3,5,ECOM,Ecommerce,Boys,Swim,Original Plan,12789.84,219,58.27,1823.74,51.16,0.4974,6361.76,32388.76,28311.83,10587.82,3811.61,12.7,0.421
FY2024-09,2024,Oct,9,Q3,4,ECOM,Ecommerce,Boys,Swim,Original Plan,13462.99,231,58.27,1906.02,53.85,0.4984,6710.29,28311.83,38775.77,25886.8,9319.25,8.4,0.401
FY2024-10,2024,Nov,10,Q4,4,ECOM,Ecommerce,Boys,Swim,Original Plan,19386.71,333,58.27,2655.81,77.55,0.503,9751.68,38775.77,55145.42,38489.72,13856.3,8.0,0.413
FY2024-11,2024,Dec,11,Q4,5,ECOM,Ecommerce,Boys,Swim,Original Plan,21002.27,360,58.27,2820.61,84.01,0.5057,10620.84,55145.42,46614.63,15376.09,5535.39,13.1,0.413
FY2024-12,2024,Jan,12,Q4,4,ECOM,Ecommerce,Boys,Swim,Original Plan,8481.68,146,58.27,1316.74,33.93,0.4848,4111.53,46614.63,36782.27,0.0,0.0,22.0,0.203
FY2025-01,2025,Feb,1,Q1,4,ECOM,Ecommerce,Boys,Swim,Original Plan,11357.38,195,58.27,1345.02,45.43,0.5216,5923.7,36782.27,33693.14,9658.7,3477.13,13.0,0.322
FY2025-02,2025,Mar,2,Q1,5,ECOM,Ecommerce,Boys,Swim,Original Plan,16268.68,279,58.27,2480.71,65.07,0.4875,7931.25,33693.14,37850.17,22971.49,8269.74,10.4,0.455
FY2025-03,2025,Apr,3,Q1,4,ECOM,Ecommerce,Boys,Swim,Original Plan,18110.42,311,58.27,2418.57,72.44,0.5065,9172.09,37850.17,50347.58,33098.85,11915.58,8.4,0.411
FY2025-04,2025,May,4,Q2,4,ECOM,Ecommerce,Boys,Swim,Original Plan,16729.11,287,58.27,2326.77,66.92,0.5009,8379.86,50347.58,45491.19,14266.41,5135.91,12.0,0.349
FY2025-05,2025,Jun,5,Q2,5,ECOM,Ecommerce,Boys,Swim,Original Plan,15194.33,261,58.27,2221.34,60.78,0.4938,7503.03,45491.19,35621.99,7607.25,2738.61,15.0,0.375
FY2025-06,2025,Jul,6,Q2,4,ECOM,Ecommerce,Boys,Swim,Original Plan,12892.16,221,58.27,1750.01,51.57,0.5043,6500.97,35621.99,38618.82,17690.57,6368.61,11.1,0.347
FY2025-07,2025,Aug,7,Q3,4,ECOM,Ecommerce,Boys,Swim,Original Plan,13506.07,232,58.27,2003.51,54.02,0.4917,6640.37,38618.82,39841.7,16786.49,6043.14,11.4,0.344
FY2025-08,2025,Sep,8,Q3,5,ECOM,Ecommerce,Boys,Swim,Original Plan,14580.42,250,58.27,1744.38,58.32,0.5204,7587.09,39841.7,33258.45,9799.88,3527.96,13.7,0.399
FY2025-09,2025,Oct,9,Q3,4,ECOM,Ecommerce,Boys,Swim,Original Plan,15347.81,263,58.27,1914.25,61.39,0.5153,7908.35,33258.45,44360.62,28425.62,10233.22,8.7,0.395
FY2025-10,2025,Nov,10,Q4,4,ECOM,Ecommerce,Boys,Swim,Original Plan,22100.85,379,58.27,3182.74,88.4,0.496,10961.8,44360.62,61800.07,42811.44,15412.12,8.0,0.416
FY2025-11,2025,Dec,11,Q4,5,ECOM,Ecommerce,Boys,Swim,Original Plan,23942.58,411,58.27,3665.82,95.77,0.4869,11657.44,61800.07,53557.95,19462.05,7006.34,12.9,0.415
FY2025-12,2025,Jan,12,Q4,4,ECOM,Ecommerce,Boys,Swim,Original Plan,9669.12,166,58.27,1251.52,38.68,0.5106,4936.72,53557.95,42598.63,0.0,0.0,22.2,0.201
FY2026-01,2026,Feb,1,Q1,4,ECOM,Ecommerce,Boys,Swim,Original Plan,13401.71,230,58.27,1900.07,53.61,0.4982,6677.02,42598.63,37278.18,10034.93,3612.58,12.7,0.336
FY2026-02,2026,Mar,2,Q1,5,ECOM,Ecommerce,Boys,Swim,Original Plan,19197.04,329,58.27,2392.64,76.79,0.5154,9893.47,37278.18,43552.19,27940.48,10058.57,9.7,0.475
FY2026-03,2026,Apr,3,Q1,4,ECOM,Ecommerce,Boys,Swim,Original Plan,21370.29,367,58.27,2660.06,85.48,0.5155,11016.92,43552.19,59150.56,39714.2,14297.11,8.2,0.416
FY2026-04,2026,May,4,Q2,4,ECOM,Ecommerce,Boys,Swim,Original Plan,19740.35,339,58.27,3031.02,78.96,0.4865,9602.8,59150.56,55332.26,19032.04,6851.53,12.0,0.345
FY2026-05,2026,Jun,5,Q2,5,ECOM,Ecommerce,Boys,Swim,Original Plan,17929.31,308,58.27,2398.51,71.72,0.5062,9076.25,55332.26,41563.15,6630.43,2386.95,15.4,0.37
FY2026-06,2026,Jul,6,Q2,4,ECOM,Ecommerce,Boys,Swim,Original Plan,15212.75,261,58.27,2039.93,60.85,0.5059,7696.23,41563.15,43264.23,19014.62,6845.26,10.9,0.359
FY2026-07,2026,Aug,7,Q3,4,ECOM,Ecommerce,Boys,Swim,Original Plan,15937.17,274,58.27,1963.77,63.75,0.5168,8236.02,43264.23,44979.22,19679.68,7084.68,10.9,0.361
FY2026-08,2026,Sep,8,Q3,5,ECOM,Ecommerce,Boys,Swim,Original Plan,17204.9,295,58.27,2339.72,68.82,0.504,8671.41,44979.22,39288.2,13922.42,5012.07,13.1,0.408
FY2026-09,2026,Oct,9,Q3,4,ECOM,Ecommerce,Boys,Swim,Original Plan,18110.42,311,58.27,2451.21,72.44,0.5047,9139.46,39288.2,50472.88,31818.75,11454.75,8.7,0.404
FY2026-10,2026,Nov,10,Q4,4,ECOM,Ecommerce,Boys,Swim,Original Plan,26079.0,448,58.27,3605.49,104.32,0.5017,13085.07,50472.88,74574.63,53890.55,19400.6,7.7,0.417
FY2026-11,2026,Dec,11,Q4,5,ECOM,Ecommerce,Boys,Swim,Original Plan,28252.25,485,58.27,3301.2,113.01,0.5232,14780.24,74574.63,68758.64,25850.47,9306.17,13.2,0.394
FY2026-12,2026,Jan,12,Q4,4,ECOM,Ecommerce,Boys,Swim,Original Plan,11409.56,196,58.27,1645.85,45.64,0.4957,5656.27,68758.64,55657.59,0.0,0.0,24.1,0.183
FY2024-01,2024,Feb,1,Q1,4,ECOM,Ecommerce,Boys,Swim,Current Plan,9812.97,168,58.27,1234.66,39.25,0.5142,5045.64,28132.04,28096.41,11051.25,3978.45,11.5,0.349
FY2024-02,2024,Mar,2,Q1,5,ECOM,Ecommerce,Boys,Swim,Current Plan,14522.9,249,58.27,1844.26,58.09,0.513,7450.39,28096.41,35188.75,23517.58,8466.33,9.7,0.459
FY2024-03,2024,Apr,3,Q1,4,ECOM,Ecommerce,Boys,Swim,Current Plan,15651.47,269,58.27,1860.5,62.61,0.5211,8156.44,35188.75,45589.37,27975.2,10071.07,9.0,0.388
FY2024-04,2024,May,4,Q2,4,ECOM,Ecommerce,Boys,Swim,Current Plan,14356.09,246,58.27,2188.58,57.42,0.4876,6999.32,45589.37,39517.14,10529.86,3790.75,12.7,0.337
FY2024-05,2024,Jun,5,Q2,5,ECOM,Ecommerce,Boys,Swim,Current Plan,13451.7,231,58.27,1703.12,53.81,0.5134,6905.97,39517.14,30257.94,5949.43,2141.79,14.7,0.386
FY2024-06,2024,Jul,6,Q2,4,ECOM,Ecommerce,Boys,Swim,Current Plan,11407.13,196,58.27,1660.59,45.63,0.4944,5639.97,30257.94,34586.3,17441.72,6279.02,10.6,0.352
FY2024-07,2024,Aug,7,Q3,4,ECOM,Ecommerce,Boys,Swim,Current Plan,12005.52,206,58.27,1830.35,48.02,0.4875,5853.18,34586.3,35983.31,15280.9,5501.12,11.5,0.34
FY2024-08,2024,Sep,8,Q3,5,ECOM,Ecommerce,Boys,Swim,Current Plan,13827.42,237,58.27,1696.27,55.31,0.5173,7153.27,35983.31,32435.85,12031.54,4331.35,13.0,0.404
FY2024-09,2024,Oct,9,Q3,4,ECOM,Ecommerce,Boys,Swim,Current Plan,13953.42,239,58.27,1927.64,55.81,0.5019,7002.55,32435.85,40740.45,24241.48,8726.93,9.3,0.381
FY2024-10,2024,Nov,10,Q4,4,ECOM,Ecommerce,Boys,Swim,Current Plan,19386.46,333,58.27,2250.8,77.55,0.5239,10156.54,40740.45,55652.58,36626.93,13185.7,8.4,0.402
FY2024-11,2024,Dec,11,Q4,5,ECOM,Ecommerce,Boys,Swim,Current Plan,20837.93,358,58.27,2655.52,83.35,0.5126,10680.76,55652.58,49287.4,17211.61,6196.18,13.4,0.397
FY2024-12,2024,Jan,12,Q4,4,ECOM,Ecommerce,Boys,Swim,Current Plan,8412.78,144,58.27,1296.2,33.65,0.4859,4087.98,49287.4,39544.76,0.0,0.0,23.4,0.189
FY2025-01,2025,Feb,1,Q1,4,ECOM,Ecommerce,Boys,Swim,Current Plan,11546.15,198,58.27,1777.73,46.18,0.486,5611.81,39544.76,35164.77,8990.06,3236.42,13.7,0.309
FY2025-02,2025,Mar,2,Q1,5,ECOM,Ecommerce,Boys,Swim,Current Plan,16214.52,278,58.27,2216.29,64.86,0.5033,8161.01,35164.77,36909.83,20240.72,7286.66,10.8,0.45
FY2025-03,2025,Apr,3,Q1,4,ECOM,Ecommerce,Boys,Swim,Current Plan,18177.66,312,58.27,2808.37,72.71,0.4855,8825.33,36909.83,52127.28,36276.2,13059.43,8.1,0.408
FY2025-04,2025,May,4,Q2,4,ECOM,Ecommerce,Boys,Swim,Current Plan,16756.61,288,58.27,2576.31,67.03,0.4863,8147.92,52127.28,49122.61,16395.28,5902.3,12.4,0.331
FY2025-05,2025,Jun,5,Q2,5,ECOM,Ecommerce,Boys,Swim,Current Plan,15767.74,271,58.27,2245.37,63.07,0.4976,7845.98,49122.61,35729.41,4682.98,1685.87,15.6,0.372
FY2025-06,2025,Jul,6,Q2,4,ECOM,Ecommerce,Boys,Swim,Current Plan,12753.56,219,58.27,1857.86,51.01,0.4943,6304.42,35729.41,35409.87,14342.9,5163.44,11.2,0.359
FY2025-07,2025,Aug,7,Q3,4,ECOM,Ecommerce,Boys,Swim,Current Plan,13756.21,236,58.27,1586.48,55.02,0.5247,7217.5,35409.87,40702.91,20690.76,7448.67,10.3,0.361
FY2025-08,2025,Sep,8,Q3,5,ECOM,Ecommerce,Boys,Swim,Current Plan,14923.84,256,58.27,2099.38,59.7,0.4993,7451.87,40702.91,33601.06,9981.07,3593.18,13.6,0.402
FY2025-09,2025,Oct,9,Q3,4,ECOM,Ecommerce,Boys,Swim,Current Plan,15710.45,270,58.27,2269.9,62.84,0.4955,7784.79,33601.06,44416.08,28858.21,10388.96,8.6,0.403
FY2025-10,2025,Nov,10,Q4,4,ECOM,Ecommerce,Boys,Swim,Current Plan,22199.29,381,58.27,2602.44,88.8,0.5228,11605.11,44416.08,63656.95,44131.4,15887.31,8.0,0.411
FY2025-11,2025,Dec,11,Q4,5,ECOM,Ecommerce,Boys,Swim,Current Plan,24225.9,416,58.27,3550.13,96.9,0.4935,11954.44,63656.95,58969.97,23185.95,8346.94,13.1,0.395
FY2025-12,2025,Jan,12,Q4,4,ECOM,Ecommerce,Boys,Swim,Current Plan,9524.55,163,58.27,1276.29,38.1,0.506,4819.42,58969.97,48131.04,0.0,0.0,24.8,0.178
FY2026-01,2026,Feb,1,Q1,4,ECOM,Ecommerce,Boys,Swim,Current Plan,12619.68,217,58.27,1660.35,50.48,0.5084,6416.24,48131.04,36106.38,2305.85,830.1,15.3,0.3
FY2026-02,2026,Mar,2,Q1,5,ECOM,Ecommerce,Boys,Swim,Current Plan,18071.77,310,58.27,2332.73,72.29,0.5109,9233.21,36106.38,43757.95,28128.36,10126.21,10.0,0.453
FY2026-03,2026,Apr,3,Q1,4,ECOM,Ecommerce,Boys,Swim,Current Plan,20120.61,345,58.27,2568.34,80.48,0.5124,10308.85,43757.95,55712.92,34724.4,12500.78,8.7,0.405
FY2026-04,2026,May,4,Q2,4,ECOM,Ecommerce,Boys,Swim,Current Plan,18520.5,318,58.27,2359.79,74.08,0.5126,9493.33,55712.92,51209.08,16450.53,5922.19,12.0,0.346
FY2026-05,2026,Jun,5,Q2,5,ECOM,Ecommerce,Boys,Swim,Current Plan,17316.93,297,58.27,2300.95,69.27,0.5071,8781.88,51209.08,37609.9,6087.98,2191.67,14.8,0.39
FY2026-06,2026,Jul,6,Q2,4,ECOM,Ecommerce,Boys,Swim,Current Plan,14512.3,249,58.27,2116.08,58.05,0.4942,7171.79,37609.9,40888.38,19964.91,7187.37,10.4,0.37
FY2026-07,2026,Aug,7,Q3,4,ECOM,Ecommerce,Boys,Swim,Current Plan,15427.36,265,58.27,1853.3,61.71,0.5199,8020.21,40888.38,45088.36,21542.34,7755.24,10.6,0.359
FY2026-08,2026,Sep,8,Q3,5,ECOM,Ecommerce,Boys,Swim,Current Plan,16448.71,282,58.27,2109.16,65.79,0.5118,8418.01,45088.36,36988.4,10523.71,3788.54,13.7,0.401
FY2026-09,2026,Oct,9,Q3,4,ECOM,Ecommerce,Boys,Swim,Current Plan,17244.77,296,58.27,2201.9,68.98,0.5123,8834.76,36988.4,51247.54,33774.79,12158.92,8.6,0.391
FY2026-10,2026,Nov,10,Q4,4,ECOM,Ecommerce,Boys,Swim,Current Plan,24989.66,429,58.27,3128.06,99.96,0.5148,12865.32,51247.54,74455.42,51425.55,18513.2,8.2,0.398
FY2026-11,2026,Dec,11,Q4,5,ECOM,Ecommerce,Boys,Swim,Current Plan,26825.37,460,58.27,3162.82,107.3,0.5221,14005.41,74455.42,64342.91,19982.98,7193.87,13.9,0.387
FY2026-12,2026,Jan,12,Q4,4,ECOM,Ecommerce,Boys,Swim,Current Plan,10993.42,189,58.27,1431.09,43.97,0.5098,5604.69,64342.91,51874.42,0.0,0.0,23.4,0.189
FY2024-01,2024,Feb,1,Q1,4,STORE,Retail Stores,Boys,Swim,Original Plan,4528.46,78,58.27,427.85,40.76,0.5455,2470.36,13276.48,13663.54,5384.13,1938.29,11.7,0.336
FY2024-02,2024,Mar,2,Q1,5,STORE,Retail Stores,Boys,Swim,Original Plan,6486.71,111,58.27,767.52,58.38,0.5217,3383.97,13663.54,14450.82,8099.89,2915.96,10.5,0.461
FY2024-03,2024,Apr,3,Q1,4,STORE,Retail Stores,Boys,Swim,Original Plan,7221.06,124,58.27,784.48,64.99,0.5314,3837.0,14450.82,21782.77,15402.48,5544.89,8.0,0.399
FY2024-04,2024,May,4,Q2,4,STORE,Retail Stores,Boys,Swim,Original Plan,6670.3,114,58.27,736.54,60.03,0.5296,3532.45,21782.77,19732.46,5416.56,1949.96,13.1,0.321
FY2024-05,2024,Jun,5,Q2,5,STORE,Retail Stores,Boys,Swim,Original Plan,6058.35,104,58.27,654.03,54.53,0.532,3223.32,19732.46,14465.38,1499.82,539.94,16.3,0.354
FY2024-06,2024,Jul,6,Q2,4,STORE,Retail Stores,Boys,Swim,Original Plan,5140.42,88,58.27,517.0,46.26,0.5394,2772.86,14465.38,14077.38,5315.68,1913.64,11.3,0.36
FY2024-07,2024,Aug,7,Q3,4,STORE,Retail Stores,Boys,Swim,Original Plan,5385.2,92,58.27,494.18,48.47,0.5482,2952.34,14077.38,15717.73,7568.2,2724.55,10.5,0.361
FY2024-08,2024,Sep,8,Q3,5,STORE,Retail Stores,Boys,Swim,Original Plan,5813.56,100,58.27,525.44,52.32,0.5496,3195.24,15717.73,13556.51,4230.11,1522.84,13.5,0.397
FY2024-09,2024,Oct,9,Q3,4,STORE,Retail Stores,Boys,Swim,Original Plan,6119.54,105,58.27,568.89,55.08,0.547,3347.61,13556.51,17618.8,10805.8,3890.09,8.9,0.393
FY2024-10,2024,Nov,10,Q4,4,STORE,Retail Stores,Boys,Swim,Original Plan,8812.14,151,58.27,789.11,79.31,0.5505,4850.65,17618.8,26519.63,18581.39,6689.3,8.0,0.399
FY2024-11,2024,Dec,11,Q4,5,STORE,Retail Stores,Boys,Swim,Original Plan,9546.49,164,58.27,1150.51,85.92,0.5195,4959.24,26519.63,21026.11,5289.4,1904.18,13.9,0.402
FY2024-12,2024,Jan,12,Q4,4,STORE,Retail Stores,Boys,Swim,Original Plan,3855.31,66,58.27,429.98,34.7,0.5285,2037.42,21026.11,16706.13,0.0,0.0,21.8,0.204
FY2025-01,2025,Feb,1,Q1,4,STORE,Retail Stores,Boys,Swim,Original Plan,5162.45,89,58.27,585.15,46.46,0.5267,2718.82,16706.13,15001.19,4089.12,1472.08,12.9,0.326
FY2025-02,2025,Mar,2,Q1,5,STORE,Retail Stores,Boys,Swim,Original Plan,7394.85,127,58.27,679.87,66.55,0.5481,4052.83,15001.19,16868.24,10008.34,3603.0,10.1,0.464
FY2025-03,2025,Apr,3,Q1,4,STORE,Retail Stores,Boys,Swim,Original Plan,8232.01,141,58.27,906.47,74.09,0.5299,4362.01,16868.24,22905.94,15250.27,5490.1,8.2,0.414
FY2025-04,2025,May,4,Q2,4,STORE,Retail Stores,Boys,Swim,Original Plan,7604.14,130,58.27,747.76,68.44,0.5417,4118.89,22905.94,22089.99,7604.39,2737.58,12.0,0.338
FY2025-05,2025,Jun,5,Q2,5,STORE,Retail Stores,Boys,Swim,Original Plan,6906.51,119,58.27,672.72,62.16,0.5426,3747.45,22089.99,16729.71,2281.11,821.2,16.0,0.356
FY2025-06,2025,Jul,6,Q2,4,STORE,Retail Stores,Boys,Swim,Original Plan,5860.07,101,58.27,544.74,52.74,0.547,3205.71,16729.71,16041.33,5769.16,2076.9,11.4,0.358
FY2025-07,2025,Aug,7,Q3,4,STORE,Retail Stores,Boys,Swim,Original Plan,6139.12,105,58.27,667.9,55.25,0.5312,3261.14,16041.33,17529.94,8350.89,3006.32,10.5,0.366
FY2025-08,2025,Sep,8,Q3,5,STORE,Retail Stores,Boys,Swim,Original Plan,6627.46,114,58.27,720.29,59.65,0.5313,3521.29,17529.94,15568.93,5446.39,1960.7,13.2,0.4
FY2025-09,2025,Oct,9,Q3,4,STORE,Retail Stores,Boys,Swim,Original Plan,6976.28,120,58.27,807.81,62.79,0.5242,3657.01,15568.93,21095.76,13373.71,4814.53,8.9,0.381
FY2025-10,2025,Nov,10,Q4,4,STORE,Retail Stores,Boys,Swim,Original Plan,10045.84,172,58.27,1198.9,90.41,0.5207,5230.44,21095.76,27692.22,17931.6,6455.38,8.4,0.412
FY2025-11,2025,Dec,11,Q4,5,STORE,Retail Stores,Boys,Swim,Original Plan,10882.99,187,58.27,1141.24,97.95,0.5351,5823.88,27692.22,25920.35,10350.31,3726.11,12.7,0.406
FY2025-12,2025,Jan,12,Q4,4,STORE,Retail Stores,Boys,Swim,Original Plan,4395.05,75,58.27,512.76,39.56,0.5233,2300.07,25920.35,20972.98,0.0,0.0,23.6,0.187
FY2026-01,2026,Feb,1,Q1,4,STORE,Retail Stores,Boys,Swim,Original Plan,6091.69,105,58.27,708.25,54.83,0.5237,3190.42,20972.98,17091.21,2973.0,1070.28,13.8,0.32
FY2026-02,2026,Mar,2,Q1,5,STORE,Retail Stores,Boys,Swim,Original Plan,8725.93,150,58.27,875.46,78.53,0.5397,4709.14,17091.21,20500.07,13088.78,4711.96,9.8,0.464
FY2026-03,2026,Apr,3,Q1,4,STORE,Retail Stores,Boys,Swim,Original Plan,9713.77,167,58.27,1154.08,87.42,0.5212,5062.74,20500.07,27854.88,18310.07,6591.63,8.4,0.402
FY2026-04,2026,May,4,Q2,4,STORE,Retail Stores,Boys,Swim,Original Plan,8972.89,154,58.27,1048.11,80.76,0.5232,4694.54,27854.88,24604.01,6850.89,2466.32,12.4,0.342
FY2026-05,2026,Jun,5,Q2,5,STORE,Retail Stores,Boys,Swim,Original Plan,8149.69,140,58.27,828.49,73.35,0.5383,4387.31,24604.01,18712.99,3160.49,1137.78,15.1,0.376
FY2026-06,2026,Jul,6,Q2,4,STORE,Retail Stores,Boys,Swim,Original Plan,6914.89,119,58.27,705.14,62.23,0.538,3720.39,18712.99,19514.92,8484.19,3054.31,10.8,0.362
FY2026-07,2026,Aug,7,Q3,4,STORE,Retail Stores,Boys,Swim,Original Plan,7244.17,124,58.27,662.47,65.2,0.5486,3973.79,19514.92,21260.9,9717.82,3498.42,10.8,0.355
FY2026-08,2026,Sep,8,Q3,5,STORE,Retail Stores,Boys,Swim,Original Plan,7820.41,134,58.27,876.23,70.38,0.528,4128.83,21260.9,17228.27,4734.4,1704.38,13.6,0.406
FY2026-09,2026,Oct,9,Q3,4,STORE,Retail Stores,Boys,Swim,Original Plan,8232.01,141,58.27,849.23,74.09,0.5368,4419.26,17228.27,24542.56,16469.61,5929.06,8.4,0.394
FY2026-10,2026,Nov,10,Q4,4,STORE,Retail Stores,Boys,Swim,Original Plan,11854.09,203,58.27,1197.37,106.69,0.539,6389.25,24542.56,34428.57,23044.16,8295.9,8.3,0.402
FY2026-11,2026,Dec,11,Q4,5,STORE,Retail Stores,Boys,Swim,Original Plan,12841.93,220,58.27,1367.94,115.58,0.5335,6850.9,34428.57,30720.43,10617.3,3822.23,13.4,0.394
FY2026-12,2026,Jan,12,Q4,4,STORE,Retail Stores,Boys,Swim,Original Plan,5186.16,89,58.27,559.87,46.68,0.532,2759.28,30720.43,24927.72,0.0,0.0,23.7,0.186
FY2024-01,2024,Feb,1,Q1,4,STORE,Retail Stores,Boys,Swim,Current Plan,4488.09,77,58.27,530.61,40.39,0.5218,2341.76,13377.96,13397.91,5079.05,1828.46,11.9,0.335
FY2024-02,2024,Mar,2,Q1,5,STORE,Retail Stores,Boys,Swim,Current Plan,6545.1,112,58.27,594.58,58.91,0.5492,3594.29,13397.91,14868.46,8669.14,3120.89,10.2,0.463
FY2024-03,2024,Apr,3,Q1,4,STORE,Retail Stores,Boys,Swim,Current Plan,7474.97,128,58.27,738.93,67.27,0.5411,4045.05,14868.46,21296.61,14709.32,5295.36,8.0,0.413
FY2024-04,2024,May,4,Q2,4,STORE,Retail Stores,Boys,Swim,Current Plan,6488.87,111,58.27,601.55,58.4,0.5473,3551.33,21296.61,18306.46,4158.67,1497.12,13.1,0.328
FY2024-05,2024,Jun,5,Q2,5,STORE,Retail Stores,Boys,Swim,Current Plan,5972.04,102,58.27,718.5,53.75,0.5197,3103.6,18306.46,13107.18,1545.01,556.2,15.3,0.38
FY2024-06,2024,Jul,6,Q2,4,STORE,Retail Stores,Boys,Swim,Current Plan,5407.12,93,58.27,531.78,48.66,0.5417,2928.78,13107.18,15990.73,8871.12,3193.6,9.7,0.372
FY2024-07,2024,Aug,7,Q3,4,STORE,Retail Stores,Boys,Swim,Current Plan,5324.28,91,58.27,541.09,47.92,0.5384,2866.45,15990.73,15391.05,5313.61,1912.9,12.0,0.339
FY2024-08,2024,Sep,8,Q3,5,STORE,Retail Stores,Boys,Swim,Current Plan,5862.18,101,58.27,580.68,52.76,0.5409,3171.12,15391.05,13934.73,5039.3,1814.15,13.1,0.4
FY2024-09,2024,Oct,9,Q3,4,STORE,Retail Stores,Boys,Swim,Current Plan,6053.73,104,58.27,667.95,54.48,0.5297,3206.44,13934.73,17230.14,10071.57,3625.77,9.2,0.388
FY2024-10,2024,Nov,10,Q4,4,STORE,Retail Stores,Boys,Swim,Current Plan,8846.44,152,58.27,817.38,79.62,0.5476,4844.34,17230.14,25260.94,17774.24,6398.73,7.8,0.416
FY2024-11,2024,Dec,11,Q4,5,STORE,Retail Stores,Boys,Swim,Current Plan,9749.01,167,58.27,1171.2,87.74,0.5199,5068.16,25260.94,22720.12,8467.13,3048.17,13.0,0.406
FY2024-12,2024,Jan,12,Q4,4,STORE,Retail Stores,Boys,Swim,Current Plan,3921.49,67,58.27,402.17,35.29,0.5374,2107.58,22720.12,18361.16,0.0,0.0,23.2,0.191
FY2025-01,2025,Feb,1,Q1,4,STORE,Retail Stores,Boys,Swim,Current Plan,5181.05,89,58.27,488.6,46.63,0.5457,2827.27,18361.16,14781.41,2136.54,769.15,14.2,0.313
FY2025-02,2025,Mar,2,Q1,5,STORE,Retail Stores,Boys,Swim,Current Plan,7690.66,132,58.27,728.21,69.22,0.5453,4193.81,14781.41,16873.64,10580.32,3808.91,9.6,0.486
FY2025-03,2025,Apr,3,Q1,4,STORE,Retail Stores,Boys,Swim,Current Plan,8318.04,143,58.27,914.05,74.86,0.5301,4409.5,16873.64,22557.5,14990.82,5396.7,8.1,0.422
FY2025-04,2025,May,4,Q2,4,STORE,Retail Stores,Boys,Swim,Current Plan,7478.32,128,58.27,669.94,67.3,0.5504,4116.18,22557.5,22750.59,8408.65,3027.11,12.1,0.33
FY2025-05,2025,Jun,5,Q2,5,STORE,Retail Stores,Boys,Swim,Current Plan,7139.51,123,58.27,719.0,64.26,0.5393,3850.29,22750.59,15538.59,710.77,255.88,15.9,0.373
FY2025-06,2025,Jul,6,Q2,4,STORE,Retail Stores,Boys,Swim,Current Plan,5895.78,101,58.27,538.31,53.06,0.5487,3234.99,15538.59,16282.68,7231.25,2603.25,10.5,0.371
FY2025-07,2025,Aug,7,Q3,4,STORE,Retail Stores,Boys,Swim,Current Plan,6163.36,106,58.27,717.05,55.47,0.5237,3227.5,16282.68,16739.6,7392.8,2661.41,10.6,0.373
FY2025-08,2025,Sep,8,Q3,5,STORE,Retail Stores,Boys,Swim,Current Plan,6457.34,111,58.27,753.89,58.12,0.5233,3378.81,16739.6,15004.63,5534.37,1992.37,13.0,0.407
FY2025-09,2025,Oct,9,Q3,4,STORE,Retail Stores,Boys,Swim,Current Plan,7008.14,120,58.27,637.4,63.07,0.549,3847.82,15004.63,20372.72,13076.71,4707.61,8.6,0.396
FY2025-10,2025,Nov,10,Q4,4,STORE,Retail Stores,Boys,Swim,Current Plan,10123.11,174,58.27,975.12,91.11,0.5437,5503.67,20372.72,30082.32,20898.94,7523.62,8.0,0.401
FY2025-11,2025,Dec,11,Q4,5,STORE,Retail Stores,Boys,Swim,Current Plan,11102.21,191,58.27,1317.28,99.92,0.5213,5788.14,30082.32,26218.21,8655.3,3115.91,13.5,0.394
FY2025-12,2025,Jan,12,Q4,4,STORE,Retail Stores,Boys,Swim,Current Plan,4291.65,74,58.27,452.92,38.62,0.5345,2293.73,26218.21,21435.01,0.0,0.0,24.4,0.18
FY2026-01,2026,Feb,1,Q1,4,STORE,Retail Stores,Boys,Swim,Current Plan,5804.87,100,58.27,678.36,52.24,0.5231,3036.76,21435.01,15696.33,796.79,286.84,14.8,0.313
FY2026-02,2026,Mar,2,Q1,5,STORE,Retail Stores,Boys,Swim,Current Plan,8255.14,142,58.27,749.12,74.3,0.5493,4534.17,15696.33,20004.64,13386.86,4819.27,9.5,0.462
FY2026-03,2026,Apr,3,Q1,4,STORE,Retail Stores,Boys,Swim,Current Plan,9251.78,159,58.27,906.62,83.27,0.542,5014.52,20004.64,25582.54,15819.57,5695.05,8.6,0.406
FY2026-04,2026,May,4,Q2,4,STORE,Retail Stores,Boys,Swim,Current Plan,8489.06,146,58.27,827.9,76.4,0.5425,4605.09,25582.54,24492.37,8303.19,2989.15,12.1,0.339
FY2026-05,2026,Jun,5,Q2,5,STORE,Retail Stores,Boys,Swim,Current Plan,7677.69,132,58.27,738.13,69.1,0.5439,4175.59,24492.37,17831.29,1823.84,656.58,16.0,0.363
FY2026-06,2026,Jul,6,Q2,4,STORE,Retail Stores,Boys,Swim,Current Plan,6485.68,111,58.27,588.85,58.37,0.5492,3561.98,17831.29,18752.7,8054.32,2899.55,11.0,0.355
FY2026-07,2026,Aug,7,Q3,4,STORE,Retail Stores,Boys,Swim,Current Plan,6882.54,118,58.27,751.16,61.94,0.5309,3653.67,18752.7,19236.6,8179.54,2944.63,10.9,0.362
FY2026-08,2026,Sep,8,Q3,5,STORE,Retail Stores,Boys,Swim,Current Plan,7524.33,129,58.27,863.94,67.72,0.5252,3951.63,19236.6,18151.52,7370.91,2653.53,12.8,0.402
FY2026-09,2026,Oct,9,Q3,4,STORE,Retail Stores,Boys,Swim,Current Plan,7924.71,136,58.27,722.12,71.32,0.5489,4349.7,18151.52,21970.37,12537.0,4513.32,9.2,0.395
FY2026-10,2026,Nov,10,Q4,4,STORE,Retail Stores,Boys,Swim,Current Plan,11370.01,195,58.27,1024.59,102.33,0.5499,6252.21,21970.37,33018.97,23545.53,8476.39,7.7,0.414
FY2026-11,2026,Dec,11,Q4,5,STORE,Retail Stores,Boys,Swim,Current Plan,12344.85,212,58.27,1362.99,111.1,0.5296,6537.71,33018.97,26780.11,7580.09,2728.83,13.4,0.413
FY2026-12,2026,Jan,12,Q4,4,STORE,Retail Stores,Boys,Swim,Current Plan,4902.17,84,58.27,464.43,44.12,0.5453,2672.96,26780.11,21369.4,0.0,0.0,21.9,0.204
FY2024-01,2024,Feb,1,Q1,4,WHSL,Wholesale,Boys,Swim,Original Plan,7815.88,175,44.63,143.76,7.82,0.4616,3607.86,7608.13,7578.34,7937.66,4127.58,3.9,1.029
FY2024-02,2024,Mar,2,Q1,5,WHSL,Wholesale,Boys,Swim,Original Plan,6555.25,147,44.63,128.97,6.56,0.4603,3017.55,7578.34,5327.68,4440.12,2308.86,5.8,1.016
FY2024-03,2024,Apr,3,Q1,4,WHSL,Wholesale,Boys,Swim,Original Plan,3126.35,70,44.63,69.4,3.13,0.4578,1431.25,5327.68,3074.82,946.01,491.93,6.8,0.744
FY2024-04,2024,May,4,Q2,4,WHSL,Wholesale,Boys,Swim,Original Plan,2773.38,62,44.63,54.46,2.77,0.4604,1276.76,3074.82,2616.21,2372.01,1233.44,4.4,0.975
FY2024-05,2024,Jun,5,Q2,5,WHSL,Wholesale,Boys,Swim,Original Plan,6807.38,153,44.63,123.32,6.81,0.4619,3144.22,2616.21,5229.81,9551.11,4966.58,1.9,1.735
FY2024-06,2024,Jul,6,Q2,4,WHSL,Wholesale,Boys,Swim,Original Plan,7160.35,160,44.63,136.02,7.16,0.461,3300.95,5229.81,7169.81,9243.53,4806.64,2.9,1.155
FY2024-07,2024,Aug,7,Q3,4,WHSL,Wholesale,Boys,Swim,Original Plan,3529.75,79,44.63,75.16,3.53,0.4587,1619.12,7169.81,3666.11,104.75,54.47,8.1,0.651
FY2024-08,2024,Sep,8,Q3,5,WHSL,Wholesale,Boys,Swim,Original Plan,5294.63,119,44.63,111.05,5.29,0.459,2430.37,3666.11,4074.23,5819.09,3025.92,3.5,1.368
FY2024-09,2024,Oct,9,Q3,4,WHSL,Wholesale,Boys,Swim,Original Plan,6958.65,156,44.63,148.25,6.96,0.4587,3191.91,4074.23,7181.19,10220.83,5314.83,2.3,1.236
FY2024-10,2024,Nov,10,Q4,4,WHSL,Wholesale,Boys,Swim,Original Plan,4286.13,96,44.63,95.72,4.29,0.4577,1961.62,7181.19,4085.0,1289.94,670.77,6.7,0.761
FY2024-11,2024,Dec,11,Q4,5,WHSL,Wholesale,Boys,Swim,Original Plan,3025.5,68,44.63,64.35,3.03,0.4587,1387.89,4085.0,2414.5,1422.37,739.63,6.8,0.931
FY2024-12,2024,Jan,12,Q4,4,WHSL,Wholesale,Boys,Swim,Original Plan,3176.78,71,44.63,54.27,3.18,0.4629,1470.59,2414.5,3055.74,3875.46,2015.24,3.0,1.161
FY2025-01,2025,Feb,1,Q1,4,WHSL,Wholesale,Boys,Swim,Original Plan,8910.1,200,44.63,183.45,8.91,0.4594,4093.4,3055.74,9171.71,15218.42,7913.58,1.4,1.457
FY2025-02,2025,Mar,2,Q1,5,WHSL,Wholesale,Boys,Swim,Original Plan,7472.99,167,44.63,148.19,7.47,0.4602,3438.85,9171.71,6320.44,4777.39,2484.24,6.1,0.965
FY2025-03,2025,Apr,3,Q1,4,WHSL,Wholesale,Boys,Swim,Original Plan,3564.04,80,44.63,64.52,3.56,0.4619,1646.22,6320.44,3463.01,774.69,402.84,7.1,0.729
FY2025-04,2025,May,4,Q2,4,WHSL,Wholesale,Boys,Swim,Original Plan,3161.65,71,44.63,68.82,3.16,0.4582,1448.77,3463.01,3154.53,2925.15,1521.08,4.4,0.956
FY2025-05,2025,Jun,5,Q2,5,WHSL,Wholesale,Boys,Swim,Original Plan,7760.41,174,44.63,162.46,7.76,0.4591,3562.54,3154.53,5995.86,10771.96,5601.42,2.0,1.696
FY2025-06,2025,Jul,6,Q2,4,WHSL,Wholesale,Boys,Swim,Original Plan,8162.8,183,44.63,186.18,8.16,0.4572,3731.96,5995.86,7841.24,10202.53,5305.31,2.9,1.18
FY2025-07,2025,Aug,7,Q3,4,WHSL,Wholesale,Boys,Swim,Original Plan,4023.92,90,44.63,74.22,4.02,0.4616,1857.26,7841.24,3809.79,70.71,36.77,7.8,0.691
FY2025-08,2025,Sep,8,Q3,5,WHSL,Wholesale,Boys,Swim,Original Plan,6035.88,135,44.63,127.0,6.04,0.459,2770.22,3809.79,4613.98,6973.09,3626.01,3.2,1.433
FY2025-09,2025,Oct,9,Q3,4,WHSL,Wholesale,Boys,Swim,Original Plan,7932.86,178,44.63,159.38,7.93,0.4599,3648.39,4613.98,7835.48,11321.68,5887.27,2.3,1.274
FY2025-10,2025,Nov,10,Q4,4,WHSL,Wholesale,Boys,Swim,Original Plan,4886.18,109,44.63,110.54,4.89,0.4574,2234.83,7835.48,4916.47,2082.6,1082.95,6.4,0.766
FY2025-11,2025,Dec,11,Q4,5,WHSL,Wholesale,Boys,Swim,Original Plan,3449.07,77,44.63,65.65,3.45,0.461,1589.9,4916.47,2734.95,1336.66,695.06,7.1,0.902
FY2025-12,2025,Jan,12,Q4,4,WHSL,Wholesale,Boys,Swim,Original Plan,3621.53,81,44.63,75.08,3.62,0.4593,1663.25,2734.95,3625.64,4590.92,2387.28,3.0,1.139
FY2026-01,2026,Feb,1,Q1,4,WHSL,Wholesale,Boys,Swim,Original Plan,10513.92,236,44.63,190.8,10.51,0.4619,4855.89,3625.64,10109.97,17199.56,8943.77,1.4,1.531
FY2026-02,2026,Mar,2,Q1,5,WHSL,Wholesale,Boys,Swim,Original Plan,8818.13,198,44.63,168.73,8.82,0.4609,4063.97,10109.97,7049.16,5934.87,3086.13,5.7,1.028
FY2026-03,2026,Apr,3,Q1,4,WHSL,Wholesale,Boys,Swim,Original Plan,4205.57,94,44.63,87.7,4.21,0.4591,1930.98,7049.16,4182.3,1430.61,743.92,6.7,0.749
FY2026-04,2026,May,4,Q2,4,WHSL,Wholesale,Boys,Swim,Original Plan,3730.75,84,44.63,71.18,3.73,0.4609,1719.58,4182.3,3619.08,3242.44,1686.07,4.5,0.956
FY2026-05,2026,Jun,5,Q2,5,WHSL,Wholesale,Boys,Swim,Original Plan,9157.29,205,44.63,168.04,9.16,0.4616,4227.46,3619.08,7214.98,12930.38,6723.8,2.0,1.69
FY2026-06,2026,Jul,6,Q2,4,WHSL,Wholesale,Boys,Swim,Original Plan,9632.11,216,44.63,190.49,9.63,0.4602,4432.92,7214.98,9691.22,12308.47,6400.41,3.0,1.139
FY2026-07,2026,Aug,7,Q3,4,WHSL,Wholesale,Boys,Swim,Original Plan,4748.22,106,44.63,103.45,4.75,0.4582,2175.7,9691.22,4834.8,0.0,0.0,8.2,0.654
FY2026-08,2026,Sep,8,Q3,5,WHSL,Wholesale,Boys,Swim,Original Plan,7122.33,160,44.63,148.31,7.12,0.4592,3270.41,4834.8,5531.49,7974.45,4146.71,3.4,1.374
FY2026-09,2026,Oct,9,Q3,4,WHSL,Wholesale,Boys,Swim,Original Plan,9360.78,210,44.63,179.27,9.36,0.4608,4313.91,5531.49,9646.28,13664.2,7105.38,2.4,1.233
FY2026-10,2026,Nov,10,Q4,4,WHSL,Wholesale,Boys,Swim,Original Plan,5765.7,129,44.63,119.42,5.77,0.4593,2648.11,9646.28,5697.61,1942.22,1009.95,6.7,0.752
FY2026-11,2026,Dec,11,Q4,5,WHSL,Wholesale,Boys,Swim,Original Plan,4069.9,91,44.63,86.94,4.07,0.4586,1866.62,5697.61,3135.8,1599.09,831.53,7.0,0.921
FY2026-12,2026,Jan,12,Q4,4,WHSL,Wholesale,Boys,Swim,Original Plan,4273.4,96,44.63,85.04,4.27,0.4601,1966.19,3135.8,4454.08,5681.0,2954.12,2.9,1.126
FY2024-01,2024,Feb,1,Q1,4,WHSL,Wholesale,Boys,Swim,Current Plan,7925.58,178,44.63,142.83,7.93,0.462,3661.45,7827.36,7683.84,7932.82,4125.07,4.0,1.022
FY2024-02,2024,Mar,2,Q1,5,WHSL,Wholesale,Boys,Swim,Current Plan,6613.65,148,44.63,121.56,6.61,0.4616,3052.99,7683.84,5174.46,4232.43,2200.87,5.8,1.029
FY2024-03,2024,Apr,3,Q1,4,WHSL,Wholesale,Boys,Swim,Current Plan,2992.43,67,44.63,66.21,2.99,0.4579,1370.16,5174.46,2997.59,884.76,460.08,6.9,0.732
FY2024-04,2024,May,4,Q2,4,WHSL,Wholesale,Boys,Swim,Current Plan,2824.11,63,44.63,55.17,2.82,0.4605,1300.4,2997.59,2874.16,2758.68,1434.52,4.2,0.962
FY2024-05,2024,Jun,5,Q2,5,WHSL,Wholesale,Boys,Swim,Current Plan,6783.98,152,44.63,141.91,6.78,0.4591,3114.4,2874.16,5422.65,9481.15,4930.2,2.1,1.635
FY2024-06,2024,Jul,6,Q2,4,WHSL,Wholesale,Boys,Swim,Current Plan,7316.64,164,44.63,148.26,7.32,0.4597,3363.73,5422.65,7632.32,9681.89,5034.58,3.0,1.121
FY2024-07,2024,Aug,7,Q3,4,WHSL,Wholesale,Boys,Swim,Current Plan,3500.64,78,44.63,66.82,3.5,0.4609,1613.48,7632.32,4061.36,0.0,0.0,8.7,0.599
FY2024-08,2024,Sep,8,Q3,5,WHSL,Wholesale,Boys,Swim,Current Plan,5390.1,121,44.63,120.17,5.39,0.4577,2467.08,4061.36,4247.53,5701.84,2964.96,3.8,1.297
FY2024-09,2024,Oct,9,Q3,4,WHSL,Wholesale,Boys,Swim,Current Plan,7126.04,160,44.63,147.15,7.13,0.4593,3273.35,4247.53,7257.78,10290.58,5351.1,2.4,1.239
FY2024-10,2024,Nov,10,Q4,4,WHSL,Wholesale,Boys,Swim,Current Plan,4174.61,94,44.63,79.01,4.17,0.4611,1924.81,7257.78,4282.34,1282.35,666.82,7.0,0.723
FY2024-11,2024,Dec,11,Q4,5,WHSL,Wholesale,Boys,Swim,Current Plan,3055.92,68,44.63,67.84,3.06,0.4578,1399.0,4282.34,2495.08,1339.54,696.56,7.0,0.902
FY2024-12,2024,Jan,12,Q4,4,WHSL,Wholesale,Boys,Swim,Current Plan,3153.1,71,44.63,61.43,3.15,0.4605,1452.06,2495.08,3285.15,4007.75,2084.03,3.2,1.091
FY2025-01,2025,Feb,1,Q1,4,WHSL,Wholesale,Boys,Swim,Current Plan,8948.43,200,44.63,187.2,8.95,0.4591,4108.05,3285.15,9255.08,15114.51,7859.54,1.5,1.427
FY2025-02,2025,Mar,2,Q1,5,WHSL,Wholesale,Boys,Swim,Current Plan,7504.27,168,44.63,152.65,7.5,0.4597,3449.39,9255.08,5643.7,4053.05,2107.59,6.2,1.007
FY2025-03,2025,Apr,3,Q1,4,WHSL,Wholesale,Boys,Swim,Current Plan,3461.63,78,44.63,77.52,3.46,0.4576,1584.06,5643.7,3277.11,1176.02,611.53,6.5,0.776
FY2025-04,2025,May,4,Q2,4,WHSL,Wholesale,Boys,Swim,Current Plan,3140.57,70,44.63,70.15,3.14,0.4577,1437.32,3277.11,3216.71,3153.46,1639.8,4.2,0.967
FY2025-05,2025,Jun,5,Q2,5,WHSL,Wholesale,Boys,Swim,Current Plan,7655.32,172,44.63,133.96,7.66,0.4625,3540.6,3216.71,5845.99,10426.21,5421.63,2.1,1.689
FY2025-06,2025,Jul,6,Q2,4,WHSL,Wholesale,Boys,Swim,Current Plan,8195.91,184,44.63,166.47,8.2,0.4597,3767.57,5845.99,8027.1,10551.69,5486.88,2.9,1.182
FY2025-07,2025,Aug,7,Q3,4,WHSL,Wholesale,Boys,Swim,Current Plan,4034.68,90,44.63,89.44,4.03,0.4578,1847.21,8027.1,4086.75,187.81,97.66,8.0,0.666
FY2025-08,2025,Sep,8,Q3,5,WHSL,Wholesale,Boys,Swim,Current Plan,6190.86,139,44.63,127.45,6.19,0.4594,2844.16,4086.75,4714.78,6952.53,3615.31,3.3,1.407
FY2025-09,2025,Oct,9,Q3,4,WHSL,Wholesale,Boys,Swim,Current Plan,8097.32,181,44.63,143.14,8.1,0.4623,3743.57,4714.78,8347.92,11881.7,6178.49,2.3,1.24
FY2025-10,2025,Nov,10,Q4,4,WHSL,Wholesale,Boys,Swim,Current Plan,4874.63,109,44.63,111.7,4.87,0.4571,2228.12,8347.92,5103.06,1746.34,908.1,6.9,0.725
FY2025-11,2025,Dec,11,Q4,5,WHSL,Wholesale,Boys,Swim,Current Plan,3608.19,81,44.63,78.23,3.61,0.4583,1653.7,5103.06,3020.21,1607.18,835.73,7.1,0.888
FY2025-12,2025,Jan,12,Q4,4,WHSL,Wholesale,Boys,Swim,Current Plan,3698.0,83,44.63,72.22,3.7,0.4605,1702.82,3020.21,3732.11,4485.82,2332.63,3.3,1.095
FY2026-01,2026,Feb,1,Q1,4,WHSL,Wholesale,Boys,Swim,Current Plan,10241.33,229,44.63,231.3,10.24,0.4574,4684.54,3732.11,10451.88,17202.63,8945.37,1.5,1.444
FY2026-02,2026,Mar,2,Q1,5,WHSL,Wholesale,Boys,Swim,Current Plan,8307.46,186,44.63,162.67,8.31,0.4604,3824.91,10451.88,6508.73,4535.29,2358.35,6.3,0.98
FY2026-03,2026,Apr,3,Q1,4,WHSL,Wholesale,Boys,Swim,Current Plan,4008.18,90,44.63,91.06,4.01,0.4573,1832.86,6508.73,4174.75,1769.27,920.02,6.5,0.75
FY2026-04,2026,May,4,Q2,4,WHSL,Wholesale,Boys,Swim,Current Plan,3536.86,79,44.63,70.02,3.54,0.4602,1627.67,4174.75,3556.22,2991.9,1555.79,4.7,0.915
FY2026-05,2026,Jun,5,Q2,5,WHSL,Wholesale,Boys,Swim,Current Plan,8653.13,194,44.63,184.62,8.65,0.4587,3968.88,3556.22,7111.93,12402.12,6449.1,2.1,1.622
FY2026-06,2026,Jul,6,Q2,4,WHSL,Wholesale,Boys,Swim,Current Plan,9186.4,206,44.63,200.97,9.19,0.4581,4208.51,7111.93,8898.42,11183.05,5815.18,3.1,1.148
FY2026-07,2026,Aug,7,Q3,4,WHSL,Wholesale,Boys,Swim,Current Plan,4549.32,102,44.63,85.56,4.55,0.4612,2098.12,8898.42,4587.61,328.62,170.88,7.8,0.675
FY2026-08,2026,Sep,8,Q3,5,WHSL,Wholesale,Boys,Swim,Current Plan,6758.31,151,44.63,151.24,6.76,0.4576,3092.75,4587.61,5264.8,7593.49,3948.62,3.4,1.372
FY2026-09,2026,Oct,9,Q3,4,WHSL,Wholesale,Boys,Swim,Current Plan,9001.49,202,44.63,184.52,9.0,0.4595,4136.19,5264.8,9420.39,13350.61,6942.32,2.3,1.226
FY2026-10,2026,Nov,10,Q4,4,WHSL,Wholesale,Boys,Swim,Current Plan,5670.78,127,44.63,101.31,5.67,0.4621,2620.67,9420.39,5936.3,2293.67,1192.71,6.6,0.739
FY2026-11,2026,Dec,11,Q4,5,WHSL,Wholesale,Boys,Swim,Current Plan,3888.42,87,44.63,81.22,3.89,0.4591,1785.23,5936.3,3119.74,1156.96,601.62,7.6,0.859
FY2026-12,2026,Jan,12,Q4,4,WHSL,Wholesale,Boys,Swim,Current Plan,4022.56,90,44.63,81.73,4.02,0.4597,1849.1,3119.74,3916.88,4905.45,2550.83,3.1,1.143
FY2024-01,2024,Feb,1,Q1,4,ECOM,Ecommerce,Boys,Tops,Original Plan,49813.07,957,52.07,7385.25,199.25,0.4917,24495.11,150570.05,149318.15,56145.67,20212.44,12.1,0.332
FY2024-02,2024,Mar,2,Q1,5,ECOM,Ecommerce,Boys,Tops,Original Plan,71353.86,1370,52.07,9001.05,285.42,0.5139,36665.41,149318.15,169274.71,100596.89,36214.88,10.5,0.448
FY2024-03,2024,Apr,3,Q1,4,ECOM,Ecommerce,Boys,Tops,Original Plan,79431.65,1526,52.07,10092.1,317.73,0.5129,40744.16,169274.71,218162.87,138729.65,49942.67,8.5,0.41
FY2024-04,2024,May,4,Q2,4,ECOM,Ecommerce,Boys,Tops,Original Plan,73373.31,1409,52.07,10435.02,293.49,0.4978,36523.9,218162.87,221835.43,87774.37,31598.77,11.9,0.334
FY2024-05,2024,Jun,5,Q2,5,ECOM,Ecommerce,Boys,Tops,Original Plan,66641.81,1280,52.07,8647.2,266.57,0.5102,34003.56,221835.43,151652.15,5372.3,1934.03,16.6,0.357
FY2024-06,2024,Jul,6,Q2,4,ECOM,Ecommerce,Boys,Tops,Original Plan,56544.57,1086,52.07,8738.13,226.18,0.4855,27450.4,151652.15,155317.32,69174.04,24902.66,10.7,0.368
FY2024-07,2024,Aug,7,Q3,4,ECOM,Ecommerce,Boys,Tops,Original Plan,59237.16,1138,52.07,7315.77,236.95,0.5165,30596.02,155317.32,180386.29,91858.86,33069.19,10.5,0.353
FY2024-08,2024,Sep,8,Q3,5,ECOM,Ecommerce,Boys,Tops,Original Plan,63949.21,1228,52.07,8932.21,255.8,0.5003,31995.29,180386.29,139916.59,32667.51,11760.3,14.1,0.399
FY2024-09,2024,Oct,9,Q3,4,ECOM,Ecommerce,Boys,Tops,Original Plan,67314.96,1293,52.07,10167.89,269.26,0.489,32913.69,139916.59,195745.94,133581.46,48089.33,8.3,0.401
FY2024-10,2024,Nov,10,Q4,4,ECOM,Ecommerce,Boys,Tops,Original Plan,96933.54,1862,52.07,14439.63,387.73,0.491,47597.83,195745.94,278169.34,194184.3,69906.35,8.1,0.409
FY2024-11,2024,Dec,11,Q4,5,ECOM,Ecommerce,Boys,Tops,Original Plan,105011.34,2017,52.07,16238.67,420.05,0.4854,50968.58,278169.34,241905.88,85406.6,30746.38,13.2,0.404
FY2024-12,2024,Jan,12,Q4,4,ECOM,Ecommerce,Boys,Tops,Original Plan,42408.42,815,52.07,5841.72,169.63,0.5023,21299.67,241905.88,193486.1,0.0,0.0,22.8,0.195
FY2025-01,2025,Feb,1,Q1,4,ECOM,Ecommerce,Boys,Tops,Original Plan,56786.9,1091,52.07,7073.3,227.15,0.5154,29270.31,193486.1,156603.39,27204.64,9793.67,13.6,0.324
FY2025-02,2025,Mar,2,Q1,5,ECOM,Ecommerce,Boys,Tops,Original Plan,81343.4,1562,52.07,9840.29,325.37,0.519,42219.48,156603.39,178492.92,113398.6,40823.49,9.6,0.485
FY2025-03,2025,Apr,3,Q1,4,ECOM,Ecommerce,Boys,Tops,Original Plan,90552.08,1739,52.07,12163.51,362.21,0.5057,45789.82,178492.92,263407.55,187992.43,67677.28,7.9,0.41
FY2025-04,2025,May,4,Q2,4,ECOM,Ecommerce,Boys,Tops,Original Plan,83645.57,1607,52.07,10453.24,334.58,0.515,43079.93,263407.55,248788.73,79814.57,28733.24,12.6,0.327
FY2025-05,2025,Jun,5,Q2,5,ECOM,Ecommerce,Boys,Tops,Original Plan,75971.66,1459,52.07,9125.42,303.89,0.5199,39496.44,248788.73,170552.98,7165.22,2579.48,16.4,0.362
FY2025-06,2025,Jul,6,Q2,4,ECOM,Ecommerce,Boys,Tops,Original Plan,64460.81,1238,52.07,9433.43,257.84,0.4937,31821.49,170552.98,182480.92,86080.01,30988.8,10.6,0.365
FY2025-07,2025,Aug,7,Q3,4,ECOM,Ecommerce,Boys,Tops,Original Plan,67530.37,1297,52.07,7959.8,270.12,0.5221,35259.64,182480.92,194917.68,88197.05,31750.94,10.8,0.358
FY2025-08,2025,Sep,8,Q3,5,ECOM,Ecommerce,Boys,Tops,Original Plan,72902.1,1400,52.07,9469.91,291.61,0.5101,37187.44,194917.68,177099.55,64845.48,23344.37,13.4,0.392
FY2025-09,2025,Oct,9,Q3,4,ECOM,Ecommerce,Boys,Tops,Original Plan,76739.05,1474,52.07,8939.29,306.96,0.5235,40173.71,177099.55,224708.96,133594.71,48094.09,9.2,0.382
FY2025-10,2025,Nov,10,Q4,4,ECOM,Ecommerce,Boys,Tops,Original Plan,110504.24,2122,52.07,13313.7,442.02,0.5195,57409.02,224708.96,317819.25,217370.24,78253.29,8.1,0.407
FY2025-11,2025,Dec,11,Q4,5,ECOM,Ecommerce,Boys,Tops,Original Plan,119712.92,2299,52.07,14828.95,478.85,0.5161,61787.32,317819.25,271491.3,88692.77,31929.4,13.3,0.406
FY2025-12,2025,Jan,12,Q4,4,ECOM,Ecommerce,Boys,Tops,Original Plan,48345.6,929,52.07,6742.97,193.38,0.5005,24198.22,271491.3,216209.34,0.0,0.0,22.5,0.198
FY2026-01,2026,Feb,1,Q1,4,ECOM,Ecommerce,Boys,Tops,Original Plan,67008.54,1287,52.07,7938.34,268.03,0.5215,34947.13,216209.34,198793.83,57799.4,20807.78,12.9,0.323
FY2026-02,2026,Mar,2,Q1,5,ECOM,Ecommerce,Boys,Tops,Original Plan,95985.21,1844,52.07,13886.43,383.94,0.4953,47544.1,198793.83,220411.05,131872.81,47474.21,10.4,0.458
FY2026-03,2026,Apr,3,Q1,4,ECOM,Ecommerce,Boys,Tops,Original Plan,106851.46,2052,52.07,12307.62,427.41,0.5248,56077.31,220411.05,303861.56,203037.0,73093.32,8.3,0.408
FY2026-04,2026,May,4,Q2,4,ECOM,Ecommerce,Boys,Tops,Original Plan,98701.77,1896,52.07,15158.89,394.81,0.4864,48010.24,303861.56,288992.16,99386.06,35778.98,12.3,0.333
FY2026-05,2026,Jun,5,Q2,5,ECOM,Ecommerce,Boys,Tops,Original Plan,89646.56,1722,52.07,13407.44,358.59,0.4904,43966.36,288992.16,209617.89,24038.32,8653.8,16.1,0.36
FY2026-06,2026,Jul,6,Q2,4,ECOM,Ecommerce,Boys,Tops,Original Plan,76063.75,1461,52.07,9456.65,304.26,0.5157,39224.15,209617.89,209218.33,85425.1,30753.04,11.0,0.363
FY2026-07,2026,Aug,7,Q3,4,ECOM,Ecommerce,Boys,Tops,Original Plan,79685.83,1530,52.07,10368.71,318.74,0.5099,40630.22,209218.33,232993.15,114148.11,41093.32,10.5,0.36
FY2026-08,2026,Sep,8,Q3,5,ECOM,Ecommerce,Boys,Tops,Original Plan,86024.48,1652,52.07,10896.11,344.1,0.5133,44159.56,232993.15,194261.21,58532.74,21071.79,13.5,0.403
FY2026-09,2026,Oct,9,Q3,4,ECOM,Ecommerce,Boys,Tops,Original Plan,90552.08,1739,52.07,10818.24,362.21,0.5205,47135.09,194261.21,262003.54,169474.87,61010.95,8.6,0.397
FY2026-10,2026,Nov,10,Q4,4,ECOM,Ecommerce,Boys,Tops,Original Plan,130395.0,2504,52.07,15493.6,521.58,0.5212,67959.2,262003.54,364130.04,248536.68,89473.21,8.0,0.417
FY2026-11,2026,Dec,11,Q4,5,ECOM,Ecommerce,Boys,Tops,Original Plan,141261.25,2713,52.07,21684.19,565.05,0.4865,68723.01,364130.04,333050.51,132430.95,47675.14,12.9,0.405
FY2026-12,2026,Jan,12,Q4,4,ECOM,Ecommerce,Boys,Tops,Original Plan,57047.81,1096,52.07,7742.62,228.19,0.5043,28767.98,333050.51,268031.88,0.0,0.0,23.4,0.19
FY2024-01,2024,Feb,1,Q1,4,ECOM,Ecommerce,Boys,Tops,Current Plan,50480.52,970,52.07,5970.09,201.92,0.5217,26337.44,157907.19,150455.58,49200.93,17712.33,12.5,0.327
FY2024-02,2024,Mar,2,Q1,5,ECOM,Ecommerce,Boys,Tops,Current Plan,73026.16,1403,52.07,9613.56,292.1,0.5084,37123.18,150455.58,174151.08,106627.32,38385.84,10.3,0.45
FY2024-03,2024,Apr,3,Q1,4,ECOM,Ecommerce,Boys,Tops,Current Plan,82063.1,1576,52.07,10778.29,328.25,0.5087,41742.1,174151.08,232886.23,151904.79,54685.73,8.5,0.403
FY2024-04,2024,May,4,Q2,4,ECOM,Ecommerce,Boys,Tops,Current Plan,72210.0,1387,52.07,8410.64,288.84,0.5235,37803.76,232886.23,211679.14,59702.38,21492.86,12.9,0.325
FY2024-05,2024,Jun,5,Q2,5,ECOM,Ecommerce,Boys,Tops,Current Plan,66428.44,1276,52.07,8071.8,265.71,0.5185,34442.4,211679.14,150903.98,13990.8,5036.69,15.9,0.366
FY2024-06,2024,Jul,6,Q2,4,ECOM,Ecommerce,Boys,Tops,Current Plan,56771.99,1090,52.07,7798.12,227.09,0.5026,28535.95,150903.98,166344.19,80237.41,28885.47,10.6,0.358
FY2024-07,2024,Aug,7,Q3,4,ECOM,Ecommerce,Boys,Tops,Current Plan,60033.61,1153,52.07,7962.82,240.13,0.5074,30458.69,166344.19,170242.95,72135.33,25968.72,11.1,0.357
FY2024-08,2024,Sep,8,Q3,5,ECOM,Ecommerce,Boys,Tops,Current Plan,63997.69,1229,52.07,7538.57,255.99,0.5222,33419.95,170242.95,145263.24,46812.54,16852.52,13.3,0.406
FY2024-09,2024,Oct,9,Q3,4,ECOM,Ecommerce,Boys,Tops,Current Plan,67784.9,1302,52.07,9657.59,271.14,0.4975,33724.75,145263.24,196678.76,129129.14,46486.49,8.6,0.396
FY2024-10,2024,Nov,10,Q4,4,ECOM,Ecommerce,Boys,Tops,Current Plan,97775.03,1878,52.07,13420.47,391.1,0.5027,49155.55,196678.76,288351.92,203259.76,73173.51,8.0,0.403
FY2024-11,2024,Dec,11,Q4,5,ECOM,Ecommerce,Boys,Tops,Current Plan,105981.52,2035,52.07,15662.54,423.93,0.4922,52165.63,288351.92,245133.85,78849.91,28385.97,13.6,0.397
FY2024-12,2024,Jan,12,Q4,4,ECOM,Ecommerce,Boys,Tops,Current Plan,44081.05,847,52.07,5796.2,176.32,0.5085,22415.68,245133.85,195080.28,0.0,0.0,22.2,0.2
FY2025-01,2025,Feb,1,Q1,4,ECOM,Ecommerce,Boys,Tops,Current Plan,57842.1,1111,52.07,7293.61,231.37,0.5139,29725.33,195080.28,164576.96,34863.75,12550.95,13.5,0.322
FY2025-02,2025,Mar,2,Q1,5,ECOM,Ecommerce,Boys,Tops,Current Plan,78929.5,1516,52.07,11332.6,315.72,0.4964,39182.29,164576.96,178527.94,104528.79,37630.37,10.4,0.46
FY2025-03,2025,Apr,3,Q1,4,ECOM,Ecommerce,Boys,Tops,Current Plan,91629.88,1760,52.07,11729.77,366.52,0.512,46913.36,178527.94,278419.05,203617.28,73302.22,7.8,0.401
FY2025-04,2025,May,4,Q2,4,ECOM,Ecommerce,Boys,Tops,Current Plan,85080.0,1634,52.07,10022.51,340.32,0.5222,44428.69,278419.05,240859.46,57883.24,20837.97,13.1,0.328
FY2025-05,2025,Jun,5,Q2,5,ECOM,Ecommerce,Boys,Tops,Current Plan,76729.51,1474,52.07,11896.13,306.92,0.485,37210.76,240859.46,181137.73,29210.84,10515.9,15.7,0.364
FY2025-06,2025,Jul,6,Q2,4,ECOM,Ecommerce,Boys,Tops,Current Plan,65107.43,1250,52.07,9987.09,260.43,0.4866,31681.67,181137.73,192010.44,86227.66,31041.96,11.1,0.349
FY2025-07,2025,Aug,7,Q3,4,ECOM,Ecommerce,Boys,Tops,Current Plan,68512.52,1316,52.07,10346.51,274.05,0.489,33501.5,192010.44,188369.71,75492.35,27177.25,11.2,0.36
FY2025-08,2025,Sep,8,Q3,5,ECOM,Ecommerce,Boys,Tops,Current Plan,72102.82,1385,52.07,9762.55,288.41,0.5046,36383.26,188369.71,172089.47,65873.53,23714.47,13.1,0.4
FY2025-09,2025,Oct,9,Q3,4,ECOM,Ecommerce,Boys,Tops,Current Plan,74154.08,1424,52.07,8872.97,296.62,0.5203,38585.64,172089.47,217679.58,128913.78,46408.96,9.3,0.381
FY2025-10,2025,Nov,10,Q4,4,ECOM,Ecommerce,Boys,Tops,Current Plan,109641.32,2106,52.07,16667.58,438.57,0.488,53502.86,217679.58,327772.24,236840.13,85262.45,7.9,0.402
FY2025-11,2025,Dec,11,Q4,5,ECOM,Ecommerce,Boys,Tops,Current Plan,119867.28,2302,52.07,14161.23,479.47,0.5219,62553.83,327772.24,289242.37,95978.11,34552.12,13.7,0.389
FY2025-12,2025,Jan,12,Q4,4,ECOM,Ecommerce,Boys,Tops,Current Plan,48097.5,924,52.07,6499.44,192.39,0.5049,24282.96,289242.37,234453.03,0.0,0.0,24.1,0.184
FY2026-01,2026,Feb,1,Q1,4,ECOM,Ecommerce,Boys,Tops,Current Plan,62170.41,1194,52.07,8847.84,248.68,0.4977,30941.22,234453.03,176773.4,13587.3,4891.43,15.1,0.302
FY2026-02,2026,Mar,2,Q1,5,ECOM,Ecommerce,Boys,Tops,Current Plan,88927.33,1708,52.07,13369.07,355.71,0.4897,43544.42,176773.4,214937.97,140816.68,50694.01,9.9,0.454
FY2026-03,2026,Apr,3,Q1,4,ECOM,Ecommerce,Boys,Tops,Current Plan,100652.85,1933,52.07,14996.37,402.61,0.491,49421.45,214937.97,292203.7,193317.58,69594.33,8.5,0.397
FY2026-04,2026,May,4,Q2,4,ECOM,Ecommerce,Boys,Tops,Current Plan,92108.79,1769,52.07,12480.81,368.44,0.5045,46468.82,292203.7,277283.41,90037.74,32413.59,12.7,0.323
FY2026-05,2026,Jun,5,Q2,5,ECOM,Ecommerce,Boys,Tops,Current Plan,82695.02,1588,52.07,10702.6,330.78,0.5106,42222.22,277283.41,183555.02,0.0,0.0,16.8,0.359
FY2026-06,2026,Jul,6,Q2,4,ECOM,Ecommerce,Boys,Tops,Current Plan,70214.5,1349,52.07,10460.57,280.86,0.491,34476.71,183555.02,203982.39,101383.31,36497.99,10.5,0.362
FY2026-07,2026,Aug,7,Q3,4,ECOM,Ecommerce,Boys,Tops,Current Plan,73637.56,1414,52.07,9294.57,294.55,0.5138,37833.47,203982.39,212197.81,91442.09,32919.15,11.1,0.354
FY2026-08,2026,Sep,8,Q3,5,ECOM,Ecommerce,Boys,Tops,Current Plan,78260.08,1503,52.07,11211.81,313.04,0.4967,38874.64,212197.81,171570.94,49158.06,17696.9,13.6,0.408
FY2026-09,2026,Oct,9,Q3,4,ECOM,Ecommerce,Boys,Tops,Current Plan,81922.06,1573,52.07,12093.69,327.69,0.4924,40336.43,171570.94,229776.74,152549.24,54917.72,8.4,0.408
FY2026-10,2026,Nov,10,Q4,4,ECOM,Ecommerce,Boys,Tops,Current Plan,122442.29,2352,52.07,17782.86,489.77,0.4948,60580.21,229776.74,370410.79,281348.97,101285.63,7.5,0.408
FY2026-11,2026,Dec,11,Q4,5,ECOM,Ecommerce,Boys,Tops,Current Plan,133852.14,2571,52.07,18258.16,535.41,0.5036,67407.21,370410.79,324774.37,107009.29,38523.35,13.8,0.385
FY2026-12,2026,Jan,12,Q4,4,ECOM,Ecommerce,Boys,Tops,Current Plan,53363.73,1025,52.07,7666.51,213.45,0.4963,26486.28,324774.37,263530.69,0.0,0.0,24.3,0.181
FY2024-01,2024,Feb,1,Q1,4,STORE,Retail Stores,Boys,Tops,Original Plan,22642.3,435,52.07,2066.28,203.78,0.5487,12424.8,65011.59,66983.19,26883.97,9678.23,11.5,0.343
FY2024-02,2024,Mar,2,Q1,5,STORE,Retail Stores,Boys,Tops,Original Plan,32433.57,623,52.07,3483.54,291.9,0.5326,17273.95,66983.19,76544.73,45770.55,16477.4,10.3,0.452
FY2024-03,2024,Apr,3,Q1,4,STORE,Retail Stores,Boys,Tops,Original Plan,36105.3,693,52.07,3834.82,324.95,0.5338,19272.57,76544.73,102498.44,66218.78,23838.76,8.5,0.403
FY2024-04,2024,May,4,Q2,4,STORE,Retail Stores,Boys,Tops,Original Plan,33351.5,641,52.07,3025.45,300.16,0.5493,18319.51,102498.44,92522.05,26700.72,9612.26,12.3,0.342
FY2024-05,2024,Jun,5,Q2,5,STORE,Retail Stores,Boys,Tops,Original Plan,30291.73,582,52.07,2894.73,272.63,0.5444,16491.97,92522.05,71315.02,12252.07,4410.74,15.3,0.37
FY2024-06,2024,Jul,6,Q2,4,STORE,Retail Stores,Boys,Tops,Original Plan,25702.08,494,52.07,2320.83,231.32,0.5497,14128.5,71315.02,70914.08,27853.28,10027.18,11.1,0.361
FY2024-07,2024,Aug,7,Q3,4,STORE,Retail Stores,Boys,Tops,Original Plan,26925.98,517,52.07,2578.56,242.33,0.5442,14654.07,70914.08,79499.74,38332.53,13799.71,10.5,0.358
FY2024-08,2024,Sep,8,Q3,5,STORE,Retail Stores,Boys,Tops,Original Plan,29067.82,558,52.07,2660.97,261.61,0.5485,15942.44,79499.74,70756.89,23247.55,8369.12,13.7,0.387
FY2024-09,2024,Oct,9,Q3,4,STORE,Retail Stores,Boys,Tops,Original Plan,30597.71,588,52.07,2862.66,275.38,0.5464,16719.87,70756.89,86345.12,49323.97,17756.63,9.2,0.39
FY2024-10,2024,Nov,10,Q4,4,STORE,Retail Stores,Boys,Tops,Original Plan,44060.7,846,52.07,5076.17,396.55,0.5248,23122.68,86345.12,131062.93,94251.23,33930.44,7.8,0.405
FY2024-11,2024,Dec,11,Q4,5,STORE,Retail Stores,Boys,Tops,Original Plan,47732.43,917,52.07,5037.67,429.59,0.5345,25511.08,131062.93,103288.55,25425.3,9153.11,13.7,0.407
FY2024-12,2024,Jan,12,Q4,4,STORE,Retail Stores,Boys,Tops,Original Plan,19276.56,370,52.07,2324.44,173.49,0.5194,10012.56,103288.55,81514.07,0.0,0.0,21.4,0.209
FY2025-01,2025,Feb,1,Q1,4,STORE,Retail Stores,Boys,Tops,Original Plan,25812.23,496,52.07,2887.48,232.31,0.5281,13632.34,81514.07,70246.78,17664.73,6359.3,12.6,0.34
FY2025-02,2025,Mar,2,Q1,5,STORE,Retail Stores,Boys,Tops,Original Plan,36974.27,710,52.07,4111.54,332.77,0.5288,19551.99,70246.78,83571.24,54743.04,19707.49,9.5,0.481
FY2025-03,2025,Apr,3,Q1,4,STORE,Retail Stores,Boys,Tops,Original Plan,41160.04,791,52.07,4268.58,370.44,0.5363,22073.85,83571.24,112643.81,74871.63,26953.79,8.1,0.42
FY2025-04,2025,May,4,Q2,4,STORE,Retail Stores,Boys,Tops,Original Plan,38020.71,730,52.07,3413.76,342.19,0.5502,20919.5,112643.81,106472.46,35605.31,12817.91,11.9,0.347
FY2025-05,2025,Jun,5,Q2,5,STORE,Retail Stores,Boys,Tops,Original Plan,34532.57,663,52.07,3735.07,310.79,0.5318,18365.77,106472.46,83622.26,15728.24,5662.16,15.4,0.363
FY2025-06,2025,Jul,6,Q2,4,STORE,Retail Stores,Boys,Tops,Original Plan,29300.37,563,52.07,2964.48,263.7,0.5388,15787.75,83622.26,87783.86,36690.16,13208.46,11.4,0.342
FY2025-07,2025,Aug,7,Q3,4,STORE,Retail Stores,Boys,Tops,Original Plan,30695.62,590,52.07,2892.0,276.26,0.5458,16753.2,87783.86,91506.43,37586.45,13531.12,11.4,0.342
FY2025-08,2025,Sep,8,Q3,5,STORE,Retail Stores,Boys,Tops,Original Plan,33137.32,636,52.07,3214.86,298.24,0.543,17993.03,91506.43,74129.74,19273.72,6938.54,13.8,0.4
FY2025-09,2025,Oct,9,Q3,4,STORE,Retail Stores,Boys,Tops,Original Plan,34881.39,670,52.07,3253.13,313.93,0.5467,19070.96,74129.74,105433.99,69752.7,25110.97,8.5,0.389
FY2025-10,2025,Nov,10,Q4,4,STORE,Retail Stores,Boys,Tops,Original Plan,50229.2,965,52.07,4541.3,452.06,0.5496,27605.38,105433.99,144502.14,94290.72,33944.66,8.4,0.402
FY2025-11,2025,Dec,11,Q4,5,STORE,Retail Stores,Boys,Tops,Original Plan,54414.97,1045,52.07,6048.71,489.73,0.5288,28776.87,144502.14,127393.92,43845.19,15784.27,13.3,0.4
FY2025-12,2025,Jan,12,Q4,4,STORE,Retail Stores,Boys,Tops,Original Plan,21975.27,422,52.07,2338.31,197.78,0.5336,11725.87,127393.92,102882.57,0.0,0.0,23.2,0.191
FY2026-01,2026,Feb,1,Q1,4,STORE,Retail Stores,Boys,Tops,Original Plan,30458.43,585,52.07,3104.12,274.13,0.5381,16389.27,102882.57,84747.04,15701.15,5652.41,13.5,0.325
FY2026-02,2026,Mar,2,Q1,5,STORE,Retail Stores,Boys,Tops,Original Plan,43629.64,838,52.07,5103.7,392.67,0.523,22819.27,84747.04,94765.63,59144.6,21292.06,9.7,0.486
FY2026-03,2026,Apr,3,Q1,4,STORE,Retail Stores,Boys,Tops,Original Plan,48568.84,933,52.07,4740.44,437.12,0.5424,26343.62,94765.63,132400.22,91380.99,32897.16,7.8,0.428
FY2026-04,2026,May,4,Q2,4,STORE,Retail Stores,Boys,Tops,Original Plan,44864.44,862,52.07,5373.07,403.78,0.5202,23340.17,132400.22,136034.89,54275.97,19539.35,11.8,0.334
FY2026-05,2026,Jun,5,Q2,5,STORE,Retail Stores,Boys,Tops,Original Plan,40748.44,783,52.07,4835.62,366.74,0.5213,21243.38,136034.89,98926.21,8842.11,3183.16,16.7,0.347
FY2026-06,2026,Jul,6,Q2,4,STORE,Retail Stores,Boys,Tops,Original Plan,34574.43,664,52.07,3219.32,311.17,0.5469,18908.31,98926.21,94779.96,33958.68,12225.13,11.4,0.357
FY2026-07,2026,Aug,7,Q3,4,STORE,Retail Stores,Boys,Tops,Original Plan,36220.83,696,52.07,3368.45,325.99,0.547,19812.89,94779.96,104520.83,49656.13,17876.21,10.5,0.363
FY2026-08,2026,Sep,8,Q3,5,STORE,Retail Stores,Boys,Tops,Original Plan,39102.04,751,52.07,4453.48,351.92,0.5261,20571.82,104520.83,91221.18,30607.79,11018.8,13.4,0.4
FY2026-09,2026,Oct,9,Q3,4,STORE,Retail Stores,Boys,Tops,Original Plan,41160.04,791,52.07,4185.99,370.44,0.5383,22156.43,91221.18,118557.59,73052.88,26299.04,8.9,0.392
FY2026-10,2026,Nov,10,Q4,4,STORE,Retail Stores,Boys,Tops,Original Plan,59270.45,1138,52.07,5589.89,533.43,0.5457,32343.2,118557.59,176384.45,123220.64,44359.43,8.0,0.402
FY2026-11,2026,Dec,11,Q4,5,STORE,Retail Stores,Boys,Tops,Original Plan,64209.66,1233,52.07,6621.37,577.89,0.5369,34472.81,176384.45,150106.16,45130.63,16247.03,13.7,0.393
FY2026-12,2026,Jan,12,Q4,4,STORE,Retail Stores,Boys,Tops,Original Plan,25930.82,498,52.07,2820.47,233.38,0.5312,13775.25,150106.16,121121.49,0.0,0.0,23.2,0.191
FY2024-01,2024,Feb,1,Q1,4,STORE,Retail Stores,Boys,Tops,Current Plan,23183.17,445,52.07,2616.69,208.65,0.5271,12220.54,67915.66,68709.34,26802.19,9648.79,11.7,0.339
FY2024-02,2024,Mar,2,Q1,5,STORE,Retail Stores,Boys,Tops,Current Plan,33371.68,641,52.07,3873.27,300.35,0.5239,17484.6,68709.34,76609.04,45445.0,16360.2,10.3,0.459
FY2024-03,2024,Apr,3,Q1,4,STORE,Retail Stores,Boys,Tops,Current Plan,36160.38,695,52.07,4128.36,325.44,0.5258,19014.28,76609.04,100285.99,64291.13,23144.81,8.5,0.409
FY2024-04,2024,May,4,Q2,4,STORE,Retail Stores,Boys,Tops,Current Plan,34635.36,665,52.07,3697.37,311.72,0.5332,18469.26,100285.99,93650.95,32009.41,11523.39,11.6,0.357
FY2024-05,2024,Jun,5,Q2,5,STORE,Retail Stores,Boys,Tops,Current Plan,30955.02,595,52.07,2814.62,278.6,0.5491,16996.6,93650.95,74442.23,14839.51,5342.22,15.1,0.368
FY2024-06,2024,Jul,6,Q2,4,STORE,Retail Stores,Boys,Tops,Current Plan,27333.58,525,52.07,2536.54,246.0,0.5472,14956.96,74442.23,80984.32,36658.21,13196.96,10.9,0.352
FY2024-07,2024,Aug,7,Q3,4,STORE,Retail Stores,Boys,Tops,Current Plan,27114.69,521,52.07,3230.96,244.03,0.5208,14122.44,80984.32,80114.54,29719.89,10699.16,11.9,0.337
FY2024-08,2024,Sep,8,Q3,5,STORE,Retail Stores,Boys,Tops,Current Plan,30193.77,580,52.07,2779.11,271.74,0.548,16544.9,80114.54,71701.28,24831.37,8939.29,13.3,0.398
FY2024-09,2024,Oct,9,Q3,4,STORE,Retail Stores,Boys,Tops,Current Plan,30031.52,577,52.07,3272.95,270.28,0.531,15947.23,71701.28,86844.42,48717.89,17538.44,9.6,0.379
FY2024-10,2024,Nov,10,Q4,4,STORE,Retail Stores,Boys,Tops,Current Plan,44287.08,851,52.07,4943.18,398.58,0.5284,23400.55,86844.42,120099.15,82883.58,29838.09,7.8,0.428
FY2024-11,2024,Dec,11,Q4,5,STORE,Retail Stores,Boys,Tops,Current Plan,48198.18,926,52.07,5023.54,433.78,0.5358,25823.3,120099.15,109664.1,43220.45,15559.36,12.5,0.42
FY2024-12,2024,Jan,12,Q4,4,STORE,Retail Stores,Boys,Tops,Current Plan,18975.14,364,52.07,2070.34,170.78,0.5309,10073.75,109664.1,88447.85,0.0,0.0,23.1,0.192
FY2025-01,2025,Feb,1,Q1,4,STORE,Retail Stores,Boys,Tops,Current Plan,26797.07,515,52.07,2465.02,241.17,0.548,14685.11,88447.85,78981.42,20036.83,7213.26,13.2,0.32
FY2025-02,2025,Mar,2,Q1,5,STORE,Retail Stores,Boys,Tops,Current Plan,36783.47,706,52.07,4357.58,331.05,0.5215,19183.84,78981.42,80825.72,43316.39,15593.9,10.7,0.46
FY2025-03,2025,Apr,3,Q1,4,STORE,Retail Stores,Boys,Tops,Current Plan,40769.88,783,52.07,4221.73,366.93,0.5364,21871.0,80825.72,114374.52,78907.34,28406.64,7.9,0.418
FY2025-04,2025,May,4,Q2,4,STORE,Retail Stores,Boys,Tops,Current Plan,38042.25,731,52.07,3649.89,342.38,0.5441,20697.15,114374.52,108207.23,35867.24,12912.21,12.0,0.342
FY2025-05,2025,Jun,5,Q2,5,STORE,Retail Stores,Boys,Tops,Current Plan,35077.04,674,52.07,3323.46,315.69,0.5453,19125.84,108207.23,83463.33,13972.28,5030.02,15.4,0.366
FY2025-06,2025,Jul,6,Q2,4,STORE,Retail Stores,Boys,Tops,Current Plan,29697.15,570,52.07,3311.23,267.27,0.5285,15694.94,83463.33,86506.03,36318.36,13074.61,11.2,0.349
FY2025-07,2025,Aug,7,Q3,4,STORE,Retail Stores,Boys,Tops,Current Plan,29958.97,575,52.07,3101.34,269.63,0.5365,16072.4,86506.03,83502.68,30326.59,10917.57,11.5,0.352
FY2025-08,2025,Sep,8,Q3,5,STORE,Retail Stores,Boys,Tops,Current Plan,34179.18,656,52.07,3646.03,307.61,0.5333,18228.64,83502.68,83066.85,37696.98,13570.91,12.2,0.41
FY2025-09,2025,Oct,9,Q3,4,STORE,Retail Stores,Boys,Tops,Current Plan,35679.27,685,52.07,4298.23,321.11,0.5195,18536.51,83066.85,100865.27,58097.03,20914.93,9.3,0.388
FY2025-10,2025,Nov,10,Q4,4,STORE,Retail Stores,Boys,Tops,Current Plan,52478.54,1008,52.07,6194.83,472.31,0.522,27391.44,100865.27,151306.69,109587.09,39451.35,7.7,0.416
FY2025-11,2025,Dec,11,Q4,5,STORE,Retail Stores,Boys,Tops,Current Plan,57702.61,1108,52.07,6282.99,519.32,0.5311,30646.68,151306.69,126341.19,39539.43,14234.2,13.1,0.416
FY2025-12,2025,Jan,12,Q4,4,STORE,Retail Stores,Boys,Tops,Current Plan,21818.14,419,52.07,2614.24,196.36,0.5202,11349.37,126341.19,101712.46,0.0,0.0,23.2,0.191
FY2026-01,2026,Feb,1,Q1,4,STORE,Retail Stores,Boys,Tops,Current Plan,28023.21,538,52.07,2510.41,252.21,0.5504,15424.44,101712.46,84011.18,13084.56,4710.44,14.5,0.302
FY2026-02,2026,Mar,2,Q1,5,STORE,Retail Stores,Boys,Tops,Current Plan,40991.34,787,52.07,4363.68,368.92,0.5335,21870.78,84011.18,89664.24,51377.0,18495.72,10.2,0.472
FY2026-03,2026,Apr,3,Q1,4,STORE,Retail Stores,Boys,Tops,Current Plan,45090.82,866,52.07,5243.43,405.82,0.5237,23614.7,89664.24,132966.41,94042.23,33855.2,8.0,0.405
FY2026-04,2026,May,4,Q2,4,STORE,Retail Stores,Boys,Tops,Current Plan,41133.26,790,52.07,4727.1,370.2,0.5251,21598.19,132966.41,123924.5,37188.66,13387.92,12.9,0.32
FY2026-05,2026,Jun,5,Q2,5,STORE,Retail Stores,Boys,Tops,Current Plan,38789.42,745,52.07,4595.49,349.1,0.5215,20229.74,123924.5,93267.48,13076.98,4707.71,16.0,0.357
FY2026-06,2026,Jul,6,Q2,4,STORE,Retail Stores,Boys,Tops,Current Plan,32254.36,619,52.07,3671.39,290.29,0.5262,16971.4,93267.48,95083.42,38032.0,13691.52,11.6,0.342
FY2026-07,2026,Aug,7,Q3,4,STORE,Retail Stores,Boys,Tops,Current Plan,33422.15,642,52.07,3192.74,300.8,0.5445,18197.44,95083.42,90861.65,32693.91,11769.81,11.4,0.359
FY2026-08,2026,Sep,8,Q3,5,STORE,Retail Stores,Boys,Tops,Current Plan,36067.69,693,52.07,3722.68,324.61,0.5368,19360.64,90861.65,83091.13,32344.47,11644.01,12.6,0.415
FY2026-09,2026,Oct,9,Q3,4,STORE,Retail Stores,Boys,Tops,Current Plan,37857.07,727,52.07,3531.25,340.71,0.5467,20697.28,83091.13,115303.03,73940.93,26618.73,8.8,0.382
FY2026-10,2026,Nov,10,Q4,4,STORE,Retail Stores,Boys,Tops,Current Plan,54863.07,1054,52.07,4923.06,493.77,0.5503,30189.31,115303.03,163863.07,108839.94,39182.38,8.4,0.393
FY2026-11,2026,Dec,11,Q4,5,STORE,Retail Stores,Boys,Tops,Current Plan,60422.42,1160,52.07,5906.21,543.8,0.5423,32764.13,163863.07,132803.02,35812.38,12892.46,13.6,0.407
FY2026-12,2026,Jan,12,Q4,4,STORE,Retail Stores,Boys,Tops,Current Plan,24314.05,467,52.07,2517.85,218.83,0.5364,13043.14,132803.02,105752.29,0.0,0.0,21.8,0.204
FY2024-01,2024,Feb,1,Q1,4,WHSL,Wholesale,Boys,Tops,Original Plan,39079.39,980,39.88,748.28,39.08,0.4609,18009.82,37604.15,37453.58,39716.19,20652.42,3.8,1.041
FY2024-02,2024,Mar,2,Q1,5,WHSL,Wholesale,Boys,Tops,Original Plan,32776.27,822,39.88,677.1,32.78,0.4593,15055.51,37453.58,25228.51,21261.07,11055.76,5.7,1.046
FY2024-03,2024,Apr,3,Q1,4,WHSL,Wholesale,Boys,Tops,Original Plan,15631.76,392,39.88,340.35,15.63,0.4582,7162.89,25228.51,15968.12,6727.35,3498.22,6.5,0.759
FY2024-04,2024,May,4,Q2,4,WHSL,Wholesale,Boys,Tops,Original Plan,13866.88,348,39.88,314.17,13.87,0.4573,6341.94,15968.12,13041.4,11268.19,5859.46,4.6,0.956
FY2024-05,2024,Jun,5,Q2,5,WHSL,Wholesale,Boys,Tops,Original Plan,34036.89,853,39.88,769.1,34.04,0.4574,15568.61,13041.4,27026.91,48825.54,25389.28,1.9,1.699
FY2024-06,2024,Jul,6,Q2,4,WHSL,Wholesale,Boys,Tops,Original Plan,35801.77,898,39.88,631.07,35.8,0.4624,16553.78,27026.91,37072.21,46513.94,24187.25,3.0,1.117
FY2024-07,2024,Aug,7,Q3,4,WHSL,Wholesale,Boys,Tops,Original Plan,17648.76,443,39.88,310.51,17.65,0.4624,8160.9,37072.21,19095.3,0.0,0.0,8.4,0.628
FY2024-08,2024,Sep,8,Q3,5,WHSL,Wholesale,Boys,Tops,Original Plan,26473.14,664,39.88,450.85,26.47,0.463,12256.25,19095.3,20402.04,28257.2,14693.75,3.6,1.341
FY2024-09,2024,Oct,9,Q3,4,WHSL,Wholesale,Boys,Tops,Original Plan,34793.27,872,39.88,729.61,34.79,0.459,15971.16,20402.04,35890.41,51046.05,26543.94,2.3,1.236
FY2024-10,2024,Nov,10,Q4,4,WHSL,Wholesale,Boys,Tops,Original Plan,21430.64,537,39.88,398.89,21.43,0.4614,9887.82,35890.41,21448.54,7409.09,3852.72,6.7,0.748
FY2024-11,2024,Dec,11,Q4,5,WHSL,Wholesale,Boys,Tops,Original Plan,15127.51,379,39.88,262.7,15.13,0.4626,6998.51,21448.54,12463.91,6420.7,3338.76,7.1,0.892
FY2024-12,2024,Jan,12,Q4,4,WHSL,Wholesale,Boys,Tops,Original Plan,15883.88,398,39.88,336.32,15.88,0.4588,7287.94,12463.91,16110.87,19883.04,10339.18,3.1,1.112
FY2025-01,2025,Feb,1,Q1,4,WHSL,Wholesale,Boys,Tops,Original Plan,44550.51,1117,39.88,1002.97,44.55,0.4575,20381.28,16110.87,44443.38,73930.54,38443.88,1.4,1.471
FY2025-02,2025,Mar,2,Q1,5,WHSL,Wholesale,Boys,Tops,Original Plan,37364.94,937,39.88,684.14,37.36,0.4617,17251.03,44443.38,29842.3,23485.36,12212.39,5.9,1.006
FY2025-03,2025,Apr,3,Q1,4,WHSL,Wholesale,Boys,Tops,Original Plan,17820.2,447,39.88,361.73,17.82,0.4597,8191.97,29842.3,18010.43,6367.89,3311.3,6.7,0.745
FY2025-04,2025,May,4,Q2,4,WHSL,Wholesale,Boys,Tops,Original Plan,15808.25,396,39.88,301.13,15.81,0.461,7286.83,18010.43,15801.32,13916.07,7236.36,4.6,0.935
FY2025-05,2025,Jun,5,Q2,5,WHSL,Wholesale,Boys,Tops,Original Plan,38802.06,973,39.88,671.36,38.8,0.4627,17953.63,15801.32,30052.21,53763.1,27956.81,2.0,1.692
FY2025-06,2025,Jul,6,Q2,4,WHSL,Wholesale,Boys,Tops,Original Plan,40814.01,1023,39.88,860.4,40.81,0.4589,18730.33,30052.21,39350.06,51013.08,26526.8,2.9,1.176
FY2025-07,2025,Aug,7,Q3,4,WHSL,Wholesale,Boys,Tops,Original Plan,20119.58,504,39.88,375.62,20.12,0.4613,9281.78,39350.06,19172.32,337.58,175.54,7.8,0.688
FY2025-08,2025,Sep,8,Q3,5,WHSL,Wholesale,Boys,Tops,Original Plan,30179.38,757,39.88,588.51,30.18,0.4605,13897.59,19172.32,24319.86,35945.61,18691.72,3.2,1.388
FY2025-09,2025,Oct,9,Q3,4,WHSL,Wholesale,Boys,Tops,Original Plan,39664.32,995,39.88,692.43,39.66,0.4625,18346.44,24319.86,41936.06,58012.63,30166.57,2.5,1.197
FY2025-10,2025,Nov,10,Q4,4,WHSL,Wholesale,Boys,Tops,Original Plan,24430.92,613,39.88,526.51,24.43,0.4584,11200.33,41936.06,23257.61,6303.41,3277.77,6.9,0.749
FY2025-11,2025,Dec,11,Q4,5,WHSL,Wholesale,Boys,Tops,Original Plan,17245.36,432,39.88,295.98,17.25,0.4628,7981.79,23257.61,14164.25,8465.23,4401.92,6.7,0.922
FY2025-12,2025,Jan,12,Q4,4,WHSL,Wholesale,Boys,Tops,Original Plan,18107.63,454,39.88,406.59,18.11,0.4575,8285.07,14164.25,19096.34,23464.42,12201.5,3.1,1.089
FY2026-01,2026,Feb,1,Q1,4,WHSL,Wholesale,Boys,Tops,Original Plan,52569.6,1318,39.88,1066.6,52.57,0.4597,24166.81,19096.34,50420.29,85012.72,44206.61,1.5,1.512
FY2026-02,2026,Mar,2,Q1,5,WHSL,Wholesale,Boys,Tops,Original Plan,44090.63,1106,39.88,848.65,44.09,0.4608,20314.86,50420.29,34977.62,29540.69,15361.16,5.7,1.033
FY2026-03,2026,Apr,3,Q1,4,WHSL,Wholesale,Boys,Tops,Original Plan,21027.84,527,39.88,420.17,21.03,0.46,9673.2,34977.62,20374.27,6865.69,3570.16,6.7,0.76
FY2026-04,2026,May,4,Q2,4,WHSL,Wholesale,Boys,Tops,Original Plan,18653.73,468,39.88,426.09,18.65,0.4572,8527.7,20374.27,19147.46,17871.66,9293.26,4.4,0.944
FY2026-05,2026,Jun,5,Q2,5,WHSL,Wholesale,Boys,Tops,Original Plan,45786.43,1148,39.88,984.33,45.79,0.4585,20993.16,19147.46,36754.94,64424.03,33500.49,2.1,1.638
FY2026-06,2026,Jul,6,Q2,4,WHSL,Wholesale,Boys,Tops,Original Plan,48160.54,1208,39.88,896.75,48.16,0.4614,22220.31,36754.94,50181.19,62531.7,32516.48,3.1,1.108
FY2026-07,2026,Aug,7,Q3,4,WHSL,Wholesale,Boys,Tops,Original Plan,23741.11,595,39.88,500.91,23.74,0.4589,10894.83,50181.19,25915.44,0.0,0.0,8.5,0.624
FY2026-08,2026,Sep,8,Q3,5,WHSL,Wholesale,Boys,Tops,Original Plan,35611.66,893,39.88,781.85,35.61,0.458,16311.75,25915.44,27855.02,38368.71,19951.73,3.6,1.325
FY2026-09,2026,Oct,9,Q3,4,WHSL,Wholesale,Boys,Tops,Original Plan,46803.9,1174,39.88,903.79,46.8,0.4607,21562.08,27855.02,44434.24,64333.71,33453.53,2.4,1.295
FY2026-10,2026,Nov,10,Q4,4,WHSL,Wholesale,Boys,Tops,Original Plan,28828.49,723,39.88,531.83,28.83,0.4616,13305.85,44434.24,29100.7,14055.6,7308.91,6.2,0.784
FY2026-11,2026,Dec,11,Q4,5,WHSL,Wholesale,Boys,Tops,Original Plan,20349.52,510,39.88,445.47,20.35,0.4581,9322.3,29100.7,16338.71,8053.36,4187.75,7.2,0.896
FY2026-12,2026,Jan,12,Q4,4,WHSL,Wholesale,Boys,Tops,Original Plan,21367.0,536,39.88,384.85,21.37,0.462,9871.31,16338.71,21268.53,26703.04,13885.58,3.1,1.136
FY2024-01,2024,Feb,1,Q1,4,WHSL,Wholesale,Boys,Tops,Current Plan,39551.75,992,39.88,715.29,39.55,0.4619,18269.54,36787.03,37665.83,41185.4,21416.41,3.7,1.062
FY2024-02,2024,Mar,2,Q1,5,WHSL,Wholesale,Boys,Tops,Current Plan,32845.05,824,39.88,707.97,32.85,0.4584,15057.66,37665.83,25865.25,21785.28,11328.34,5.7,1.034
FY2024-03,2024,Apr,3,Q1,4,WHSL,Wholesale,Boys,Tops,Current Plan,15813.19,397,39.88,344.71,15.81,0.4582,7245.62,25865.25,16263.97,6572.44,3417.67,6.5,0.751
FY2024-04,2024,May,4,Q2,4,WHSL,Wholesale,Boys,Tops,Current Plan,14392.16,361,39.88,315.81,14.39,0.4581,6592.42,16263.97,15212.56,13670.96,7108.9,4.5,0.914
FY2024-05,2024,Jun,5,Q2,5,WHSL,Wholesale,Boys,Tops,Current Plan,34526.46,866,39.88,654.54,34.53,0.461,15918.16,15212.56,28096.02,48098.99,25011.47,2.2,1.594
FY2024-06,2024,Jul,6,Q2,4,WHSL,Wholesale,Boys,Tops,Current Plan,36924.58,926,39.88,771.7,36.92,0.4591,16952.1,28096.02,37926.44,47563.62,24733.08,3.0,1.119
FY2024-07,2024,Aug,7,Q3,4,WHSL,Wholesale,Boys,Tops,Current Plan,17481.65,438,39.88,385.95,17.48,0.4579,8005.24,37926.44,20041.36,0.0,0.0,8.7,0.603
FY2024-08,2024,Sep,8,Q3,5,WHSL,Wholesale,Boys,Tops,Current Plan,26437.11,663,39.88,531.36,26.44,0.4599,12158.45,20041.36,20710.55,27664.1,14385.33,3.8,1.297
FY2024-09,2024,Oct,9,Q3,4,WHSL,Wholesale,Boys,Tops,Current Plan,35458.78,889,39.88,616.3,35.46,0.4626,16403.91,20710.55,33852.56,49252.54,25611.32,2.3,1.3
FY2024-10,2024,Nov,10,Q4,4,WHSL,Wholesale,Boys,Tops,Current Plan,21518.59,540,39.88,494.67,21.52,0.457,9834.25,33852.56,20926.03,9108.25,4736.29,6.3,0.786
FY2024-11,2024,Dec,11,Q4,5,WHSL,Wholesale,Boys,Tops,Current Plan,15272.53,383,39.88,268.65,15.27,0.4624,7062.17,20926.03,12492.2,7122.62,3703.76,6.9,0.914
FY2024-12,2024,Jan,12,Q4,4,WHSL,Wholesale,Boys,Tops,Current Plan,15745.96,395,39.88,325.04,15.75,0.4594,7233.02,12492.2,15660.89,19255.44,10012.83,3.2,1.119
FY2025-01,2025,Feb,1,Q1,4,WHSL,Wholesale,Boys,Tops,Current Plan,44121.56,1106,39.88,922.43,44.12,0.4591,20255.92,15660.89,44112.0,73539.21,38240.39,1.4,1.476
FY2025-02,2025,Mar,2,Q1,5,WHSL,Wholesale,Boys,Tops,Current Plan,36182.18,907,39.88,620.61,36.18,0.4628,16746.84,44112.0,30648.69,23375.67,12155.35,6.1,0.968
FY2025-03,2025,Apr,3,Q1,4,WHSL,Wholesale,Boys,Tops,Current Plan,17783.62,446,39.88,355.79,17.78,0.46,8180.35,30648.69,18722.68,6231.17,3240.21,6.9,0.72
FY2025-04,2025,May,4,Q2,4,WHSL,Wholesale,Boys,Tops,Current Plan,15997.66,401,39.88,334.37,16.0,0.4591,7344.51,18722.68,16141.18,13766.52,7158.59,4.7,0.918
FY2025-05,2025,Jun,5,Q2,5,WHSL,Wholesale,Boys,Tops,Current Plan,39122.06,981,39.88,735.54,39.12,0.4612,18043.05,16141.18,30735.48,54491.03,28335.34,2.1,1.669
FY2025-06,2025,Jul,6,Q2,4,WHSL,Wholesale,Boys,Tops,Current Plan,40929.76,1026,39.88,888.88,40.93,0.4583,18757.4,30735.48,42816.95,53941.04,28049.34,3.0,1.113
FY2025-07,2025,Aug,7,Q3,4,WHSL,Wholesale,Boys,Tops,Current Plan,19687.23,494,39.88,377.04,19.69,0.4608,9072.83,42816.95,22732.99,0.0,0.0,8.7,0.601
FY2025-08,2025,Sep,8,Q3,5,WHSL,Wholesale,Boys,Tops,Current Plan,29794.36,747,39.88,552.54,29.79,0.4615,13748.75,22732.99,24810.99,32454.69,16876.44,3.8,1.253
FY2025-09,2025,Oct,9,Q3,4,WHSL,Wholesale,Boys,Tops,Current Plan,41063.21,1030,39.88,804.77,41.06,0.4604,18905.57,24810.99,39251.38,56349.44,29301.71,2.4,1.282
FY2025-10,2025,Nov,10,Q4,4,WHSL,Wholesale,Boys,Tops,Current Plan,24626.27,617,39.88,457.7,24.63,0.4614,11362.91,39251.38,23371.88,9229.1,4799.13,6.4,0.786
FY2025-11,2025,Dec,11,Q4,5,WHSL,Wholesale,Boys,Tops,Current Plan,17655.74,443,39.88,396.12,17.66,0.4576,8078.64,23371.88,13637.03,8334.67,4334.03,6.6,0.954
FY2025-12,2025,Jan,12,Q4,4,WHSL,Wholesale,Boys,Tops,Current Plan,18444.55,462,39.88,384.84,18.44,0.4591,8468.54,13637.03,18758.33,23969.14,12463.95,3.0,1.139
FY2026-01,2026,Feb,1,Q1,4,WHSL,Wholesale,Boys,Tops,Current Plan,48526.67,1217,39.88,849.5,48.53,0.4625,22443.3,18758.33,48011.84,78678.2,40912.66,1.5,1.454
FY2026-02,2026,Mar,2,Q1,5,WHSL,Wholesale,Boys,Tops,Current Plan,41734.89,1046,39.88,953.22,41.73,0.4572,19079.53,48011.84,34279.93,28997.93,15078.93,5.8,1.014
FY2026-03,2026,Apr,3,Q1,4,WHSL,Wholesale,Boys,Tops,Current Plan,19561.73,491,39.88,399.67,19.56,0.4596,8989.96,34279.93,20474.53,6175.56,3211.29,7.0,0.715
FY2026-04,2026,May,4,Q2,4,WHSL,Wholesale,Boys,Tops,Current Plan,17595.08,441,39.88,399.04,17.6,0.4573,8046.6,20474.53,17309.62,14846.81,7720.34,4.7,0.931
FY2026-05,2026,Jun,5,Q2,5,WHSL,Wholesale,Boys,Tops,Current Plan,42769.04,1072,39.88,749.65,42.77,0.4625,19779.49,17309.62,33592.33,59844.16,31118.96,2.0,1.68
FY2026-06,2026,Jul,6,Q2,4,WHSL,Wholesale,Boys,Tops,Current Plan,44921.15,1126,39.88,838.61,44.92,0.4613,20723.54,33592.33,43658.6,55870.95,29052.89,3.0,1.163
FY2026-07,2026,Aug,7,Q3,4,WHSL,Wholesale,Boys,Tops,Current Plan,22309.53,559,39.88,387.48,22.31,0.4626,10321.1,43658.6,21075.35,136.07,70.75,7.8,0.689
FY2026-08,2026,Sep,8,Q3,5,WHSL,Wholesale,Boys,Tops,Current Plan,33042.72,829,39.88,756.5,33.04,0.4571,15104.01,21075.35,26780.04,39536.94,20559.21,3.2,1.381
FY2026-09,2026,Oct,9,Q3,4,WHSL,Wholesale,Boys,Tops,Current Plan,42541.28,1067,39.88,838.9,42.54,0.4603,19580.91,26780.04,42878.69,59521.36,30951.11,2.5,1.221
FY2026-10,2026,Nov,10,Q4,4,WHSL,Wholesale,Boys,Tops,Current Plan,27411.72,687,39.88,555.08,27.41,0.4598,12602.54,42878.69,25780.18,10895.71,5665.77,6.3,0.798
FY2026-11,2026,Dec,11,Q4,5,WHSL,Wholesale,Boys,Tops,Current Plan,18531.15,465,39.88,320.66,18.53,0.4627,8574.29,25780.18,14052.69,7142.85,3714.28,7.0,0.93
FY2026-12,2026,Jan,12,Q4,4,WHSL,Wholesale,Boys,Tops,Current Plan,19735.97,495,39.88,414.74,19.74,0.459,9058.52,14052.69,19555.32,25673.07,13350.0,2.8,1.174
FY2024-01,2024,Feb,1,Q1,4,ECOM,Ecommerce,Girls,Bottoms,Original Plan,67247.64,1391,48.33,10387.22,268.99,0.4855,32651.27,192004.65,187198.64,73097.85,26315.23,11.4,0.355
FY2024-02,2024,Mar,2,Q1,5,ECOM,Ecommerce,Girls,Bottoms,Original Plan,96327.71,1993,48.33,14698.25,385.31,0.4874,46951.48,187198.64,212367.11,136579.74,49168.71,9.7,0.482
FY2024-03,2024,Apr,3,Q1,4,ECOM,Ecommerce,Girls,Bottoms,Original Plan,107232.73,2219,48.33,16465.53,428.93,0.4865,52163.42,212367.11,291059.93,202820.01,73015.21,7.9,0.426
FY2024-04,2024,May,4,Q2,4,ECOM,Ecommerce,Girls,Bottoms,Original Plan,99053.96,2049,48.33,14837.33,396.22,0.4902,48557.21,291059.93,294732.54,117960.11,42465.64,11.8,0.338
FY2024-05,2024,Jun,5,Q2,5,ECOM,Ecommerce,Girls,Bottoms,Original Plan,89966.44,1861,48.33,10822.84,359.87,0.5197,46755.68,294732.54,218757.23,25173.84,9062.58,16.4,0.35
FY2024-06,2024,Jul,6,Q2,4,ECOM,Ecommerce,Girls,Bottoms,Original Plan,76335.16,1579,48.33,11016.93,305.34,0.4957,37837.58,218757.23,216804.18,85704.38,30853.58,11.5,0.351
FY2024-07,2024,Aug,7,Q3,4,ECOM,Ecommerce,Girls,Bottoms,Original Plan,79970.17,1655,48.33,9380.99,319.88,0.5227,41799.92,216804.18,227939.75,100806.61,36290.38,10.8,0.36
FY2024-08,2024,Sep,8,Q3,5,ECOM,Ecommerce,Girls,Bottoms,Original Plan,86331.44,1786,48.33,9927.01,345.33,0.525,45325.11,227939.75,210170.24,78834.26,28380.33,13.2,0.394
FY2024-09,2024,Oct,9,Q3,4,ECOM,Ecommerce,Girls,Bottoms,Original Plan,90875.2,1880,48.33,13672.0,363.5,0.4896,44488.12,210170.24,265682.28,160422.74,57752.19,9.3,0.382
FY2024-10,2024,Nov,10,Q4,4,ECOM,Ecommerce,Girls,Bottoms,Original Plan,130860.28,2707,48.33,18611.18,523.44,0.4978,65139.4,265682.28,394556.73,278869.35,100392.96,8.1,0.396
FY2024-11,2024,Dec,11,Q4,5,ECOM,Ecommerce,Girls,Bottoms,Original Plan,141765.31,2933,48.33,18908.38,567.06,0.5066,71821.41,394556.73,341223.81,107907.83,38846.82,13.9,0.385
FY2024-12,2024,Jan,12,Q4,4,ECOM,Ecommerce,Girls,Bottoms,Original Plan,57251.37,1185,48.33,7602.14,229.01,0.5072,29038.74,341223.81,276141.29,0.0,0.0,23.8,0.185
FY2025-01,2025,Feb,1,Q1,4,ECOM,Ecommerce,Girls,Bottoms,Original Plan,76662.32,1586,48.33,9358.2,306.65,0.5179,39705.68,276141.29,208611.25,18797.13,6766.97,14.4,0.316
FY2025-02,2025,Mar,2,Q1,5,ECOM,Ecommerce,Girls,Bottoms,Original Plan,109813.59,2272,48.33,15105.73,439.25,0.5024,55174.96,208611.25,259021.29,175768.62,63276.7,9.5,0.47
FY2025-03,2025,Apr,3,Q1,4,ECOM,Ecommerce,Girls,Bottoms,Original Plan,122245.31,2529,48.33,14049.88,488.98,0.5251,64187.12,259021.29,346172.34,223935.23,80616.68,8.5,0.404
FY2025-04,2025,May,4,Q2,4,ECOM,Ecommerce,Girls,Bottoms,Original Plan,112921.52,2336,48.33,17454.6,451.69,0.4854,54815.17,346172.34,306632.05,91287.51,32863.51,12.3,0.346
FY2025-05,2025,Jun,5,Q2,5,ECOM,Ecommerce,Girls,Bottoms,Original Plan,102561.75,2122,48.33,12164.55,410.25,0.5214,53474.97,306632.05,237878.99,46383.48,16698.05,14.9,0.377
FY2025-06,2025,Jul,6,Q2,4,ECOM,Ecommerce,Girls,Bottoms,Original Plan,87022.09,1800,48.33,11734.61,348.09,0.5052,43959.52,237878.99,256792.94,118018.74,42486.75,10.9,0.352
FY2025-07,2025,Aug,7,Q3,4,ECOM,Ecommerce,Girls,Bottoms,Original Plan,91166.0,1886,48.33,13851.29,364.66,0.4881,44494.95,256792.94,274400.97,122989.98,44276.39,11.3,0.343
FY2025-08,2025,Sep,8,Q3,5,ECOM,Ecommerce,Girls,Bottoms,Original Plan,98417.84,2036,48.33,13574.87,393.67,0.5021,49412.55,274400.97,221372.56,59357.96,21368.87,13.9,0.397
FY2025-09,2025,Oct,9,Q3,4,ECOM,Ecommerce,Girls,Bottoms,Original Plan,103597.72,2143,48.33,12671.87,414.39,0.5177,53630.67,221372.56,292226.91,187538.33,67513.8,8.5,0.403
FY2025-10,2025,Nov,10,Q4,4,ECOM,Ecommerce,Girls,Bottoms,Original Plan,149180.72,3086,48.33,20099.11,596.72,0.5053,75376.55,292226.91,411985.49,289635.14,104268.65,7.8,0.424
FY2025-11,2025,Dec,11,Q4,5,ECOM,Ecommerce,Girls,Bottoms,Original Plan,161612.45,3344,48.33,19907.78,646.45,0.5168,83524.19,411985.49,376691.63,146872.82,52874.21,12.7,0.41
FY2025-12,2025,Jan,12,Q4,4,ECOM,Ecommerce,Girls,Bottoms,Original Plan,65266.57,1350,48.33,8537.26,261.07,0.5092,33233.34,376691.63,302626.74,0.0,0.0,23.1,0.192
FY2026-01,2026,Feb,1,Q1,4,ECOM,Ecommerce,Girls,Bottoms,Original Plan,90461.53,1872,48.33,11161.17,361.85,0.5166,46734.21,302626.74,260497.06,59854.87,21547.75,13.4,0.321
FY2026-02,2026,Mar,2,Q1,5,ECOM,Ecommerce,Girls,Bottoms,Original Plan,129580.03,2681,48.33,18315.88,518.32,0.4987,64615.34,260497.06,291741.24,179658.4,64677.03,10.1,0.469
FY2026-03,2026,Apr,3,Q1,4,ECOM,Ecommerce,Girls,Bottoms,Original Plan,144249.47,2984,48.33,19395.78,577.0,0.5055,72923.89,291741.24,411306.93,283787.94,102163.66,8.1,0.41
FY2026-04,2026,May,4,Q2,4,ECOM,Ecommerce,Girls,Bottoms,Original Plan,133247.39,2757,48.33,17445.46,532.99,0.5091,67832.87,411306.93,360135.99,100054.9,36019.76,12.3,0.345
FY2026-05,2026,Jun,5,Q2,5,ECOM,Ecommerce,Girls,Bottoms,Original Plan,121022.86,2504,48.33,18115.9,484.09,0.4903,59338.73,360135.99,294949.8,74436.66,26797.2,14.9,0.369
FY2026-06,2026,Jul,6,Q2,4,ECOM,Ecommerce,Girls,Bottoms,Original Plan,102686.06,2125,48.33,12486.85,410.74,0.5184,53232.23,294949.8,297492.72,118126.57,42525.57,11.5,0.347
FY2026-07,2026,Aug,7,Q3,4,ECOM,Ecommerce,Girls,Bottoms,Original Plan,107575.88,2226,48.33,12832.61,430.3,0.5207,56015.95,297492.72,310821.5,134167.57,48300.33,11.1,0.354
FY2026-08,2026,Sep,8,Q3,5,ECOM,Ecommerce,Girls,Bottoms,Original Plan,116133.05,2403,48.33,14124.64,464.53,0.5184,60200.51,310821.5,281718.0,101618.72,36582.74,13.4,0.392
FY2026-09,2026,Oct,9,Q3,4,ECOM,Ecommerce,Girls,Bottoms,Original Plan,122245.31,2529,48.33,17736.92,488.98,0.4949,60500.08,281718.0,336269.61,195022.83,70208.22,9.2,0.396
FY2026-10,2026,Nov,10,Q4,4,ECOM,Ecommerce,Girls,Bottoms,Original Plan,176033.25,3642,48.33,24672.8,704.13,0.4998,87988.48,336269.61,507826.42,372967.0,134268.12,7.6,0.417
FY2026-11,2026,Dec,11,Q4,5,ECOM,Ecommerce,Girls,Bottoms,Original Plan,190702.69,3946,48.33,25849.66,762.81,0.5045,96200.06,507826.42,454402.63,163891.37,59000.89,13.3,0.396
FY2026-12,2026,Jan,12,Q4,4,ECOM,Ecommerce,Girls,Bottoms,Original Plan,77014.55,1593,48.33,10252.46,308.06,0.5069,39036.85,454402.63,366827.56,0.0,0.0,23.6,0.188
FY2024-01,2024,Feb,1,Q1,4,ECOM,Ecommerce,Girls,Bottoms,Current Plan,70014.38,1449,48.33,9995.87,280.06,0.4972,34813.33,197058.24,205633.25,88865.31,31991.51,11.3,0.348
FY2024-02,2024,Mar,2,Q1,5,ECOM,Ecommerce,Girls,Bottoms,Current Plan,98525.99,2038,48.33,13666.22,394.1,0.5013,49390.42,205633.25,219953.37,126906.43,45686.32,10.4,0.463
FY2024-03,2024,Apr,3,Q1,4,ECOM,Ecommerce,Girls,Bottoms,Current Plan,105493.21,2183,48.33,14152.69,421.97,0.5058,53362.96,219953.37,300472.78,200587.28,72211.42,8.3,0.405
FY2024-04,2024,May,4,Q2,4,ECOM,Ecommerce,Girls,Bottoms,Current Plan,100482.01,2079,48.33,14092.28,401.93,0.4998,50216.21,300472.78,292102.05,106605.48,38377.97,12.0,0.339
FY2024-05,2024,Jun,5,Q2,5,ECOM,Ecommerce,Girls,Bottoms,Current Plan,90215.6,1867,48.33,11481.74,360.86,0.5127,46256.24,292102.05,215006.72,24962.87,8986.63,16.2,0.356
FY2024-06,2024,Jul,6,Q2,4,ECOM,Ecommerce,Girls,Bottoms,Current Plan,76650.11,1586,48.33,9937.18,306.6,0.5104,39118.89,215006.72,222178.58,94065.74,33863.67,11.2,0.351
FY2024-07,2024,Aug,7,Q3,4,ECOM,Ecommerce,Girls,Bottoms,Current Plan,80319.4,1662,48.33,12415.22,321.28,0.4854,38989.2,222178.58,224692.68,95570.0,34405.2,11.1,0.359
FY2024-08,2024,Sep,8,Q3,5,ECOM,Ecommerce,Girls,Bottoms,Current Plan,85587.88,1771,48.33,12427.24,342.35,0.4948,42349.0,224692.68,193328.99,66993.78,24117.76,13.1,0.409
FY2024-09,2024,Oct,9,Q3,4,ECOM,Ecommerce,Girls,Bottoms,Current Plan,95669.29,1979,48.33,11426.93,382.68,0.5206,49801.41,193328.99,262138.73,176288.64,63463.91,8.1,0.42
FY2024-10,2024,Nov,10,Q4,4,ECOM,Ecommerce,Girls,Bottoms,Current Plan,131970.26,2730,48.33,18358.84,527.88,0.5009,66102.13,262138.73,398696.13,287414.38,103469.18,7.9,0.399
FY2024-11,2024,Dec,11,Q4,5,ECOM,Ecommerce,Girls,Bottoms,Current Plan,143803.42,2975,48.33,19633.02,575.21,0.5035,72401.17,398696.13,311440.82,76756.34,27632.28,13.9,0.405
FY2024-12,2024,Jan,12,Q4,4,ECOM,Ecommerce,Girls,Bottoms,Current Plan,58831.02,1217,48.33,8225.89,235.32,0.5002,29425.96,311440.82,244148.58,0.0,0.0,21.2,0.212
FY2025-01,2025,Feb,1,Q1,4,ECOM,Ecommerce,Girls,Bottoms,Current Plan,80598.53,1668,48.33,10227.87,322.39,0.5131,41355.18,244148.58,237392.03,84392.24,30381.2,12.1,0.335
FY2025-02,2025,Mar,2,Q1,5,ECOM,Ecommerce,Girls,Bottoms,Current Plan,109203.15,2259,48.33,13764.56,436.81,0.514,56125.46,237392.03,260971.0,146983.49,52914.06,10.9,0.438
FY2025-03,2025,Apr,3,Q1,4,ECOM,Ecommerce,Girls,Bottoms,Current Plan,121560.8,2515,48.33,18597.34,486.24,0.487,59201.57,260971.0,332938.65,212612.04,76540.33,8.6,0.409
FY2025-04,2025,May,4,Q2,4,ECOM,Ecommerce,Girls,Bottoms,Current Plan,112951.94,2337,48.33,13118.94,451.81,0.5239,59170.31,332938.65,315791.16,109375.2,39375.07,11.8,0.348
FY2025-05,2025,Jun,5,Q2,5,ECOM,Ecommerce,Girls,Bottoms,Current Plan,100987.84,2089,48.33,13563.19,403.95,0.5057,51069.02,315791.16,222171.28,21335.1,7680.64,15.6,0.375
FY2025-06,2025,Jul,6,Q2,4,ECOM,Ecommerce,Girls,Bottoms,Current Plan,88573.28,1833,48.33,11005.78,354.29,0.5157,45681.12,222171.28,266308.63,144070.7,51865.45,10.0,0.363
FY2025-07,2025,Aug,7,Q3,4,ECOM,Ecommerce,Girls,Bottoms,Current Plan,90606.81,1875,48.33,11953.74,362.43,0.5081,46034.61,266308.63,245754.24,82368.59,29652.69,11.8,0.354
FY2025-08,2025,Sep,8,Q3,5,ECOM,Ecommerce,Girls,Bottoms,Current Plan,97055.14,2008,48.33,11392.09,388.22,0.5226,50723.2,245754.24,213933.2,77014.41,27725.19,12.7,0.422
FY2025-09,2025,Oct,9,Q3,4,ECOM,Ecommerce,Girls,Bottoms,Current Plan,105588.43,2185,48.33,13723.71,422.35,0.51,53852.89,213933.2,321285.38,227086.67,81751.2,8.1,0.395
FY2025-10,2025,Nov,10,Q4,4,ECOM,Ecommerce,Girls,Bottoms,Current Plan,151621.89,3137,48.33,19129.87,606.49,0.5138,77908.14,321285.38,434936.35,285009.21,102603.32,8.5,0.401
FY2025-11,2025,Dec,11,Q4,5,ECOM,Ecommerce,Girls,Bottoms,Current Plan,164583.99,3405,48.33,21987.0,658.34,0.5064,83346.75,434936.35,371389.95,123682.93,44525.86,13.2,0.408
FY2025-12,2025,Jan,12,Q4,4,ECOM,Ecommerce,Girls,Bottoms,Current Plan,65818.14,1362,48.33,8404.48,263.27,0.5123,33719.13,371389.95,296904.06,0.0,0.0,22.6,0.197
FY2026-01,2026,Feb,1,Q1,4,ECOM,Ecommerce,Girls,Bottoms,Current Plan,83575.48,1729,48.33,10947.51,334.3,0.509,42540.8,296904.06,249746.9,47700.14,17172.05,14.2,0.306
FY2026-02,2026,Mar,2,Q1,5,ECOM,Ecommerce,Girls,Bottoms,Current Plan,122327.86,2531,48.33,14844.83,489.31,0.5186,63445.0,249746.9,266586.88,154501.98,55620.71,10.2,0.474
FY2026-03,2026,Apr,3,Q1,4,ECOM,Ecommerce,Girls,Bottoms,Current Plan,136325.65,2821,48.33,15904.16,545.3,0.5233,71344.26,266586.88,410899.42,297087.65,106951.55,7.8,0.402
FY2026-04,2026,May,4,Q2,4,ECOM,Ecommerce,Girls,Bottoms,Current Plan,124605.49,2578,48.33,14668.87,498.42,0.5223,65078.64,410899.42,347029.87,75903.23,27325.16,13.2,0.329
FY2026-05,2026,Jun,5,Q2,5,ECOM,Ecommerce,Girls,Bottoms,Current Plan,114254.82,2364,48.33,16811.5,457.02,0.4929,56311.59,347029.87,255489.95,39983.43,14394.03,15.2,0.379
FY2026-06,2026,Jul,6,Q2,4,ECOM,Ecommerce,Girls,Bottoms,Current Plan,95676.12,1980,48.33,13595.5,382.7,0.4979,47637.21,255489.95,274172.5,128336.87,46201.27,10.7,0.361
FY2026-07,2026,Aug,7,Q3,4,ECOM,Ecommerce,Girls,Bottoms,Current Plan,101205.34,2094,48.33,12146.98,404.82,0.52,52624.43,274172.5,275397.3,114981.95,41393.5,10.8,0.368
FY2026-08,2026,Sep,8,Q3,5,ECOM,Ecommerce,Girls,Bottoms,Current Plan,111116.75,2299,48.33,16087.57,444.47,0.4952,55027.15,275397.3,256277.35,108528.83,39070.38,12.4,0.418
FY2026-09,2026,Oct,9,Q3,4,ECOM,Ecommerce,Girls,Bottoms,Current Plan,114150.55,2362,48.33,14408.13,456.6,0.5138,58648.23,256277.35,316891.0,189628.93,68266.42,9.0,0.398
FY2026-10,2026,Nov,10,Q4,4,ECOM,Ecommerce,Girls,Bottoms,Current Plan,164801.37,3410,48.33,23290.16,659.21,0.4987,82182.71,316891.0,487925.93,359785.66,129522.84,7.7,0.41
FY2026-11,2026,Dec,11,Q4,5,ECOM,Ecommerce,Girls,Bottoms,Current Plan,178488.97,3693,48.33,22599.55,713.96,0.5134,91633.4,487925.93,389731.05,103607.59,37298.73,13.7,0.407
FY2026-12,2026,Jan,12,Q4,4,ECOM,Ecommerce,Girls,Bottoms,Current Plan,72355.32,1497,48.33,10414.42,289.42,0.4961,35892.98,389731.05,306671.89,0.0,0.0,21.5,0.208
FY2024-01,2024,Feb,1,Q1,4,STORE,Retail Stores,Girls,Bottoms,Original Plan,30567.11,632,48.33,3179.52,275.1,0.536,16383.44,90628.73,86654.1,30047.09,10816.95,11.9,0.345
FY2024-02,2024,Mar,2,Q1,5,STORE,Retail Stores,Girls,Bottoms,Original Plan,43785.32,906,48.33,5285.31,394.07,0.5193,22737.29,86654.1,105739.01,68549.62,24677.86,9.9,0.455
FY2024-03,2024,Apr,3,Q1,4,STORE,Retail Stores,Girls,Bottoms,Original Plan,48742.15,1008,48.33,4803.53,438.68,0.5415,26391.45,105739.01,137007.03,85252.37,30690.85,8.7,0.402
FY2024-04,2024,May,4,Q2,4,STORE,Retail Stores,Girls,Bottoms,Original Plan,45024.53,932,48.33,5001.05,405.22,0.5289,23814.65,137007.03,128960.22,42384.0,15258.24,12.2,0.339
FY2024-05,2024,Jun,5,Q2,5,STORE,Retail Stores,Girls,Bottoms,Original Plan,40893.84,846,48.33,3650.66,368.04,0.5507,22521.39,128960.22,96608.28,12560.61,4521.82,15.8,0.363
FY2024-06,2024,Jul,6,Q2,4,STORE,Retail Stores,Girls,Bottoms,Original Plan,34697.8,718,48.33,3104.48,312.28,0.5505,19102.11,96608.28,93998.92,35505.21,12781.87,11.1,0.364
FY2024-07,2024,Aug,7,Q3,4,STORE,Retail Stores,Girls,Bottoms,Original Plan,36350.08,752,48.33,4235.25,327.15,0.5235,19028.8,93998.92,109211.7,56125.25,20205.09,10.3,0.358
FY2024-08,2024,Sep,8,Q3,5,STORE,Retail Stores,Girls,Bottoms,Original Plan,39241.56,812,48.33,4480.53,353.17,0.5258,20634.07,109211.7,91448.62,26312.19,9472.39,13.9,0.391
FY2024-09,2024,Oct,9,Q3,4,STORE,Retail Stores,Girls,Bottoms,Original Plan,41306.91,855,48.33,4090.91,371.76,0.541,22345.51,91448.62,121859.11,76180.07,27424.83,8.9,0.387
FY2024-10,2024,Nov,10,Q4,4,STORE,Retail Stores,Girls,Bottoms,Original Plan,59481.95,1231,48.33,5701.88,535.34,0.5441,32366.57,121859.11,169969.8,113829.85,40978.74,8.2,0.408
FY2024-11,2024,Dec,11,Q4,5,STORE,Retail Stores,Girls,Bottoms,Original Plan,64438.78,1333,48.33,7662.99,579.95,0.5211,33577.83,169969.8,155313.69,58025.6,20889.22,13.2,0.396
FY2024-12,2024,Jan,12,Q4,4,STORE,Retail Stores,Girls,Bottoms,Original Plan,26023.35,538,48.33,2764.26,234.21,0.5338,13890.69,155313.69,126291.87,0.0,0.0,23.9,0.185
FY2025-01,2025,Feb,1,Q1,4,STORE,Retail Stores,Girls,Bottoms,Original Plan,34846.51,721,48.33,3213.51,313.62,0.5478,19088.25,126291.87,96623.24,8705.0,3133.8,14.5,0.313
FY2025-02,2025,Mar,2,Q1,5,STORE,Retail Stores,Girls,Bottoms,Original Plan,49915.27,1033,48.33,5066.64,449.24,0.5385,26879.13,96623.24,109457.53,68265.44,24575.56,9.7,0.484
FY2025-03,2025,Apr,3,Q1,4,STORE,Retail Stores,Girls,Bottoms,Original Plan,55566.05,1150,48.33,5301.73,500.09,0.5446,30260.54,109457.53,150972.92,102883.26,37037.98,7.9,0.427
FY2025-04,2025,May,4,Q2,4,STORE,Retail Stores,Girls,Bottoms,Original Plan,51327.96,1062,48.33,4704.81,461.95,0.5483,28145.08,150972.92,146507.99,52029.8,18730.73,11.8,0.345
FY2025-05,2025,Jun,5,Q2,5,STORE,Retail Stores,Girls,Bottoms,Original Plan,46618.98,965,48.33,5317.96,419.57,0.5259,24518.18,146507.99,101952.43,7800.95,2808.34,15.7,0.375
FY2025-06,2025,Jul,6,Q2,4,STORE,Retail Stores,Girls,Bottoms,Original Plan,39555.49,818,48.33,4392.36,356.0,0.529,20923.16,101952.43,114082.18,56433.6,20316.1,10.3,0.366
FY2025-07,2025,Aug,7,Q3,4,STORE,Retail Stores,Girls,Bottoms,Original Plan,41439.09,857,48.33,4231.49,372.95,0.5379,22289.53,114082.18,125021.49,56982.83,20513.82,11.0,0.347
FY2025-08,2025,Sep,8,Q3,5,STORE,Retail Stores,Girls,Bottoms,Original Plan,44735.38,926,48.33,5235.64,402.62,0.523,23395.0,125021.49,101003.16,26355.31,9487.91,14.0,0.396
FY2025-09,2025,Oct,9,Q3,4,STORE,Retail Stores,Girls,Bottoms,Original Plan,47089.87,974,48.33,5163.06,423.81,0.5304,24974.46,101003.16,128853.97,80527.55,28989.92,8.6,0.41
FY2025-10,2025,Nov,10,Q4,4,STORE,Retail Stores,Girls,Bottoms,Original Plan,67809.42,1403,48.33,8184.22,610.28,0.5193,35213.8,128853.97,188614.63,136364.59,49091.25,7.6,0.427
FY2025-11,2025,Dec,11,Q4,5,STORE,Retail Stores,Girls,Bottoms,Original Plan,73460.2,1520,48.33,7362.62,661.14,0.5398,39651.91,188614.63,172114.38,64983.72,23394.14,12.8,0.407
FY2025-12,2025,Jan,12,Q4,4,STORE,Retail Stores,Girls,Bottoms,Original Plan,29666.62,614,48.33,2649.95,267.0,0.5507,16336.69,172114.38,139530.81,0.0,0.0,23.2,0.19
FY2026-01,2026,Feb,1,Q1,4,STORE,Retail Stores,Girls,Bottoms,Original Plan,41118.88,851,48.33,4955.32,370.07,0.5195,21360.77,139530.81,112500.8,19414.26,6989.13,13.6,0.326
FY2026-02,2026,Mar,2,Q1,5,STORE,Retail Stores,Girls,Bottoms,Original Plan,58900.01,1219,48.33,6105.87,530.1,0.5363,31590.13,112500.8,131087.48,84122.67,30284.16,9.6,0.484
FY2026-03,2026,Apr,3,Q1,4,STORE,Retail Stores,Girls,Bottoms,Original Plan,65567.94,1357,48.33,7176.57,590.11,0.5305,34786.91,131087.48,184055.86,126303.0,45469.08,8.0,0.416
FY2026-04,2026,May,4,Q2,4,STORE,Retail Stores,Girls,Bottoms,Original Plan,60567.0,1253,48.33,7052.48,545.1,0.5236,31710.39,184055.86,181577.44,65686.17,23647.02,12.2,0.331
FY2026-05,2026,Jun,5,Q2,5,STORE,Retail Stores,Girls,Bottoms,Original Plan,55010.39,1138,48.33,6575.06,495.09,0.5205,28631.59,181577.44,126069.91,6573.01,2366.28,16.5,0.358
FY2026-06,2026,Jul,6,Q2,4,STORE,Retail Stores,Girls,Bottoms,Original Plan,46675.48,966,48.33,4497.59,420.08,0.5436,25374.72,126069.91,139497.94,65021.19,23407.63,10.8,0.352
FY2026-07,2026,Aug,7,Q3,4,STORE,Retail Stores,Girls,Bottoms,Original Plan,48898.13,1012,48.33,4939.92,440.08,0.539,26354.88,139497.94,143596.05,58376.23,21015.44,11.4,0.345
FY2026-08,2026,Sep,8,Q3,5,STORE,Retail Stores,Girls,Bottoms,Original Plan,52787.75,1092,48.33,5156.8,475.09,0.5423,28627.36,143596.05,126615.33,41438.92,14918.01,13.6,0.391
FY2026-09,2026,Oct,9,Q3,4,STORE,Retail Stores,Girls,Bottoms,Original Plan,55566.05,1150,48.33,5645.35,500.09,0.5384,29916.93,126615.33,150227.73,85323.89,30716.6,9.1,0.401
FY2026-10,2026,Nov,10,Q4,4,STORE,Retail Stores,Girls,Bottoms,Original Plan,80015.11,1655,48.33,9445.47,720.14,0.522,41764.2,150227.73,222755.58,162708.57,58575.09,7.5,0.429
FY2026-11,2026,Dec,11,Q4,5,STORE,Retail Stores,Girls,Bottoms,Original Plan,86683.04,1793,48.33,9305.73,780.15,0.5326,46171.41,222755.58,193919.04,67932.38,24455.66,12.8,0.416
FY2026-12,2026,Jan,12,Q4,4,STORE,Retail Stores,Girls,Bottoms,Original Plan,35006.61,724,48.33,3690.94,315.06,0.5346,18713.3,193919.04,154906.44,0.0,0.0,22.2,0.201
FY2024-01,2024,Feb,1,Q1,4,STORE,Retail Stores,Girls,Bottoms,Current Plan,31350.78,649,48.33,3207.73,282.16,0.5377,16856.77,82480.46,85954.89,38315.1,13793.44,10.5,0.372
FY2024-02,2024,Mar,2,Q1,5,STORE,Retail Stores,Girls,Bottoms,Current Plan,44050.74,911,48.33,4201.29,396.46,0.5446,23991.19,85954.89,100874.18,63567.78,22884.4,9.8,0.472
FY2024-03,2024,Apr,3,Q1,4,STORE,Retail Stores,Girls,Bottoms,Current Plan,48479.02,1003,48.33,5204.09,436.31,0.5327,25822.48,100874.18,146933.88,100179.11,36064.48,8.3,0.391
FY2024-04,2024,May,4,Q2,4,STORE,Retail Stores,Girls,Bottoms,Current Plan,44963.86,930,48.33,4634.15,404.67,0.5369,24142.72,146933.88,133934.25,37003.06,13321.1,13.1,0.32
FY2024-05,2024,Jun,5,Q2,5,STORE,Retail Stores,Girls,Bottoms,Current Plan,40459.79,837,48.33,4378.51,364.14,0.5318,21515.76,133934.25,92245.77,3513.96,1265.03,16.6,0.358
FY2024-06,2024,Jul,6,Q2,4,STORE,Retail Stores,Girls,Bottoms,Current Plan,33776.16,699,48.33,4055.35,303.99,0.5199,17561.39,92245.77,93824.79,39714.52,14297.23,10.9,0.363
FY2024-07,2024,Aug,7,Q3,4,STORE,Retail Stores,Girls,Bottoms,Current Plan,35807.01,741,48.33,3252.41,322.26,0.5492,19664.08,93824.79,103868.43,49425.33,17793.12,10.5,0.362
FY2024-08,2024,Sep,8,Q3,5,STORE,Retail Stores,Girls,Bottoms,Current Plan,40346.25,835,48.33,4437.69,363.12,0.53,21383.91,103868.43,94554.76,35833.38,12900.02,12.9,0.407
FY2024-09,2024,Oct,9,Q3,4,STORE,Retail Stores,Girls,Bottoms,Current Plan,40573.38,839,48.33,4246.73,365.16,0.5353,21720.23,94554.76,118020.46,68650.98,24714.35,9.3,0.382
FY2024-10,2024,Nov,10,Q4,4,STORE,Retail Stores,Girls,Bottoms,Current Plan,61327.74,1269,48.33,6084.16,551.95,0.5408,33165.59,118020.46,186408.87,136352.26,49086.81,7.7,0.403
FY2024-11,2024,Dec,11,Q4,5,STORE,Retail Stores,Girls,Bottoms,Current Plan,67209.27,1391,48.33,6315.38,604.88,0.546,36698.55,186408.87,159947.43,47668.11,17160.52,13.9,0.388
FY2024-12,2024,Jan,12,Q4,4,STORE,Retail Stores,Girls,Bottoms,Current Plan,26658.15,552,48.33,2623.69,239.92,0.5416,14437.52,159947.43,130425.67,0.0,0.0,24.0,0.184
FY2025-01,2025,Feb,1,Q1,4,STORE,Retail Stores,Girls,Bottoms,Current Plan,35143.75,727,48.33,3866.56,316.29,0.53,18625.44,130425.67,103158.42,12059.35,4341.37,14.8,0.301
FY2025-02,2025,Mar,2,Q1,5,STORE,Retail Stores,Girls,Bottoms,Current Plan,48675.99,1007,48.33,5802.09,438.08,0.5208,25350.54,103158.42,107589.8,59347.54,21365.12,10.6,0.462
FY2025-03,2025,Apr,3,Q1,4,STORE,Retail Stores,Girls,Bottoms,Current Plan,57009.66,1180,48.33,5876.29,513.09,0.5369,30609.89,107589.8,165674.02,121483.25,43733.97,7.5,0.417
FY2025-04,2025,May,4,Q2,4,STORE,Retail Stores,Girls,Bottoms,Current Plan,52148.02,1079,48.33,5401.78,469.33,0.5364,27972.95,165674.02,150559.2,42904.32,15445.55,12.7,0.33
FY2025-05,2025,Jun,5,Q2,5,STORE,Retail Stores,Girls,Bottoms,Current Plan,46147.31,955,48.33,5033.61,415.33,0.5309,24500.68,150559.2,103830.32,4867.37,1752.25,16.3,0.363
FY2025-06,2025,Jul,6,Q2,4,STORE,Retail Stores,Girls,Bottoms,Current Plan,40797.03,844,48.33,4334.09,367.17,0.5338,21776.01,103830.32,112375.4,54043.37,19455.61,10.2,0.377
FY2025-07,2025,Aug,7,Q3,4,STORE,Retail Stores,Girls,Bottoms,Current Plan,42707.56,884,48.33,4997.54,384.37,0.523,22335.3,112375.4,127369.03,63083.1,22709.91,10.5,0.356
FY2025-08,2025,Sep,8,Q3,5,STORE,Retail Stores,Girls,Bottoms,Current Plan,45696.83,945,48.33,4342.7,411.27,0.545,24903.27,127369.03,102046.16,25127.93,9046.05,13.9,0.398
FY2025-09,2025,Oct,9,Q3,4,STORE,Retail Stores,Girls,Bottoms,Current Plan,47149.06,975,48.33,4256.26,424.34,0.5497,25919.14,102046.16,135677.64,85461.14,30766.01,8.7,0.397
FY2025-10,2025,Nov,10,Q4,4,STORE,Retail Stores,Girls,Bottoms,Current Plan,67777.2,1402,48.33,8132.79,609.99,0.52,35244.61,135677.64,187698.01,128540.35,46274.53,8.0,0.419
FY2025-11,2025,Dec,11,Q4,5,STORE,Retail Stores,Girls,Bottoms,Current Plan,75574.87,1564,48.33,7711.45,680.17,0.538,40656.47,187698.01,183646.01,79914.5,28769.22,12.4,0.407
FY2025-12,2025,Jan,12,Q4,4,STORE,Retail Stores,Girls,Bottoms,Current Plan,29885.76,618,48.33,3393.23,268.97,0.5265,15733.65,183646.01,150098.04,0.0,0.0,24.6,0.179
FY2026-01,2026,Feb,1,Q1,4,STORE,Retail Stores,Girls,Bottoms,Current Plan,38326.99,793,48.33,4061.56,344.94,0.534,20467.71,150098.04,111260.22,3895.67,1402.44,15.7,0.293
FY2026-02,2026,Mar,2,Q1,5,STORE,Retail Stores,Girls,Bottoms,Current Plan,55824.86,1155,48.33,5652.51,502.42,0.5387,30075.4,111260.22,122325.68,73045.26,26296.29,10.0,0.478
FY2026-03,2026,Apr,3,Q1,4,STORE,Retail Stores,Girls,Bottoms,Current Plan,61403.28,1270,48.33,5561.85,552.63,0.5494,33736.25,122325.68,180750.22,125942.3,45339.23,8.0,0.405
FY2026-04,2026,May,4,Q2,4,STORE,Retail Stores,Girls,Bottoms,Current Plan,57561.42,1191,48.33,6246.38,518.05,0.5315,30592.93,180750.22,164895.47,48471.1,17449.6,12.6,0.333
FY2026-05,2026,Jun,5,Q2,5,STORE,Retail Stores,Girls,Bottoms,Current Plan,51410.62,1064,48.33,6184.49,462.7,0.5197,26718.31,164895.47,122605.3,15767.64,5676.35,16.0,0.358
FY2026-06,2026,Jul,6,Q2,4,STORE,Retail Stores,Girls,Bottoms,Current Plan,44189.53,914,48.33,3978.77,397.71,0.55,24302.53,122605.3,127564.7,53525.41,19269.15,11.1,0.353
FY2026-07,2026,Aug,7,Q3,4,STORE,Retail Stores,Girls,Bottoms,Current Plan,46389.31,960,48.33,4510.96,417.5,0.5428,25178.2,127564.7,133443.66,57196.74,20590.83,11.0,0.355
FY2026-08,2026,Sep,8,Q3,5,STORE,Retail Stores,Girls,Bottoms,Current Plan,49759.45,1030,48.33,5558.28,447.84,0.5283,26287.77,133443.66,112452.31,34774.21,12518.72,13.4,0.405
FY2026-09,2026,Oct,9,Q3,4,STORE,Retail Stores,Girls,Bottoms,Current Plan,51701.87,1070,48.33,5610.3,465.32,0.5315,27478.9,112452.31,151869.33,97194.51,34990.02,8.7,0.391
FY2026-10,2026,Nov,10,Q4,4,STORE,Retail Stores,Girls,Bottoms,Current Plan,75576.59,1564,48.33,9047.77,680.19,0.5203,39321.25,151869.33,225913.33,159348.55,57365.48,8.0,0.4
FY2026-11,2026,Dec,11,Q4,5,STORE,Retail Stores,Girls,Bottoms,Current Plan,80915.41,1674,48.33,7572.65,728.24,0.5464,44213.21,225913.33,187867.34,51170.32,18421.31,14.0,0.391
FY2026-12,2026,Jan,12,Q4,4,STORE,Retail Stores,Girls,Bottoms,Current Plan,33146.25,686,48.33,3233.85,298.32,0.5424,17979.75,187867.34,151188.93,0.0,0.0,22.7,0.196
FY2024-01,2024,Feb,1,Q1,4,WHSL,Wholesale,Girls,Bottoms,Original Plan,52757.18,1425,37.02,1041.67,52.76,0.4603,24281.78,53666.01,52921.27,53106.86,27615.57,4.1,0.99
FY2024-02,2024,Mar,2,Q1,5,WHSL,Wholesale,Girls,Bottoms,Original Plan,44247.96,1195,37.02,786.9,44.25,0.4622,20452.12,52921.27,34072.58,26230.43,13639.82,6.0,1.017
FY2024-03,2024,Apr,3,Q1,4,WHSL,Wholesale,Girls,Bottoms,Original Plan,21102.87,570,37.02,377.63,21.1,0.4621,9751.75,34072.58,19944.25,7373.26,3834.1,6.5,0.781
FY2024-04,2024,May,4,Q2,4,WHSL,Wholesale,Girls,Bottoms,Original Plan,18720.29,506,37.02,352.14,18.72,0.4612,8633.59,19944.25,19739.0,18885.91,9820.67,4.3,0.943
FY2024-05,2024,Jun,5,Q2,5,WHSL,Wholesale,Girls,Bottoms,Original Plan,45949.8,1241,37.02,832.12,45.95,0.4619,21223.78,19739.0,37338.84,64427.71,33502.41,2.1,1.61
FY2024-06,2024,Jul,6,Q2,4,WHSL,Wholesale,Girls,Bottoms,Original Plan,48332.39,1306,37.02,992.35,48.33,0.4595,22207.2,37338.84,47108.67,59142.9,30754.31,3.1,1.145
FY2024-07,2024,Aug,7,Q3,4,WHSL,Wholesale,Girls,Bottoms,Original Plan,23825.82,644,37.02,497.55,23.83,0.4591,10938.84,47108.67,22995.61,234.14,121.75,7.9,0.68
FY2024-08,2024,Sep,8,Q3,5,WHSL,Wholesale,Girls,Bottoms,Original Plan,35738.74,965,37.02,642.56,35.74,0.462,16512.03,22995.61,28081.95,41503.38,21581.76,3.2,1.399
FY2024-09,2024,Oct,9,Q3,4,WHSL,Wholesale,Girls,Bottoms,Original Plan,46970.91,1269,37.02,864.92,46.97,0.4616,21681.12,28081.95,46665.23,66466.08,34562.36,2.4,1.257
FY2024-10,2024,Nov,10,Q4,4,WHSL,Wholesale,Girls,Bottoms,Original Plan,28931.36,781,37.02,585.81,28.93,0.4598,13301.24,46665.23,28860.47,11741.34,6105.5,6.5,0.766
FY2024-11,2024,Dec,11,Q4,5,WHSL,Wholesale,Girls,Bottoms,Original Plan,20422.13,552,37.02,403.65,20.42,0.4602,9398.98,28860.47,16677.04,8662.77,4504.64,7.1,0.897
FY2024-12,2024,Jan,12,Q4,4,WHSL,Wholesale,Girls,Bottoms,Original Plan,21443.24,579,37.02,405.9,21.44,0.4611,9886.85,16677.04,20695.16,25888.71,13462.13,3.1,1.148
FY2025-01,2025,Feb,1,Q1,4,WHSL,Wholesale,Girls,Bottoms,Original Plan,60143.19,1625,37.02,1025.02,60.14,0.463,27843.71,20695.16,62446.49,102979.68,53549.43,1.4,1.447
FY2025-02,2025,Mar,2,Q1,5,WHSL,Wholesale,Girls,Bottoms,Original Plan,50442.67,1363,37.02,860.17,50.44,0.4629,23352.31,62446.49,42057.18,30963.97,16101.27,6.2,0.965
FY2025-03,2025,Apr,3,Q1,4,WHSL,Wholesale,Girls,Bottoms,Original Plan,24057.27,650,37.02,550.02,24.06,0.4571,10997.48,42057.18,24641.04,7215.21,3751.91,7.0,0.721
FY2025-04,2025,May,4,Q2,4,WHSL,Wholesale,Girls,Bottoms,Original Plan,21341.13,576,37.02,365.52,21.34,0.4629,9878.23,24641.04,20251.3,17338.25,9015.89,4.6,0.951
FY2025-05,2025,Jun,5,Q2,5,WHSL,Wholesale,Girls,Bottoms,Original Plan,52382.78,1415,37.02,1014.1,52.38,0.4606,24129.63,20251.3,40142.26,73340.22,38136.91,1.9,1.735
FY2025-06,2025,Jul,6,Q2,4,WHSL,Wholesale,Girls,Bottoms,Original Plan,55098.92,1488,37.02,1083.58,55.1,0.4603,25363.9,40142.26,53360.53,69455.86,36117.05,2.9,1.179
FY2025-07,2025,Aug,7,Q3,4,WHSL,Wholesale,Girls,Bottoms,Original Plan,27161.44,734,37.02,564.37,27.16,0.4592,12473.12,53360.53,28056.95,2449.4,1273.69,7.9,0.667
FY2025-08,2025,Sep,8,Q3,5,WHSL,Wholesale,Girls,Bottoms,Original Plan,40742.16,1101,37.02,848.41,40.74,0.4592,18707.82,28056.95,31568.91,45143.27,23474.5,3.4,1.367
FY2025-09,2025,Oct,9,Q3,4,WHSL,Wholesale,Girls,Bottoms,Original Plan,53546.84,1446,37.02,1176.98,53.55,0.458,24525.5,31568.91,55786.95,78995.4,41077.61,2.4,1.226
FY2025-10,2025,Nov,10,Q4,4,WHSL,Wholesale,Girls,Bottoms,Original Plan,32981.75,891,37.02,630.52,32.98,0.4609,15200.72,55786.95,31033.13,8891.42,4623.54,6.8,0.76
FY2025-11,2025,Dec,11,Q4,5,WHSL,Wholesale,Girls,Bottoms,Original Plan,23281.23,629,37.02,415.52,23.28,0.4622,10759.48,31033.13,18839.42,11526.32,5993.69,6.7,0.934
FY2025-12,2025,Jan,12,Q4,4,WHSL,Wholesale,Girls,Bottoms,Original Plan,24445.3,660,37.02,462.38,24.45,0.4611,11271.36,18839.42,23301.96,29394.67,15285.23,3.1,1.16
FY2026-01,2026,Feb,1,Q1,4,WHSL,Wholesale,Girls,Bottoms,Original Plan,70968.96,1917,37.02,1570.33,70.97,0.4579,32494.77,23301.96,72794.72,122103.01,63493.57,1.3,1.477
FY2026-02,2026,Mar,2,Q1,5,WHSL,Wholesale,Girls,Bottoms,Original Plan,59522.35,1608,37.02,1115.55,59.52,0.4613,27455.18,72794.72,47461.28,35363.98,18389.27,6.1,0.99
FY2026-03,2026,Apr,3,Q1,4,WHSL,Wholesale,Girls,Bottoms,Original Plan,28387.58,767,37.02,499.86,28.39,0.4624,13126.18,47461.28,29805.28,11259.84,5855.11,6.7,0.735
FY2026-04,2026,May,4,Q2,4,WHSL,Wholesale,Girls,Bottoms,Original Plan,25182.53,680,37.02,431.86,25.18,0.4629,11655.76,29805.28,24142.55,19976.84,10387.96,4.7,0.934
FY2026-05,2026,Jun,5,Q2,5,WHSL,Wholesale,Girls,Bottoms,Original Plan,61811.68,1670,37.02,1101.54,61.81,0.4622,28568.06,24142.55,46945.02,85777.5,44604.3,2.0,1.739
FY2026-06,2026,Jul,6,Q2,4,WHSL,Wholesale,Girls,Bottoms,Original Plan,65016.73,1756,37.02,1331.28,65.02,0.4595,29876.74,46945.02,63826.11,83294.12,43312.94,2.9,1.174
FY2026-07,2026,Aug,7,Q3,4,WHSL,Wholesale,Girls,Bottoms,Original Plan,32050.5,866,37.02,615.32,32.05,0.4608,14768.92,63826.11,31128.24,0.0,0.0,8.0,0.675
FY2026-08,2026,Sep,8,Q3,5,WHSL,Wholesale,Girls,Bottoms,Original Plan,48075.75,1299,37.02,1093.81,48.08,0.4572,21982.55,31128.24,40750.56,58839.95,30596.77,3.2,1.338
FY2026-09,2026,Oct,9,Q3,4,WHSL,Wholesale,Girls,Bottoms,Original Plan,63185.27,1707,37.02,1308.5,63.19,0.4593,29020.43,40750.56,61698.24,85504.64,44462.41,2.6,1.233
FY2026-10,2026,Nov,10,Q4,4,WHSL,Wholesale,Girls,Bottoms,Original Plan,38918.46,1051,37.02,773.6,38.92,0.4601,17907.26,61698.24,40554.92,18587.66,9665.58,6.3,0.761
FY2026-11,2026,Dec,11,Q4,5,WHSL,Wholesale,Girls,Bottoms,Original Plan,27471.86,742,37.02,478.59,27.47,0.4626,12707.9,40554.92,22008.82,9431.82,4904.55,7.4,0.878
FY2026-12,2026,Jan,12,Q4,4,WHSL,Wholesale,Girls,Bottoms,Original Plan,28845.45,779,37.02,515.53,28.85,0.4621,13330.29,22008.82,27901.76,35282.76,18347.04,3.1,1.156
FY2024-01,2024,Feb,1,Q1,4,WHSL,Wholesale,Girls,Bottoms,Current Plan,51210.15,1383,37.02,960.52,51.21,0.4612,23620.36,52365.44,53392.04,53248.48,27689.21,4.1,0.968
FY2024-02,2024,Mar,2,Q1,5,WHSL,Wholesale,Girls,Bottoms,Current Plan,44064.3,1190,37.02,830.83,44.06,0.4611,20320.04,53392.04,35764.49,27311.64,14202.05,6.1,0.988
FY2024-03,2024,Apr,3,Q1,4,WHSL,Wholesale,Girls,Bottoms,Current Plan,20766.38,561,37.02,435.68,20.77,0.459,9532.18,35764.49,20549.52,6007.85,3124.08,6.9,0.738
FY2024-04,2024,May,4,Q2,4,WHSL,Wholesale,Girls,Bottoms,Current Plan,18969.94,512,37.02,384.23,18.97,0.4597,8721.34,20549.52,18045.67,16869.28,8772.03,4.3,0.983
FY2024-05,2024,Jun,5,Q2,5,WHSL,Wholesale,Girls,Bottoms,Current Plan,47150.91,1274,37.02,958.67,47.15,0.4597,21673.77,18045.67,36834.39,66945.44,34811.63,1.9,1.718
FY2024-06,2024,Jul,6,Q2,4,WHSL,Wholesale,Girls,Bottoms,Current Plan,48332.63,1306,37.02,968.71,48.33,0.46,22230.95,36834.39,49377.37,61892.66,32184.18,3.0,1.121
FY2024-07,2024,Aug,7,Q3,4,WHSL,Wholesale,Girls,Bottoms,Current Plan,23124.52,625,37.02,398.24,23.12,0.4628,10701.53,49377.37,25831.49,0.0,0.0,8.5,0.615
FY2024-08,2024,Sep,8,Q3,5,WHSL,Wholesale,Girls,Bottoms,Current Plan,35920.67,970,37.02,761.35,35.92,0.4588,16480.57,25831.49,27438.13,38324.58,19928.78,3.6,1.349
FY2024-09,2024,Oct,9,Q3,4,WHSL,Wholesale,Girls,Bottoms,Current Plan,45948.66,1241,37.02,1020.75,45.95,0.4578,21034.6,27438.13,45648.17,65225.41,33917.21,2.4,1.257
FY2024-10,2024,Nov,10,Q4,4,WHSL,Wholesale,Girls,Bottoms,Current Plan,29574.48,799,37.02,553.48,29.57,0.4613,13642.27,45648.17,28435.15,12944.52,6731.15,6.2,0.798
FY2024-11,2024,Dec,11,Q4,5,WHSL,Wholesale,Girls,Bottoms,Current Plan,21386.04,578,37.02,443.56,21.39,0.4593,9821.74,28435.15,16194.07,9609.91,4997.15,6.6,0.958
FY2024-12,2024,Jan,12,Q4,4,WHSL,Wholesale,Girls,Bottoms,Current Plan,22004.97,594,37.02,389.87,22.0,0.4623,10172.52,16194.07,20759.76,26982.53,14030.92,2.9,1.191
FY2025-01,2025,Feb,1,Q1,4,WHSL,Wholesale,Girls,Bottoms,Current Plan,60968.85,1647,37.02,1051.65,60.97,0.4628,28213.4,20759.76,60083.87,101405.58,52730.9,1.4,1.508
FY2025-02,2025,Mar,2,Q1,5,WHSL,Wholesale,Girls,Bottoms,Current Plan,52167.09,1409,37.02,996.35,52.17,0.4609,24043.85,60083.87,40132.69,33264.42,17297.5,5.8,1.041
FY2025-03,2025,Apr,3,Q1,4,WHSL,Wholesale,Girls,Bottoms,Current Plan,23727.64,641,37.02,490.26,23.73,0.4593,10899.01,40132.69,24011.25,8120.2,4222.5,6.8,0.74
FY2025-04,2025,May,4,Q2,4,WHSL,Wholesale,Girls,Bottoms,Current Plan,21417.22,579,37.02,477.76,21.42,0.4577,9802.5,24011.25,22299.46,20204.61,10506.4,4.5,0.925
FY2025-05,2025,Jun,5,Q2,5,WHSL,Wholesale,Girls,Bottoms,Current Plan,52892.77,1429,37.02,928.63,52.89,0.4624,24459.9,22299.46,40604.43,72179.26,37533.22,2.1,1.682
FY2025-06,2025,Jul,6,Q2,4,WHSL,Wholesale,Girls,Bottoms,Current Plan,56184.66,1518,37.02,1139.62,56.18,0.4597,25829.02,40604.43,52865.4,69641.42,36213.54,2.9,1.202
FY2025-07,2025,Aug,7,Q3,4,WHSL,Wholesale,Girls,Bottoms,Current Plan,27304.25,738,37.02,518.01,27.3,0.461,12588.03,52865.4,27051.99,2036.15,1058.8,7.7,0.683
FY2025-08,2025,Sep,8,Q3,5,WHSL,Wholesale,Girls,Bottoms,Current Plan,41035.41,1108,37.02,843.8,41.04,0.4594,18853.2,27051.99,33530.6,48398.85,25167.4,3.3,1.355
FY2025-09,2025,Oct,9,Q3,4,WHSL,Wholesale,Girls,Bottoms,Current Plan,54342.23,1468,37.02,1212.48,54.34,0.4577,24871.79,33530.6,53887.25,75965.7,39502.16,2.5,1.243
FY2025-10,2025,Nov,10,Q4,4,WHSL,Wholesale,Girls,Bottoms,Current Plan,32988.17,891,37.02,727.21,32.99,0.458,15107.11,53887.25,33080.52,12941.65,6729.66,6.5,0.759
FY2025-11,2025,Dec,11,Q4,5,WHSL,Wholesale,Girls,Bottoms,Current Plan,23023.95,622,37.02,496.33,23.02,0.4584,10555.17,33080.52,19295.8,9758.58,5074.46,7.2,0.879
FY2025-12,2025,Jan,12,Q4,4,WHSL,Wholesale,Girls,Bottoms,Current Plan,24522.48,662,37.02,454.37,24.52,0.4615,11316.42,19295.8,23408.55,29114.11,15139.34,3.1,1.148
FY2026-01,2026,Feb,1,Q1,4,WHSL,Wholesale,Girls,Bottoms,Current Plan,65737.13,1776,37.02,1167.16,65.74,0.4622,30386.66,23408.55,64036.66,107598.14,55951.03,1.4,1.504
FY2026-02,2026,Mar,2,Q1,5,WHSL,Wholesale,Girls,Bottoms,Current Plan,56023.08,1513,37.02,1008.92,56.02,0.462,25882.16,64036.66,45692.81,38744.17,20146.97,5.7,1.021
FY2026-03,2026,Apr,3,Q1,4,WHSL,Wholesale,Girls,Bottoms,Current Plan,26846.49,725,37.02,539.68,26.85,0.4599,12346.64,45692.81,28051.23,9771.43,5081.14,6.8,0.728
FY2026-04,2026,May,4,Q2,4,WHSL,Wholesale,Girls,Bottoms,Current Plan,23392.97,632,37.02,461.59,23.39,0.4603,10767.03,28051.23,22404.9,18231.63,9480.45,4.8,0.927
FY2026-05,2026,Jun,5,Q2,5,WHSL,Wholesale,Girls,Bottoms,Current Plan,58058.33,1568,37.02,1254.06,58.06,0.4584,26613.94,22404.9,44592.79,81558.34,42410.34,1.9,1.733
FY2026-06,2026,Jul,6,Q2,4,WHSL,Wholesale,Girls,Bottoms,Current Plan,62055.56,1676,37.02,1190.1,62.06,0.4608,28596.57,44592.79,59506.45,78221.37,40675.11,2.9,1.192
FY2026-07,2026,Aug,7,Q3,4,WHSL,Wholesale,Girls,Bottoms,Current Plan,29844.19,806,37.02,602.92,29.84,0.4598,13722.29,59506.45,29119.22,89.73,46.66,8.0,0.673
FY2026-08,2026,Sep,8,Q3,5,WHSL,Wholesale,Girls,Bottoms,Current Plan,45996.87,1242,37.02,865.12,46.0,0.4612,21213.38,29119.22,38043.52,55832.28,29032.79,3.2,1.37
FY2026-09,2026,Oct,9,Q3,4,WHSL,Wholesale,Girls,Bottoms,Current Plan,59213.46,1599,37.02,1361.29,59.21,0.457,27061.17,38043.52,56773.25,79363.7,41269.12,2.6,1.249
FY2026-10,2026,Nov,10,Q4,4,WHSL,Wholesale,Girls,Bottoms,Current Plan,35995.76,972,37.02,817.71,36.0,0.4573,16460.25,56773.25,34985.2,15061.42,7831.94,6.3,0.785
FY2026-11,2026,Dec,11,Q4,5,WHSL,Wholesale,Girls,Bottoms,Current Plan,26083.02,705,37.02,526.96,26.08,0.4598,11992.89,34985.2,20486.33,12137.19,6311.34,6.7,0.94
FY2026-12,2026,Jan,12,Q4,4,WHSL,Wholesale,Girls,Bottoms,Current Plan,27312.79,738,37.02,525.98,27.31,0.4607,12584.16,20486.33,27677.9,35057.66,18229.98,3.0,1.134
FY2024-01,2024,Feb,1,Q1,4,ECOM,Ecommerce,Girls,Dresses,Original Plan,224799.27,2491,90.23,32775.51,899.2,0.4942,111096.02,694770.11,670193.33,233897.19,84202.99,12.4,0.329
FY2024-02,2024,Mar,2,Q1,5,ECOM,Ecommerce,Girls,Dresses,Original Plan,322009.76,3569,90.23,48617.04,1288.04,0.489,157469.2,670193.33,766193.17,467914.69,168449.29,10.4,0.448
FY2024-03,2024,Apr,3,Q1,4,ECOM,Ecommerce,Girls,Dresses,Original Plan,358463.7,3973,90.23,50601.4,1433.85,0.4988,178815.37,766193.17,1021531.91,665837.69,239701.57,8.5,0.401
FY2024-04,2024,May,4,Q2,4,ECOM,Ecommerce,Girls,Dresses,Original Plan,331123.25,3670,90.23,51155.72,1324.49,0.4855,160763.16,1021531.91,996092.25,358163.8,128938.97,12.3,0.328
FY2024-05,2024,Jun,5,Q2,5,ECOM,Ecommerce,Girls,Dresses,Original Plan,300744.97,3333,90.23,43924.23,1202.98,0.4939,148552.55,996092.25,693810.69,43590.62,15692.62,16.6,0.356
FY2024-06,2024,Jul,6,Q2,4,ECOM,Ecommerce,Girls,Dresses,Original Plan,255177.55,2828,90.23,34854.73,1020.71,0.5034,128458.9,693810.69,727270.49,324512.79,116824.6,10.9,0.359
FY2024-07,2024,Aug,7,Q3,4,ECOM,Ecommerce,Girls,Dresses,Original Plan,267328.86,2963,90.23,40004.92,1069.32,0.4904,131085.55,727270.49,768315.01,349447.62,125801.14,10.9,0.357
FY2024-08,2024,Sep,8,Q3,5,ECOM,Ecommerce,Girls,Dresses,Original Plan,288593.66,3198,90.23,35827.43,1154.37,0.5159,148872.51,768315.01,633637.75,190898.21,68723.36,13.3,0.412
FY2024-09,2024,Oct,9,Q3,4,ECOM,Ecommerce,Girls,Dresses,Original Plan,303782.8,3367,90.23,40287.63,1215.13,0.5074,154133.36,633637.75,854565.9,566213.7,203836.93,8.3,0.408
FY2024-10,2024,Nov,10,Q4,4,ECOM,Ecommerce,Girls,Dresses,Original Plan,437447.23,4848,90.23,52630.91,1749.79,0.5197,227335.31,854565.9,1252227.52,889489.55,320216.24,7.8,0.415
FY2024-11,2024,Dec,11,Q4,5,ECOM,Ecommerce,Girls,Dresses,Original Plan,473901.16,5252,90.23,73399.94,1895.6,0.4851,229896.81,1252227.52,1136413.27,433382.46,156017.69,13.2,0.397
FY2024-12,2024,Jan,12,Q4,4,ECOM,Ecommerce,Girls,Dresses,Original Plan,191383.16,2121,90.23,26712.76,765.53,0.5004,95772.47,1136413.27,917551.82,0.0,0.0,23.8,0.186
FY2025-01,2025,Feb,1,Q1,4,ECOM,Ecommerce,Girls,Dresses,Original Plan,256271.17,2840,90.23,33779.31,1025.08,0.5082,130234.24,917551.82,745003.04,118526.77,42669.64,14.3,0.308
FY2025-02,2025,Mar,2,Q1,5,ECOM,Ecommerce,Girls,Dresses,Original Plan,367091.13,4068,90.23,42788.49,1468.36,0.5234,192149.84,745003.04,891027.99,557372.93,200654.26,10.1,0.449
FY2025-03,2025,Apr,3,Q1,4,ECOM,Ecommerce,Girls,Dresses,Original Plan,408648.62,4529,90.23,51593.28,1634.59,0.5137,209941.83,891027.99,1106078.9,676927.41,243693.87,8.7,0.409
FY2025-04,2025,May,4,Q2,4,ECOM,Ecommerce,Girls,Dresses,Original Plan,377480.5,4184,90.23,46546.5,1509.92,0.5167,195041.02,1106078.9,1146193.12,465651.15,167634.41,11.7,0.335
FY2025-05,2025,Jun,5,Q2,5,ECOM,Ecommerce,Girls,Dresses,Original Plan,342849.26,3800,90.23,48434.74,1371.4,0.4987,170988.79,1146193.12,753537.72,0.0,0.0,16.7,0.361
FY2025-06,2025,Jul,6,Q2,4,ECOM,Ecommerce,Girls,Dresses,Original Plan,290902.41,3224,90.23,35974.71,1163.61,0.5163,150202.83,753537.72,870891.53,445394.54,160342.03,10.4,0.358
FY2025-07,2025,Aug,7,Q3,4,ECOM,Ecommerce,Girls,Dresses,Original Plan,304754.9,3378,90.23,40453.8,1219.02,0.5073,154589.33,870891.53,889613.63,365149.82,131453.94,11.4,0.346
FY2025-08,2025,Sep,8,Q3,5,ECOM,Ecommerce,Girls,Dresses,Original Plan,328996.77,3646,90.23,38612.77,1315.99,0.5226,171945.16,889613.63,719632.8,198944.7,71620.09,13.5,0.409
FY2025-09,2025,Oct,9,Q3,4,ECOM,Ecommerce,Girls,Dresses,Original Plan,346312.39,3838,90.23,46443.98,1385.25,0.5059,175195.95,719632.8,1027635.74,702144.56,252772.04,8.3,0.396
FY2025-10,2025,Nov,10,Q4,4,ECOM,Ecommerce,Girls,Dresses,Original Plan,498689.84,5527,90.23,74476.75,1994.76,0.4907,244684.75,1027635.74,1448558.37,996083.98,358590.23,8.2,0.403
FY2025-11,2025,Dec,11,Q4,5,ECOM,Ecommerce,Girls,Dresses,Original Plan,540247.33,5987,90.23,63464.2,2160.99,0.5225,282294.09,1448558.37,1175875.93,333190.07,119948.43,13.4,0.412
FY2025-12,2025,Jan,12,Q4,4,ECOM,Ecommerce,Girls,Dresses,Original Plan,218176.8,2418,90.23,26424.4,872.71,0.5189,113208.76,1175875.93,930402.02,0.0,0.0,21.6,0.207
FY2026-01,2026,Feb,1,Q1,4,ECOM,Ecommerce,Girls,Dresses,Original Plan,302399.98,3351,90.23,37968.73,1209.6,0.5144,155567.25,930402.02,901749.15,312925.45,112653.16,12.3,0.33
FY2026-02,2026,Mar,2,Q1,5,ECOM,Ecommerce,Girls,Dresses,Original Plan,433167.54,4801,90.23,64827.72,1732.67,0.4903,212399.51,901749.15,970474.74,568453.51,204643.26,10.4,0.463
FY2026-03,2026,Apr,3,Q1,4,ECOM,Ecommerce,Girls,Dresses,Original Plan,482205.37,5344,90.23,74332.86,1928.82,0.4858,234278.57,970474.74,1358304.35,946296.66,340666.8,8.1,0.414
FY2026-04,2026,May,4,Q2,4,ECOM,Ecommerce,Girls,Dresses,Original Plan,445426.99,4937,90.23,56971.57,1781.71,0.5121,228101.7,1358304.35,1337011.98,482887.91,173839.65,12.2,0.331
FY2026-05,2026,Jun,5,Q2,5,ECOM,Ecommerce,Girls,Dresses,Original Plan,404562.13,4484,90.23,62083.22,1618.25,0.4865,196836.54,1337011.98,922698.63,53950.25,19422.09,16.5,0.358
FY2026-06,2026,Jul,6,Q2,4,ECOM,Ecommerce,Girls,Dresses,Original Plan,343264.84,3804,90.23,53153.22,1373.06,0.4852,166536.28,922698.63,979590.01,454682.51,163685.7,10.8,0.361
FY2026-07,2026,Aug,7,Q3,4,ECOM,Ecommerce,Girls,Dresses,Original Plan,359610.78,3985,90.23,44528.62,1438.44,0.5162,185622.28,979590.01,990612.76,416600.6,149976.22,10.9,0.365
FY2026-08,2026,Sep,8,Q3,5,ECOM,Ecommerce,Girls,Dresses,Original Plan,388216.19,4302,90.23,56701.96,1552.86,0.4939,191756.4,990612.76,848364.31,304222.55,109520.12,12.8,0.422
FY2026-09,2026,Oct,9,Q3,4,ECOM,Ecommerce,Girls,Dresses,Original Plan,408648.62,4529,90.23,52790.63,1634.59,0.5108,208744.48,848364.31,1216017.98,830727.52,299061.91,8.3,0.396
FY2026-10,2026,Nov,10,Q4,4,ECOM,Ecommerce,Girls,Dresses,Original Plan,588454.01,6522,90.23,79924.33,2353.82,0.5042,296686.24,1216017.98,1729377.29,1184091.47,426272.93,8.3,0.4
FY2026-11,2026,Dec,11,Q4,5,ECOM,Ecommerce,Girls,Dresses,Original Plan,637491.84,7065,90.23,77774.5,2549.97,0.518,330220.28,1729377.29,1537506.16,525945.18,189340.27,13.6,0.39
FY2026-12,2026,Jan,12,Q4,4,ECOM,Ecommerce,Girls,Dresses,Original Plan,257448.63,2853,90.23,35888.96,1029.79,0.5006,128878.16,1537506.16,1243138.78,0.0,0.0,23.9,0.185
FY2024-01,2024,Feb,1,Q1,4,ECOM,Ecommerce,Girls,Dresses,Current Plan,219377.41,2431,90.23,31257.68,877.51,0.4975,109143.86,612919.76,632933.54,271526.38,97749.5,11.2,0.352
FY2024-02,2024,Mar,2,Q1,5,ECOM,Ecommerce,Girls,Dresses,Current Plan,321350.55,3561,90.23,49464.14,1285.4,0.4861,156200.22,632933.54,709956.12,449122.67,161684.16,9.8,0.479
FY2024-03,2024,Apr,3,Q1,4,ECOM,Ecommerce,Girls,Dresses,Current Plan,366063.1,4057,90.23,52027.47,1464.25,0.4979,182252.91,709956.12,999641.69,709240.39,255326.54,7.8,0.428
FY2024-04,2024,May,4,Q2,4,ECOM,Ecommerce,Girls,Dresses,Current Plan,339897.38,3767,90.23,43752.71,1359.59,0.5113,173781.61,999641.69,927038.58,312406.58,112466.37,11.8,0.353
FY2024-05,2024,Jun,5,Q2,5,ECOM,Ecommerce,Girls,Dresses,Current Plan,301407.19,3340,90.23,36467.28,1205.63,0.519,156433.32,927038.58,713741.9,125783.42,45282.03,15.4,0.367
FY2024-06,2024,Jul,6,Q2,4,ECOM,Ecommerce,Girls,Dresses,Current Plan,253924.7,2814,90.23,38452.34,1015.7,0.4886,124059.47,713741.9,730757.41,310408.25,111746.97,11.2,0.352
FY2024-07,2024,Aug,7,Q3,4,ECOM,Ecommerce,Girls,Dresses,Current Plan,266784.6,2957,90.23,36825.92,1067.14,0.502,133916.22,730757.41,740470.77,314391.02,113180.77,11.0,0.363
FY2024-08,2024,Sep,8,Q3,5,ECOM,Ecommerce,Girls,Dresses,Current Plan,292513.6,3242,90.23,44111.45,1170.05,0.4892,143097.25,740470.77,651429.07,248753.41,89551.23,12.7,0.42
FY2024-09,2024,Oct,9,Q3,4,ECOM,Ecommerce,Girls,Dresses,Current Plan,299246.06,3316,90.23,43617.16,1196.98,0.4942,147900.32,651429.07,843200.38,535831.52,192899.35,8.7,0.4
FY2024-10,2024,Nov,10,Q4,4,ECOM,Ecommerce,Girls,Dresses,Current Plan,424005.38,4699,90.23,63150.94,1696.02,0.4911,208212.5,843200.38,1284933.98,930585.95,335010.94,8.0,0.398
FY2024-11,2024,Dec,11,Q4,5,ECOM,Ecommerce,Girls,Dresses,Current Plan,471432.04,5225,90.23,63177.93,1885.73,0.506,238538.57,1284933.98,1141160.79,392722.5,141380.1,13.6,0.389
FY2024-12,2024,Jan,12,Q4,4,ECOM,Ecommerce,Girls,Dresses,Current Plan,192295.11,2131,90.23,23698.54,769.18,0.5168,99370.33,1141160.79,924397.95,0.0,0.0,23.7,0.186
FY2025-01,2025,Feb,1,Q1,4,ECOM,Ecommerce,Girls,Dresses,Current Plan,256583.95,2844,90.23,31636.92,1026.34,0.5167,132576.81,924397.95,777402.46,142251.71,51210.62,14.4,0.302
FY2025-02,2025,Mar,2,Q1,5,ECOM,Ecommerce,Girls,Dresses,Current Plan,378863.93,4199,90.23,56949.57,1515.46,0.4897,185523.34,777402.46,851963.38,511889.87,184280.35,10.3,0.465
FY2025-03,2025,Apr,3,Q1,4,ECOM,Ecommerce,Girls,Dresses,Current Plan,419573.93,4650,90.23,64404.09,1678.3,0.4865,204123.22,851963.38,1216393.15,850086.09,306030.99,8.1,0.406
FY2025-04,2025,May,4,Q2,4,ECOM,Ecommerce,Girls,Dresses,Current Plan,374438.11,4150,90.23,57732.66,1497.75,0.4858,181907.72,1216393.15,1129132.47,346407.84,124706.82,13.0,0.319
FY2025-05,2025,Jun,5,Q2,5,ECOM,Ecommerce,Girls,Dresses,Current Plan,348714.77,3865,90.23,45679.87,1394.86,0.509,177497.58,1129132.47,807220.6,73877.63,26595.95,16.2,0.36
FY2025-06,2025,Jul,6,Q2,4,ECOM,Ecommerce,Girls,Dresses,Current Plan,304387.02,3373,90.23,40802.11,1217.55,0.506,154005.58,807220.6,854591.4,393777.48,141759.89,10.6,0.366
FY2025-07,2025,Aug,7,Q3,4,ECOM,Ecommerce,Girls,Dresses,Current Plan,312700.34,3466,90.23,36624.74,1250.8,0.5229,163503.48,854591.4,870944.43,366928.91,132094.41,10.9,0.362
FY2025-08,2025,Sep,8,Q3,5,ECOM,Ecommerce,Girls,Dresses,Current Plan,337638.16,3742,90.23,52222.18,1350.55,0.4853,163866.24,870944.43,804949.13,325215.59,117077.61,12.9,0.403
FY2025-09,2025,Oct,9,Q3,4,ECOM,Ecommerce,Girls,Dresses,Current Plan,343577.02,3808,90.23,49923.46,1374.31,0.4947,169965.83,804949.13,1019542.79,609468.44,219408.64,9.4,0.377
FY2025-10,2025,Nov,10,Q4,4,ECOM,Ecommerce,Girls,Dresses,Current Plan,492677.09,5460,90.23,70762.73,1970.71,0.4964,244550.61,1019542.79,1489740.02,1035607.76,372818.79,8.3,0.393
FY2025-11,2025,Dec,11,Q4,5,ECOM,Ecommerce,Girls,Dresses,Current Plan,539252.12,5976,90.23,73408.14,2157.01,0.5039,271713.21,1489740.02,1262479.23,387556.48,139520.33,13.8,0.392
FY2025-12,2025,Jan,12,Q4,4,ECOM,Ecommerce,Girls,Dresses,Current Plan,223773.84,2480,90.23,27261.51,895.1,0.5182,115953.75,1262479.23,1010548.78,0.0,0.0,22.6,0.197
FY2026-01,2026,Feb,1,Q1,4,ECOM,Ecommerce,Girls,Dresses,Current Plan,319900.81,3545,90.23,47627.51,1279.6,0.4911,157109.01,1010548.78,868022.9,226282.04,81461.54,12.6,0.341
FY2026-02,2026,Mar,2,Q1,5,ECOM,Ecommerce,Girls,Dresses,Current Plan,463587.9,5138,90.23,64887.62,1854.35,0.5,231808.64,868022.9,1066198.09,728505.07,262261.83,9.4,0.479
FY2026-03,2026,Apr,3,Q1,4,ECOM,Ecommerce,Girls,Dresses,Current Plan,513462.59,5691,90.23,65815.09,2053.85,0.5118,262800.97,1066198.09,1509117.45,1024250.89,368730.32,8.3,0.399
FY2026-04,2026,May,4,Q2,4,ECOM,Ecommerce,Girls,Dresses,Current Plan,473426.67,5247,90.23,68148.31,1893.71,0.4961,234844.76,1509117.45,1434809.76,469161.0,168897.96,12.8,0.322
FY2026-05,2026,Jun,5,Q2,5,ECOM,Ecommerce,Girls,Dresses,Current Plan,417109.83,4623,90.23,55258.13,1668.44,0.5075,211692.16,1434809.76,960773.36,0.0,0.0,17.2,0.348
FY2026-06,2026,Jul,6,Q2,4,ECOM,Ecommerce,Girls,Dresses,Current Plan,359338.15,3982,90.23,46146.16,1437.35,0.5116,183830.25,960773.36,1041293.24,487441.55,175478.96,10.7,0.359
FY2026-07,2026,Aug,7,Q3,4,ECOM,Ecommerce,Girls,Dresses,Current Plan,389361.29,4315,90.23,52259.56,1557.45,0.5058,196931.67,1041293.24,1138427.48,540312.53,194512.51,10.7,0.357
FY2026-08,2026,Sep,8,Q3,5,ECOM,Ecommerce,Girls,Dresses,Current Plan,410072.13,4545,90.23,48121.28,1640.29,0.5227,214324.88,1138427.48,963316.3,284722.53,102500.11,13.9,0.39
FY2026-09,2026,Oct,9,Q3,4,ECOM,Ecommerce,Girls,Dresses,Current Plan,437143.7,4845,90.23,58874.14,1748.57,0.5053,220897.83,963316.3,1182415.46,716865.57,258071.61,8.8,0.407
FY2026-10,2026,Nov,10,Q4,4,ECOM,Ecommerce,Girls,Dresses,Current Plan,612383.34,6787,90.23,78685.71,2449.53,0.5115,313239.63,1182415.46,1775910.38,1287013.5,463324.86,7.7,0.414
FY2026-11,2026,Dec,11,Q4,5,ECOM,Ecommerce,Girls,Dresses,Current Plan,683278.6,7573,90.23,104615.66,2733.11,0.4869,332682.64,1775910.38,1644321.63,659038.62,237253.9,13.0,0.4
FY2026-12,2026,Jan,12,Q4,4,ECOM,Ecommerce,Girls,Dresses,Current Plan,274256.21,3040,90.23,33333.74,1097.02,0.5185,142190.23,1644321.63,1335634.65,0.0,0.0,24.0,0.184
FY2024-01,2024,Feb,1,Q1,4,STORE,Retail Stores,Girls,Dresses,Original Plan,102181.49,1132,90.23,9685.7,919.63,0.5452,55710.45,271452.62,284940.65,126274.86,45458.95,10.6,0.367
FY2024-02,2024,Mar,2,Q1,5,STORE,Retail Stores,Girls,Dresses,Original Plan,146368.07,1622,90.23,14191.6,1317.31,0.543,79483.97,284940.65,342307.61,219243.95,78927.82,9.7,0.467
FY2024-03,2024,Apr,3,Q1,4,STORE,Retail Stores,Girls,Dresses,Original Plan,162938.05,1806,90.23,15439.57,1466.44,0.5452,88840.77,342307.61,442364.9,279901.35,100764.49,8.4,0.415
FY2024-04,2024,May,4,Q2,4,STORE,Retail Stores,Girls,Dresses,Original Plan,150510.57,1668,90.23,16975.45,1354.6,0.5272,79351.31,442364.9,431445.4,157921.12,56851.6,11.8,0.344
FY2024-05,2024,Jun,5,Q2,5,STORE,Retail Stores,Girls,Dresses,Original Plan,136702.26,1515,90.23,13243.26,1230.32,0.5431,74246.19,431445.4,297353.46,17083.9,6150.2,15.8,0.375
FY2024-06,2024,Jul,6,Q2,4,STORE,Retail Stores,Girls,Dresses,Original Plan,115989.8,1285,90.23,11629.43,1043.91,0.5397,62604.04,297353.46,331888.19,163197.87,58751.23,10.3,0.369
FY2024-07,2024,Aug,7,Q3,4,STORE,Retail Stores,Girls,Dresses,Original Plan,121513.12,1347,90.23,12676.12,1093.62,0.5357,65092.27,331888.19,329965.11,133359.78,48009.52,10.9,0.367
FY2024-08,2024,Sep,8,Q3,5,STORE,Retail Stores,Girls,Dresses,Original Plan,131178.93,1454,90.23,12682.94,1180.61,0.5433,71271.57,329965.11,287418.36,102495.74,36898.46,12.6,0.425
FY2024-09,2024,Oct,9,Q3,4,STORE,Retail Stores,Girls,Dresses,Original Plan,138083.09,1530,90.23,14041.32,1242.75,0.5383,74331.86,287418.36,406177.1,272125.9,97965.32,8.3,0.398
FY2024-10,2024,Nov,10,Q4,4,STORE,Retail Stores,Girls,Dresses,Original Plan,198839.65,2204,90.23,19823.95,1789.56,0.5403,107433.42,406177.1,550717.07,364993.12,131397.52,8.2,0.416
FY2024-11,2024,Dec,11,Q4,5,STORE,Retail Stores,Girls,Dresses,Original Plan,215409.62,2387,90.23,25640.38,1938.69,0.521,112221.78,550717.07,500034.49,192306.1,69230.2,12.8,0.41
FY2024-12,2024,Jan,12,Q4,4,STORE,Retail Stores,Girls,Dresses,Original Plan,86992.35,964,90.23,9177.6,782.93,0.5345,46497.51,500034.49,403081.62,0.0,0.0,23.0,0.193
FY2025-01,2025,Feb,1,Q1,4,STORE,Retail Stores,Girls,Dresses,Original Plan,116486.89,1291,90.23,14048.68,1048.38,0.5194,60502.94,403081.62,340559.35,69061.68,24862.21,13.8,0.313
FY2025-02,2025,Mar,2,Q1,5,STORE,Retail Stores,Girls,Dresses,Original Plan,166859.61,1849,90.23,17715.37,1501.74,0.5338,89074.78,340559.35,391480.94,236998.3,85319.39,10.2,0.456
FY2025-03,2025,Apr,3,Q1,4,STORE,Retail Stores,Girls,Dresses,Original Plan,185749.37,2059,90.23,22361.07,1671.74,0.5196,96518.52,391480.94,530132.12,348433.37,125436.01,8.4,0.403
FY2025-04,2025,May,4,Q2,4,STORE,Retail Stores,Girls,Dresses,Original Plan,171582.05,1902,90.23,20558.35,1544.24,0.5202,89254.16,530132.12,490751.63,154304.15,55549.49,12.4,0.336
FY2025-05,2025,Jun,5,Q2,5,STORE,Retail Stores,Girls,Dresses,Original Plan,155840.57,1727,90.23,16352.22,1402.57,0.5351,83385.74,490751.63,379756.87,62600.6,22536.22,15.7,0.358
FY2025-06,2025,Jul,6,Q2,4,STORE,Retail Stores,Girls,Dresses,Original Plan,132228.37,1465,90.23,15123.14,1190.06,0.5256,69503.01,379756.87,369994.09,138778.78,49960.36,11.5,0.353
FY2025-07,2025,Aug,7,Q3,4,STORE,Retail Stores,Girls,Dresses,Original Plan,138524.96,1535,90.23,14712.57,1246.72,0.5338,73943.4,369994.09,416585.46,201075.62,72387.22,10.7,0.352
FY2025-08,2025,Sep,8,Q3,5,STORE,Retail Stores,Girls,Dresses,Original Plan,149543.99,1657,90.23,16073.39,1345.9,0.5325,79634.76,416585.46,347484.09,97861.91,35230.29,13.9,0.391
FY2025-09,2025,Oct,9,Q3,4,STORE,Retail Stores,Girls,Dresses,Original Plan,157414.72,1745,90.23,16783.36,1416.73,0.5334,83962.06,347484.09,438248.63,266379.35,95896.57,8.8,0.401
FY2025-10,2025,Nov,10,Q4,4,STORE,Retail Stores,Girls,Dresses,Original Plan,226677.2,2512,90.23,27263.32,2040.09,0.5197,117810.09,438248.63,679701.2,497433.19,179075.95,7.7,0.406
FY2025-11,2025,Dec,11,Q4,5,STORE,Retail Stores,Girls,Dresses,Original Plan,245566.97,2722,90.23,27896.4,2210.1,0.5264,129266.46,679701.2,532618.17,128590.44,46292.56,13.8,0.405
FY2025-12,2025,Jan,12,Q4,4,STORE,Retail Stores,Girls,Dresses,Original Plan,99171.27,1099,90.23,10772.32,892.54,0.5314,52697.3,532618.17,421782.04,0.0,0.0,21.5,0.208
FY2026-01,2026,Feb,1,Q1,4,STORE,Retail Stores,Girls,Dresses,Original Plan,137454.54,1523,90.23,12754.97,1237.09,0.5472,75215.93,421782.04,373651.55,103316.11,37193.8,12.3,0.346
FY2026-02,2026,Mar,2,Q1,5,STORE,Retail Stores,Girls,Dresses,Original Plan,196894.33,2182,90.23,20039.31,1772.05,0.5382,105973.07,373651.55,431447.74,276501.89,99540.68,9.5,0.489
FY2026-03,2026,Apr,3,Q1,4,STORE,Retail Stores,Girls,Dresses,Original Plan,219184.26,2429,90.23,22498.0,1972.66,0.5374,117779.93,431447.74,642054.05,454261.22,163534.04,7.9,0.408
FY2026-04,2026,May,4,Q2,4,STORE,Retail Stores,Girls,Dresses,Original Plan,202466.82,2244,90.23,23799.3,1822.2,0.5225,105779.46,642054.05,602385.92,188420.18,67831.27,12.7,0.325
FY2026-05,2026,Jun,5,Q2,5,STORE,Retail Stores,Girls,Dresses,Original Plan,183891.88,2038,90.23,16890.65,1655.03,0.5481,100800.16,602385.92,434394.69,34446.33,12400.68,16.4,0.355
FY2026-06,2026,Jul,6,Q2,4,STORE,Retail Stores,Girls,Dresses,Original Plan,156029.47,1729,90.23,13959.03,1404.27,0.5505,85899.83,434394.69,467367.86,204365.94,73571.74,11.1,0.346
FY2026-07,2026,Aug,7,Q3,4,STORE,Retail Stores,Girls,Dresses,Original Plan,163459.45,1812,90.23,16272.64,1471.14,0.5404,88341.41,467367.86,452101.12,165936.47,59737.13,11.4,0.356
FY2026-08,2026,Sep,8,Q3,5,STORE,Retail Stores,Girls,Dresses,Original Plan,176461.9,1956,90.23,16397.08,1588.16,0.5471,96538.53,452101.12,402401.93,144747.96,52109.26,12.8,0.413
FY2026-09,2026,Oct,9,Q3,4,STORE,Retail Stores,Girls,Dresses,Original Plan,185749.37,2059,90.23,17940.07,1671.74,0.5434,100939.53,402401.93,541739.77,344699.03,124091.65,8.7,0.393
FY2026-10,2026,Nov,10,Q4,4,STORE,Retail Stores,Girls,Dresses,Original Plan,267479.1,2964,90.23,29074.6,2407.31,0.5313,142112.02,541739.77,755564.25,512785.49,184602.77,8.1,0.412
FY2026-11,2026,Dec,11,Q4,5,STORE,Retail Stores,Girls,Dresses,Original Plan,289769.02,3211,90.23,32588.69,2607.92,0.5275,152863.48,755564.25,694389.66,263791.05,94964.78,13.0,0.4
FY2026-12,2026,Jan,12,Q4,4,STORE,Retail Stores,Girls,Dresses,Original Plan,117022.1,1297,90.23,10614.66,1053.2,0.5493,64279.49,694389.66,565699.7,0.0,0.0,23.7,0.186
FY2024-01,2024,Feb,1,Q1,4,STORE,Retail Stores,Girls,Dresses,Current Plan,101111.74,1121,90.23,9770.39,910.01,0.5434,54941.12,304852.49,295747.93,102687.57,36967.53,12.1,0.337
FY2024-02,2024,Mar,2,Q1,5,STORE,Retail Stores,Girls,Dresses,Current Plan,146705.55,1626,90.23,14087.75,1320.35,0.544,79803.81,295747.93,342186.53,208552.25,75078.81,10.1,0.46
FY2024-03,2024,Apr,3,Q1,4,STORE,Retail Stores,Girls,Dresses,Current Plan,166981.23,1851,90.23,19769.11,1502.83,0.5216,87098.88,342186.53,497047.51,343114.16,123521.1,8.2,0.398
FY2024-04,2024,May,4,Q2,4,STORE,Retail Stores,Girls,Dresses,Current Plan,152832.64,1694,90.23,14281.79,1375.49,0.5466,83531.1,497047.51,445315.96,116758.37,42033.01,13.0,0.324
FY2024-05,2024,Jun,5,Q2,5,STORE,Retail Stores,Girls,Dresses,Current Plan,139228.58,1543,90.23,15722.12,1253.06,0.5271,73384.17,445315.96,331684.45,42572.24,15326.01,16.0,0.358
FY2024-06,2024,Jul,6,Q2,4,STORE,Retail Stores,Girls,Dresses,Current Plan,113799.56,1261,90.23,11703.77,1024.2,0.5372,61127.95,331684.45,332120.21,126963.29,45706.78,11.7,0.343
FY2024-07,2024,Aug,7,Q3,4,STORE,Retail Stores,Girls,Dresses,Current Plan,122836.14,1361,90.23,12841.93,1105.53,0.5355,65773.2,332120.21,349242.98,153906.37,55406.29,10.8,0.361
FY2024-08,2024,Sep,8,Q3,5,STORE,Retail Stores,Girls,Dresses,Current Plan,133515.78,1480,90.23,13170.84,1201.64,0.5414,72279.26,349242.98,299841.68,98486.96,35455.31,13.1,0.411
FY2024-09,2024,Oct,9,Q3,4,STORE,Retail Stores,Girls,Dresses,Current Plan,141782.54,1571,90.23,16462.35,1276.04,0.5239,74278.48,299841.68,429226.41,288905.66,104006.04,8.5,0.389
FY2024-10,2024,Nov,10,Q4,4,STORE,Retail Stores,Girls,Dresses,Current Plan,197774.17,2192,90.23,18479.5,1779.97,0.5466,108095.97,429226.41,552485.46,341292.69,122865.37,8.7,0.403
FY2024-11,2024,Dec,11,Q4,5,STORE,Retail Stores,Girls,Dresses,Current Plan,222192.89,2463,90.23,21128.08,1999.74,0.5449,121075.37,552485.46,482696.78,175532.02,63191.53,12.4,0.429
FY2024-12,2024,Jan,12,Q4,4,STORE,Retail Stores,Girls,Dresses,Current Plan,85241.19,945,90.23,10143.31,767.17,0.521,44411.05,482696.78,386545.11,0.0,0.0,22.7,0.196
FY2025-01,2025,Feb,1,Q1,4,STORE,Retail Stores,Girls,Dresses,Current Plan,119665.01,1326,90.23,14040.12,1076.99,0.5227,62545.48,386545.11,361072.95,109309.96,39351.59,12.9,0.32
FY2025-02,2025,Mar,2,Q1,5,STORE,Retail Stores,Girls,Dresses,Current Plan,168851.43,1871,90.23,17484.49,1519.66,0.5365,90580.43,361072.95,388673.42,215456.05,77564.18,10.7,0.45
FY2025-03,2025,Apr,3,Q1,4,STORE,Retail Stores,Girls,Dresses,Current Plan,186744.68,2070,90.23,18359.67,1680.7,0.5417,101156.93,388673.42,522819.63,340931.26,122735.25,8.3,0.41
FY2025-04,2025,May,4,Q2,4,STORE,Retail Stores,Girls,Dresses,Current Plan,175439.45,1944,90.23,16217.99,1578.96,0.5476,96063.25,522819.63,475857.89,146274.66,52658.88,11.9,0.351
FY2025-05,2025,Jun,5,Q2,5,STORE,Retail Stores,Girls,Dresses,Current Plan,158596.81,1758,90.23,16490.29,1427.37,0.536,85011.67,475857.89,348749.83,49406.41,17786.31,15.0,0.385
FY2025-06,2025,Jul,6,Q2,4,STORE,Retail Stores,Girls,Dresses,Current Plan,133045.23,1475,90.23,12944.36,1197.41,0.5427,72204.58,348749.83,382189.77,180626.94,65025.7,10.5,0.364
FY2025-07,2025,Aug,7,Q3,4,STORE,Retail Stores,Girls,Dresses,Current Plan,142429.72,1579,90.23,13442.07,1281.87,0.5456,77712.96,382189.77,395349.59,170313.47,61312.85,10.7,0.366
FY2025-08,2025,Sep,8,Q3,5,STORE,Retail Stores,Girls,Dresses,Current Plan,148765.14,1649,90.23,15740.24,1338.89,0.5342,79469.45,395349.59,322979.39,93474.07,33650.66,13.3,0.414
FY2025-09,2025,Oct,9,Q3,4,STORE,Retail Stores,Girls,Dresses,Current Plan,156277.27,1732,90.23,14552.09,1406.5,0.5469,85465.36,322979.39,469122.86,318379.33,114616.56,8.3,0.395
FY2025-10,2025,Nov,10,Q4,4,STORE,Retail Stores,Girls,Dresses,Current Plan,229721.19,2546,90.23,20664.47,2067.49,0.55,126357.09,469122.86,651597.55,434927.84,156574.02,8.2,0.41
FY2025-11,2025,Dec,11,Q4,5,STORE,Retail Stores,Girls,Dresses,Current Plan,251222.18,2784,90.23,23402.64,2261.0,0.5468,137379.55,651597.55,551590.54,176878.81,63676.37,13.0,0.418
FY2025-12,2025,Jan,12,Q4,4,STORE,Retail Stores,Girls,Dresses,Current Plan,94588.38,1048,90.23,10016.51,851.3,0.5341,50520.06,551590.54,446134.35,0.0,0.0,23.3,0.19
FY2026-01,2026,Feb,1,Q1,4,STORE,Retail Stores,Girls,Dresses,Current Plan,148224.95,1643,90.23,16623.84,1334.02,0.5278,78240.13,446134.35,406400.02,126448.49,45521.46,12.0,0.348
FY2026-02,2026,Mar,2,Q1,5,STORE,Retail Stores,Girls,Dresses,Current Plan,210444.46,2332,90.23,23444.4,1894.0,0.5286,111240.06,406400.02,462957.67,292340.5,105242.58,9.7,0.484
FY2026-03,2026,Apr,3,Q1,4,STORE,Retail Stores,Girls,Dresses,Current Plan,236121.06,2617,90.23,23467.06,2125.09,0.5406,127650.42,462957.67,660105.48,458861.02,165189.97,7.8,0.42
FY2026-04,2026,May,4,Q2,4,STORE,Retail Stores,Girls,Dresses,Current Plan,219202.05,2429,90.23,24322.48,1972.82,0.529,115966.84,660105.48,638519.69,223911.56,80608.16,12.0,0.338
FY2026-05,2026,Jun,5,Q2,5,STORE,Retail Stores,Girls,Dresses,Current Plan,198191.01,2196,90.23,21342.6,1783.72,0.5323,105499.65,638519.69,450197.9,32995.54,11878.39,16.1,0.364
FY2026-06,2026,Jul,6,Q2,4,STORE,Retail Stores,Girls,Dresses,Current Plan,165737.63,1837,90.23,19997.43,1491.64,0.5193,86074.65,450197.9,483092.04,220120.83,79243.5,10.9,0.355
FY2026-07,2026,Aug,7,Q3,4,STORE,Retail Stores,Girls,Dresses,Current Plan,174969.57,1939,90.23,17137.21,1574.73,0.5421,94843.32,483092.04,492301.45,202890.93,73040.73,11.0,0.359
FY2026-08,2026,Sep,8,Q3,5,STORE,Retail Stores,Girls,Dresses,Current Plan,185612.07,2057,90.23,19955.27,1670.51,0.5325,98836.46,492301.45,416202.53,131138.91,47210.01,13.3,0.409
FY2026-09,2026,Oct,9,Q3,4,STORE,Retail Stores,Girls,Dresses,Current Plan,199905.74,2215,90.23,20122.8,1799.15,0.5393,107816.87,416202.53,546688.26,352313.43,126832.83,8.3,0.415
FY2026-10,2026,Nov,10,Q4,4,STORE,Retail Stores,Girls,Dresses,Current Plan,286125.52,3171,90.23,29595.89,2575.13,0.5366,153524.44,546688.26,792034.52,563642.81,202911.41,7.6,0.427
FY2026-11,2026,Dec,11,Q4,5,STORE,Retail Stores,Girls,Dresses,Current Plan,308344.68,3417,90.23,29991.53,2775.1,0.5427,167349.07,792034.52,747380.64,296457.43,106724.68,12.8,0.401
FY2026-12,2026,Jan,12,Q4,4,STORE,Retail Stores,Girls,Dresses,Current Plan,125047.9,1386,90.23,14378.84,1125.43,0.525,65651.81,747380.64,606828.47,0.0,0.0,23.9,0.185
FY2024-01,2024,Feb,1,Q1,4,WHSL,Wholesale,Girls,Dresses,Original Plan,176359.72,2552,69.11,3967.41,176.36,0.4575,80685.26,173715.44,172974.48,179762.52,93476.51,3.9,1.017
FY2024-02,2024,Mar,2,Q1,5,WHSL,Wholesale,Girls,Dresses,Original Plan,147914.61,2140,69.11,2790.76,147.91,0.4611,68208.25,172974.48,123954.8,101833.6,52953.47,5.8,0.996
FY2024-03,2024,Apr,3,Q1,4,WHSL,Wholesale,Girls,Dresses,Original Plan,70543.89,1021,69.11,1543.47,70.54,0.4581,32317.59,123954.8,70742.36,18945.47,9851.64,7.0,0.725
FY2024-04,2024,May,4,Q2,4,WHSL,Wholesale,Girls,Dresses,Original Plan,62579.26,905,69.11,1311.13,62.58,0.459,28726.91,70742.36,64316.2,57526.8,29913.94,4.5,0.927
FY2024-05,2024,Jun,5,Q2,5,WHSL,Wholesale,Girls,Dresses,Original Plan,153603.63,2223,69.11,3374.24,153.6,0.458,70355.5,64316.2,120687.48,213502.75,111021.43,2.1,1.661
FY2024-06,2024,Jul,6,Q2,4,WHSL,Wholesale,Girls,Dresses,Original Plan,161568.26,2338,69.11,3082.35,161.57,0.4609,74470.41,120687.48,167698.89,211823.59,110148.27,3.0,1.12
FY2024-07,2024,Aug,7,Q3,4,WHSL,Wholesale,Girls,Dresses,Original Plan,79646.33,1152,69.11,1805.72,79.65,0.4573,36424.52,167698.89,86167.2,0.0,0.0,8.4,0.627
FY2024-08,2024,Sep,8,Q3,5,WHSL,Wholesale,Girls,Dresses,Original Plan,119469.49,1729,69.11,2695.39,119.47,0.4574,54649.96,86167.2,91860.16,127977.31,66548.2,3.6,1.342
FY2024-09,2024,Oct,9,Q3,4,WHSL,Wholesale,Girls,Dresses,Original Plan,157017.04,2272,69.11,3085.48,157.02,0.4603,72282.7,91860.16,153464.79,221864.16,115369.37,2.3,1.28
FY2024-10,2024,Nov,10,Q4,4,WHSL,Wholesale,Girls,Dresses,Original Plan,96713.4,1399,69.11,1860.28,96.71,0.4608,44562.15,153464.79,100361.09,45566.7,23694.68,6.3,0.762
FY2024-11,2024,Dec,11,Q4,5,WHSL,Wholesale,Girls,Dresses,Original Plan,68268.28,988,69.11,1261.91,68.27,0.4615,31506.87,100361.09,55211.95,24449.31,12713.64,7.4,0.878
FY2024-12,2024,Jan,12,Q4,4,WHSL,Wholesale,Girls,Dresses,Original Plan,71681.69,1037,69.11,1315.49,71.68,0.4616,33091.72,55211.95,68802.92,86659.84,45063.12,3.1,1.156
FY2025-01,2025,Feb,1,Q1,4,WHSL,Wholesale,Girls,Dresses,Original Plan,201050.08,2909,69.11,3509.43,201.05,0.4625,92994.61,68802.92,202434.98,338392.63,175964.17,1.4,1.482
FY2025-02,2025,Mar,2,Q1,5,WHSL,Wholesale,Girls,Dresses,Original Plan,168622.65,2440,69.11,3476.65,168.62,0.4594,77462.22,202434.98,128347.97,98180.91,51054.07,6.0,1.02
FY2025-03,2025,Apr,3,Q1,4,WHSL,Wholesale,Girls,Dresses,Original Plan,80420.03,1164,69.11,1475.77,80.42,0.4616,37125.85,128347.97,83309.09,36937.34,19207.42,6.4,0.76
FY2025-04,2025,May,4,Q2,4,WHSL,Wholesale,Girls,Dresses,Original Plan,71340.35,1032,69.11,1573.0,71.34,0.458,32670.37,83309.09,70612.34,60287.95,31349.73,4.7,0.927
FY2025-05,2025,Jun,5,Q2,5,WHSL,Wholesale,Girls,Dresses,Original Plan,175108.14,2534,69.11,3215.78,175.11,0.4616,80836.12,70612.34,133533.88,241420.56,125538.69,2.0,1.716
FY2025-06,2025,Jul,6,Q2,4,WHSL,Wholesale,Girls,Dresses,Original Plan,184187.82,2665,69.11,4137.96,184.19,0.4575,84272.19,133533.88,189816.79,244792.88,127292.3,2.9,1.139
FY2025-07,2025,Aug,7,Q3,4,WHSL,Wholesale,Girls,Dresses,Original Plan,90796.81,1314,69.11,2001.57,90.8,0.458,41580.9,189816.79,96927.62,0.0,0.0,8.4,0.633
FY2025-08,2025,Sep,8,Q3,5,WHSL,Wholesale,Girls,Dresses,Original Plan,136195.22,1971,69.11,2672.61,136.2,0.4604,62701.1,96927.62,111754.83,153831.24,79992.24,3.6,1.305
FY2025-09,2025,Oct,9,Q3,4,WHSL,Wholesale,Girls,Dresses,Original Plan,178999.43,2590,69.11,3563.65,179.0,0.4601,82356.07,111754.83,173670.39,244657.63,127221.97,2.5,1.254
FY2025-10,2025,Nov,10,Q4,4,WHSL,Wholesale,Girls,Dresses,Original Plan,110253.27,1595,69.11,2093.35,110.25,0.461,50828.22,173670.39,111082.46,49868.95,25931.85,6.3,0.774
FY2025-11,2025,Dec,11,Q4,5,WHSL,Wholesale,Girls,Dresses,Original Plan,77825.84,1126,69.11,1766.58,77.83,0.4573,35589.82,111082.46,61385.35,29973.13,15586.03,7.1,0.902
FY2025-12,2025,Jan,12,Q4,4,WHSL,Wholesale,Girls,Dresses,Original Plan,81717.13,1182,69.11,1395.27,81.72,0.4629,37828.96,61385.35,84772.43,106581.2,55422.22,3.0,1.118
FY2026-01,2026,Feb,1,Q1,4,WHSL,Wholesale,Girls,Dresses,Original Plan,237239.1,3433,69.11,4936.92,237.24,0.4592,108937.85,84772.43,251037.61,408678.43,212512.78,1.4,1.413
FY2026-02,2026,Mar,2,Q1,5,WHSL,Wholesale,Girls,Dresses,Original Plan,198974.73,2879,69.11,3968.56,198.97,0.4601,91539.3,251037.61,157200.59,109305.25,56838.73,6.3,0.975
FY2026-03,2026,Apr,3,Q1,4,WHSL,Wholesale,Girls,Dresses,Original Plan,94895.64,1373,69.11,1891.25,94.9,0.4601,43658.66,157200.59,90651.04,30332.23,15772.76,6.6,0.766
FY2026-04,2026,May,4,Q2,4,WHSL,Wholesale,Girls,Dresses,Original Plan,84181.62,1218,69.11,1595.81,84.18,0.461,38811.37,90651.04,80876.94,76087.51,39565.5,4.3,0.982
FY2026-05,2026,Jun,5,Q2,5,WHSL,Wholesale,Girls,Dresses,Original Plan,206627.6,2990,69.11,3620.89,206.63,0.4625,95560.35,80876.94,172110.65,301688.83,156878.19,2.0,1.633
FY2026-06,2026,Jul,6,Q2,4,WHSL,Wholesale,Girls,Dresses,Original Plan,217341.63,3145,69.11,4044.53,217.34,0.4614,100279.45,172110.65,222369.69,271862.54,141368.52,3.2,1.102
FY2026-07,2026,Aug,7,Q3,4,WHSL,Wholesale,Girls,Dresses,Original Plan,107140.24,1550,69.11,2113.48,107.14,0.4603,49313.84,222369.69,113008.83,0.0,0.0,8.3,0.639
FY2026-08,2026,Sep,8,Q3,5,WHSL,Wholesale,Girls,Dresses,Original Plan,160710.36,2325,69.11,3487.72,160.71,0.4583,73653.25,113008.83,122875.99,174225.94,90597.49,3.5,1.363
FY2026-09,2026,Oct,9,Q3,4,WHSL,Wholesale,Girls,Dresses,Original Plan,211219.33,3056,69.11,3984.75,211.22,0.4611,97400.53,122875.99,218639.53,311178.83,161812.99,2.3,1.237
FY2026-10,2026,Nov,10,Q4,4,WHSL,Wholesale,Girls,Dresses,Original Plan,130098.86,1882,69.11,2621.93,130.1,0.4598,59825.52,218639.53,129265.71,43477.07,22608.08,6.7,0.748
FY2026-11,2026,Dec,11,Q4,5,WHSL,Wholesale,Girls,Dresses,Original Plan,91834.49,1329,69.11,1667.79,91.83,0.4618,42412.77,129265.71,71144.83,35473.23,18446.08,7.0,0.916
FY2026-12,2026,Jan,12,Q4,4,WHSL,Wholesale,Girls,Dresses,Original Plan,96426.21,1395,69.11,1641.39,96.43,0.463,44643.19,71144.83,94277.65,121296.86,63074.37,3.0,1.166
FY2024-01,2024,Feb,1,Q1,4,WHSL,Wholesale,Girls,Dresses,Current Plan,173759.13,2514,69.11,3934.75,173.76,0.4574,79469.63,187768.66,183322.84,173421.82,90179.35,4.3,0.936
FY2024-02,2024,Mar,2,Q1,5,WHSL,Wholesale,Girls,Dresses,Current Plan,145570.47,2106,69.11,3105.75,145.57,0.4587,66768.08,183322.84,114525.75,80024.7,41612.85,6.3,0.977
FY2024-03,2024,Apr,3,Q1,4,WHSL,Wholesale,Girls,Dresses,Current Plan,72075.67,1043,69.11,1299.52,72.08,0.462,33296.8,114525.75,75068.08,33989.6,17674.59,6.4,0.76
FY2024-04,2024,May,4,Q2,4,WHSL,Wholesale,Girls,Dresses,Current Plan,61896.27,896,69.11,1173.12,61.9,0.461,28537.08,75068.08,62725.21,50788.42,26409.98,4.9,0.898
FY2024-05,2024,Jun,5,Q2,5,WHSL,Wholesale,Girls,Dresses,Current Plan,154422.25,2234,69.11,3418.12,154.42,0.4579,70704.56,62725.21,128757.72,224027.3,116494.2,2.0,1.613
FY2024-06,2024,Jul,6,Q2,4,WHSL,Wholesale,Girls,Dresses,Current Plan,163846.03,2371,69.11,3400.19,163.85,0.4592,75245.9,128757.72,162430.81,201083.15,104563.24,3.1,1.125
FY2024-07,2024,Aug,7,Q3,4,WHSL,Wholesale,Girls,Dresses,Current Plan,80363.37,1163,69.11,1580.79,80.36,0.4603,36993.63,162430.81,80406.28,0.0,0.0,8.1,0.662
FY2024-08,2024,Sep,8,Q3,5,WHSL,Wholesale,Girls,Dresses,Current Plan,117225.98,1696,69.11,2002.66,117.23,0.4629,54265.81,80406.28,89850.99,128790.58,66971.1,3.4,1.377
FY2024-09,2024,Oct,9,Q3,4,WHSL,Wholesale,Girls,Dresses,Current Plan,159122.34,2302,69.11,2777.26,159.12,0.4625,73601.46,89850.99,161392.66,233600.39,121472.2,2.3,1.267
FY2024-10,2024,Nov,10,Q4,4,WHSL,Wholesale,Girls,Dresses,Current Plan,96565.68,1397,69.11,1910.0,96.57,0.4602,44441.53,161392.66,93903.44,31083.02,16163.17,6.7,0.756
FY2024-11,2024,Dec,11,Q4,5,WHSL,Wholesale,Girls,Dresses,Current Plan,67447.6,976,69.11,1482.7,67.45,0.458,30892.15,93903.44,52650.73,27745.04,14427.42,7.0,0.92
FY2024-12,2024,Jan,12,Q4,4,WHSL,Wholesale,Girls,Dresses,Current Plan,73055.37,1057,69.11,1516.56,73.06,0.4592,33550.02,52650.73,74000.74,95995.01,49917.4,2.9,1.154
FY2025-01,2025,Feb,1,Q1,4,WHSL,Wholesale,Girls,Dresses,Current Plan,198116.23,2867,69.11,3453.15,198.12,0.4626,91642.64,74000.74,189512.13,317278.88,164985.02,1.5,1.504
FY2025-02,2025,Mar,2,Q1,5,WHSL,Wholesale,Girls,Dresses,Current Plan,170457.71,2466,69.11,3518.89,170.46,0.4594,78300.81,189512.13,130958.9,115593.83,60108.79,5.6,1.064
FY2025-03,2025,Apr,3,Q1,4,WHSL,Wholesale,Girls,Dresses,Current Plan,80709.72,1168,69.11,1532.84,80.71,0.461,37207.82,130958.9,85388.14,36752.52,19111.31,6.5,0.746
FY2025-04,2025,May,4,Q2,4,WHSL,Wholesale,Girls,Dresses,Current Plan,71800.28,1039,69.11,1261.13,71.8,0.4624,33203.01,85388.14,71544.7,59289.77,30830.68,4.8,0.915
FY2025-05,2025,Jun,5,Q2,5,WHSL,Wholesale,Girls,Dresses,Current Plan,175107.62,2534,69.11,3669.77,175.11,0.459,80381.89,71544.7,141785.99,249193.79,129580.77,2.0,1.642
FY2025-06,2025,Jul,6,Q2,4,WHSL,Wholesale,Girls,Dresses,Current Plan,187097.13,2707,69.11,3305.99,187.1,0.4623,86500.63,141785.99,184987.1,233791.34,121571.5,3.0,1.145
FY2025-07,2025,Aug,7,Q3,4,WHSL,Wholesale,Girls,Dresses,Current Plan,89621.61,1297,69.11,1927.58,89.62,0.4585,41090.79,184987.1,93348.29,0.0,0.0,8.3,0.644
FY2025-08,2025,Sep,8,Q3,5,WHSL,Wholesale,Girls,Dresses,Current Plan,137961.78,1996,69.11,2546.92,137.96,0.4615,63674.74,93348.29,113793.32,161091.69,83767.68,3.4,1.332
FY2025-09,2025,Oct,9,Q3,4,WHSL,Wholesale,Girls,Dresses,Current Plan,181003.23,2619,69.11,3443.68,181.0,0.461,83437.88,113793.32,175960.68,246795.27,128333.54,2.5,1.249
FY2025-10,2025,Nov,10,Q4,4,WHSL,Wholesale,Girls,Dresses,Current Plan,112431.13,1627,69.11,2197.13,112.43,0.4605,51769.81,175960.68,118913.12,57693.12,30000.42,6.3,0.763
FY2025-11,2025,Dec,11,Q4,5,WHSL,Wholesale,Girls,Dresses,Current Plan,80011.83,1158,69.11,1413.51,80.01,0.4623,36992.18,118913.12,66202.7,28794.94,14973.37,7.4,0.864
FY2025-12,2025,Jan,12,Q4,4,WHSL,Wholesale,Girls,Dresses,Current Plan,83396.15,1207,69.11,1484.45,83.4,0.4622,38545.7,66202.7,83754.51,102515.81,53308.22,3.2,1.112
FY2026-01,2026,Feb,1,Q1,4,WHSL,Wholesale,Girls,Dresses,Current Plan,253431.79,3667,69.11,4923.58,253.43,0.4606,116723.67,83754.51,264925.69,439779.99,228685.59,1.3,1.454
FY2026-02,2026,Mar,2,Q1,5,WHSL,Wholesale,Girls,Dresses,Current Plan,211524.91,3061,69.11,3972.35,211.52,0.4612,97559.61,264925.69,172236.72,123019.81,63970.3,6.3,0.968
FY2026-03,2026,Apr,3,Q1,4,WHSL,Wholesale,Girls,Dresses,Current Plan,103694.06,1500,69.11,1962.53,103.69,0.4611,47810.62,172236.72,108815.75,42339.31,22016.44,6.6,0.738
FY2026-04,2026,May,4,Q2,4,WHSL,Wholesale,Girls,Dresses,Current Plan,90237.96,1306,69.11,1920.51,90.24,0.4587,41393.71,108815.75,86152.66,69585.63,36184.53,4.8,0.926
FY2026-05,2026,Jun,5,Q2,5,WHSL,Wholesale,Girls,Dresses,Current Plan,224463.6,3248,69.11,5000.23,224.46,0.4577,102742.3,86152.66,171955.03,315490.66,164055.14,1.9,1.739
FY2026-06,2026,Jul,6,Q2,4,WHSL,Wholesale,Girls,Dresses,Current Plan,232333.18,3362,69.11,4119.63,232.33,0.4623,107400.3,171955.03,239024.32,303754.43,157952.3,3.0,1.131
FY2026-07,2026,Aug,7,Q3,4,WHSL,Wholesale,Girls,Dresses,Current Plan,115319.2,1669,69.11,2257.14,115.32,0.4604,53096.08,239024.32,121332.66,0.0,0.0,8.3,0.64
FY2026-08,2026,Sep,8,Q3,5,WHSL,Wholesale,Girls,Dresses,Current Plan,169883.3,2458,69.11,3259.36,169.88,0.4608,78284.62,121332.66,140139.24,192119.13,99901.95,3.6,1.299
FY2026-09,2026,Oct,9,Q3,4,WHSL,Wholesale,Girls,Dresses,Current Plan,225525.08,3263,69.11,4070.41,225.53,0.462,104181.63,140139.24,227275.17,316956.95,164817.61,2.5,1.228
FY2026-10,2026,Nov,10,Q4,4,WHSL,Wholesale,Girls,Dresses,Current Plan,139789.97,2023,69.11,3082.76,139.79,0.4579,64016.43,227275.17,142135.14,57872.49,30093.7,6.5,0.757
FY2026-11,2026,Dec,11,Q4,5,WHSL,Wholesale,Girls,Dresses,Current Plan,96517.75,1397,69.11,1757.01,96.52,0.4618,44571.5,142135.14,77054.68,33290.82,17311.23,7.4,0.881
FY2026-12,2026,Jan,12,Q4,4,WHSL,Wholesale,Girls,Dresses,Current Plan,103721.57,1501,69.11,2054.35,103.72,0.4602,47732.0,77054.68,100113.43,128938.4,67047.97,3.0,1.171
FY2024-01,2024,Feb,1,Q1,4,ECOM,Ecommerce,Girls,Outerwear,Original Plan,19213.61,154,125.01,2549.99,76.85,0.5073,9746.72,56751.0,55025.15,20114.6,7241.26,11.8,0.344
FY2024-02,2024,Mar,2,Q1,5,ECOM,Ecommerce,Girls,Outerwear,Original Plan,27522.2,220,125.01,3867.28,110.09,0.4995,13746.93,55025.15,66239.22,42713.65,15376.91,10.0,0.454
FY2024-03,2024,Apr,3,Q1,4,ECOM,Ecommerce,Girls,Outerwear,Original Plan,30637.92,245,125.01,3779.51,122.55,0.5166,15828.76,66239.22,88404.42,56705.19,20413.87,8.6,0.396
FY2024-04,2024,May,4,Q2,4,ECOM,Ecommerce,Girls,Outerwear,Original Plan,28301.13,226,125.01,4179.12,113.2,0.4923,13933.6,88404.42,80785.53,24974.56,8990.84,12.5,0.335
FY2024-05,2024,Jun,5,Q2,5,ECOM,Ecommerce,Girls,Outerwear,Original Plan,25704.7,206,125.01,3359.16,102.82,0.5093,13091.85,80785.53,56858.36,5239.51,1886.22,15.7,0.373
FY2024-06,2024,Jul,6,Q2,4,ECOM,Ecommerce,Girls,Outerwear,Original Plan,21810.05,174,125.01,3362.73,87.24,0.4858,10595.7,56858.36,59759.99,28161.66,10138.2,10.4,0.374
FY2024-07,2024,Aug,7,Q3,4,ECOM,Ecommerce,Girls,Outerwear,Original Plan,22848.62,183,125.01,3031.45,91.39,0.5073,11591.67,59759.99,66119.52,32330.99,11639.16,10.5,0.363
FY2024-08,2024,Sep,8,Q3,5,ECOM,Ecommerce,Girls,Outerwear,Original Plan,24666.12,197,125.01,3167.42,98.66,0.5116,12618.9,66119.52,60005.29,21817.98,7854.47,13.4,0.391
FY2024-09,2024,Oct,9,Q3,4,ECOM,Ecommerce,Girls,Outerwear,Original Plan,25964.34,208,125.01,3740.05,103.86,0.496,12877.13,60005.29,78910.52,48713.48,17536.85,9.2,0.374
FY2024-10,2024,Nov,10,Q4,4,ECOM,Ecommerce,Girls,Outerwear,Original Plan,37388.65,299,125.01,5532.31,149.55,0.492,18396.43,78910.52,110639.18,74799.17,26927.7,8.4,0.394
FY2024-11,2024,Dec,11,Q4,5,ECOM,Ecommerce,Girls,Outerwear,Original Plan,40504.37,324,125.01,6270.77,162.02,0.4852,19652.03,110639.18,92886.83,29184.81,10506.53,13.7,0.398
FY2024-12,2024,Jan,12,Q4,4,ECOM,Ecommerce,Girls,Outerwear,Original Plan,16357.54,131,125.01,2243.58,65.43,0.5028,8225.25,92886.83,74220.29,0.0,0.0,22.7,0.196
FY2025-01,2025,Feb,1,Q1,4,ECOM,Ecommerce,Girls,Outerwear,Original Plan,21903.52,175,125.01,3361.07,87.61,0.4866,10657.18,74220.29,61873.63,13005.54,4681.99,13.6,0.322
FY2025-02,2025,Mar,2,Q1,5,ECOM,Ecommerce,Girls,Outerwear,Original Plan,31375.31,251,125.01,4277.92,125.5,0.5037,15802.28,61873.63,71045.16,44950.27,16182.1,9.9,0.472
FY2025-03,2025,Apr,3,Q1,4,ECOM,Ecommerce,Girls,Outerwear,Original Plan,34927.23,279,125.01,4049.22,139.71,0.5241,18304.2,71045.16,102334.08,70405.08,25345.83,8.1,0.403
FY2025-04,2025,May,4,Q2,4,ECOM,Ecommerce,Girls,Outerwear,Original Plan,32263.29,258,125.01,4882.07,129.05,0.4887,15766.44,102334.08,88483.58,23423.92,8432.61,12.7,0.338
FY2025-05,2025,Jun,5,Q2,5,ECOM,Ecommerce,Girls,Outerwear,Original Plan,29303.36,234,125.01,3891.82,117.21,0.5072,14862.33,88483.58,70499.22,15328.02,5518.09,15.1,0.369
FY2025-06,2025,Jul,6,Q2,4,ECOM,Ecommerce,Girls,Outerwear,Original Plan,24863.45,199,125.01,3423.93,99.45,0.5023,12488.68,70499.22,68210.69,26098.31,9395.39,11.3,0.358
FY2025-07,2025,Aug,7,Q3,4,ECOM,Ecommerce,Girls,Outerwear,Original Plan,26047.43,208,125.01,3569.06,104.19,0.503,13101.3,68210.69,73729.17,35239.15,12686.1,10.5,0.367
FY2025-08,2025,Sep,8,Q3,5,ECOM,Ecommerce,Girls,Outerwear,Original Plan,28119.38,225,125.01,3925.76,112.48,0.5004,14070.65,73729.17,66901.25,25329.7,9118.69,13.1,0.4
FY2025-09,2025,Oct,9,Q3,4,ECOM,Ecommerce,Girls,Outerwear,Original Plan,29599.35,237,125.01,3700.91,118.4,0.515,15242.68,66901.25,87288.85,53806.25,19370.25,9.0,0.384
FY2025-10,2025,Nov,10,Q4,4,ECOM,Ecommerce,Girls,Outerwear,Original Plan,42623.06,341,125.01,5866.55,170.49,0.5024,21412.21,87288.85,127704.49,89075.74,32067.27,8.2,0.397
FY2025-11,2025,Dec,11,Q4,5,ECOM,Ecommerce,Girls,Outerwear,Original Plan,46174.99,369,125.01,5365.14,184.7,0.5238,24186.85,127704.49,105256.33,29276.66,10539.6,13.8,0.396
FY2025-12,2025,Jan,12,Q4,4,ECOM,Ecommerce,Girls,Outerwear,Original Plan,18647.59,149,125.01,2809.49,74.59,0.4893,9124.97,105256.33,83724.66,0.0,0.0,22.6,0.197
FY2026-01,2026,Feb,1,Q1,4,ECOM,Ecommerce,Girls,Outerwear,Original Plan,25846.15,207,125.01,3625.85,103.38,0.4997,12915.69,83724.66,78193.28,24044.01,8655.84,13.0,0.319
FY2026-02,2026,Mar,2,Q1,5,ECOM,Ecommerce,Girls,Outerwear,Original Plan,37022.87,296,125.01,4528.06,148.09,0.5177,19166.57,78193.28,81702.65,45208.39,16275.02,10.6,0.463
FY2026-03,2026,Apr,3,Q1,4,ECOM,Ecommerce,Girls,Outerwear,Original Plan,41214.13,330,125.01,5783.22,164.86,0.4997,20593.83,81702.65,123439.72,88899.28,32003.74,7.9,0.402
FY2026-04,2026,May,4,Q2,4,ECOM,Ecommerce,Girls,Outerwear,Original Plan,38070.68,305,125.01,4642.63,152.28,0.5181,19722.61,123439.72,103130.11,22555.99,8120.16,13.0,0.336
FY2026-05,2026,Jun,5,Q2,5,ECOM,Ecommerce,Girls,Outerwear,Original Plan,34577.96,277,125.01,4380.23,138.31,0.5133,17749.66,103130.11,81659.11,17625.51,6345.18,14.9,0.374
FY2026-06,2026,Jul,6,Q2,4,ECOM,Ecommerce,Girls,Outerwear,Original Plan,29338.88,235,125.01,3925.48,117.36,0.5062,14851.4,81659.11,86923.88,38646.48,13912.73,11.1,0.348
FY2026-07,2026,Aug,7,Q3,4,ECOM,Ecommerce,Girls,Outerwear,Original Plan,30735.96,246,125.01,4351.65,122.94,0.4984,15319.37,86923.88,86914.98,35201.66,12672.6,11.3,0.354
FY2026-08,2026,Sep,8,Q3,5,ECOM,Ecommerce,Girls,Outerwear,Original Plan,33180.87,265,125.01,3937.45,132.72,0.5213,17298.31,86914.98,79191.41,29527.47,10629.89,13.1,0.4
FY2026-09,2026,Oct,9,Q3,4,ECOM,Ecommerce,Girls,Outerwear,Original Plan,34927.23,279,125.01,5386.45,139.71,0.4858,16966.97,79191.41,100762.97,62024.95,22328.98,9.1,0.388
FY2026-10,2026,Nov,10,Q4,4,ECOM,Ecommerce,Girls,Outerwear,Original Plan,50295.21,402,125.01,5984.95,201.18,0.521,26203.99,100762.97,147012.45,102730.82,36983.1,8.0,0.406
FY2026-11,2026,Dec,11,Q4,5,ECOM,Ecommerce,Girls,Outerwear,Original Plan,54486.48,436,125.01,8171.47,217.95,0.49,26699.88,147012.45,125902.13,41765.58,15035.61,13.5,0.399
FY2026-12,2026,Jan,12,Q4,4,ECOM,Ecommerce,Girls,Outerwear,Original Plan,22004.16,176,125.01,2747.34,88.02,0.5151,11335.32,125902.13,101062.61,0.0,0.0,22.9,0.194
FY2024-01,2024,Feb,1,Q1,4,ECOM,Ecommerce,Girls,Outerwear,Current Plan,18718.86,150,125.01,2692.7,74.88,0.4962,9287.37,50412.73,51590.81,22664.52,8159.23,10.8,0.367
FY2024-02,2024,Mar,2,Q1,5,ECOM,Ecommerce,Girls,Outerwear,Current Plan,27049.23,216,125.01,3144.74,108.2,0.5237,14166.76,51590.81,58785.01,37496.37,13498.69,9.5,0.49
FY2024-03,2024,Apr,3,Q1,4,ECOM,Ecommerce,Girls,Outerwear,Current Plan,30355.49,243,125.01,3906.87,121.42,0.5113,15520.64,58785.01,89816.39,65415.16,23549.46,7.7,0.409
FY2024-04,2024,May,4,Q2,4,ECOM,Ecommerce,Girls,Outerwear,Current Plan,29850.33,239,125.01,4569.55,119.4,0.4869,14534.66,89816.39,87785.93,32508.83,11703.18,12.0,0.336
FY2024-05,2024,Jun,5,Q2,5,ECOM,Ecommerce,Girls,Outerwear,Current Plan,25590.33,205,125.01,3877.12,102.36,0.4885,12500.69,87785.93,60171.11,1955.0,703.8,17.2,0.346
FY2024-06,2024,Jul,6,Q2,4,ECOM,Ecommerce,Girls,Outerwear,Current Plan,21528.15,172,125.01,2814.81,86.11,0.5092,10963.21,60171.11,61814.9,26072.86,9386.23,11.2,0.353
FY2024-07,2024,Aug,7,Q3,4,ECOM,Ecommerce,Girls,Outerwear,Current Plan,24061.06,192,125.01,3056.2,96.24,0.513,12342.88,61814.9,67652.28,33050.88,11898.32,10.3,0.372
FY2024-08,2024,Sep,8,Q3,5,ECOM,Ecommerce,Girls,Outerwear,Current Plan,23957.86,192,125.01,3078.21,95.83,0.5115,12254.82,67652.28,52906.27,12385.9,4458.92,14.1,0.397
FY2024-09,2024,Oct,9,Q3,4,ECOM,Ecommerce,Girls,Outerwear,Current Plan,26178.86,209,125.01,3624.16,104.72,0.5016,13130.31,52906.27,79149.7,56151.16,20214.42,8.1,0.396
FY2024-10,2024,Nov,10,Q4,4,ECOM,Ecommerce,Girls,Outerwear,Current Plan,38164.21,305,125.01,4683.85,152.66,0.5173,19741.24,79149.7,104178.4,68029.42,24490.59,8.3,0.416
FY2024-11,2024,Dec,11,Q4,5,ECOM,Ecommerce,Girls,Outerwear,Current Plan,40876.46,327,125.01,6279.84,163.51,0.4864,19881.09,104178.4,90205.22,33346.62,12004.78,12.7,0.421
FY2024-12,2024,Jan,12,Q4,4,ECOM,Ecommerce,Girls,Outerwear,Current Plan,16394.26,131,125.01,1944.12,65.58,0.5214,8548.21,90205.22,71801.26,0.0,0.0,22.0,0.202
FY2025-01,2025,Feb,1,Q1,4,ECOM,Ecommerce,Girls,Outerwear,Current Plan,21713.67,174,125.01,2762.4,86.85,0.5128,11134.35,71801.26,64660.57,17422.23,6272.0,13.2,0.318
FY2025-02,2025,Mar,2,Q1,5,ECOM,Ecommerce,Girls,Outerwear,Current Plan,30347.8,243,125.01,3640.32,121.39,0.52,15782.28,64660.57,69727.01,39175.95,14103.34,10.7,0.452
FY2025-03,2025,Apr,3,Q1,4,ECOM,Ecommerce,Girls,Outerwear,Current Plan,34256.95,274,125.01,5263.95,137.03,0.4863,16660.5,69727.01,99615.91,69546.83,25036.86,8.1,0.405
FY2025-04,2025,May,4,Q2,4,ECOM,Ecommerce,Girls,Outerwear,Current Plan,33108.91,265,125.01,4238.11,132.44,0.512,16951.59,99615.91,89814.48,27678.03,9964.09,12.0,0.35
FY2025-05,2025,Jun,5,Q2,5,ECOM,Ecommerce,Girls,Outerwear,Current Plan,30551.69,244,125.01,4384.86,122.21,0.4965,15168.23,89814.48,70027.27,15271.54,5497.76,14.7,0.382
FY2025-06,2025,Jul,6,Q2,4,ECOM,Ecommerce,Girls,Outerwear,Current Plan,25816.94,207,125.01,3264.75,103.27,0.5135,13258.09,70027.27,75389.33,34547.02,12436.93,10.8,0.355
FY2025-07,2025,Aug,7,Q3,4,ECOM,Ecommerce,Girls,Outerwear,Current Plan,26734.6,214,125.01,3612.54,106.94,0.5049,13497.6,75389.33,74338.5,29403.25,10585.17,11.3,0.357
FY2025-08,2025,Sep,8,Q3,5,ECOM,Ecommerce,Girls,Outerwear,Current Plan,28580.72,229,125.01,4338.05,114.32,0.4882,13953.61,74338.5,69192.36,27886.95,10039.3,13.0,0.398
FY2025-09,2025,Oct,9,Q3,4,ECOM,Ecommerce,Girls,Outerwear,Current Plan,29316.86,235,125.01,3650.34,117.27,0.5155,15112.45,69192.36,80645.52,44537.63,16033.55,9.4,0.391
FY2025-10,2025,Nov,10,Q4,4,ECOM,Ecommerce,Girls,Outerwear,Current Plan,43135.47,345,125.01,6561.46,172.54,0.4879,21045.24,80645.52,125017.55,94241.51,33926.94,7.5,0.419
FY2025-11,2025,Dec,11,Q4,5,ECOM,Ecommerce,Girls,Outerwear,Current Plan,45989.89,368,125.01,6581.74,183.96,0.4969,22851.79,125017.55,108159.69,35897.73,12923.18,13.6,0.394
FY2025-12,2025,Jan,12,Q4,4,ECOM,Ecommerce,Girls,Outerwear,Current Plan,18889.42,151,125.01,2428.55,75.56,0.5114,9660.68,108159.69,86766.16,0.0,0.0,22.9,0.194
FY2026-01,2026,Feb,1,Q1,4,ECOM,Ecommerce,Girls,Outerwear,Current Plan,27511.62,220,125.01,3982.4,110.05,0.4952,13625.03,86766.16,78635.29,23473.2,8450.35,12.6,0.333
FY2026-02,2026,Mar,2,Q1,5,ECOM,Ecommerce,Girls,Outerwear,Current Plan,39310.26,314,125.01,4702.64,157.24,0.5204,20455.93,78635.29,91447.2,56982.06,20513.54,10.0,0.462
FY2026-03,2026,Apr,3,Q1,4,ECOM,Ecommerce,Girls,Outerwear,Current Plan,45377.42,363,125.01,5649.14,181.51,0.5155,23392.41,91447.2,132021.81,91782.68,33041.76,8.1,0.406
FY2026-04,2026,May,4,Q2,4,ECOM,Ecommerce,Girls,Outerwear,Current Plan,41887.17,335,125.01,5744.42,167.55,0.5029,21063.37,132021.81,115680.99,31458.32,11324.99,12.6,0.338
FY2026-05,2026,Jun,5,Q2,5,ECOM,Ecommerce,Girls,Outerwear,Current Plan,36959.06,296,125.01,4808.88,147.84,0.5099,18844.92,115680.99,83124.8,9359.58,3369.45,15.6,0.372
FY2026-06,2026,Jul,6,Q2,4,ECOM,Ecommerce,Girls,Outerwear,Current Plan,30521.45,244,125.01,3877.74,122.09,0.513,15655.99,83124.8,86838.17,38234.65,13764.47,10.9,0.359
FY2026-07,2026,Aug,7,Q3,4,ECOM,Ecommerce,Girls,Outerwear,Current Plan,33446.76,268,125.01,5097.51,133.79,0.4876,16308.42,86838.17,96635.82,48475.71,17451.26,10.4,0.365
FY2026-08,2026,Sep,8,Q3,5,ECOM,Ecommerce,Girls,Outerwear,Current Plan,36249.61,290,125.01,5441.64,145.0,0.4899,17758.11,96635.82,79445.12,24645.55,8872.4,13.3,0.412
FY2026-09,2026,Oct,9,Q3,4,ECOM,Ecommerce,Girls,Outerwear,Current Plan,38347.25,307,125.01,5105.97,153.39,0.5068,19436.27,79445.12,111771.8,75933.29,27335.99,8.3,0.401
FY2026-10,2026,Nov,10,Q4,4,ECOM,Ecommerce,Girls,Outerwear,Current Plan,53474.94,428,125.01,6174.66,213.9,0.5245,28049.3,111771.8,159306.09,107397.78,38663.2,8.4,0.395
FY2026-11,2026,Dec,11,Q4,5,ECOM,Ecommerce,Girls,Outerwear,Current Plan,58661.62,469,125.01,6986.37,234.65,0.5209,30557.07,159306.09,135148.88,41725.42,15021.15,13.6,0.398
FY2026-12,2026,Jan,12,Q4,4,ECOM,Ecommerce,Girls,Outerwear,Current Plan,23427.92,187,125.01,2690.61,93.71,0.5252,12303.26,135148.88,108936.63,0.0,0.0,23.1,0.192
FY2024-01,2024,Feb,1,Q1,4,STORE,Retail Stores,Girls,Outerwear,Original Plan,8733.46,70,125.01,894.68,78.6,0.5376,4694.74,25627.16,25255.34,9334.92,3360.57,11.7,0.343
FY2024-02,2024,Mar,2,Q1,5,STORE,Retail Stores,Girls,Outerwear,Original Plan,12510.09,100,125.01,1177.82,112.59,0.5459,6828.64,25255.34,29197.16,17742.32,6387.24,10.1,0.459
FY2024-03,2024,Apr,3,Q1,4,STORE,Retail Stores,Girls,Outerwear,Original Plan,13926.33,111,125.01,1499.25,125.34,0.5323,7413.6,29197.16,40174.51,26528.27,9550.18,8.4,0.401
FY2024-04,2024,May,4,Q2,4,STORE,Retail Stores,Girls,Outerwear,Original Plan,12864.15,103,125.01,1225.47,115.78,0.5447,7007.59,40174.51,35694.05,9724.94,3500.98,12.5,0.339
FY2024-05,2024,Jun,5,Q2,5,STORE,Retail Stores,Girls,Outerwear,Original Plan,11683.95,93,125.01,1044.36,105.16,0.5506,6433.37,35694.05,26115.77,3255.18,1171.87,15.3,0.378
FY2024-06,2024,Jul,6,Q2,4,STORE,Retail Stores,Girls,Outerwear,Original Plan,9913.66,79,125.01,968.85,89.22,0.5423,5375.89,26115.77,27458.29,12314.25,4433.13,10.5,0.37
FY2024-07,2024,Aug,7,Q3,4,STORE,Retail Stores,Girls,Outerwear,Original Plan,10385.74,83,125.01,962.96,93.47,0.5473,5683.91,27458.29,28701.88,12685.76,4566.87,10.6,0.37
FY2024-08,2024,Sep,8,Q3,5,STORE,Retail Stores,Girls,Outerwear,Original Plan,11211.87,90,125.01,1169.35,100.91,0.5357,6006.25,28701.88,24287.08,8067.32,2904.24,12.8,0.423
FY2024-09,2024,Oct,9,Q3,4,STORE,Retail Stores,Girls,Outerwear,Original Plan,11801.97,94,125.01,1385.62,106.22,0.5226,6167.65,24287.08,35324.25,24330.98,8759.15,8.2,0.396
FY2024-10,2024,Nov,10,Q4,4,STORE,Retail Stores,Girls,Outerwear,Original Plan,16994.84,136,125.01,1745.01,152.95,0.5373,9131.69,35324.25,50623.33,34191.88,12309.08,8.3,0.395
FY2024-11,2024,Dec,11,Q4,5,STORE,Retail Stores,Girls,Outerwear,Original Plan,18411.08,147,125.01,2184.75,165.7,0.5213,9598.34,50623.33,42954.93,13093.13,4713.53,13.7,0.393
FY2024-12,2024,Jan,12,Q4,4,STORE,Retail Stores,Girls,Outerwear,Original Plan,7435.24,59,125.01,767.71,66.92,0.5367,3990.84,42954.93,34685.06,0.0,0.0,23.1,0.192
FY2025-01,2025,Feb,1,Q1,4,STORE,Retail Stores,Girls,Outerwear,Original Plan,9956.14,80,125.01,1122.99,89.61,0.5272,5248.94,34685.06,29263.38,5747.06,2068.94,13.9,0.311
FY2025-02,2025,Mar,2,Q1,5,STORE,Retail Stores,Girls,Outerwear,Original Plan,14261.5,114,125.01,1466.23,128.35,0.5372,7661.13,29263.38,33446.39,20039.1,7214.08,10.3,0.455
FY2025-03,2025,Apr,3,Q1,4,STORE,Retail Stores,Girls,Outerwear,Original Plan,15876.01,127,125.01,1657.38,142.88,0.5356,8503.27,33446.39,43454.41,27684.3,9966.35,8.4,0.413
FY2025-04,2025,May,4,Q2,4,STORE,Retail Stores,Girls,Outerwear,Original Plan,14665.13,117,125.01,1458.41,131.99,0.5406,7927.27,43454.41,40595.84,13396.96,4822.9,11.9,0.349
FY2025-05,2025,Jun,5,Q2,5,STORE,Retail Stores,Girls,Outerwear,Original Plan,13319.71,107,125.01,1397.74,119.88,0.5351,7126.87,40595.84,31903.38,6144.87,2212.15,15.2,0.367
FY2025-06,2025,Jul,6,Q2,4,STORE,Retail Stores,Girls,Outerwear,Original Plan,11301.57,90,125.01,1304.22,101.71,0.5246,5928.79,31903.38,30836.56,11640.68,4190.65,11.3,0.36
FY2025-07,2025,Aug,7,Q3,4,STORE,Retail Stores,Girls,Outerwear,Original Plan,11839.74,95,125.01,1069.84,106.56,0.5496,6507.59,30836.56,36034.65,18214.23,6557.12,10.4,0.354
FY2025-08,2025,Sep,8,Q3,5,STORE,Retail Stores,Girls,Outerwear,Original Plan,12781.54,102,125.01,1432.11,115.03,0.528,6748.07,36034.65,29136.66,7430.69,2675.05,14.1,0.392
FY2025-09,2025,Oct,9,Q3,4,STORE,Retail Stores,Girls,Outerwear,Original Plan,13454.25,108,125.01,1522.98,121.09,0.5268,7087.74,29136.66,40446.73,26408.39,9507.02,8.7,0.387
FY2025-10,2025,Nov,10,Q4,4,STORE,Retail Stores,Girls,Outerwear,Original Plan,19374.12,155,125.01,1872.63,174.37,0.5433,10526.8,40446.73,57540.94,38515.34,13865.52,8.4,0.395
FY2025-11,2025,Dec,11,Q4,5,STORE,Retail Stores,Girls,Outerwear,Original Plan,20988.63,168,125.01,2005.23,188.9,0.5445,11427.5,57540.94,50975.84,16617.65,5982.35,13.7,0.387
FY2025-12,2025,Jan,12,Q4,4,STORE,Retail Stores,Girls,Outerwear,Original Plan,8476.18,68,125.01,815.52,76.29,0.5438,4609.24,50975.84,41607.86,0.0,0.0,24.1,0.183
FY2026-01,2026,Feb,1,Q1,4,STORE,Retail Stores,Girls,Outerwear,Original Plan,11748.25,94,125.01,1188.01,105.73,0.5389,6330.87,41607.86,32219.03,3653.17,1315.14,14.2,0.318
FY2026-02,2026,Mar,2,Q1,5,STORE,Retail Stores,Girls,Outerwear,Original Plan,16828.58,135,125.01,1613.0,151.46,0.5442,9157.28,32219.03,37196.71,23570.71,8485.46,9.6,0.485
FY2026-03,2026,Apr,3,Q1,4,STORE,Retail Stores,Girls,Outerwear,Original Plan,18733.7,150,125.01,2057.71,168.6,0.5302,9931.86,37196.71,51965.34,35728.64,12862.31,7.9,0.42
FY2026-04,2026,May,4,Q2,4,STORE,Retail Stores,Girls,Outerwear,Original Plan,17304.86,138,125.01,2018.18,155.74,0.5234,9056.93,51965.34,47895.34,15408.78,5547.16,12.0,0.347
FY2026-05,2026,Jun,5,Q2,5,STORE,Retail Stores,Girls,Outerwear,Original Plan,15717.25,126,125.01,1659.2,141.46,0.5344,8399.84,47895.34,34582.07,4204.64,1513.67,15.2,0.381
FY2026-06,2026,Jul,6,Q2,4,STORE,Retail Stores,Girls,Outerwear,Original Plan,13335.85,107,125.01,1330.86,120.02,0.5402,7204.09,34582.07,40241.72,20446.38,7360.7,10.4,0.356
FY2026-07,2026,Aug,7,Q3,4,STORE,Retail Stores,Girls,Outerwear,Original Plan,13970.89,112,125.01,1457.45,125.74,0.5357,7483.92,40241.72,38176.8,13489.16,4856.1,11.5,0.356
FY2026-08,2026,Sep,8,Q3,5,STORE,Retail Stores,Girls,Outerwear,Original Plan,15082.21,121,125.01,1626.91,135.74,0.5321,8025.7,38176.8,35316.1,13984.17,5034.3,12.7,0.41
FY2026-09,2026,Oct,9,Q3,4,STORE,Retail Stores,Girls,Outerwear,Original Plan,15876.01,127,125.01,1693.75,142.88,0.5333,8466.9,35316.1,46608.58,29005.13,10441.85,8.9,0.388
FY2026-10,2026,Nov,10,Q4,4,STORE,Retail Stores,Girls,Outerwear,Original Plan,22861.46,183,125.01,2240.55,205.75,0.542,12390.78,46608.58,64159.07,42858.25,15428.97,8.2,0.413
FY2026-11,2026,Dec,11,Q4,5,STORE,Retail Stores,Girls,Outerwear,Original Plan,24766.58,198,125.01,2319.0,222.9,0.5464,13531.61,64159.07,58971.53,22120.95,7963.54,13.0,0.402
FY2026-12,2026,Jan,12,Q4,4,STORE,Retail Stores,Girls,Outerwear,Original Plan,10001.89,80,125.01,1030.95,90.02,0.5369,5370.26,58971.53,47848.68,0.0,0.0,23.6,0.187
FY2024-01,2024,Feb,1,Q1,4,STORE,Retail Stores,Girls,Outerwear,Current Plan,8883.93,71,125.01,846.33,79.96,0.5447,4839.39,26266.93,26817.2,10360.48,3729.77,11.8,0.335
FY2024-02,2024,Mar,2,Q1,5,STORE,Retail Stores,Girls,Outerwear,Current Plan,12762.26,102,125.01,1161.08,114.86,0.549,7006.77,26817.2,28844.16,16065.16,5783.46,10.5,0.459
FY2024-03,2024,Apr,3,Q1,4,STORE,Retail Stores,Girls,Outerwear,Current Plan,14017.55,112,125.01,1617.78,126.16,0.5246,7353.46,28844.16,38529.29,25446.62,9160.78,8.2,0.416
FY2024-04,2024,May,4,Q2,4,STORE,Retail Stores,Girls,Outerwear,Current Plan,13171.85,105,125.01,1571.28,118.55,0.5207,6858.7,38529.29,36524.64,12857.03,4628.53,11.7,0.351
FY2024-05,2024,Jun,5,Q2,5,STORE,Retail Stores,Girls,Outerwear,Current Plan,11550.38,92,125.01,1231.82,103.95,0.5334,6160.42,36524.64,27340.81,3702.32,1332.84,15.8,0.362
FY2024-06,2024,Jul,6,Q2,4,STORE,Retail Stores,Girls,Outerwear,Current Plan,10149.57,81,125.01,960.63,91.35,0.5454,5535.09,27340.81,28550.64,12411.37,4468.09,10.8,0.363
FY2024-07,2024,Aug,7,Q3,4,STORE,Retail Stores,Girls,Outerwear,Current Plan,10557.67,84,125.01,1200.91,95.02,0.5263,5556.0,28550.64,28814.92,12117.89,4362.44,10.8,0.368
FY2024-08,2024,Sep,8,Q3,5,STORE,Retail Stores,Girls,Outerwear,Current Plan,11142.01,89,125.01,1305.31,100.28,0.5228,5825.58,28814.92,24607.94,8340.63,3002.63,12.9,0.417
FY2024-09,2024,Oct,9,Q3,4,STORE,Retail Stores,Girls,Outerwear,Current Plan,11894.12,95,125.01,1279.44,107.05,0.5324,6332.8,24607.94,33868.1,22540.76,8114.67,8.3,0.407
FY2024-10,2024,Nov,10,Q4,4,STORE,Retail Stores,Girls,Outerwear,Current Plan,16944.35,136,125.01,2008.88,152.5,0.5214,8835.5,33868.1,48480.32,33717.96,12138.47,8.0,0.412
FY2024-11,2024,Dec,11,Q4,5,STORE,Retail Stores,Girls,Outerwear,Current Plan,17937.42,143,125.01,1948.96,161.44,0.5313,9530.98,48480.32,40125.59,11693.09,4209.51,13.5,0.405
FY2024-12,2024,Jan,12,Q4,4,STORE,Retail Stores,Girls,Outerwear,Current Plan,7658.6,61,125.01,727.41,68.93,0.545,4174.09,40125.59,31670.65,0.0,0.0,21.0,0.213
FY2025-01,2025,Feb,1,Q1,4,STORE,Retail Stores,Girls,Outerwear,Current Plan,9979.43,80,125.01,931.07,89.81,0.5467,5455.76,31670.65,28001.88,7331.54,2639.35,12.7,0.334
FY2025-02,2025,Mar,2,Q1,5,STORE,Retail Stores,Girls,Outerwear,Current Plan,14337.08,115,125.01,1334.69,129.03,0.5469,7841.04,28001.88,31511.08,19310.01,6951.6,9.8,0.482
FY2025-03,2025,Apr,3,Q1,4,STORE,Retail Stores,Girls,Outerwear,Current Plan,16022.57,128,125.01,1615.11,144.2,0.5392,8639.34,31511.08,45476.45,31747.26,11429.01,7.9,0.416
FY2025-04,2025,May,4,Q2,4,STORE,Retail Stores,Girls,Outerwear,Current Plan,14801.46,118,125.01,1636.88,133.21,0.5294,7836.05,45476.45,44244.26,15339.36,5522.17,12.3,0.33
FY2025-05,2025,Jun,5,Q2,5,STORE,Retail Stores,Girls,Outerwear,Current Plan,13309.42,106,125.01,1356.02,119.78,0.5381,7162.02,44244.26,31027.5,1568.46,564.65,16.6,0.354
FY2025-06,2025,Jul,6,Q2,4,STORE,Retail Stores,Girls,Outerwear,Current Plan,11003.54,88,125.01,1135.58,99.03,0.5368,5906.68,31027.5,33207.36,14418.01,5190.48,11.3,0.343
FY2025-07,2025,Aug,7,Q3,4,STORE,Retail Stores,Girls,Outerwear,Current Plan,12029.45,96,125.01,1173.49,108.27,0.5424,6525.36,33207.36,34744.44,14848.29,5345.38,11.0,0.354
FY2025-08,2025,Sep,8,Q3,5,STORE,Retail Stores,Girls,Outerwear,Current Plan,12739.08,102,125.01,1165.31,114.65,0.5485,6987.7,34744.44,28759.74,8034.35,2892.37,13.6,0.401
FY2025-09,2025,Oct,9,Q3,4,STORE,Retail Stores,Girls,Outerwear,Current Plan,13386.87,107,125.01,1280.87,120.48,0.5443,7286.73,28759.74,39713.01,25741.49,9266.94,8.6,0.391
FY2025-10,2025,Nov,10,Q4,4,STORE,Retail Stores,Girls,Outerwear,Current Plan,19432.86,155,125.01,2172.49,174.9,0.5282,10264.54,39713.01,58521.46,40588.69,14611.93,8.2,0.396
FY2025-11,2025,Dec,11,Q4,5,STORE,Retail Stores,Girls,Outerwear,Current Plan,20993.74,168,125.01,1983.54,188.94,0.5455,11452.45,58521.46,47703.62,12348.39,4445.42,13.9,0.395
FY2025-12,2025,Jan,12,Q4,4,STORE,Retail Stores,Girls,Outerwear,Current Plan,8729.6,70,125.01,978.18,78.57,0.5279,4608.77,47703.62,37917.28,0.0,0.0,21.9,0.204
FY2026-01,2026,Feb,1,Q1,4,STORE,Retail Stores,Girls,Outerwear,Current Plan,12546.74,100,125.01,1465.81,112.92,0.5232,6564.1,37917.28,34791.43,10999.63,3959.87,12.1,0.345
FY2026-02,2026,Mar,2,Q1,5,STORE,Retail Stores,Girls,Outerwear,Current Plan,18354.45,147,125.01,1980.39,165.19,0.5321,9766.45,34791.43,43235.65,28944.24,10419.93,9.5,0.47
FY2026-03,2026,Apr,3,Q1,4,STORE,Retail Stores,Girls,Outerwear,Current Plan,20166.09,161,125.01,2140.12,181.49,0.5339,10766.17,43235.65,55314.03,34566.09,12443.79,8.6,0.409
FY2026-04,2026,May,4,Q2,4,STORE,Retail Stores,Girls,Outerwear,Current Plan,18461.44,148,125.01,2115.11,166.15,0.5254,9700.22,55314.03,49949.58,15378.25,5536.17,12.0,0.351
FY2026-05,2026,Jun,5,Q2,5,STORE,Retail Stores,Girls,Outerwear,Current Plan,16858.65,135,125.01,1763.98,151.73,0.5354,9025.55,49949.58,40397.37,9222.15,3319.97,14.8,0.373
FY2026-06,2026,Jul,6,Q2,4,STORE,Retail Stores,Girls,Outerwear,Current Plan,14487.1,116,125.01,1553.2,130.38,0.5328,7718.54,40397.37,42451.97,18225.29,6561.1,11.2,0.35
FY2026-07,2026,Aug,7,Q3,4,STORE,Retail Stores,Girls,Outerwear,Current Plan,15114.14,121,125.01,1407.07,136.03,0.5469,8265.98,42451.97,42038.31,16243.57,5847.69,11.2,0.358
FY2026-08,2026,Sep,8,Q3,5,STORE,Retail Stores,Girls,Outerwear,Current Plan,16255.3,130,125.01,1685.17,146.3,0.5363,8718.21,42038.31,39486.88,15535.34,5592.72,12.9,0.399
FY2026-09,2026,Oct,9,Q3,4,STORE,Retail Stores,Girls,Outerwear,Current Plan,17069.49,137,125.01,1885.21,153.63,0.5296,9039.26,39486.88,51726.22,31347.66,11285.16,9.3,0.374
FY2026-10,2026,Nov,10,Q4,4,STORE,Retail Stores,Girls,Outerwear,Current Plan,24892.46,199,125.01,2331.24,224.03,0.5463,13599.94,51726.22,71627.56,47349.06,17045.66,8.3,0.404
FY2026-11,2026,Dec,11,Q4,5,STORE,Retail Stores,Girls,Outerwear,Current Plan,26430.65,211,125.01,3178.55,237.88,0.5197,13737.06,71627.56,59309.72,17529.25,6310.53,13.6,0.404
FY2026-12,2026,Jan,12,Q4,4,STORE,Retail Stores,Girls,Outerwear,Current Plan,10858.66,87,125.01,1063.11,97.73,0.5421,5886.43,59309.72,47290.21,0.0,0.0,21.8,0.204
FY2024-01,2024,Feb,1,Q1,4,WHSL,Wholesale,Girls,Outerwear,Original Plan,15073.48,157,95.75,278.93,15.07,0.4615,6956.34,14502.0,14681.07,15546.56,8084.21,3.8,1.033
FY2024-02,2024,Mar,2,Q1,5,WHSL,Wholesale,Girls,Outerwear,Original Plan,12642.27,132,95.75,231.17,12.64,0.4617,5837.12,14681.07,10209.66,8414.67,4375.63,5.8,1.016
FY2024-03,2024,Apr,3,Q1,4,WHSL,Wholesale,Girls,Outerwear,Original Plan,6029.39,63,95.75,119.57,6.03,0.4602,2774.54,10209.66,6271.96,2217.29,1152.99,6.8,0.732
FY2024-04,2024,May,4,Q2,4,WHSL,Wholesale,Girls,Outerwear,Original Plan,5348.65,56,95.75,113.11,5.35,0.4589,2454.24,6271.96,5216.82,4411.97,2294.22,4.7,0.931
FY2024-05,2024,Jun,5,Q2,5,WHSL,Wholesale,Girls,Outerwear,Original Plan,13128.52,137,95.75,295.34,13.13,0.4575,6006.35,5216.82,10352.55,18572.71,9657.81,2.0,1.686
FY2024-06,2024,Jul,6,Q2,4,WHSL,Wholesale,Girls,Outerwear,Original Plan,13809.25,144,95.75,292.74,13.81,0.4588,6335.7,10352.55,13495.21,17258.46,8974.4,3.0,1.158
FY2024-07,2024,Aug,7,Q3,4,WHSL,Wholesale,Girls,Outerwear,Original Plan,6807.38,71,95.75,147.16,6.81,0.4584,3120.38,13495.21,7189.65,655.79,341.01,7.9,0.658
FY2024-08,2024,Sep,8,Q3,5,WHSL,Wholesale,Girls,Outerwear,Original Plan,10211.07,107,95.75,224.42,10.21,0.458,4676.89,7189.65,8573.72,11829.76,6151.48,3.5,1.296
FY2024-09,2024,Oct,9,Q3,4,WHSL,Wholesale,Girls,Outerwear,Original Plan,13420.26,140,95.75,262.57,13.42,0.4604,6179.15,8573.72,13181.1,18303.63,9517.89,2.6,1.234
FY2024-10,2024,Nov,10,Q4,4,WHSL,Wholesale,Girls,Outerwear,Original Plan,8266.1,86,95.75,141.42,8.27,0.4629,3826.31,13181.1,8348.12,3582.82,1863.06,6.4,0.768
FY2024-11,2024,Dec,11,Q4,5,WHSL,Wholesale,Girls,Outerwear,Original Plan,5834.9,61,95.75,131.14,5.83,0.4575,2669.61,8348.12,4597.88,2221.63,1155.25,7.2,0.901
FY2024-12,2024,Jan,12,Q4,4,WHSL,Wholesale,Girls,Outerwear,Original Plan,6126.64,64,95.75,134.88,6.13,0.458,2805.9,4597.88,5842.18,7511.95,3906.21,3.0,1.174
FY2025-01,2025,Feb,1,Q1,4,WHSL,Wholesale,Girls,Outerwear,Original Plan,17183.77,179,95.75,329.72,17.18,0.4608,7918.49,5842.18,16819.48,28507.97,14824.14,1.4,1.517
FY2025-02,2025,Mar,2,Q1,5,WHSL,Wholesale,Girls,Outerwear,Original Plan,14412.19,151,95.75,310.92,14.41,0.4584,6606.93,16819.48,12023.72,9941.77,5169.72,5.8,0.999
FY2025-03,2025,Apr,3,Q1,4,WHSL,Wholesale,Girls,Outerwear,Original Plan,6873.51,72,95.75,149.69,6.87,0.4582,3149.6,12023.72,6642.67,1649.02,857.49,7.0,0.736
FY2025-04,2025,May,4,Q2,4,WHSL,Wholesale,Girls,Outerwear,Original Plan,6097.47,64,95.75,111.85,6.1,0.4617,2814.93,6642.67,6013.9,5586.64,2905.05,4.4,0.964
FY2025-05,2025,Jun,5,Q2,5,WHSL,Wholesale,Girls,Outerwear,Original Plan,14966.51,156,95.75,309.33,14.97,0.4593,6874.59,6013.9,12291.17,21568.08,11215.4,2.0,1.635
FY2025-06,2025,Jul,6,Q2,4,WHSL,Wholesale,Girls,Outerwear,Original Plan,15742.55,164,95.75,344.1,15.74,0.4581,7212.33,12291.17,14895.57,18706.78,9727.53,3.1,1.158
FY2025-07,2025,Aug,7,Q3,4,WHSL,Wholesale,Girls,Outerwear,Original Plan,7760.41,81,95.75,144.71,7.76,0.4614,3580.28,14895.57,7380.97,398.29,207.11,7.7,0.697
FY2025-08,2025,Sep,8,Q3,5,WHSL,Wholesale,Girls,Outerwear,Original Plan,11640.62,122,95.75,257.92,11.64,0.4578,5329.57,7380.97,8798.95,13328.16,6930.64,3.2,1.439
FY2025-09,2025,Oct,9,Q3,4,WHSL,Wholesale,Girls,Outerwear,Original Plan,15299.1,160,95.75,342.75,15.3,0.4576,7000.82,8798.95,15085.31,21943.5,11410.62,2.3,1.281
FY2025-10,2025,Nov,10,Q4,4,WHSL,Wholesale,Girls,Outerwear,Original Plan,9423.36,98,95.75,215.99,9.42,0.4571,4307.22,15085.31,9023.25,3586.71,1865.09,6.4,0.782
FY2025-11,2025,Dec,11,Q4,5,WHSL,Wholesale,Girls,Outerwear,Original Plan,6651.78,69,95.75,125.62,6.65,0.4611,3067.24,9023.25,5126.46,2887.25,1501.37,6.8,0.94
FY2025-12,2025,Jan,12,Q4,4,WHSL,Wholesale,Girls,Outerwear,Original Plan,6984.37,73,95.75,144.65,6.98,0.4593,3207.85,5126.46,7296.94,9306.49,4839.37,2.9,1.124
FY2026-01,2026,Feb,1,Q1,4,WHSL,Wholesale,Girls,Outerwear,Original Plan,20276.85,212,95.75,436.53,20.28,0.4585,9296.35,7296.94,20122.63,33559.34,17450.86,1.4,1.479
FY2026-02,2026,Mar,2,Q1,5,WHSL,Wholesale,Girls,Outerwear,Original Plan,17006.39,178,95.75,320.09,17.01,0.4612,7842.97,20122.63,13936.37,11157.23,5801.76,5.9,0.999
FY2026-03,2026,Apr,3,Q1,4,WHSL,Wholesale,Girls,Outerwear,Original Plan,8110.74,85,95.75,168.71,8.11,0.4592,3724.45,13936.37,7684.06,2035.24,1058.33,6.9,0.75
FY2026-04,2026,May,4,Q2,4,WHSL,Wholesale,Girls,Outerwear,Original Plan,7195.01,75,95.75,149.57,7.2,0.4592,3304.03,7684.06,7254.27,6921.99,3599.43,4.3,0.963
FY2026-05,2026,Jun,5,Q2,5,WHSL,Wholesale,Girls,Outerwear,Original Plan,17660.48,184,95.75,386.58,17.66,0.4581,8090.45,7254.27,13470.51,24280.96,12626.1,2.1,1.704
FY2026-06,2026,Jul,6,Q2,4,WHSL,Wholesale,Girls,Outerwear,Original Plan,18576.21,194,95.75,337.71,18.58,0.4618,8578.87,13470.51,18728.14,24190.11,12578.86,2.9,1.154
FY2026-07,2026,Aug,7,Q3,4,WHSL,Wholesale,Girls,Outerwear,Original Plan,9157.29,96,95.75,201.14,9.16,0.458,4194.35,18728.14,9360.55,0.0,0.0,8.2,0.652
FY2026-08,2026,Sep,8,Q3,5,WHSL,Wholesale,Girls,Outerwear,Original Plan,13735.93,143,95.75,243.6,13.74,0.4623,6349.65,9360.55,11460.27,16092.98,8368.35,3.4,1.319
FY2026-09,2026,Oct,9,Q3,4,WHSL,Wholesale,Girls,Outerwear,Original Plan,18052.93,189,95.75,406.6,18.05,0.4575,8258.81,11460.27,17457.32,24474.64,12726.81,2.5,1.249
FY2026-10,2026,Nov,10,Q4,4,WHSL,Wholesale,Girls,Outerwear,Original Plan,11119.56,116,95.75,249.08,11.12,0.4576,5088.31,17457.32,11029.29,4951.73,2574.9,6.3,0.781
FY2026-11,2026,Dec,11,Q4,5,WHSL,Wholesale,Girls,Outerwear,Original Plan,7849.1,82,95.75,144.84,7.85,0.4615,3622.73,11029.29,6273.32,3245.83,1687.83,7.0,0.907
FY2026-12,2026,Jan,12,Q4,4,WHSL,Wholesale,Girls,Outerwear,Original Plan,8241.56,86,95.75,158.64,8.24,0.4608,3797.31,6273.32,8730.83,10865.95,5650.29,3.0,1.099
FY2024-01,2024,Feb,1,Q1,4,WHSL,Wholesale,Girls,Outerwear,Current Plan,15482.17,162,95.75,332.02,15.48,0.4586,7099.42,14927.1,14613.8,15516.37,8068.51,3.9,1.048
FY2024-02,2024,Mar,2,Q1,5,WHSL,Wholesale,Girls,Outerwear,Current Plan,12708.81,133,95.75,270.27,12.71,0.4587,5829.96,14613.8,9792.68,8170.68,4248.75,5.7,1.041
FY2024-03,2024,Apr,3,Q1,4,WHSL,Wholesale,Girls,Outerwear,Current Plan,6156.13,64,95.75,119.46,6.16,0.4606,2835.48,9792.68,6197.08,2686.13,1396.79,6.4,0.77
FY2024-04,2024,May,4,Q2,4,WHSL,Wholesale,Girls,Outerwear,Current Plan,5619.1,59,95.75,113.15,5.62,0.4599,2584.02,6197.08,5381.06,4921.85,2559.36,4.4,0.971
FY2024-05,2024,Jun,5,Q2,5,WHSL,Wholesale,Girls,Outerwear,Current Plan,13269.65,139,95.75,291.91,13.27,0.458,6077.52,5381.06,10114.74,18308.51,9520.43,2.0,1.713
FY2024-06,2024,Jul,6,Q2,4,WHSL,Wholesale,Girls,Outerwear,Current Plan,14295.65,149,95.75,304.18,14.3,0.4587,6557.73,10114.74,14011.33,18510.72,9625.58,2.8,1.185
FY2024-07,2024,Aug,7,Q3,4,WHSL,Wholesale,Girls,Outerwear,Current Plan,6737.98,70,95.75,152.81,6.74,0.4573,3081.42,14011.33,7113.8,0.0,0.0,8.3,0.638
FY2024-08,2024,Sep,8,Q3,5,WHSL,Wholesale,Girls,Outerwear,Current Plan,10337.76,108,95.75,191.44,10.34,0.4615,4770.69,7113.8,7984.92,11410.65,5933.54,3.4,1.369
FY2024-09,2024,Oct,9,Q3,4,WHSL,Wholesale,Girls,Outerwear,Current Plan,12872.98,134,95.75,238.18,12.87,0.4615,5940.85,7984.92,12385.95,17525.06,9113.03,2.5,1.264
FY2024-10,2024,Nov,10,Q4,4,WHSL,Wholesale,Girls,Outerwear,Current Plan,8377.69,87,95.75,168.01,8.38,0.4599,3853.28,12385.95,7955.83,4123.96,2144.46,5.9,0.824
FY2024-11,2024,Dec,11,Q4,5,WHSL,Wholesale,Girls,Outerwear,Current Plan,5805.84,61,95.75,110.04,5.81,0.461,2676.77,7955.83,4685.32,2651.17,1378.61,6.9,0.919
FY2024-12,2024,Jan,12,Q4,4,WHSL,Wholesale,Girls,Outerwear,Current Plan,6301.06,66,95.75,130.62,6.3,0.4593,2893.89,4685.32,6006.08,7758.76,4034.55,3.0,1.179
FY2025-01,2025,Feb,1,Q1,4,WHSL,Wholesale,Girls,Outerwear,Current Plan,17023.28,178,95.75,295.63,17.02,0.4626,7875.55,6006.08,17551.33,28881.18,15018.21,1.4,1.445
FY2025-02,2025,Mar,2,Q1,5,WHSL,Wholesale,Girls,Outerwear,Current Plan,14357.51,150,95.75,275.43,14.36,0.4608,6616.18,17551.33,11270.14,8366.11,4350.38,6.1,0.996
FY2025-03,2025,Apr,3,Q1,4,WHSL,Wholesale,Girls,Outerwear,Current Plan,6956.84,73,95.75,143.52,6.96,0.4594,3195.76,11270.14,7332.36,3169.54,1648.16,6.5,0.748
FY2025-04,2025,May,4,Q2,4,WHSL,Wholesale,Girls,Outerwear,Current Plan,6076.79,63,95.75,138.36,6.08,0.4572,2778.5,7332.36,5762.12,4650.98,2418.51,4.8,0.928
FY2025-05,2025,Jun,5,Q2,5,WHSL,Wholesale,Girls,Outerwear,Current Plan,15025.87,157,95.75,275.87,15.03,0.4616,6936.55,5762.12,11722.28,21276.93,11064.0,1.9,1.719
FY2025-06,2025,Jul,6,Q2,4,WHSL,Wholesale,Girls,Outerwear,Current Plan,15679.59,164,95.75,305.98,15.68,0.4605,7220.23,11722.28,15338.75,19617.73,10201.22,3.0,1.159
FY2025-07,2025,Aug,7,Q3,4,WHSL,Wholesale,Girls,Outerwear,Current Plan,7951.06,83,95.75,176.64,7.95,0.4578,3639.87,15338.75,8306.03,1102.92,573.52,7.7,0.673
FY2025-08,2025,Sep,8,Q3,5,WHSL,Wholesale,Girls,Outerwear,Current Plan,11537.46,120,95.75,216.78,11.54,0.4612,5321.2,8306.03,9121.73,12581.48,6542.37,3.6,1.324
FY2025-09,2025,Oct,9,Q3,4,WHSL,Wholesale,Girls,Outerwear,Current Plan,15804.18,165,95.75,306.96,15.8,0.4606,7279.04,9121.73,16715.81,23721.03,12334.94,2.3,1.223
FY2025-10,2025,Nov,10,Q4,4,WHSL,Wholesale,Girls,Outerwear,Current Plan,9559.08,100,95.75,217.76,9.56,0.4572,4370.6,16715.81,9084.98,2155.58,1120.9,7.0,0.741
FY2025-11,2025,Dec,11,Q4,5,WHSL,Wholesale,Girls,Outerwear,Current Plan,6745.0,70,95.75,138.36,6.75,0.4595,3099.24,9084.98,5501.36,3306.48,1719.37,6.7,0.925
FY2025-12,2025,Jan,12,Q4,4,WHSL,Wholesale,Girls,Outerwear,Current Plan,6920.28,72,95.75,119.14,6.92,0.4628,3202.59,5501.36,7154.3,8699.29,4523.63,3.2,1.094
FY2026-01,2026,Feb,1,Q1,4,WHSL,Wholesale,Girls,Outerwear,Current Plan,21571.59,225,95.75,397.24,21.57,0.4616,9957.13,7154.3,21133.69,35969.8,18704.29,1.3,1.525
FY2026-02,2026,Mar,2,Q1,5,WHSL,Wholesale,Girls,Outerwear,Current Plan,17972.76,188,95.75,411.94,17.97,0.4571,8214.99,21133.69,14382.82,11651.79,6058.93,5.9,1.012
FY2026-03,2026,Apr,3,Q1,4,WHSL,Wholesale,Girls,Outerwear,Current Plan,8868.53,93,95.75,192.21,8.87,0.4583,4064.68,14382.82,8775.39,3462.17,1800.33,6.5,0.766
FY2026-04,2026,May,4,Q2,4,WHSL,Wholesale,Girls,Outerwear,Current Plan,7646.12,80,95.75,162.27,7.65,0.4588,3507.87,8775.39,7882.3,6922.95,3599.93,4.6,0.918
FY2026-05,2026,Jun,5,Q2,5,WHSL,Wholesale,Girls,Outerwear,Current Plan,18959.91,198,95.75,392.1,18.96,0.4593,8708.66,7882.3,14286.46,25775.12,13403.06,2.1,1.711
FY2026-06,2026,Jul,6,Q2,4,WHSL,Wholesale,Girls,Outerwear,Current Plan,19764.44,206,95.75,350.51,19.76,0.4623,9136.43,14286.46,19274.36,25122.6,13063.75,2.9,1.178
FY2026-07,2026,Aug,7,Q3,4,WHSL,Wholesale,Girls,Outerwear,Current Plan,9623.28,101,95.75,205.33,9.62,0.4587,4413.84,19274.36,9641.28,205.16,106.68,8.0,0.666
FY2026-08,2026,Sep,8,Q3,5,WHSL,Wholesale,Girls,Outerwear,Current Plan,14774.17,154,95.75,300.1,14.77,0.4597,6791.5,9641.28,11384.86,16832.62,8752.96,3.3,1.405
FY2026-09,2026,Oct,9,Q3,4,WHSL,Wholesale,Girls,Outerwear,Current Plan,19370.21,202,95.75,387.48,19.37,0.46,8910.22,11384.86,18244.83,26637.03,13851.25,2.4,1.307
FY2026-10,2026,Nov,10,Q4,4,WHSL,Wholesale,Girls,Outerwear,Current Plan,11784.47,123,95.75,232.82,11.78,0.4602,5423.73,18244.83,12296.96,6081.2,3162.23,6.2,0.772
FY2026-11,2026,Dec,11,Q4,5,WHSL,Wholesale,Girls,Outerwear,Current Plan,8573.52,90,95.75,190.77,8.57,0.4577,3924.53,12296.96,7200.95,3676.85,1911.96,7.2,0.879
FY2026-12,2026,Jan,12,Q4,4,WHSL,Wholesale,Girls,Outerwear,Current Plan,8651.85,90,95.75,170.94,8.65,0.4602,3981.95,7200.95,8353.85,9984.33,5191.85,3.3,1.112
FY2024-01,2024,Feb,1,Q1,4,ECOM,Ecommerce,Girls,Sets,Original Plan,48034.03,714,67.29,6247.03,192.14,0.5099,24494.75,139585.96,142530.06,57417.3,20670.23,11.6,0.341
FY2024-02,2024,Mar,2,Q1,5,ECOM,Ecommerce,Girls,Sets,Original Plan,68805.51,1022,67.29,9471.45,275.22,0.5023,34564.08,142530.06,165934.28,101956.39,36704.3,10.4,0.446
FY2024-03,2024,Apr,3,Q1,4,ECOM,Ecommerce,Girls,Sets,Original Plan,76594.81,1138,67.29,8978.29,306.38,0.5228,40042.39,165934.28,213685.35,133630.55,48107.0,8.7,0.404
FY2024-04,2024,May,4,Q2,4,ECOM,Ecommerce,Girls,Sets,Original Plan,70752.83,1051,67.29,8545.98,283.01,0.5192,36735.83,213685.35,204118.14,70014.61,25205.26,12.1,0.339
FY2024-05,2024,Jun,5,Q2,5,ECOM,Ecommerce,Girls,Sets,Original Plan,64261.75,955,67.29,8433.85,257.05,0.5088,32693.67,204118.14,147476.68,16311.17,5872.02,15.9,0.366
FY2024-06,2024,Jul,6,Q2,4,ECOM,Ecommerce,Girls,Sets,Original Plan,54525.12,810,67.29,7282.21,218.1,0.5064,27613.86,147476.68,159430.01,73978.76,26632.35,10.8,0.355
FY2024-07,2024,Aug,7,Q3,4,ECOM,Ecommerce,Girls,Sets,Original Plan,57121.55,849,67.29,8011.59,228.49,0.4997,28546.2,159430.01,158876.08,64807.7,23330.77,11.2,0.359
FY2024-08,2024,Sep,8,Q3,5,ECOM,Ecommerce,Girls,Sets,Original Plan,61665.31,916,67.29,9250.86,246.66,0.49,30214.94,158876.08,150257.82,62544.58,22516.05,12.9,0.399
FY2024-09,2024,Oct,9,Q3,4,ECOM,Ecommerce,Girls,Sets,Original Plan,64910.85,965,67.29,8283.49,259.64,0.5124,33259.46,150257.82,196156.4,119352.56,42966.92,9.3,0.375
FY2024-10,2024,Nov,10,Q4,4,ECOM,Ecommerce,Girls,Sets,Original Plan,93471.63,1389,67.29,11751.85,373.89,0.5143,48069.99,196156.4,281184.15,190625.13,68625.05,8.4,0.392
FY2024-11,2024,Dec,11,Q4,5,ECOM,Ecommerce,Girls,Sets,Original Plan,101260.93,1505,67.29,13209.22,405.04,0.5096,51597.77,281184.15,232766.82,66457.87,23924.83,13.9,0.394
FY2024-12,2024,Jan,12,Q4,4,ECOM,Ecommerce,Girls,Sets,Original Plan,40893.84,608,67.29,5301.46,163.58,0.5104,20870.6,232766.82,186407.95,0.0,0.0,22.8,0.195
FY2025-01,2025,Feb,1,Q1,4,ECOM,Ecommerce,Girls,Sets,Original Plan,54758.8,814,67.29,6828.0,219.04,0.5153,28217.63,186407.95,151731.5,27129.39,9766.58,13.6,0.324
FY2025-02,2025,Mar,2,Q1,5,ECOM,Ecommerce,Girls,Sets,Original Plan,78438.28,1166,67.29,10034.89,313.75,0.5121,40165.61,151731.5,191186.03,128241.45,46166.92,9.7,0.457
FY2025-03,2025,Apr,3,Q1,4,ECOM,Ecommerce,Girls,Sets,Original Plan,87318.08,1298,67.29,13135.9,349.27,0.4896,42747.67,191186.03,262428.81,172046.03,61936.57,8.8,0.385
FY2025-04,2025,May,4,Q2,4,ECOM,Ecommerce,Girls,Sets,Original Plan,80658.23,1199,67.29,11195.28,322.63,0.5012,40425.98,262428.81,219415.17,49162.51,17698.5,13.0,0.335
FY2025-05,2025,Jun,5,Q2,5,ECOM,Ecommerce,Girls,Sets,Original Plan,73258.39,1089,67.29,8575.24,293.03,0.5229,38310.13,219415.17,164568.35,27279.84,9820.74,15.0,0.382
FY2025-06,2025,Jul,6,Q2,4,ECOM,Ecommerce,Girls,Sets,Original Plan,62158.63,924,67.29,8326.58,248.63,0.506,31454.95,164568.35,169708.19,75873.69,27314.53,10.6,0.372
FY2025-07,2025,Aug,7,Q3,4,ECOM,Ecommerce,Girls,Sets,Original Plan,65118.57,968,67.29,9113.62,260.47,0.5,32562.26,169708.19,187005.64,91790.11,33044.44,10.4,0.365
FY2025-08,2025,Sep,8,Q3,5,ECOM,Ecommerce,Girls,Sets,Original Plan,70298.45,1045,67.29,8391.8,281.19,0.5206,36599.21,187005.64,159260.79,51226.6,18441.58,13.3,0.406
FY2025-09,2025,Oct,9,Q3,4,ECOM,Ecommerce,Girls,Sets,Original Plan,73998.37,1100,67.29,10407.43,295.99,0.4994,36951.53,159260.79,208920.07,134361.07,48369.99,8.6,0.402
FY2025-10,2025,Nov,10,Q4,4,ECOM,Ecommerce,Girls,Sets,Original Plan,106557.66,1583,67.29,12529.97,426.23,0.5224,55666.93,208920.07,321677.22,232271.01,83617.57,7.8,0.402
FY2025-11,2025,Dec,11,Q4,5,ECOM,Ecommerce,Girls,Sets,Original Plan,115437.46,1715,67.29,16316.7,461.75,0.4987,57563.28,321677.22,279459.0,89997.68,32399.17,13.9,0.384
FY2025-12,2025,Jan,12,Q4,4,ECOM,Ecommerce,Girls,Sets,Original Plan,46618.98,693,67.29,7052.13,186.48,0.4887,22784.01,279459.0,225601.41,0.0,0.0,24.0,0.185
FY2026-01,2026,Feb,1,Q1,4,ECOM,Ecommerce,Girls,Sets,Original Plan,64615.38,960,67.29,8230.36,258.46,0.5126,33123.48,225601.41,183833.56,31336.34,11281.08,14.0,0.316
FY2026-02,2026,Mar,2,Q1,5,ECOM,Ecommerce,Girls,Sets,Original Plan,92557.17,1375,67.29,11717.76,370.23,0.5134,47518.83,183833.56,215309.61,136121.2,49003.63,9.9,0.464
FY2026-03,2026,Apr,3,Q1,4,ECOM,Ecommerce,Girls,Sets,Original Plan,103035.34,1531,67.29,15396.21,412.14,0.4906,50546.4,215309.61,299582.25,203116.33,73121.88,8.4,0.4
FY2026-04,2026,May,4,Q2,4,ECOM,Ecommerce,Girls,Sets,Original Plan,95176.71,1414,67.29,13386.96,380.71,0.4993,47526.14,299582.25,273710.89,83073.0,29906.28,12.6,0.332
FY2026-05,2026,Jun,5,Q2,5,ECOM,Ecommerce,Girls,Sets,Original Plan,86444.9,1285,67.29,12684.2,345.78,0.4933,42640.54,273710.89,195522.34,21286.33,7663.08,15.8,0.368
FY2026-06,2026,Jul,6,Q2,4,ECOM,Ecommerce,Girls,Sets,Original Plan,73347.19,1090,67.29,10766.24,293.39,0.4932,36175.96,195522.34,214522.92,103407.4,37226.66,10.7,0.358
FY2026-07,2026,Aug,7,Q3,4,ECOM,Ecommerce,Girls,Sets,Original Plan,76839.91,1142,67.29,9940.58,307.36,0.5106,39236.96,214522.92,217828.45,90393.38,32541.62,11.2,0.355
FY2026-08,2026,Sep,8,Q3,5,ECOM,Ecommerce,Girls,Sets,Original Plan,82952.18,1233,67.29,11825.92,331.81,0.4974,41263.47,217828.45,192758.68,70040.14,25214.45,13.1,0.404
FY2026-09,2026,Oct,9,Q3,4,ECOM,Ecommerce,Girls,Sets,Original Plan,87318.08,1298,67.29,11916.41,349.27,0.5035,43967.16,192758.68,262624.54,169449.63,61001.87,8.8,0.383
FY2026-10,2026,Nov,10,Q4,4,ECOM,Ecommerce,Girls,Sets,Original Plan,125738.04,1868,67.29,19301.16,502.95,0.4865,61171.18,262624.54,380956.87,263874.48,94994.81,8.4,0.391
FY2026-11,2026,Dec,11,Q4,5,ECOM,Ecommerce,Girls,Sets,Original Plan,136216.21,2024,67.29,20673.8,544.86,0.4882,66504.57,380956.87,315063.4,91541.4,32954.91,14.0,0.391
FY2026-12,2026,Jan,12,Q4,4,ECOM,Ecommerce,Girls,Sets,Original Plan,55010.39,817,67.29,7955.08,220.04,0.4954,27251.57,315063.4,251877.89,0.0,0.0,22.9,0.194
FY2024-01,2024,Feb,1,Q1,4,ECOM,Ecommerce,Girls,Sets,Current Plan,48630.45,723,67.29,6082.26,194.52,0.5149,25041.23,131204.9,134998.12,58700.45,21132.16,10.8,0.365
FY2024-02,2024,Mar,2,Q1,5,ECOM,Ecommerce,Girls,Sets,Current Plan,68886.33,1024,67.29,8477.19,275.55,0.5169,35610.06,134998.12,156638.22,99279.17,35740.5,9.8,0.472
FY2024-03,2024,Apr,3,Q1,4,ECOM,Ecommerce,Girls,Sets,Current Plan,78639.21,1169,67.29,10801.68,314.56,0.5026,39527.41,156638.22,225718.16,158835.38,57180.74,8.0,0.411
FY2024-04,2024,May,4,Q2,4,ECOM,Ecommerce,Girls,Sets,Current Plan,72599.4,1079,67.29,8641.02,290.4,0.521,37822.6,225718.16,221029.23,76841.89,27663.08,12.4,0.325
FY2024-05,2024,Jun,5,Q2,5,ECOM,Ecommerce,Girls,Sets,Current Plan,63649.65,946,67.29,9245.57,254.6,0.4947,31490.21,221029.23,148862.59,983.18,353.95,17.4,0.344
FY2024-06,2024,Jul,6,Q2,4,ECOM,Ecommerce,Girls,Sets,Current Plan,52884.93,786,67.29,6871.27,211.54,0.5101,26975.09,148862.59,143935.62,55040.77,19814.68,11.3,0.361
FY2024-07,2024,Aug,7,Q3,4,ECOM,Ecommerce,Girls,Sets,Current Plan,56883.05,845,67.29,7936.61,227.53,0.5005,28468.54,143935.62,154179.43,75291.0,27104.76,10.1,0.382
FY2024-08,2024,Sep,8,Q3,5,ECOM,Ecommerce,Girls,Sets,Current Plan,64217.72,954,67.29,7404.56,256.87,0.5247,33694.78,154179.43,155922.9,73622.62,26504.14,12.0,0.414
FY2024-09,2024,Oct,9,Q3,4,ECOM,Ecommerce,Girls,Sets,Current Plan,62812.8,933,67.29,7290.64,251.25,0.5239,32909.56,155922.9,178175.6,92607.39,33338.66,9.9,0.376
FY2024-10,2024,Nov,10,Q4,4,ECOM,Ecommerce,Girls,Sets,Current Plan,95364.21,1417,67.29,14481.36,381.46,0.4881,46551.74,178175.6,277265.94,209317.37,75354.25,7.5,0.419
FY2024-11,2024,Dec,11,Q4,5,ECOM,Ecommerce,Girls,Sets,Current Plan,99106.31,1473,67.29,14185.35,396.43,0.4969,49242.7,277265.94,237290.4,73712.55,26536.52,14.0,0.385
FY2024-12,2024,Jan,12,Q4,4,ECOM,Ecommerce,Girls,Sets,Current Plan,41442.34,616,67.29,5336.58,165.77,0.5112,21186.52,237290.4,190345.71,0.0,0.0,22.9,0.194
FY2025-01,2025,Feb,1,Q1,4,ECOM,Ecommerce,Girls,Sets,Current Plan,55601.62,826,67.29,7585.65,222.41,0.5036,27999.39,190345.71,167812.4,40876.37,14715.49,13.7,0.31
FY2025-02,2025,Mar,2,Q1,5,ECOM,Ecommerce,Girls,Sets,Current Plan,77807.64,1156,67.29,9615.9,311.23,0.5164,40180.99,167812.4,170444.22,90366.59,32531.97,10.8,0.46
FY2025-03,2025,Apr,3,Q1,4,ECOM,Ecommerce,Girls,Sets,Current Plan,92232.87,1371,67.29,14286.3,368.93,0.4851,44742.74,170444.22,268545.17,204989.06,73796.06,7.4,0.42
FY2025-04,2025,May,4,Q2,4,ECOM,Ecommerce,Girls,Sets,Current Plan,80561.12,1197,67.29,10669.58,322.24,0.5076,40889.53,268545.17,237070.6,60078.37,21628.21,13.3,0.319
FY2025-05,2025,Jun,5,Q2,5,ECOM,Ecommerce,Girls,Sets,Current Plan,73667.11,1095,67.29,9206.5,294.67,0.515,37940.45,237070.6,165322.86,11420.53,4111.39,16.1,0.366
FY2025-06,2025,Jul,6,Q2,4,ECOM,Ecommerce,Girls,Sets,Current Plan,61252.42,910,67.29,7937.36,245.01,0.5104,31264.19,165322.86,186642.37,90754.31,32671.55,10.8,0.348
FY2025-07,2025,Aug,7,Q3,4,ECOM,Ecommerce,Girls,Sets,Current Plan,62927.84,935,67.29,9193.03,251.71,0.4939,31080.79,186642.37,184171.82,69902.03,25164.73,11.9,0.339
FY2025-08,2025,Sep,8,Q3,5,ECOM,Ecommerce,Girls,Sets,Current Plan,71534.63,1063,67.29,10639.86,286.14,0.4913,35142.3,184171.82,165929.98,64218.78,23118.76,12.9,0.409
FY2025-09,2025,Oct,9,Q3,4,ECOM,Ecommerce,Girls,Sets,Current Plan,75896.67,1128,67.29,11407.18,303.59,0.4897,37166.69,165929.98,230621.46,152298.91,54827.61,8.7,0.383
FY2025-10,2025,Nov,10,Q4,4,ECOM,Ecommerce,Girls,Sets,Current Plan,107673.28,1600,67.29,15702.27,430.69,0.4942,53208.62,230621.46,320975.9,214160.69,77097.85,8.6,0.39
FY2025-11,2025,Dec,11,Q4,5,ECOM,Ecommerce,Girls,Sets,Current Plan,117825.59,1751,67.29,15539.92,471.3,0.5081,59868.45,320975.9,262276.86,75137.78,27049.6,13.6,0.404
FY2025-12,2025,Jan,12,Q4,4,ECOM,Ecommerce,Girls,Sets,Current Plan,47618.23,708,67.29,6708.9,190.47,0.4991,23766.77,262276.86,207759.27,0.0,0.0,22.0,0.203
FY2026-01,2026,Feb,1,Q1,4,ECOM,Ecommerce,Girls,Sets,Current Plan,67218.73,999,67.29,8539.21,268.87,0.513,34480.77,207759.27,193778.4,62045.95,22336.54,12.4,0.335
FY2026-02,2026,Mar,2,Q1,5,ECOM,Ecommerce,Girls,Sets,Current Plan,98082.04,1458,67.29,14639.39,392.33,0.4907,48133.11,193778.4,227485.23,146820.59,52855.41,9.9,0.466
FY2026-03,2026,Apr,3,Q1,4,ECOM,Ecommerce,Girls,Sets,Current Plan,107102.83,1592,67.29,13534.82,428.41,0.5136,55010.98,227485.23,308469.9,202050.73,72738.26,8.5,0.4
FY2026-04,2026,May,4,Q2,4,ECOM,Ecommerce,Girls,Sets,Current Plan,99637.52,1481,67.29,12272.66,398.55,0.5168,51495.35,308469.9,302421.59,106260.42,38253.75,12.4,0.326
FY2026-05,2026,Jun,5,Q2,5,ECOM,Ecommerce,Girls,Sets,Current Plan,89667.83,1332,67.29,11067.01,358.67,0.5166,46320.4,302421.59,201328.08,0.0,0.0,16.9,0.356
FY2026-06,2026,Jul,6,Q2,4,ECOM,Ecommerce,Girls,Sets,Current Plan,78885.97,1172,67.29,11495.09,315.54,0.4943,38991.93,201328.08,218753.57,108122.09,38923.95,10.2,0.376
FY2026-07,2026,Aug,7,Q3,4,ECOM,Ecommerce,Girls,Sets,Current Plan,80110.59,1190,67.29,9600.58,320.44,0.5202,41670.2,218753.57,217028.97,88307.01,31790.52,10.9,0.368
FY2026-08,2026,Sep,8,Q3,5,ECOM,Ecommerce,Girls,Sets,Current Plan,86741.96,1289,67.29,11110.65,346.97,0.5119,44404.2,217028.97,206566.07,87736.68,31585.21,12.5,0.41
FY2026-09,2026,Oct,9,Q3,4,ECOM,Ecommerce,Girls,Sets,Current Plan,90825.07,1350,67.29,11918.1,363.3,0.5088,46209.95,206566.07,260530.0,157070.4,56545.34,9.1,0.389
FY2026-10,2026,Nov,10,Q4,4,ECOM,Ecommerce,Girls,Sets,Current Plan,133668.14,1986,67.29,15952.45,534.67,0.5207,69595.16,260530.0,371185.98,260811.24,93892.04,7.8,0.423
FY2026-11,2026,Dec,11,Q4,5,ECOM,Ecommerce,Girls,Sets,Current Plan,141877.53,2108,67.29,19497.63,567.51,0.5026,71303.99,371185.98,320457.09,111213.79,40036.97,13.1,0.41
FY2026-12,2026,Jan,12,Q4,4,ECOM,Ecommerce,Girls,Sets,Current Plan,57088.41,848,67.29,8757.54,228.35,0.4866,27779.04,320457.09,254382.79,0.0,0.0,22.5,0.199
FY2024-01,2024,Feb,1,Q1,4,STORE,Retail Stores,Girls,Sets,Original Plan,21833.65,324,67.29,2216.52,196.5,0.5385,11757.02,61354.39,59392.67,22284.95,8022.58,11.2,0.362
FY2024-02,2024,Mar,2,Q1,5,STORE,Retail Stores,Girls,Sets,Original Plan,31275.23,465,67.29,3348.5,281.48,0.5329,16667.64,59392.67,74481.37,49993.91,17997.81,9.5,0.467
FY2024-03,2024,Apr,3,Q1,4,STORE,Retail Stores,Girls,Sets,Original Plan,34815.82,517,67.29,3494.87,313.34,0.5396,18787.26,74481.37,94298.64,58441.3,21038.87,8.6,0.413
FY2024-04,2024,May,4,Q2,4,STORE,Retail Stores,Girls,Sets,Original Plan,32160.38,478,67.29,3523.96,289.44,0.5304,17058.68,94298.64,89730.97,31406.12,11306.2,11.7,0.35
FY2024-05,2024,Jun,5,Q2,5,STORE,Retail Stores,Girls,Sets,Original Plan,29209.88,434,67.29,2931.16,262.89,0.5397,15763.16,89730.97,63176.56,5849.52,2105.83,15.4,0.382
FY2024-06,2024,Jul,6,Q2,4,STORE,Retail Stores,Girls,Sets,Original Plan,24784.14,368,67.29,2822.09,223.06,0.5261,13039.76,63176.56,70207.43,34860.17,12549.66,10.2,0.372
FY2024-07,2024,Aug,7,Q3,4,STORE,Retail Stores,Girls,Sets,Original Plan,25964.34,386,67.29,2862.36,233.68,0.5298,13754.82,70207.43,76717.05,35570.0,12805.2,10.8,0.353
FY2024-08,2024,Sep,8,Q3,5,STORE,Retail Stores,Girls,Sets,Original Plan,28029.69,417,67.29,2573.16,252.27,0.5482,15365.84,76717.05,66574.64,20712.71,7456.57,13.7,0.391
FY2024-09,2024,Oct,9,Q3,4,STORE,Retail Stores,Girls,Sets,Original Plan,29504.93,438,67.29,2706.39,265.54,0.5483,16176.77,66574.64,88811.85,54714.07,19697.07,9.0,0.38
FY2024-10,2024,Nov,10,Q4,4,STORE,Retail Stores,Girls,Sets,Original Plan,42487.1,631,67.29,5119.47,382.38,0.5195,22072.28,88811.85,122300.9,81478.02,29332.09,8.4,0.403
FY2024-11,2024,Dec,11,Q4,5,STORE,Retail Stores,Girls,Sets,Original Plan,46027.7,684,67.29,4470.25,414.25,0.5429,24987.47,122300.9,102849.03,31460.33,11325.72,13.3,0.409
FY2024-12,2024,Jan,12,Q4,4,STORE,Retail Stores,Girls,Sets,Original Plan,18588.11,276,67.29,1709.88,167.29,0.548,10186.51,102849.03,82383.75,0.0,0.0,22.1,0.201
FY2025-01,2025,Feb,1,Q1,4,STORE,Retail Stores,Girls,Sets,Original Plan,24890.36,370,67.29,2961.48,224.01,0.521,12968.35,82383.75,72178.31,17870.41,6433.35,13.2,0.322
FY2025-02,2025,Mar,2,Q1,5,STORE,Retail Stores,Girls,Sets,Original Plan,35653.76,530,67.29,3878.53,320.88,0.5312,18939.88,72178.31,78447.14,46122.0,16603.92,10.1,0.473
FY2025-03,2025,Apr,3,Q1,4,STORE,Retail Stores,Girls,Sets,Original Plan,39690.04,590,67.29,4358.83,357.21,0.5302,21042.79,78447.14,115285.04,81243.98,29247.83,7.9,0.41
FY2025-04,2025,May,4,Q2,4,STORE,Retail Stores,Girls,Sets,Original Plan,36662.83,545,67.29,3526.92,329.97,0.5438,19937.29,115285.04,103040.39,28275.07,10179.03,12.6,0.336
FY2025-05,2025,Jun,5,Q2,5,STORE,Retail Stores,Girls,Sets,Original Plan,33299.27,495,67.29,3220.76,299.69,0.5433,18090.78,103040.39,79157.38,12936.71,4657.22,15.5,0.366
FY2025-06,2025,Jul,6,Q2,4,STORE,Retail Stores,Girls,Sets,Original Plan,28253.92,420,67.29,3063.9,254.29,0.5316,15018.61,79157.38,84981.37,37396.1,13462.6,11.2,0.344
FY2025-07,2025,Aug,7,Q3,4,STORE,Retail Stores,Girls,Sets,Original Plan,29599.35,440,67.29,2904.35,266.39,0.5419,16039.23,84981.37,83196.41,30985.14,11154.65,11.5,0.352
FY2025-08,2025,Sep,8,Q3,5,STORE,Retail Stores,Girls,Sets,Original Plan,31953.84,475,67.29,2888.29,287.58,0.5496,17562.17,83196.41,76419.84,28353.15,10207.13,13.0,0.4
FY2025-09,2025,Oct,9,Q3,4,STORE,Retail Stores,Girls,Sets,Original Plan,33635.62,500,67.29,3932.15,302.72,0.5231,17594.65,76419.84,101705.9,63156.55,22736.36,9.1,0.378
FY2025-10,2025,Nov,10,Q4,4,STORE,Retail Stores,Girls,Sets,Original Plan,48435.3,720,67.29,4657.42,435.92,0.5438,26341.18,101705.9,141062.97,92885.7,33438.85,8.4,0.399
FY2025-11,2025,Dec,11,Q4,5,STORE,Retail Stores,Girls,Sets,Original Plan,52471.57,780,67.29,5089.41,472.24,0.543,28492.39,141062.97,119433.65,36403.91,13105.41,13.4,0.403
FY2025-12,2025,Jan,12,Q4,4,STORE,Retail Stores,Girls,Sets,Original Plan,21190.44,315,67.29,2513.94,190.71,0.5214,11047.94,119433.65,95538.55,0.0,0.0,22.5,0.197
FY2026-01,2026,Feb,1,Q1,4,STORE,Retail Stores,Girls,Sets,Original Plan,29370.63,436,67.29,2945.78,264.34,0.5397,15851.42,95538.55,83854.36,20896.56,7522.76,13.0,0.327
FY2026-02,2026,Mar,2,Q1,5,STORE,Retail Stores,Girls,Sets,Original Plan,42071.44,625,67.29,4245.97,378.64,0.5391,22679.75,83854.36,91121.4,53963.1,19426.71,10.0,0.481
FY2026-03,2026,Apr,3,Q1,4,STORE,Retail Stores,Girls,Sets,Original Plan,46834.24,696,67.29,4645.24,421.51,0.5408,25328.68,91121.4,128921.31,89700.9,32292.32,7.8,0.426
FY2026-04,2026,May,4,Q2,4,STORE,Retail Stores,Girls,Sets,Original Plan,43262.14,643,67.29,4114.49,389.36,0.5449,23573.28,128921.31,124584.27,43428.95,15634.42,11.9,0.341
FY2026-05,2026,Jun,5,Q2,5,STORE,Retail Stores,Girls,Sets,Original Plan,39293.14,584,67.29,3856.88,353.64,0.5418,21290.72,124584.27,86589.2,5508.58,1983.09,15.9,0.372
FY2026-06,2026,Jul,6,Q2,4,STORE,Retail Stores,Girls,Sets,Original Plan,33339.63,495,67.29,3756.39,300.06,0.5273,17580.98,86589.2,96797.25,47604.12,17137.48,10.4,0.364
FY2026-07,2026,Aug,7,Q3,4,STORE,Retail Stores,Girls,Sets,Original Plan,34927.23,519,67.29,3300.85,314.35,0.5455,19052.58,96797.25,103604.3,45349.49,16325.81,11.1,0.349
FY2026-08,2026,Sep,8,Q3,5,STORE,Retail Stores,Girls,Sets,Original Plan,37705.53,560,67.29,4033.65,339.35,0.533,20097.9,103604.3,85193.23,23667.46,8520.29,13.7,0.399
FY2026-09,2026,Oct,9,Q3,4,STORE,Retail Stores,Girls,Sets,Original Plan,39690.04,590,67.29,4320.51,357.21,0.5311,21081.11,85193.23,111052.49,70227.03,25281.73,8.6,0.404
FY2026-10,2026,Nov,10,Q4,4,STORE,Retail Stores,Girls,Sets,Original Plan,57153.65,849,67.29,6855.83,514.38,0.52,29722.51,111052.49,166372.82,119844.19,43143.91,7.8,0.412
FY2026-11,2026,Dec,11,Q4,5,STORE,Retail Stores,Girls,Sets,Original Plan,61916.46,920,67.29,6699.34,557.25,0.5318,32927.19,166372.82,148752.02,51552.24,18558.81,13.4,0.393
FY2026-12,2026,Jan,12,Q4,4,STORE,Retail Stores,Girls,Sets,Original Plan,25004.72,372,67.29,2757.61,225.04,0.5297,13245.42,148752.02,120764.65,0.0,0.0,23.8,0.186
FY2024-01,2024,Feb,1,Q1,4,STORE,Retail Stores,Girls,Sets,Current Plan,22807.12,339,67.29,2455.99,205.26,0.5323,12140.57,65863.99,67197.26,26801.64,9648.59,11.6,0.343
FY2024-02,2024,Mar,2,Q1,5,STORE,Retail Stores,Girls,Sets,Current Plan,30834.59,458,67.29,3386.18,277.51,0.5302,16347.96,67197.26,66796.77,34097.79,12275.2,10.9,0.46
FY2024-03,2024,Apr,3,Q1,4,STORE,Retail Stores,Girls,Sets,Current Plan,36545.78,543,67.29,3401.97,328.91,0.5469,19987.34,66796.77,109807.07,83286.96,29983.31,7.3,0.414
FY2024-04,2024,May,4,Q2,4,STORE,Retail Stores,Girls,Sets,Current Plan,32661.26,485,67.29,3117.98,293.95,0.5445,17785.22,109807.07,95874.33,22140.45,7970.56,13.4,0.318
FY2024-05,2024,Jun,5,Q2,5,STORE,Retail Stores,Girls,Sets,Current Plan,30390.45,452,67.29,2793.54,273.51,0.5481,16656.34,95874.33,66553.38,4136.55,1489.16,15.8,0.374
FY2024-06,2024,Jul,6,Q2,4,STORE,Retail Stores,Girls,Sets,Current Plan,25397.32,377,67.29,2851.9,228.58,0.5277,13402.39,66553.38,70184.94,32109.36,11559.37,10.5,0.371
FY2024-07,2024,Aug,7,Q3,4,STORE,Retail Stores,Girls,Sets,Current Plan,26086.97,388,67.29,3058.15,234.78,0.5228,13637.52,70184.94,75068.87,34263.82,12334.98,10.8,0.359
FY2024-08,2024,Sep,8,Q3,5,STORE,Retail Stores,Girls,Sets,Current Plan,27742.02,412,67.29,3216.69,249.68,0.524,14538.2,75068.87,65288.93,21428.45,7714.24,13.5,0.395
FY2024-09,2024,Oct,9,Q3,4,STORE,Retail Stores,Girls,Sets,Current Plan,30901.73,459,67.29,3561.3,278.12,0.5248,16215.8,65288.93,92234.75,61686.97,22207.31,8.5,0.392
FY2024-10,2024,Nov,10,Q4,4,STORE,Retail Stores,Girls,Sets,Current Plan,43347.26,644,67.29,4483.3,390.13,0.5366,23258.95,92234.75,130739.06,86725.0,31221.0,8.5,0.389
FY2024-11,2024,Dec,11,Q4,5,STORE,Retail Stores,Girls,Sets,Current Plan,46295.79,688,67.29,5166.71,416.66,0.5284,24462.6,130739.06,103411.77,24551.88,8838.68,14.1,0.395
FY2024-12,2024,Jan,12,Q4,4,STORE,Retail Stores,Girls,Sets,Current Plan,18906.31,281,67.29,2141.73,170.16,0.5267,9958.31,103411.77,82193.57,0.0,0.0,21.9,0.204
FY2025-01,2025,Feb,1,Q1,4,STORE,Retail Stores,Girls,Sets,Current Plan,25599.21,380,67.29,2639.71,230.39,0.5369,13743.78,82193.57,74412.54,20688.29,7447.79,12.8,0.327
FY2025-02,2025,Mar,2,Q1,5,STORE,Retail Stores,Girls,Sets,Current Plan,36819.69,547,67.29,4309.94,331.38,0.5229,19254.67,74412.54,81523.54,48572.0,17485.92,10.1,0.472
FY2025-03,2025,Apr,3,Q1,4,STORE,Retail Stores,Girls,Sets,Current Plan,39761.83,591,67.29,3808.44,357.86,0.5442,21639.13,81523.54,109688.37,72092.95,25953.46,8.2,0.416
FY2025-04,2025,May,4,Q2,4,STORE,Retail Stores,Girls,Sets,Current Plan,38235.49,568,67.29,3881.51,344.12,0.5385,20589.2,109688.37,115881.96,48654.7,17515.69,11.5,0.339
FY2025-05,2025,Jun,5,Q2,5,STORE,Retail Stores,Girls,Sets,Current Plan,33044.9,491,67.29,3268.27,297.4,0.5411,17880.46,115881.96,79271.39,0.0,0.0,17.5,0.339
FY2025-06,2025,Jul,6,Q2,4,STORE,Retail Stores,Girls,Sets,Current Plan,28302.69,421,67.29,3099.02,254.72,0.5305,15014.7,79271.39,85828.99,38214.04,13757.06,11.2,0.343
FY2025-07,2025,Aug,7,Q3,4,STORE,Retail Stores,Girls,Sets,Current Plan,29810.36,443,67.29,3180.72,268.29,0.5333,15897.91,85828.99,83837.29,31267.68,11256.37,11.5,0.351
FY2025-08,2025,Sep,8,Q3,5,STORE,Retail Stores,Girls,Sets,Current Plan,32910.89,489,67.29,3277.51,296.2,0.5404,17785.45,83837.29,71277.31,23924.62,8612.86,12.7,0.424
FY2025-09,2025,Oct,9,Q3,4,STORE,Retail Stores,Girls,Sets,Current Plan,34372.13,511,67.29,3776.96,309.35,0.5301,18221.21,71277.31,100601.05,67782.17,24401.58,8.3,0.4
FY2025-10,2025,Nov,10,Q4,4,STORE,Retail Stores,Girls,Sets,Current Plan,48474.33,720,67.29,4657.72,436.27,0.5439,26365.85,100601.05,131137.74,84105.01,30277.8,8.3,0.418
FY2025-11,2025,Dec,11,Q4,5,STORE,Retail Stores,Girls,Sets,Current Plan,52638.9,782,67.29,6170.76,473.75,0.5228,27518.13,131137.74,119251.82,47397.49,17063.1,12.5,0.42
FY2025-12,2025,Jan,12,Q4,4,STORE,Retail Stores,Girls,Sets,Current Plan,21016.98,312,67.29,1920.07,189.15,0.5486,11530.8,119251.82,96125.62,0.0,0.0,22.7,0.195
FY2026-01,2026,Feb,1,Q1,4,STORE,Retail Stores,Girls,Sets,Current Plan,30053.34,447,67.29,3039.68,270.48,0.5389,16194.46,96125.62,81676.57,18914.45,6809.2,12.8,0.338
FY2026-02,2026,Mar,2,Q1,5,STORE,Retail Stores,Girls,Sets,Current Plan,44771.94,665,67.29,4119.44,402.95,0.548,24534.61,81676.57,105487.18,73104.94,26317.78,9.1,0.478
FY2026-03,2026,Apr,3,Q1,4,STORE,Retail Stores,Girls,Sets,Current Plan,49027.99,729,67.29,5686.01,441.25,0.524,25691.91,105487.18,146360.95,96029.02,34570.45,8.6,0.389
FY2026-04,2026,May,4,Q2,4,STORE,Retail Stores,Girls,Sets,Current Plan,45980.32,683,67.29,5208.78,413.82,0.5267,24218.62,146360.95,131556.82,36798.8,13247.57,12.7,0.331
FY2026-05,2026,Jun,5,Q2,5,STORE,Retail Stores,Girls,Sets,Current Plan,41618.96,618,67.29,4606.81,374.57,0.5293,22029.33,131556.82,91605.58,6649.1,2393.67,15.8,0.373
FY2026-06,2026,Jul,6,Q2,4,STORE,Retail Stores,Girls,Sets,Current Plan,34857.89,518,67.29,4199.52,313.72,0.5195,18109.53,91605.58,99607.65,47373.2,17054.35,10.5,0.365
FY2026-07,2026,Aug,7,Q3,4,STORE,Retail Stores,Girls,Sets,Current Plan,36956.75,549,67.29,3489.09,332.61,0.5456,20163.23,99607.65,111437.18,52607.98,18938.87,10.8,0.35
FY2026-08,2026,Sep,8,Q3,5,STORE,Retail Stores,Girls,Sets,Current Plan,38931.26,579,67.29,4555.2,350.38,0.523,20360.81,111437.18,94858.28,27257.95,9812.86,14.3,0.377
FY2026-09,2026,Oct,9,Q3,4,STORE,Retail Stores,Girls,Sets,Current Plan,41369.38,615,67.29,4043.05,372.32,0.5423,22433.35,94858.28,114552.47,65478.94,23572.42,9.2,0.395
FY2026-10,2026,Nov,10,Q4,4,STORE,Retail Stores,Girls,Sets,Current Plan,59832.32,889,67.29,6767.32,538.49,0.5269,31525.37,114552.47,162630.67,115216.33,41477.88,7.7,0.432
FY2026-11,2026,Dec,11,Q4,5,STORE,Retail Stores,Girls,Sets,Current Plan,64483.93,958,67.29,5957.95,580.36,0.5476,35311.77,162630.67,143275.32,51666.88,18600.08,12.6,0.422
FY2026-12,2026,Jan,12,Q4,4,STORE,Retail Stores,Girls,Sets,Current Plan,25616.59,381,67.29,2407.56,230.55,0.546,13987.06,143275.32,115020.63,0.0,0.0,22.4,0.198
FY2024-01,2024,Feb,1,Q1,4,WHSL,Wholesale,Girls,Sets,Original Plan,37683.7,731,51.54,797.19,37.68,0.4588,17290.99,38647.92,37546.66,37417.31,19457.0,4.1,0.989
FY2024-02,2024,Mar,2,Q1,5,WHSL,Wholesale,Girls,Sets,Original Plan,31605.68,613,51.54,645.91,31.61,0.4596,14524.82,37546.66,24131.47,18868.01,9811.36,5.9,1.025
FY2024-03,2024,Apr,3,Q1,4,WHSL,Wholesale,Girls,Sets,Original Plan,15073.48,292,51.54,337.53,15.07,0.4576,6897.74,24131.47,15712.92,7007.54,3643.92,6.4,0.757
FY2024-04,2024,May,4,Q2,4,WHSL,Wholesale,Girls,Sets,Original Plan,13371.64,259,51.54,285.67,13.37,0.4586,6132.72,15712.92,13201.11,11158.87,5802.61,4.7,0.925
FY2024-05,2024,Jun,5,Q2,5,WHSL,Wholesale,Girls,Sets,Original Plan,32821.29,637,51.54,709.46,32.82,0.4584,15044.76,13201.11,26667.92,47030.37,24455.79,2.0,1.646
FY2024-06,2024,Jul,6,Q2,4,WHSL,Wholesale,Girls,Sets,Original Plan,34523.13,670,51.54,640.65,34.52,0.4614,15930.46,26667.92,33107.99,41638.38,21651.96,3.1,1.155
FY2024-07,2024,Aug,7,Q3,4,WHSL,Wholesale,Girls,Sets,Original Plan,17018.45,330,51.54,306.89,17.02,0.462,7861.96,33107.99,17354.53,1588.9,826.23,7.8,0.674
FY2024-08,2024,Sep,8,Q3,5,WHSL,Wholesale,Girls,Sets,Original Plan,25527.67,495,51.54,553.91,25.53,0.4583,11699.37,17354.53,21559.23,30311.8,15762.13,3.4,1.312
FY2024-09,2024,Oct,9,Q3,4,WHSL,Wholesale,Girls,Sets,Original Plan,33550.65,651,51.54,730.04,33.55,0.4582,15374.27,21559.23,31963.5,44718.51,23253.63,2.6,1.254
FY2024-10,2024,Nov,10,Q4,4,WHSL,Wholesale,Girls,Sets,Original Plan,20665.26,401,51.54,420.67,20.67,0.4596,9498.65,31963.5,21136.82,10279.91,5345.55,6.2,0.778
FY2024-11,2024,Dec,11,Q4,5,WHSL,Wholesale,Girls,Sets,Original Plan,14587.24,283,51.54,260.59,14.59,0.4621,6741.28,21136.82,11935.05,5660.65,2943.54,7.2,0.882
FY2024-12,2024,Jan,12,Q4,4,WHSL,Wholesale,Girls,Sets,Original Plan,15316.6,297,51.54,349.31,15.32,0.4572,7002.66,11935.05,14885.78,18631.95,9688.62,3.1,1.142
FY2025-01,2025,Feb,1,Q1,4,WHSL,Wholesale,Girls,Sets,Original Plan,42959.42,833,51.54,735.73,42.96,0.4629,19884.79,14885.78,42619.54,71471.87,37165.37,1.4,1.494
FY2025-02,2025,Mar,2,Q1,5,WHSL,Wholesale,Girls,Sets,Original Plan,36030.48,699,51.54,718.99,36.03,0.46,16575.64,42619.54,28153.23,22319.19,11605.98,5.9,1.018
FY2025-03,2025,Apr,3,Q1,4,WHSL,Wholesale,Girls,Sets,Original Plan,17183.77,333,51.54,327.39,17.18,0.4609,7920.82,28153.23,16915.95,6291.07,3271.36,6.6,0.763
FY2025-04,2025,May,4,Q2,4,WHSL,Wholesale,Girls,Sets,Original Plan,15243.66,296,51.54,291.18,15.24,0.4609,7025.78,16915.95,15619.62,14253.76,7411.95,4.4,0.937
FY2025-05,2025,Jun,5,Q2,5,WHSL,Wholesale,Girls,Sets,Original Plan,37416.27,726,51.54,655.02,37.42,0.4625,17304.79,15619.62,28798.62,51287.7,26669.6,2.1,1.685
FY2025-06,2025,Jul,6,Q2,4,WHSL,Wholesale,Girls,Sets,Original Plan,39356.37,764,51.54,833.44,39.36,0.4588,18057.62,28798.62,38164.9,49595.45,25789.63,2.9,1.175
FY2025-07,2025,Aug,7,Q3,4,WHSL,Wholesale,Girls,Sets,Original Plan,19401.03,376,51.54,389.65,19.4,0.4599,8922.84,38164.9,19162.21,807.4,419.85,7.9,0.677
FY2025-08,2025,Sep,8,Q3,5,WHSL,Wholesale,Girls,Sets,Original Plan,29101.54,565,51.54,590.39,29.1,0.4597,13378.35,19162.21,23205.07,33763.89,17557.22,3.3,1.374
FY2025-09,2025,Oct,9,Q3,4,WHSL,Wholesale,Girls,Sets,Original Plan,38247.74,742,51.54,686.48,38.25,0.4621,17672.44,23205.07,36463.2,52230.59,27159.91,2.4,1.282
FY2025-10,2025,Nov,10,Q4,4,WHSL,Wholesale,Girls,Sets,Original Plan,23558.39,457,51.54,472.73,23.56,0.4599,10835.3,36463.2,24148.95,11740.44,6105.03,6.2,0.777
FY2025-11,2025,Dec,11,Q4,5,WHSL,Wholesale,Girls,Sets,Original Plan,16629.45,323,51.54,358.13,16.63,0.4585,7624.01,24148.95,13243.41,6098.67,3171.31,7.3,0.889
FY2025-12,2025,Jan,12,Q4,4,WHSL,Wholesale,Girls,Sets,Original Plan,17460.93,339,51.54,319.89,17.46,0.4617,8061.35,13243.41,17627.21,22182.08,11534.68,3.0,1.131
FY2026-01,2026,Feb,1,Q1,4,WHSL,Wholesale,Girls,Sets,Original Plan,50692.11,983,51.54,1081.48,50.69,0.4587,23250.74,17627.21,53016.43,87213.5,45351.02,1.4,1.435
FY2026-02,2026,Mar,2,Q1,5,WHSL,Wholesale,Girls,Sets,Original Plan,42515.97,825,51.54,891.0,42.52,0.459,19516.67,53016.43,35403.34,25836.39,13434.93,6.2,0.962
FY2026-03,2026,Apr,3,Q1,4,WHSL,Wholesale,Girls,Sets,Original Plan,20276.85,393,51.54,446.7,20.28,0.458,9286.18,35403.34,20787.94,6128.43,3186.78,7.0,0.722
FY2026-04,2026,May,4,Q2,4,WHSL,Wholesale,Girls,Sets,Original Plan,17987.52,349,51.54,392.49,17.99,0.4582,8241.52,20787.94,18049.63,15659.69,8143.04,4.6,0.926
FY2026-05,2026,Jun,5,Q2,5,WHSL,Wholesale,Girls,Sets,Original Plan,44151.2,857,51.54,895.52,44.15,0.4597,20297.06,18049.63,37272.72,64313.96,33443.26,2.0,1.596
FY2026-06,2026,Jul,6,Q2,4,WHSL,Wholesale,Girls,Sets,Original Plan,46440.52,901,51.54,1040.7,46.44,0.4576,21250.75,37272.72,46660.07,56915.0,29595.8,3.2,1.107
FY2026-07,2026,Aug,7,Q3,4,WHSL,Wholesale,Girls,Sets,Original Plan,22893.21,444,51.54,495.4,22.89,0.4584,10493.34,46660.07,23509.48,260.92,135.68,8.2,0.653
FY2026-08,2026,Sep,8,Q3,5,WHSL,Wholesale,Girls,Sets,Original Plan,34339.82,666,51.54,585.76,34.34,0.4629,15897.35,23509.48,27441.1,38891.54,20223.6,3.4,1.348
FY2026-09,2026,Oct,9,Q3,4,WHSL,Wholesale,Girls,Sets,Original Plan,45132.33,876,51.54,868.44,45.13,0.4608,20795.08,27441.1,43416.93,62021.74,32251.3,2.4,1.274
FY2026-10,2026,Nov,10,Q4,4,WHSL,Wholesale,Girls,Sets,Original Plan,27798.9,539,51.54,540.4,27.8,0.4606,12803.07,43416.93,27004.61,11954.78,6216.49,6.2,0.789
FY2026-11,2026,Dec,11,Q4,5,WHSL,Wholesale,Girls,Sets,Original Plan,19622.75,381,51.54,439.31,19.62,0.4576,8979.61,27004.61,15699.86,8776.94,4564.01,6.9,0.919
FY2026-12,2026,Jan,12,Q4,4,WHSL,Wholesale,Girls,Sets,Original Plan,20603.89,400,51.54,412.62,20.6,0.46,9477.25,15699.86,20774.47,26111.72,13578.09,3.0,1.13
FY2024-01,2024,Feb,1,Q1,4,WHSL,Wholesale,Girls,Sets,Current Plan,37551.37,729,51.54,741.87,37.55,0.4602,17282.79,37183.75,37259.32,38406.36,19971.31,4.0,1.009
FY2024-02,2024,Mar,2,Q1,5,WHSL,Wholesale,Girls,Sets,Current Plan,32272.84,626,51.54,564.93,32.27,0.4625,14926.03,37259.32,24936.81,20547.54,10684.72,5.8,1.038
FY2024-03,2024,Apr,3,Q1,4,WHSL,Wholesale,Girls,Sets,Current Plan,15473.67,300,51.54,279.74,15.47,0.4619,7147.62,24936.81,16247.44,7079.52,3681.35,6.4,0.751
FY2024-04,2024,May,4,Q2,4,WHSL,Wholesale,Girls,Sets,Current Plan,13460.18,261,51.54,268.49,13.46,0.4601,6192.4,16247.44,14075.67,11570.35,6016.58,4.8,0.888
FY2024-05,2024,Jun,5,Q2,5,WHSL,Wholesale,Girls,Sets,Current Plan,34025.56,660,51.54,650.98,34.03,0.4609,15681.29,14075.67,28376.68,49011.57,25486.02,2.1,1.603
FY2024-06,2024,Jul,6,Q2,4,WHSL,Wholesale,Girls,Sets,Current Plan,35300.22,685,51.54,624.25,35.3,0.4623,16319.85,28376.68,34888.29,42471.38,22085.12,3.2,1.116
FY2024-07,2024,Aug,7,Q3,4,WHSL,Wholesale,Girls,Sets,Current Plan,17349.14,337,51.54,318.27,17.35,0.4617,8009.31,34888.29,18174.43,970.91,504.87,8.0,0.654
FY2024-08,2024,Sep,8,Q3,5,WHSL,Wholesale,Girls,Sets,Current Plan,25201.63,489,51.54,568.23,25.2,0.4575,11528.55,18174.43,20274.25,27894.88,14505.34,3.6,1.311
FY2024-09,2024,Oct,9,Q3,4,WHSL,Wholesale,Girls,Sets,Current Plan,32500.93,631,51.54,674.63,32.5,0.4592,14925.82,20274.25,32732.43,45666.24,23746.44,2.5,1.226
FY2024-10,2024,Nov,10,Q4,4,WHSL,Wholesale,Girls,Sets,Current Plan,20434.62,396,51.54,362.84,20.43,0.4622,9445.78,32732.43,20297.02,8382.49,4358.9,6.4,0.771
FY2024-11,2024,Dec,11,Q4,5,WHSL,Wholesale,Girls,Sets,Current Plan,14761.06,286,51.54,272.1,14.76,0.4616,6813.21,20297.02,11984.76,6735.67,3502.55,6.9,0.915
FY2024-12,2024,Jan,12,Q4,4,WHSL,Wholesale,Girls,Sets,Current Plan,14974.82,291,51.54,325.17,14.97,0.4583,6862.74,11984.76,14352.97,17683.17,9195.25,3.2,1.137
FY2025-01,2025,Feb,1,Q1,4,WHSL,Wholesale,Girls,Sets,Current Plan,44337.06,860,51.54,760.11,44.34,0.4629,20521.68,14352.97,46275.63,77064.16,40073.37,1.3,1.463
FY2025-02,2025,Mar,2,Q1,5,WHSL,Wholesale,Girls,Sets,Current Plan,36694.68,712,51.54,736.33,36.69,0.4599,16877.12,46275.63,29206.68,20398.75,10607.35,6.3,0.972
FY2025-03,2025,Apr,3,Q1,4,WHSL,Wholesale,Girls,Sets,Current Plan,18277.07,355,51.54,331.87,18.28,0.4618,8441.12,29206.68,17589.6,7010.13,3645.27,6.4,0.781
FY2025-04,2025,May,4,Q2,4,WHSL,Wholesale,Girls,Sets,Current Plan,15384.87,298,51.54,338.4,15.38,0.458,7046.34,17589.6,15253.02,13402.08,6969.08,4.6,0.937
FY2025-05,2025,Jun,5,Q2,5,WHSL,Wholesale,Girls,Sets,Current Plan,38899.67,755,51.54,742.27,38.9,0.4609,17929.57,15253.02,32735.55,57163.37,29724.95,2.0,1.621
FY2025-06,2025,Jul,6,Q2,4,WHSL,Wholesale,Girls,Sets,Current Plan,39277.67,762,51.54,703.53,39.28,0.4621,18149.75,32735.55,40173.82,47458.74,24678.55,3.3,1.077
FY2025-07,2025,Aug,7,Q3,4,WHSL,Wholesale,Girls,Sets,Current Plan,19737.57,383,51.54,408.43,19.74,0.4593,9065.61,40173.82,20008.08,0.0,0.0,8.1,0.656
FY2025-08,2025,Sep,8,Q3,5,WHSL,Wholesale,Girls,Sets,Current Plan,28840.67,560,51.54,599.9,28.84,0.4592,13243.62,20008.08,23987.19,33448.53,17393.24,3.5,1.311
FY2025-09,2025,Oct,9,Q3,4,WHSL,Wholesale,Girls,Sets,Current Plan,38104.25,739,51.54,803.76,38.1,0.4589,17486.28,23987.19,38239.34,53198.26,27663.1,2.5,1.225
FY2025-10,2025,Nov,10,Q4,4,WHSL,Wholesale,Girls,Sets,Current Plan,23321.75,452,51.54,466.12,23.32,0.46,10728.32,38239.34,22468.2,8040.04,4180.82,6.6,0.768
FY2025-11,2025,Dec,11,Q4,5,WHSL,Wholesale,Girls,Sets,Current Plan,17148.94,333,51.54,313.01,17.15,0.4617,7918.49,22468.2,14056.24,9067.13,4714.91,6.6,0.939
FY2025-12,2025,Jan,12,Q4,4,WHSL,Wholesale,Girls,Sets,Current Plan,17216.84,334,51.54,337.42,17.22,0.4604,7926.67,14056.24,16954.43,20469.66,10644.22,3.3,1.11
FY2026-01,2026,Feb,1,Q1,4,WHSL,Wholesale,Girls,Sets,Current Plan,53788.01,1044,51.54,1104.46,53.79,0.4595,24713.78,16954.43,51476.54,89468.38,46523.56,1.3,1.572
FY2026-02,2026,Mar,2,Q1,5,WHSL,Wholesale,Girls,Sets,Current Plan,43763.43,849,51.54,826.39,43.76,0.4611,20180.05,51476.54,35648.37,28805.41,14978.82,5.9,1.005
FY2026-03,2026,Apr,3,Q1,4,WHSL,Wholesale,Girls,Sets,Current Plan,20689.58,401,51.54,409.51,20.69,0.4602,9521.49,35648.37,21212.04,6683.45,3475.4,6.9,0.728
FY2026-04,2026,May,4,Q2,4,WHSL,Wholesale,Girls,Sets,Current Plan,18810.37,365,51.54,430.12,18.81,0.4571,8598.85,21212.04,18154.91,16202.17,8425.13,4.5,0.956
FY2026-05,2026,Jun,5,Q2,5,WHSL,Wholesale,Girls,Sets,Current Plan,46129.17,895,51.54,818.63,46.13,0.4623,21323.37,18154.91,37214.12,66053.15,34347.64,2.0,1.666
FY2026-06,2026,Jul,6,Q2,4,WHSL,Wholesale,Girls,Sets,Current Plan,48883.2,948,51.54,986.6,48.88,0.4598,22477.34,37214.12,49586.52,62291.09,32391.37,3.0,1.126
FY2026-07,2026,Aug,7,Q3,4,WHSL,Wholesale,Girls,Sets,Current Plan,23557.19,457,51.54,526.1,23.56,0.4577,10781.36,49586.52,25479.68,0.0,0.0,8.4,0.628
FY2026-08,2026,Sep,8,Q3,5,WHSL,Wholesale,Girls,Sets,Current Plan,35975.77,698,51.54,620.9,35.98,0.4627,16647.47,25479.68,27152.31,38305.28,19918.75,3.5,1.367
FY2026-09,2026,Oct,9,Q3,4,WHSL,Wholesale,Girls,Sets,Current Plan,46606.7,904,51.54,931.11,46.61,0.46,21440.11,27152.31,48197.27,68629.37,35687.27,2.3,1.237
FY2026-10,2026,Nov,10,Q4,4,WHSL,Wholesale,Girls,Sets,Current Plan,28967.13,562,51.54,631.89,28.97,0.4582,13272.33,48197.27,28037.39,9468.1,4923.41,6.7,0.76
FY2026-11,2026,Dec,11,Q4,5,WHSL,Wholesale,Girls,Sets,Current Plan,20107.71,390,51.54,384.23,20.11,0.4609,9267.47,28037.39,16242.37,8717.04,4532.86,7.0,0.908
FY2026-12,2026,Jan,12,Q4,4,WHSL,Wholesale,Girls,Sets,Current Plan,21376.82,415,51.54,466.63,21.38,0.4582,9794.25,16242.37,20831.21,26453.66,13755.91,3.0,1.153
FY2024-01,2024,Feb,1,Q1,4,ECOM,Ecommerce,Girls,Sleepwear,Original Plan,57640.84,1211,47.62,6821.31,230.56,0.5217,30068.83,172341.69,168346.38,60697.4,21851.06,12.0,0.338
FY2024-02,2024,Mar,2,Q1,5,ECOM,Ecommerce,Girls,Sleepwear,Original Plan,82566.61,1734,47.62,12321.34,330.27,0.4908,40521.29,168346.38,187905.2,114777.03,41319.73,10.2,0.464
FY2024-03,2024,Apr,3,Q1,4,ECOM,Ecommerce,Girls,Sleepwear,Original Plan,91913.77,1930,47.62,11538.86,367.66,0.5145,47285.95,187905.2,265148.92,181064.01,65183.04,8.2,0.406
FY2024-04,2024,May,4,Q2,4,ECOM,Ecommerce,Girls,Sleepwear,Original Plan,84903.4,1783,47.62,12908.49,339.61,0.488,41429.69,265148.92,255798.1,88800.68,31968.24,12.5,0.326
FY2024-05,2024,Jun,5,Q2,5,ECOM,Ecommerce,Girls,Sleepwear,Original Plan,77114.09,1619,47.62,9028.24,308.46,0.5229,40324.78,255798.1,172680.32,3333.0,1199.88,16.6,0.36
FY2024-06,2024,Jul,6,Q2,4,ECOM,Ecommerce,Girls,Sleepwear,Original Plan,65430.14,1374,47.62,9459.35,261.72,0.4954,32415.94,172680.32,197974.33,100445.22,36160.28,10.6,0.353
FY2024-07,2024,Aug,7,Q3,4,ECOM,Ecommerce,Girls,Sleepwear,Original Plan,68545.86,1440,47.62,9961.86,274.18,0.4947,33907.5,197974.33,188103.52,68911.09,24807.99,11.6,0.355
FY2024-08,2024,Sep,8,Q3,5,ECOM,Ecommerce,Girls,Sleepwear,Original Plan,73998.37,1554,47.62,9629.55,295.99,0.5099,37729.41,188103.52,166850.72,62671.12,22561.6,12.7,0.417
FY2024-09,2024,Oct,9,Q3,4,ECOM,Ecommerce,Girls,Sleepwear,Original Plan,77893.02,1636,47.62,9057.77,311.57,0.5237,40793.76,166850.72,218052.3,138463.95,49847.02,8.6,0.405
FY2024-10,2024,Nov,10,Q4,4,ECOM,Ecommerce,Girls,Sleepwear,Original Plan,112165.96,2356,47.62,13566.35,448.66,0.5191,58219.87,218052.3,337321.27,245449.93,88361.98,7.8,0.404
FY2024-11,2024,Dec,11,Q4,5,ECOM,Ecommerce,Girls,Sleepwear,Original Plan,121513.12,2552,47.62,17701.92,486.05,0.4943,60066.47,337321.27,289061.94,91441.76,32919.03,13.9,0.388
FY2024-12,2024,Jan,12,Q4,4,ECOM,Ecommerce,Girls,Sleepwear,Original Plan,49072.61,1031,47.62,6229.77,196.29,0.513,25176.69,289061.94,233563.27,0.0,0.0,23.6,0.188
FY2025-01,2025,Feb,1,Q1,4,ECOM,Ecommerce,Girls,Sleepwear,Original Plan,65710.56,1380,47.62,8845.08,262.84,0.5054,33209.67,233563.27,183806.95,25062.16,9022.38,14.2,0.315
FY2025-02,2025,Mar,2,Q1,5,ECOM,Ecommerce,Girls,Sleepwear,Original Plan,94125.93,1977,47.62,11375.05,376.5,0.5192,48865.55,183806.95,216124.48,138195.02,49750.21,9.8,0.471
FY2025-03,2025,Apr,3,Q1,4,ECOM,Ecommerce,Girls,Sleepwear,Original Plan,104781.7,2200,47.62,13085.99,419.13,0.5151,53974.3,216124.48,306094.72,208257.05,74972.54,8.3,0.401
FY2025-04,2025,May,4,Q2,4,ECOM,Ecommerce,Girls,Sleepwear,Original Plan,96789.87,2033,47.62,14704.65,387.16,0.4881,47240.87,306094.72,279155.21,84942.18,30579.18,12.6,0.331
FY2025-05,2025,Jun,5,Q2,5,ECOM,Ecommerce,Girls,Sleepwear,Original Plan,87910.07,1846,47.62,11676.1,351.64,0.5072,44586.34,279155.21,194326.14,15108.74,5439.15,15.9,0.371
FY2025-06,2025,Jul,6,Q2,4,ECOM,Ecommerce,Girls,Sleepwear,Original Plan,74590.36,1566,47.62,11038.16,298.36,0.492,36699.67,194326.14,225240.43,116841.18,42062.82,10.4,0.356
FY2025-07,2025,Aug,7,Q3,4,ECOM,Ecommerce,Girls,Sleepwear,Original Plan,78142.28,1641,47.62,11070.75,312.57,0.4983,38940.31,225240.43,217643.49,81928.66,29494.32,11.5,0.353
FY2025-08,2025,Sep,8,Q3,5,ECOM,Ecommerce,Girls,Sleepwear,Original Plan,84358.15,1772,47.62,11501.26,337.43,0.5037,42487.95,217643.49,183979.41,62532.76,22511.79,12.9,0.42
FY2025-09,2025,Oct,9,Q3,4,ECOM,Ecommerce,Girls,Sleepwear,Original Plan,88798.05,1865,47.62,13021.73,355.19,0.4934,43809.02,183979.41,249553.04,167748.6,60389.5,8.3,0.41
FY2025-10,2025,Nov,10,Q4,4,ECOM,Ecommerce,Girls,Sleepwear,Original Plan,127869.19,2685,47.62,16128.38,511.48,0.5139,65707.9,249553.04,347414.23,242370.24,87253.29,7.8,0.428
FY2025-11,2025,Dec,11,Q4,5,ECOM,Ecommerce,Girls,Sleepwear,Original Plan,138524.96,2909,47.62,16984.99,554.1,0.5174,71670.99,347414.23,323582.25,132232.06,47603.54,12.5,0.413
FY2025-12,2025,Jan,12,Q4,4,ECOM,Ecommerce,Girls,Sleepwear,Original Plan,55942.77,1175,47.62,8167.21,223.77,0.494,27636.17,323582.25,259248.5,0.0,0.0,23.1,0.192
FY2026-01,2026,Feb,1,Q1,4,ECOM,Ecommerce,Girls,Sleepwear,Original Plan,77538.46,1628,47.62,11442.03,310.15,0.4924,38182.58,259248.5,223668.55,53710.68,19335.85,13.4,0.321
FY2026-02,2026,Mar,2,Q1,5,ECOM,Ecommerce,Girls,Sleepwear,Original Plan,111068.6,2333,47.62,14068.7,444.27,0.5133,57015.21,223668.55,266688.12,168601.14,60696.41,10.1,0.453
FY2026-03,2026,Apr,3,Q1,4,ECOM,Ecommerce,Girls,Sleepwear,Original Plan,123642.4,2597,47.62,14686.16,494.57,0.5212,64444.97,266688.12,348063.25,220198.27,79271.38,8.6,0.402
FY2026-04,2026,May,4,Q2,4,ECOM,Ecommerce,Girls,Sleepwear,Original Plan,114212.05,2399,47.62,16440.81,456.85,0.4961,56654.9,348063.25,340062.12,123108.57,44319.08,12.2,0.332
FY2026-05,2026,Jun,5,Q2,5,ECOM,Ecommerce,Girls,Sleepwear,Original Plan,103733.88,2178,47.62,12255.03,414.94,0.5219,54134.65,340062.12,239135.13,15476.87,5571.67,16.4,0.358
FY2026-06,2026,Jul,6,Q2,4,ECOM,Ecommerce,Girls,Sleepwear,Original Plan,88016.63,1848,47.62,13617.72,352.07,0.4853,42712.92,239135.13,264301.23,127152.51,45774.9,10.9,0.35
FY2026-07,2026,Aug,7,Q3,4,ECOM,Ecommerce,Girls,Sleepwear,Original Plan,92207.89,1936,47.62,11761.58,368.83,0.5124,47251.47,264301.23,249812.34,89849.41,32345.79,11.5,0.359
FY2026-08,2026,Sep,8,Q3,5,ECOM,Ecommerce,Girls,Sleepwear,Original Plan,99542.61,2090,47.62,11792.75,398.17,0.5215,51914.52,249812.34,224369.83,86291.02,31064.77,12.5,0.42
FY2026-09,2026,Oct,9,Q3,4,ECOM,Ecommerce,Girls,Sleepwear,Original Plan,104781.7,2200,47.62,13374.63,419.13,0.5124,53685.66,224369.83,296491.98,190697.6,68651.14,8.6,0.402
FY2026-10,2026,Nov,10,Q4,4,ECOM,Ecommerce,Girls,Sleepwear,Original Plan,150885.64,3169,47.62,21901.83,603.54,0.4948,74664.99,296491.98,429716.87,306615.91,110381.73,7.9,0.416
FY2026-11,2026,Dec,11,Q4,5,ECOM,Ecommerce,Girls,Sleepwear,Original Plan,163459.45,3433,47.62,24457.81,653.84,0.4904,80156.24,429716.87,373863.76,132717.98,47778.47,13.1,0.407
FY2026-12,2026,Jan,12,Q4,4,ECOM,Ecommerce,Girls,Sleepwear,Original Plan,66012.47,1386,47.62,9333.79,264.05,0.4986,32914.19,373863.76,298253.46,0.0,0.0,22.7,0.196
FY2024-01,2024,Feb,1,Q1,4,ECOM,Ecommerce,Girls,Sleepwear,Current Plan,59995.13,1260,47.62,7822.93,239.98,0.5096,30573.96,171640.28,175244.85,71662.6,25798.54,11.4,0.346
FY2024-02,2024,Mar,2,Q1,5,ECOM,Ecommerce,Girls,Sleepwear,Current Plan,83929.22,1763,47.62,12505.95,335.72,0.491,41208.76,175244.85,188172.0,109698.04,39491.29,10.4,0.462
FY2024-03,2024,Apr,3,Q1,4,ECOM,Ecommerce,Girls,Sleepwear,Current Plan,95032.12,1996,47.62,13867.17,380.13,0.4941,46953.39,188172.0,277968.73,199076.15,71667.41,7.9,0.408
FY2024-04,2024,May,4,Q2,4,ECOM,Ecommerce,Girls,Sleepwear,Current Plan,84969.62,1784,47.62,12003.73,339.88,0.4987,42376.83,277968.73,236093.39,55437.89,19957.64,13.1,0.331
FY2024-05,2024,Jun,5,Q2,5,ECOM,Ecommerce,Girls,Sleepwear,Current Plan,80159.0,1683,47.62,11642.11,320.64,0.4948,39659.64,236093.39,182265.95,38294.31,13785.95,14.7,0.383
FY2024-06,2024,Jul,6,Q2,4,ECOM,Ecommerce,Girls,Sleepwear,Current Plan,64351.23,1351,47.62,9044.74,257.4,0.4994,32140.05,182265.95,189477.95,80865.38,29111.54,11.3,0.346
FY2024-07,2024,Aug,7,Q3,4,ECOM,Ecommerce,Girls,Sleepwear,Current Plan,69632.57,1462,47.62,8151.05,278.53,0.5229,36413.8,189477.95,210351.13,98935.32,35616.72,10.9,0.348
FY2024-08,2024,Sep,8,Q3,5,ECOM,Ecommerce,Girls,Sleepwear,Current Plan,73572.54,1545,47.62,10446.67,294.29,0.498,36639.76,210351.13,171656.25,45618.61,16422.7,14.3,0.385
FY2024-09,2024,Oct,9,Q3,4,ECOM,Ecommerce,Girls,Sleepwear,Current Plan,81329.91,1708,47.62,10595.92,325.32,0.5097,41455.22,171656.25,243955.64,164550.54,59238.2,8.4,0.391
FY2024-10,2024,Nov,10,Q4,4,ECOM,Ecommerce,Girls,Sleepwear,Current Plan,111821.44,2348,47.62,15565.01,447.29,0.5008,56000.71,243955.64,322571.61,206449.71,74321.89,8.7,0.395
FY2024-11,2024,Dec,11,Q4,5,ECOM,Ecommerce,Girls,Sleepwear,Current Plan,121152.99,2544,47.62,17113.73,484.61,0.4987,60424.18,322571.61,283490.77,99670.49,35881.38,13.3,0.4
FY2024-12,2024,Jan,12,Q4,4,ECOM,Ecommerce,Girls,Sleepwear,Current Plan,49035.68,1030,47.62,7273.75,196.14,0.4917,24109.08,283490.77,226985.19,0.0,0.0,23.1,0.192
FY2025-01,2025,Feb,1,Q1,4,ECOM,Ecommerce,Girls,Sleepwear,Current Plan,66240.08,1391,47.62,7950.54,264.96,0.52,34443.11,226985.19,187649.69,35120.08,12643.23,13.7,0.32
FY2025-02,2025,Mar,2,Q1,5,ECOM,Ecommerce,Girls,Sleepwear,Current Plan,93191.74,1957,47.62,11961.74,372.77,0.5116,47680.97,187649.69,202196.79,120073.34,43226.4,10.1,0.478
FY2025-03,2025,Apr,3,Q1,4,ECOM,Ecommerce,Girls,Sleepwear,Current Plan,105266.36,2211,47.62,15571.5,421.07,0.4921,51798.97,202196.79,311121.75,230183.89,82866.2,7.7,0.41
FY2025-04,2025,May,4,Q2,4,ECOM,Ecommerce,Girls,Sleepwear,Current Plan,97375.32,2045,47.62,13078.96,389.5,0.5057,49241.25,311121.75,271410.38,71132.41,25607.67,12.8,0.334
FY2025-05,2025,Jun,5,Q2,5,ECOM,Ecommerce,Girls,Sleepwear,Current Plan,89794.77,1886,47.62,11681.06,359.18,0.5099,45787.59,271410.38,202064.69,32489.32,11696.15,15.1,0.379
FY2025-06,2025,Jul,6,Q2,4,ECOM,Ecommerce,Girls,Sleepwear,Current Plan,75096.83,1577,47.62,11564.53,300.39,0.486,36497.44,202064.69,212587.16,97484.23,35094.32,10.8,0.362
FY2025-07,2025,Aug,7,Q3,4,ECOM,Ecommerce,Girls,Sleepwear,Current Plan,78554.01,1650,47.62,10892.27,314.22,0.5013,39382.29,212587.16,238694.65,115867.99,41712.48,10.8,0.348
FY2025-08,2025,Sep,8,Q3,5,ECOM,Ecommerce,Girls,Sleepwear,Current Plan,84228.44,1769,47.62,11316.76,336.91,0.5056,42589.44,238694.65,193065.86,50253.32,18091.19,14.2,0.39
FY2025-09,2025,Oct,9,Q3,4,ECOM,Ecommerce,Girls,Sleepwear,Current Plan,89827.36,1886,47.62,11995.44,359.31,0.5065,45494.07,193065.86,251039.64,160155.89,57656.12,8.6,0.405
FY2025-10,2025,Nov,10,Q4,4,ECOM,Ecommerce,Girls,Sleepwear,Current Plan,130996.92,2751,47.62,19833.68,523.99,0.4886,64004.34,251039.64,384712.29,285027.25,102609.81,7.7,0.412
FY2025-11,2025,Dec,11,Q4,5,ECOM,Ecommerce,Girls,Sleepwear,Current Plan,138216.86,2903,47.62,20646.76,552.87,0.4906,67812.03,384712.29,321835.47,96539.66,34754.28,13.9,0.391
FY2025-12,2025,Jan,12,Q4,4,ECOM,Ecommerce,Girls,Sleepwear,Current Plan,57691.77,1212,47.62,8410.29,230.77,0.4942,28512.44,321835.47,255502.65,0.0,0.0,22.3,0.2
FY2026-01,2026,Feb,1,Q1,4,ECOM,Ecommerce,Girls,Sleepwear,Current Plan,77383.13,1625,47.62,9139.82,309.53,0.5219,40385.38,255502.65,210647.98,41977.81,15112.01,13.2,0.332
FY2026-02,2026,Mar,2,Q1,5,ECOM,Ecommerce,Girls,Sleepwear,Current Plan,108594.12,2281,47.62,13967.4,434.38,0.5114,55532.84,210647.98,257327.7,169675.62,61083.22,9.7,0.464
FY2026-03,2026,Apr,3,Q1,4,ECOM,Ecommerce,Girls,Sleepwear,Current Plan,124139.94,2607,47.62,17477.73,496.56,0.4992,61971.83,257327.7,336816.19,221602.72,79776.98,8.3,0.418
FY2026-04,2026,May,4,Q2,4,ECOM,Ecommerce,Girls,Sleepwear,Current Plan,110613.77,2323,47.62,12772.27,442.46,0.5245,58020.54,336816.19,299047.54,86059.85,30981.55,12.2,0.348
FY2026-05,2026,Jun,5,Q2,5,ECOM,Ecommerce,Girls,Sleepwear,Current Plan,101877.22,2140,47.62,12407.43,407.51,0.5182,52793.99,299047.54,248354.5,63999.12,23039.68,14.7,0.372
FY2026-06,2026,Jul,6,Q2,4,ECOM,Ecommerce,Girls,Sleepwear,Current Plan,87486.69,1837,47.62,13545.56,349.95,0.4852,42445.92,248354.5,250494.78,103522.47,37268.09,11.4,0.351
FY2026-07,2026,Aug,7,Q3,4,ECOM,Ecommerce,Girls,Sleepwear,Current Plan,90389.53,1898,47.62,10593.88,361.56,0.5228,47255.42,250494.78,251767.45,102617.64,36942.35,11.1,0.36
FY2026-08,2026,Sep,8,Q3,5,ECOM,Ecommerce,Girls,Sleepwear,Current Plan,96030.89,2017,47.62,11615.56,384.12,0.519,49844.2,251767.45,221369.76,77632.88,27947.84,13.1,0.406
FY2026-09,2026,Oct,9,Q3,4,ECOM,Ecommerce,Girls,Sleepwear,Current Plan,103318.48,2170,47.62,12618.16,413.27,0.5179,53505.67,221369.76,292883.46,187863.62,67630.9,8.6,0.402
FY2026-10,2026,Nov,10,Q4,4,ECOM,Ecommerce,Girls,Sleepwear,Current Plan,147825.53,3104,47.62,22019.22,591.3,0.491,72589.12,292883.46,441105.71,318658.3,114716.99,7.9,0.403
FY2026-11,2026,Dec,11,Q4,5,ECOM,Ecommerce,Girls,Sleepwear,Current Plan,158870.84,3336,47.62,19461.21,635.48,0.5175,82216.12,441105.71,349436.67,87298.5,31427.46,13.9,0.402
FY2026-12,2026,Jan,12,Q4,4,ECOM,Ecommerce,Girls,Sleepwear,Current Plan,64246.05,1349,47.62,8389.68,256.98,0.5094,32727.79,349436.67,276543.95,0.0,0.0,21.8,0.205
FY2024-01,2024,Feb,1,Q1,4,STORE,Retail Stores,Girls,Sleepwear,Original Plan,26200.38,550,47.62,3031.88,235.8,0.5243,13736.36,76495.6,74656.62,27629.09,9946.47,11.7,0.347
FY2024-02,2024,Mar,2,Q1,5,STORE,Retail Stores,Girls,Sleepwear,Original Plan,37530.28,788,47.62,3741.91,337.77,0.5403,20277.47,74656.62,85163.29,52116.63,18761.99,9.9,0.47
FY2024-03,2024,Apr,3,Q1,4,STORE,Retail Stores,Girls,Sleepwear,Original Plan,41778.99,877,47.62,4677.55,376.01,0.528,22061.0,85163.29,126402.02,88071.29,31705.66,8.2,0.395
FY2024-04,2024,May,4,Q2,4,STORE,Retail Stores,Girls,Sleepwear,Original Plan,38592.45,810,47.62,3641.58,347.33,0.5456,21057.59,126402.02,114532.73,30712.07,11056.35,13.1,0.32
FY2024-05,2024,Jun,5,Q2,5,STORE,Retail Stores,Girls,Sleepwear,Original Plan,35051.86,736,47.62,3994.82,315.47,0.526,18438.37,114532.73,82986.61,7816.03,2813.77,16.3,0.355
FY2024-06,2024,Jul,6,Q2,4,STORE,Retail Stores,Girls,Sleepwear,Original Plan,29740.97,625,47.62,2669.44,267.67,0.5502,16364.78,82986.61,82150.49,31841.95,11463.1,11.2,0.36
FY2024-07,2024,Aug,7,Q3,4,STORE,Retail Stores,Girls,Sleepwear,Original Plan,31157.21,654,47.62,3178.29,280.41,0.538,16762.33,82150.49,88222.88,40688.31,14647.79,10.5,0.366
FY2024-08,2024,Sep,8,Q3,5,STORE,Retail Stores,Girls,Sleepwear,Original Plan,33635.62,706,47.62,3345.2,302.72,0.5405,18181.6,88222.88,80087.91,29148.58,10493.49,13.1,0.4
FY2024-09,2024,Oct,9,Q3,4,STORE,Retail Stores,Girls,Sleepwear,Original Plan,35405.92,744,47.62,3830.74,318.65,0.5318,18829.05,80087.91,102102.95,61570.35,22165.33,9.0,0.389
FY2024-10,2024,Nov,10,Q4,4,STORE,Retail Stores,Girls,Sleepwear,Original Plan,50984.53,1071,47.62,4780.73,458.86,0.5462,27849.37,102102.95,154824.96,108946.13,39220.61,8.0,0.397
FY2024-11,2024,Dec,11,Q4,5,STORE,Retail Stores,Girls,Sleepwear,Original Plan,55233.24,1160,47.62,5471.91,497.1,0.5409,29877.36,154824.96,128289.42,34666.71,12480.02,14.0,0.39
FY2024-12,2024,Jan,12,Q4,4,STORE,Retail Stores,Girls,Sleepwear,Original Plan,22305.73,468,47.62,2049.56,200.75,0.5481,12226.11,128289.42,103733.39,0.0,0.0,23.0,0.192
FY2025-01,2025,Feb,1,Q1,4,STORE,Retail Stores,Girls,Sleepwear,Original Plan,29868.43,627,47.62,3238.47,268.82,0.5316,15877.33,103733.39,85291.36,14933.7,5376.13,13.9,0.316
FY2025-02,2025,Mar,2,Q1,5,STORE,Retail Stores,Girls,Sleepwear,Original Plan,42784.51,899,47.62,5084.5,385.06,0.5212,22297.59,85291.36,103382.77,66345.48,23884.37,10.0,0.454
FY2025-03,2025,Apr,3,Q1,4,STORE,Retail Stores,Girls,Sleepwear,Original Plan,47628.04,1000,47.62,5538.59,428.65,0.5237,24943.36,103382.77,142857.25,93069.76,33505.11,8.7,0.387
FY2025-04,2025,May,4,Q2,4,STORE,Retail Stores,Girls,Sleepwear,Original Plan,43995.4,924,47.62,4513.86,395.96,0.5374,23643.19,142857.25,126784.5,32832.47,11819.69,13.0,0.326
FY2025-05,2025,Jun,5,Q2,5,STORE,Retail Stores,Girls,Sleepwear,Original Plan,39959.12,839,47.62,4429.06,359.63,0.5292,21144.78,126784.5,89587.55,7550.87,2718.31,15.9,0.369
FY2025-06,2025,Jul,6,Q2,4,STORE,Retail Stores,Girls,Sleepwear,Original Plan,33904.71,712,47.62,3305.46,305.14,0.5425,18393.55,89587.55,95200.16,43127.91,15526.05,10.6,0.367
FY2025-07,2025,Aug,7,Q3,4,STORE,Retail Stores,Girls,Sleepwear,Original Plan,35519.22,746,47.62,3693.89,319.67,0.536,19038.41,95200.16,104976.87,49309.49,17751.42,10.7,0.355
FY2025-08,2025,Sep,8,Q3,5,STORE,Retail Stores,Girls,Sleepwear,Original Plan,38344.61,805,47.62,4034.22,345.1,0.5348,20506.33,104976.87,88394.75,26141.82,9411.06,13.7,0.397
FY2025-09,2025,Oct,9,Q3,4,STORE,Retail Stores,Girls,Sleepwear,Original Plan,40362.75,848,47.62,4262.48,363.26,0.5344,21569.68,88394.75,110122.85,66716.6,24017.98,8.8,0.407
FY2025-10,2025,Nov,10,Q4,4,STORE,Retail Stores,Girls,Sleepwear,Original Plan,58122.36,1221,47.62,6141.9,523.1,0.5343,31056.41,110122.85,158066.55,112731.05,40583.18,7.6,0.433
FY2025-11,2025,Dec,11,Q4,5,STORE,Retail Stores,Girls,Sleepwear,Original Plan,62965.89,1322,47.62,6197.97,566.69,0.5416,34100.2,158066.55,147185.5,58849.51,21185.82,12.6,0.413
FY2025-12,2025,Jan,12,Q4,4,STORE,Retail Stores,Girls,Sleepwear,Original Plan,25428.53,534,47.62,3062.03,228.86,0.5196,13212.23,147185.5,118466.08,0.0,0.0,23.2,0.191
FY2026-01,2026,Feb,1,Q1,4,STORE,Retail Stores,Girls,Sleepwear,Original Plan,35244.75,740,47.62,3890.73,317.2,0.5296,18665.91,118466.08,101239.27,22225.88,8001.32,13.4,0.321
FY2026-02,2026,Mar,2,Q1,5,STORE,Retail Stores,Girls,Sleepwear,Original Plan,50485.73,1060,47.62,5486.47,454.37,0.5313,26824.39,101239.27,109196.3,64383.6,23178.09,10.0,0.48
FY2026-03,2026,Apr,3,Q1,4,STORE,Retail Stores,Girls,Sleepwear,Original Plan,56201.09,1180,47.62,5732.89,505.81,0.538,30235.81,109196.3,158851.72,112095.21,40354.28,7.8,0.419
FY2026-04,2026,May,4,Q2,4,STORE,Retail Stores,Girls,Sleepwear,Original Plan,51914.57,1090,47.62,5073.53,467.23,0.5423,28151.79,158851.72,154873.89,53477.5,19251.9,12.2,0.331
FY2026-05,2026,Jun,5,Q2,5,STORE,Retail Stores,Girls,Sleepwear,Original Plan,47151.76,990,47.62,4308.04,424.37,0.5486,25869.09,154873.89,109612.71,6622.98,2384.27,16.4,0.357
FY2026-06,2026,Jul,6,Q2,4,STORE,Retail Stores,Girls,Sleepwear,Original Plan,40007.56,840,47.62,4808.76,360.07,0.5198,20796.08,109612.71,112586.49,48150.17,17334.06,11.0,0.36
FY2026-07,2026,Aug,7,Q3,4,STORE,Retail Stores,Girls,Sleepwear,Original Plan,41912.68,880,47.62,4050.37,377.21,0.5434,22773.75,112586.49,127632.8,61386.57,22099.17,10.7,0.349
FY2026-08,2026,Sep,8,Q3,5,STORE,Retail Stores,Girls,Sleepwear,Original Plan,45246.64,950,47.62,5017.66,407.22,0.5291,23940.19,127632.8,98706.23,21744.95,7828.18,14.1,0.4
FY2026-09,2026,Oct,9,Q3,4,STORE,Retail Stores,Girls,Sleepwear,Original Plan,47628.04,1000,47.62,5501.99,428.65,0.5245,24979.96,98706.23,133502.89,88355.35,31807.92,8.3,0.41
FY2026-10,2026,Nov,10,Q4,4,STORE,Retail Stores,Girls,Sleepwear,Original Plan,68584.38,1440,47.62,6553.13,617.26,0.5445,37340.88,133502.89,193579.35,135831.24,48899.25,7.8,0.419
FY2026-11,2026,Dec,11,Q4,5,STORE,Retail Stores,Girls,Sleepwear,Original Plan,74299.75,1560,47.62,8165.87,668.7,0.5301,39385.97,193579.35,180394.81,69949.77,25181.92,13.0,0.397
FY2026-12,2026,Jan,12,Q4,4,STORE,Retail Stores,Girls,Sleepwear,Original Plan,30005.67,630,47.62,2767.4,270.05,0.5478,16436.23,180394.81,147351.69,0.0,0.0,24.0,0.183
FY2024-01,2024,Feb,1,Q1,4,STORE,Retail Stores,Girls,Sleepwear,Current Plan,26487.93,556,47.62,3119.38,238.39,0.5222,13832.89,78383.09,76009.59,27472.2,9889.99,11.8,0.343
FY2024-02,2024,Mar,2,Q1,5,STORE,Retail Stores,Girls,Sleepwear,Current Plan,38436.91,807,47.62,4318.29,345.93,0.5277,20281.33,76009.59,86191.16,53282.71,19181.78,9.9,0.474
FY2024-03,2024,Apr,3,Q1,4,STORE,Retail Stores,Girls,Sleepwear,Current Plan,43193.4,907,47.62,4275.69,388.74,0.541,23368.08,86191.16,122186.95,83853.63,30187.31,8.0,0.415
FY2024-04,2024,May,4,Q2,4,STORE,Retail Stores,Girls,Sleepwear,Current Plan,37881.14,796,47.62,4404.24,340.93,0.5237,19839.69,122186.95,109642.58,30081.95,10829.5,12.9,0.327
FY2024-05,2024,Jun,5,Q2,5,STORE,Retail Stores,Girls,Sleepwear,Current Plan,36159.91,759,47.62,4031.2,325.44,0.5285,19111.14,109642.58,87823.5,18697.46,6731.09,15.2,0.366
FY2024-06,2024,Jul,6,Q2,4,STORE,Retail Stores,Girls,Sleepwear,Current Plan,30316.41,637,47.62,2751.81,272.85,0.5492,16650.7,87823.5,84259.6,29777.16,10719.78,11.6,0.352
FY2024-07,2024,Aug,7,Q3,4,STORE,Retail Stores,Girls,Sleepwear,Current Plan,32163.89,675,47.62,3861.51,289.47,0.5199,16723.38,84259.6,92647.31,44702.57,16092.93,10.5,0.364
FY2024-08,2024,Sep,8,Q3,5,STORE,Retail Stores,Girls,Sleepwear,Current Plan,35913.25,754,47.62,4084.2,323.22,0.5263,18900.28,92647.31,78112.37,25785.73,9282.86,12.9,0.421
FY2024-09,2024,Oct,9,Q3,4,STORE,Retail Stores,Girls,Sleepwear,Current Plan,34887.0,733,47.62,3379.6,313.98,0.5431,18948.08,78112.37,102841.76,63309.97,22791.59,9.0,0.386
FY2024-10,2024,Nov,10,Q4,4,STORE,Retail Stores,Girls,Sleepwear,Current Plan,52403.21,1101,47.62,5299.51,471.63,0.5389,28238.54,102841.76,143580.43,98913.01,35608.68,7.9,0.425
FY2024-11,2024,Dec,11,Q4,5,STORE,Retail Stores,Girls,Sleepwear,Current Plan,56084.73,1178,47.62,6463.93,504.76,0.5247,29430.3,143580.43,135066.51,54539.51,19634.23,12.8,0.403
FY2024-12,2024,Jan,12,Q4,4,STORE,Retail Stores,Girls,Sleepwear,Current Plan,22304.86,468,47.62,2086.64,200.74,0.5464,12188.47,135066.51,110474.27,0.0,0.0,24.2,0.182
FY2025-01,2025,Feb,1,Q1,4,STORE,Retail Stores,Girls,Sleepwear,Current Plan,31316.13,658,47.62,2796.81,281.85,0.5507,17245.52,110474.27,88646.41,12566.93,4524.1,14.1,0.315
FY2025-02,2025,Mar,2,Q1,5,STORE,Retail Stores,Girls,Sleepwear,Current Plan,42498.89,893,47.62,4357.42,382.49,0.5375,22841.86,88646.41,100266.73,58859.12,21189.28,10.4,0.45
FY2025-03,2025,Apr,3,Q1,4,STORE,Retail Stores,Girls,Sleepwear,Current Plan,47531.65,998,47.62,4244.03,427.78,0.5507,26176.22,100266.73,144279.73,96216.46,34637.93,8.4,0.389
FY2025-04,2025,May,4,Q2,4,STORE,Retail Stores,Girls,Sleepwear,Current Plan,45419.41,954,47.62,4725.19,408.77,0.536,24343.24,144279.73,136230.94,42504.58,15301.65,12.7,0.324
FY2025-05,2025,Jun,5,Q2,5,STORE,Retail Stores,Girls,Sleepwear,Current Plan,40983.66,861,47.62,4465.57,368.85,0.531,21763.97,136230.94,90412.86,0.0,0.0,16.6,0.362
FY2025-06,2025,Jul,6,Q2,4,STORE,Retail Stores,Girls,Sleepwear,Current Plan,34303.12,720,47.62,3082.98,308.73,0.5501,18871.01,90412.86,95282.21,42564.18,15323.11,10.5,0.369
FY2025-07,2025,Aug,7,Q3,4,STORE,Retail Stores,Girls,Sleepwear,Current Plan,37226.73,782,47.62,4257.4,335.04,0.5256,19567.7,95282.21,106987.19,53524.14,19268.69,10.2,0.368
FY2025-08,2025,Sep,8,Q3,5,STORE,Retail Stores,Girls,Sleepwear,Current Plan,38817.55,815,47.62,4218.71,349.36,0.5313,20624.52,106987.19,92326.72,28725.14,10341.05,13.8,0.39
FY2025-09,2025,Oct,9,Q3,4,STORE,Retail Stores,Girls,Sleepwear,Current Plan,40292.31,846,47.62,3696.81,362.63,0.5483,22090.26,92326.72,120439.7,72464.73,26087.3,9.2,0.379
FY2025-10,2025,Nov,10,Q4,4,STORE,Retail Stores,Girls,Sleepwear,Current Plan,58102.56,1220,47.62,6067.55,522.92,0.5356,31118.09,120439.7,166364.64,110617.97,39822.47,8.3,0.405
FY2025-11,2025,Dec,11,Q4,5,STORE,Retail Stores,Girls,Sleepwear,Current Plan,64298.32,1350,47.62,6706.21,578.68,0.5357,34444.71,166364.64,152518.82,57737.4,20785.46,12.9,0.403
FY2025-12,2025,Jan,12,Q4,4,STORE,Retail Stores,Girls,Sleepwear,Current Plan,25520.59,536,47.62,2782.2,229.69,0.531,13550.98,152518.82,123986.35,0.0,0.0,23.9,0.185
FY2026-01,2026,Feb,1,Q1,4,STORE,Retail Stores,Girls,Sleepwear,Current Plan,34427.99,723,47.62,4135.31,309.85,0.5199,17898.6,123986.35,96066.34,10953.14,3943.13,14.4,0.313
FY2026-02,2026,Mar,2,Q1,5,STORE,Retail Stores,Girls,Sleepwear,Current Plan,50085.53,1052,47.62,5326.31,450.77,0.5337,26728.43,96066.34,112170.37,71966.65,25907.99,9.6,0.481
FY2026-03,2026,Apr,3,Q1,4,STORE,Retail Stores,Girls,Sleepwear,Current Plan,54864.01,1152,47.62,5581.26,493.78,0.5383,29531.7,112170.37,155227.55,103996.23,37438.64,8.2,0.41
FY2026-04,2026,May,4,Q2,4,STORE,Retail Stores,Girls,Sleepwear,Current Plan,50858.61,1068,47.62,4923.09,457.73,0.5432,27626.42,155227.55,146904.32,47916.2,17249.83,12.2,0.337
FY2026-05,2026,Jun,5,Q2,5,STORE,Retail Stores,Girls,Sleepwear,Current Plan,46184.27,970,47.62,4425.95,415.66,0.5442,25131.98,146904.32,103981.47,8103.03,2917.09,15.9,0.368
FY2026-06,2026,Jul,6,Q2,4,STORE,Retail Stores,Girls,Sleepwear,Current Plan,39112.71,821,47.62,4587.05,352.01,0.5227,20445.08,103981.47,109180.5,49250.81,17730.29,10.6,0.367
FY2026-07,2026,Aug,7,Q3,4,STORE,Retail Stores,Girls,Sleepwear,Current Plan,41308.43,868,47.62,4768.49,371.78,0.5246,21668.9,109180.5,112873.26,50141.46,18050.93,10.6,0.372
FY2026-08,2026,Sep,8,Q3,5,STORE,Retail Stores,Girls,Sleepwear,Current Plan,45280.35,951,47.62,4830.09,407.52,0.5333,24149.33,112873.26,103679.34,41324.03,14876.65,12.5,0.418
FY2026-09,2026,Oct,9,Q3,4,STORE,Retail Stores,Girls,Sleepwear,Current Plan,46943.95,986,47.62,4815.76,422.5,0.5374,25228.37,103679.34,137019.45,85522.31,30788.03,8.8,0.39
FY2026-10,2026,Nov,10,Q4,4,STORE,Retail Stores,Girls,Sleepwear,Current Plan,67679.18,1421,47.62,7528.41,609.11,0.5288,35786.26,137019.45,197859.02,136656.27,49196.26,8.1,0.404
FY2026-11,2026,Dec,11,Q4,5,STORE,Retail Stores,Girls,Sleepwear,Current Plan,73233.32,1538,47.62,7608.63,659.1,0.5361,39260.7,197859.02,163045.42,46687.45,16807.48,13.5,0.406
FY2026-12,2026,Jan,12,Q4,4,STORE,Retail Stores,Girls,Sleepwear,Current Plan,28907.9,607,47.62,3452.37,260.17,0.5206,15048.68,163045.42,130424.97,0.0,0.0,22.6,0.197
FY2024-01,2024,Feb,1,Q1,4,WHSL,Wholesale,Girls,Sleepwear,Original Plan,45220.44,1240,36.47,893.8,45.22,0.4602,20812.01,45653.26,44833.3,45339.51,23576.54,4.0,0.999
FY2024-02,2024,Mar,2,Q1,5,WHSL,Wholesale,Girls,Sleepwear,Original Plan,37926.82,1040,36.47,663.14,37.93,0.4625,17541.73,44833.3,28610.28,22404.88,11650.54,5.9,1.033
FY2024-03,2024,Apr,3,Q1,4,WHSL,Wholesale,Girls,Sleepwear,Original Plan,18088.18,496,36.47,401.72,18.09,0.4578,8280.6,28610.28,17287.35,7185.06,3736.23,6.3,0.788
FY2024-04,2024,May,4,Q2,4,WHSL,Wholesale,Girls,Sleepwear,Original Plan,16045.96,440,36.47,342.68,16.05,0.4586,7359.39,17287.35,16354.59,15471.92,8045.4,4.3,0.954
FY2024-05,2024,Jun,5,Q2,5,WHSL,Wholesale,Girls,Sleepwear,Original Plan,39385.55,1080,36.47,790.82,39.39,0.4599,18114.24,16354.59,30734.52,54595.68,28389.76,2.1,1.673
FY2024-06,2024,Jul,6,Q2,4,WHSL,Wholesale,Girls,Sleepwear,Original Plan,41427.76,1136,36.47,740.92,41.43,0.4621,19144.4,30734.52,40159.32,51634.91,26850.15,3.0,1.169
FY2024-07,2024,Aug,7,Q3,4,WHSL,Wholesale,Girls,Sleepwear,Original Plan,20422.13,560,36.47,370.65,20.42,0.4619,9431.97,40159.32,21164.59,1818.48,945.61,7.9,0.666
FY2024-08,2024,Sep,8,Q3,5,WHSL,Wholesale,Girls,Sleepwear,Original Plan,30633.2,840,36.47,648.84,30.63,0.4588,14055.1,21164.59,24903.83,35051.9,18226.99,3.5,1.33
FY2024-09,2024,Oct,9,Q3,4,WHSL,Wholesale,Girls,Sleepwear,Original Plan,40260.78,1104,36.47,904.92,40.26,0.4575,18420.25,24903.83,40036.16,56338.29,29295.91,2.5,1.24
FY2024-10,2024,Nov,10,Q4,4,WHSL,Wholesale,Girls,Sleepwear,Original Plan,24798.31,680,36.47,453.18,24.8,0.4617,11450.01,40036.16,25715.66,10955.79,5697.01,6.5,0.754
FY2024-11,2024,Dec,11,Q4,5,WHSL,Wholesale,Girls,Sleepwear,Original Plan,17504.69,480,36.47,391.11,17.5,0.4577,8011.14,25715.66,14738.84,6936.48,3606.97,7.3,0.865
FY2024-12,2024,Jan,12,Q4,4,WHSL,Wholesale,Girls,Sleepwear,Original Plan,18379.92,504,36.47,385.92,18.38,0.459,8436.44,14738.84,17301.18,21346.56,11100.21,3.2,1.147
FY2025-01,2025,Feb,1,Q1,4,WHSL,Wholesale,Girls,Sleepwear,Original Plan,51551.3,1413,36.47,987.73,51.55,0.4608,23756.89,17301.18,49656.78,84946.19,44172.02,1.3,1.54
FY2025-02,2025,Mar,2,Q1,5,WHSL,Wholesale,Girls,Sleepwear,Original Plan,43236.58,1185,36.47,920.78,43.24,0.4587,19832.78,49656.78,36496.34,31040.15,16140.88,5.7,1.004
FY2025-03,2025,Apr,3,Q1,4,WHSL,Wholesale,Girls,Sleepwear,Original Plan,20620.52,565,36.47,430.89,20.62,0.4591,9466.96,36496.34,20333.31,4909.0,2552.68,7.1,0.726
FY2025-04,2025,May,4,Q2,4,WHSL,Wholesale,Girls,Sleepwear,Original Plan,18292.4,502,36.47,326.76,18.29,0.4621,8453.59,20333.31,17486.17,15790.32,8210.97,4.4,0.967
FY2025-05,2025,Jun,5,Q2,5,WHSL,Wholesale,Girls,Sleepwear,Original Plan,44899.52,1231,36.47,1007.41,44.9,0.4576,20544.36,17486.17,34372.37,62838.03,32675.78,1.9,1.732
FY2025-06,2025,Jul,6,Q2,4,WHSL,Wholesale,Girls,Sleepwear,Original Plan,47227.65,1295,36.47,1044.33,47.23,0.4579,21624.94,34372.37,49591.79,63538.63,33040.09,2.9,1.125
FY2025-07,2025,Aug,7,Q3,4,WHSL,Wholesale,Girls,Sleepwear,Original Plan,23281.23,638,36.47,528.62,23.28,0.4573,10646.37,49591.79,25758.65,0.0,0.0,8.5,0.618
FY2025-08,2025,Sep,8,Q3,5,WHSL,Wholesale,Girls,Sleepwear,Original Plan,34921.85,957,36.47,709.4,34.92,0.4597,16053.09,25758.65,26380.28,36287.8,18869.66,3.7,1.34
FY2025-09,2025,Oct,9,Q3,4,WHSL,Wholesale,Girls,Sleepwear,Original Plan,45897.29,1258,36.47,1002.93,45.9,0.4581,21027.77,26380.28,47995.35,68561.18,35651.81,2.3,1.234
FY2025-10,2025,Nov,10,Q4,4,WHSL,Wholesale,Girls,Sleepwear,Original Plan,28270.07,775,36.47,547.71,28.27,0.4606,13021.93,47995.35,29806.97,10657.67,5541.99,6.8,0.727
FY2025-11,2025,Dec,11,Q4,5,WHSL,Wholesale,Girls,Sleepwear,Original Plan,19955.34,547,36.47,442.39,19.96,0.4578,9136.18,29806.97,16686.09,7296.8,3794.33,7.5,0.858
FY2025-12,2025,Jan,12,Q4,4,WHSL,Wholesale,Girls,Sleepwear,Original Plan,20953.11,574,36.47,429.78,20.95,0.4595,9627.71,16686.09,19905.11,24622.87,12803.89,3.2,1.145
FY2026-01,2026,Feb,1,Q1,4,WHSL,Wholesale,Girls,Sleepwear,Original Plan,60830.54,1668,36.47,1327.86,60.83,0.4582,27870.8,19905.11,64271.74,106585.85,55424.64,1.3,1.445
FY2026-02,2026,Mar,2,Q1,5,WHSL,Wholesale,Girls,Sleepwear,Original Plan,51019.16,1399,36.47,886.36,51.02,0.4626,23602.84,64271.74,40813.4,28498.2,14819.07,6.3,0.971
FY2026-03,2026,Apr,3,Q1,4,WHSL,Wholesale,Girls,Sleepwear,Original Plan,24332.22,667,36.47,425.88,24.33,0.4625,11253.58,40813.4,23688.0,7657.03,3981.66,6.7,0.754
FY2026-04,2026,May,4,Q2,4,WHSL,Wholesale,Girls,Sleepwear,Original Plan,21585.03,592,36.47,494.15,21.59,0.4571,9866.66,23688.0,20762.63,19175.39,9971.2,4.4,0.971
FY2026-05,2026,Jun,5,Q2,5,WHSL,Wholesale,Girls,Sleepwear,Original Plan,52981.44,1453,36.47,927.54,52.98,0.4625,24503.55,20762.63,40455.35,73654.68,38300.44,2.0,1.731
FY2026-06,2026,Jul,6,Q2,4,WHSL,Wholesale,Girls,Sleepwear,Original Plan,55728.62,1528,36.47,1271.88,55.73,0.4572,25477.86,40455.35,57645.86,74246.74,38608.3,2.9,1.136
FY2026-07,2026,Aug,7,Q3,4,WHSL,Wholesale,Girls,Sleepwear,Original Plan,27471.86,753,36.47,586.73,27.47,0.4586,12599.76,57645.86,29559.8,0.0,0.0,8.4,0.63
FY2026-08,2026,Sep,8,Q3,5,WHSL,Wholesale,Girls,Sleepwear,Original Plan,41207.78,1130,36.47,801.16,41.21,0.4606,18978.58,29559.8,33866.32,46356.67,24105.47,3.6,1.299
FY2026-09,2026,Oct,9,Q3,4,WHSL,Wholesale,Girls,Sleepwear,Original Plan,54158.8,1485,36.47,1027.17,54.16,0.461,24969.06,33866.32,55513.81,76887.62,39981.56,2.5,1.212
FY2026-10,2026,Nov,10,Q4,4,WHSL,Wholesale,Girls,Sleepwear,Original Plan,33358.68,915,36.47,669.74,33.36,0.4599,15342.43,55513.81,34552.29,13100.26,6812.14,6.7,0.741
FY2026-11,2026,Dec,11,Q4,5,WHSL,Wholesale,Girls,Sleepwear,Original Plan,23547.3,646,36.47,476.68,23.55,0.4598,10826.02,34552.29,18583.42,8078.66,4200.9,7.3,0.886
FY2026-12,2026,Jan,12,Q4,4,WHSL,Wholesale,Girls,Sleepwear,Original Plan,24724.67,678,36.47,548.63,24.72,0.4578,11319.21,18583.42,25590.3,32304.92,16798.56,3.0,1.119
FY2024-01,2024,Feb,1,Q1,4,WHSL,Wholesale,Girls,Sleepwear,Current Plan,46152.43,1265,36.47,897.24,46.15,0.4606,21255.92,44911.77,44181.97,46366.02,24110.33,3.9,1.036
FY2024-02,2024,Mar,2,Q1,5,WHSL,Wholesale,Girls,Sleepwear,Current Plan,39593.41,1086,36.47,716.74,39.59,0.4619,18288.1,44181.97,30634.28,26802.05,13937.07,5.6,1.058
FY2024-03,2024,Apr,3,Q1,4,WHSL,Wholesale,Girls,Sleepwear,Current Plan,18486.85,507,36.47,420.65,18.49,0.4572,8453.04,30634.28,18945.81,7237.51,3763.51,6.6,0.746
FY2024-04,2024,May,4,Q2,4,WHSL,Wholesale,Girls,Sleepwear,Current Plan,16762.23,460,36.47,339.35,16.76,0.4598,7706.52,18945.81,17368.45,15540.97,8081.31,4.5,0.923
FY2024-05,2024,Jun,5,Q2,5,WHSL,Wholesale,Girls,Sleepwear,Current Plan,40579.02,1113,36.47,710.62,40.58,0.4625,18767.31,17368.45,31898.48,55860.24,29047.33,2.1,1.647
FY2024-06,2024,Jul,6,Q2,4,WHSL,Wholesale,Girls,Sleepwear,Current Plan,42284.78,1159,36.47,908.45,42.28,0.4585,19388.24,31898.48,43265.99,54603.03,28393.57,3.0,1.125
FY2024-07,2024,Aug,7,Q3,4,WHSL,Wholesale,Girls,Sleepwear,Current Plan,20508.45,562,36.47,356.83,20.51,0.4626,9487.23,43265.99,22380.21,0.0,0.0,8.4,0.625
FY2024-08,2024,Sep,8,Q3,5,WHSL,Wholesale,Girls,Sleepwear,Current Plan,32315.85,886,36.47,698.97,32.32,0.4584,14812.63,22380.21,24629.68,35296.61,18354.24,3.5,1.375
FY2024-09,2024,Oct,9,Q3,4,WHSL,Wholesale,Girls,Sleepwear,Current Plan,40778.18,1118,36.47,807.53,40.78,0.4602,18765.99,24629.68,40418.27,57415.08,29855.84,2.4,1.254
FY2024-10,2024,Nov,10,Q4,4,WHSL,Wholesale,Girls,Sleepwear,Current Plan,24831.49,681,36.47,479.81,24.83,0.4607,11439.3,40418.27,25404.06,10321.91,5367.4,6.5,0.755
FY2024-11,2024,Dec,11,Q4,5,WHSL,Wholesale,Girls,Sleepwear,Current Plan,18148.62,498,36.47,355.16,18.15,0.4604,8356.17,25404.06,15173.51,8291.38,4311.52,7.0,0.895
FY2024-12,2024,Jan,12,Q4,4,WHSL,Wholesale,Girls,Sleepwear,Current Plan,18852.51,517,36.47,390.2,18.85,0.4593,8659.0,15173.51,18396.54,22484.6,11691.99,3.2,1.123
FY2025-01,2025,Feb,1,Q1,4,WHSL,Wholesale,Girls,Sleepwear,Current Plan,51386.52,1409,36.47,946.62,51.39,0.4616,23718.91,18396.54,53329.59,87317.57,45405.14,1.4,1.433
FY2025-02,2025,Mar,2,Q1,5,WHSL,Wholesale,Girls,Sleepwear,Current Plan,43931.68,1205,36.47,848.43,43.93,0.4607,20238.78,53329.59,35024.02,26518.47,13789.6,6.1,0.994
FY2025-03,2025,Apr,3,Q1,4,WHSL,Wholesale,Girls,Sleepwear,Current Plan,21300.63,584,36.47,374.16,21.3,0.4624,9850.14,35024.02,22264.66,8936.73,4647.1,6.6,0.744
FY2025-04,2025,May,4,Q2,4,WHSL,Wholesale,Girls,Sleepwear,Current Plan,18108.64,496,36.47,411.06,18.11,0.4573,8281.09,22264.66,17954.83,14227.98,7398.55,4.9,0.9
FY2025-05,2025,Jun,5,Q2,5,WHSL,Wholesale,Girls,Sleepwear,Current Plan,44618.84,1223,36.47,809.56,44.62,0.4619,20607.48,17954.83,34131.82,61650.01,32058.01,2.0,1.713
FY2025-06,2025,Jul,6,Q2,4,WHSL,Wholesale,Girls,Sleepwear,Current Plan,46089.03,1264,36.47,913.17,46.09,0.4602,21209.56,34131.82,44924.67,57841.14,30077.39,3.0,1.166
FY2025-07,2025,Aug,7,Q3,4,WHSL,Wholesale,Girls,Sleepwear,Current Plan,23951.82,657,36.47,519.97,23.95,0.4583,10976.9,44924.67,23086.23,2657.3,1381.8,7.5,0.704
FY2025-08,2025,Sep,8,Q3,5,WHSL,Wholesale,Girls,Sleepwear,Current Plan,33845.92,928,36.47,596.6,33.85,0.4624,15649.44,23086.23,27960.13,39350.27,20462.14,3.4,1.326
FY2025-09,2025,Oct,9,Q3,4,WHSL,Wholesale,Girls,Sleepwear,Current Plan,46054.37,1263,36.47,956.05,46.05,0.4592,21150.05,27960.13,44992.33,64088.66,33326.11,2.4,1.263
FY2025-10,2025,Nov,10,Q4,4,WHSL,Wholesale,Girls,Sleepwear,Current Plan,28466.19,780,36.47,495.48,28.47,0.4626,13168.29,44992.33,29312.24,13310.05,6921.23,6.3,0.766
FY2025-11,2025,Dec,11,Q4,5,WHSL,Wholesale,Girls,Sleepwear,Current Plan,20584.83,564,36.47,407.88,20.58,0.4602,9472.84,29312.24,17207.29,8908.34,4632.34,7.1,0.885
FY2025-12,2025,Jan,12,Q4,4,WHSL,Wholesale,Girls,Sleepwear,Current Plan,20875.52,572,36.47,425.95,20.88,0.4596,9594.3,17207.29,19762.65,23877.71,12416.41,3.3,1.129
FY2026-01,2026,Feb,1,Q1,4,WHSL,Wholesale,Girls,Sleepwear,Current Plan,59868.33,1641,36.47,1160.32,59.87,0.4606,27576.48,19762.65,61455.67,102781.53,53446.4,1.3,1.474
FY2026-02,2026,Mar,2,Q1,5,WHSL,Wholesale,Girls,Sleepwear,Current Plan,49035.67,1344,36.47,1004.99,49.04,0.4595,22532.13,61455.67,39797.8,28431.83,14784.55,6.3,0.969
FY2026-03,2026,Apr,3,Q1,4,WHSL,Wholesale,Girls,Sleepwear,Current Plan,24252.79,665,36.47,501.55,24.25,0.4593,11139.8,39797.8,24728.24,9709.03,5048.69,6.6,0.752
FY2026-04,2026,May,4,Q2,4,WHSL,Wholesale,Girls,Sleepwear,Current Plan,20999.1,576,36.47,365.49,21.0,0.4626,9714.08,24728.24,21292.41,17949.76,9333.87,4.7,0.913
FY2026-05,2026,Jun,5,Q2,5,WHSL,Wholesale,Girls,Sleepwear,Current Plan,51829.58,1421,36.47,1096.24,51.83,0.4588,23781.96,21292.41,41670.04,73355.28,38144.74,2.1,1.646
FY2026-06,2026,Jul,6,Q2,4,WHSL,Wholesale,Girls,Sleepwear,Current Plan,54265.1,1488,36.47,1126.23,54.27,0.4592,24921.02,41670.04,51666.23,65441.78,34029.73,3.1,1.163
FY2026-07,2026,Aug,7,Q3,4,WHSL,Wholesale,Girls,Sleepwear,Current Plan,26676.24,731,36.47,462.06,26.68,0.4627,12342.54,51666.23,25732.32,1231.07,640.16,7.7,0.689
FY2026-08,2026,Sep,8,Q3,5,WHSL,Wholesale,Girls,Sleepwear,Current Plan,41545.43,1139,36.47,772.16,41.55,0.4614,19169.65,25732.32,31801.31,48428.13,25182.63,3.1,1.444
FY2026-09,2026,Oct,9,Q3,4,WHSL,Wholesale,Girls,Sleepwear,Current Plan,52979.16,1453,36.47,1128.22,52.98,0.4587,24301.78,31801.31,50478.99,72838.04,37875.78,2.4,1.288
FY2026-10,2026,Nov,10,Q4,4,WHSL,Wholesale,Girls,Sleepwear,Current Plan,32618.48,894,36.47,559.64,32.62,0.4628,15097.23,50478.99,33969.39,16701.13,8684.59,6.2,0.773
FY2026-11,2026,Dec,11,Q4,5,WHSL,Wholesale,Girls,Sleepwear,Current Plan,23179.99,636,36.47,511.53,23.18,0.4579,10614.87,33969.39,18706.34,8451.66,4394.86,7.3,0.88
FY2026-12,2026,Jan,12,Q4,4,WHSL,Wholesale,Girls,Sleepwear,Current Plan,24215.77,664,36.47,452.2,24.22,0.4613,11171.37,18706.34,22856.66,28842.49,14998.1,3.1,1.165
FY2024-01,2024,Feb,1,Q1,4,ECOM,Ecommerce,Girls,Swim,Original Plan,38427.23,629,61.09,5669.64,153.71,0.4925,18923.79,115990.19,116705.69,44966.07,16187.78,12.1,0.33
FY2024-02,2024,Mar,2,Q1,5,ECOM,Ecommerce,Girls,Swim,Original Plan,55044.4,901,61.09,7304.91,220.18,0.5073,27923.51,116705.69,120243.82,66107.63,23798.75,10.6,0.465
FY2024-03,2024,Apr,3,Q1,4,ECOM,Ecommerce,Girls,Swim,Original Plan,61275.85,1003,61.09,7480.99,245.1,0.5179,31735.55,120243.82,168461.15,117219.27,42198.94,7.8,0.424
FY2024-04,2024,May,4,Q2,4,ECOM,Ecommerce,Girls,Swim,Original Plan,56602.26,927,61.09,6571.6,226.41,0.5239,29653.85,168461.15,170988.56,65927.68,23733.97,11.9,0.333
FY2024-05,2024,Jun,5,Q2,5,ECOM,Ecommerce,Girls,Swim,Original Plan,51409.4,842,61.09,6765.64,205.64,0.5084,26136.37,170988.56,116401.26,3793.38,1365.62,16.6,0.358
FY2024-06,2024,Jul,6,Q2,4,ECOM,Ecommerce,Girls,Swim,Original Plan,43620.09,714,61.09,5781.31,174.48,0.5075,22135.55,116401.26,120552.42,53727.05,19341.74,10.7,0.368
FY2024-07,2024,Aug,7,Q3,4,ECOM,Ecommerce,Girls,Swim,Original Plan,45697.24,748,61.09,5845.18,182.79,0.5121,23401.05,120552.42,123907.83,55080.63,19829.03,10.6,0.374
FY2024-08,2024,Sep,8,Q3,5,ECOM,Ecommerce,Girls,Swim,Original Plan,49332.25,808,61.09,5719.94,197.33,0.5241,25852.7,123907.83,118709.07,50050.76,18018.27,12.6,0.407
FY2024-09,2024,Oct,9,Q3,4,ECOM,Ecommerce,Girls,Swim,Original Plan,51928.68,850,61.09,7333.95,207.71,0.4988,25900.41,118709.07,145344.64,86105.92,30998.13,9.1,0.393
FY2024-10,2024,Nov,10,Q4,4,ECOM,Ecommerce,Girls,Swim,Original Plan,74777.3,1224,61.09,8972.85,299.11,0.52,38884.63,145344.64,210692.23,149396.85,53782.87,7.8,0.42
FY2024-11,2024,Dec,11,Q4,5,ECOM,Ecommerce,Girls,Swim,Original Plan,81008.75,1326,61.09,11790.17,324.03,0.4945,40055.42,210692.23,186643.52,69074.24,24866.73,13.0,0.408
FY2024-12,2024,Jan,12,Q4,4,ECOM,Ecommerce,Girls,Swim,Original Plan,32715.07,536,61.09,4558.91,130.86,0.5006,16378.74,186643.52,149238.68,0.0,0.0,22.8,0.195
FY2025-01,2025,Feb,1,Q1,4,ECOM,Ecommerce,Girls,Swim,Original Plan,43807.04,717,61.09,6783.52,175.23,0.4851,21252.98,149238.68,133330.95,34858.06,12548.9,13.6,0.31
FY2025-02,2025,Mar,2,Q1,5,ECOM,Ecommerce,Girls,Swim,Original Plan,62750.62,1027,61.09,8359.13,251.0,0.5068,31801.27,133330.95,137122.74,75152.54,27054.91,10.6,0.464
FY2025-03,2025,Apr,3,Q1,4,ECOM,Ecommerce,Girls,Swim,Original Plan,69854.46,1143,61.09,8489.85,279.42,0.5185,36217.01,137122.74,198741.88,140242.87,50487.43,7.9,0.416
FY2025-04,2025,May,4,Q2,4,ECOM,Ecommerce,Girls,Swim,Original Plan,64526.58,1056,61.09,9799.15,258.11,0.4881,31497.86,198741.88,193177.46,69019.41,24846.99,12.3,0.329
FY2025-05,2025,Jun,5,Q2,5,ECOM,Ecommerce,Girls,Swim,Original Plan,58606.71,959,61.09,8928.23,234.43,0.4877,28580.07,193177.46,126903.67,1495.58,538.41,16.5,0.366
FY2025-06,2025,Jul,6,Q2,4,ECOM,Ecommerce,Girls,Swim,Original Plan,49726.91,814,61.09,6701.71,198.91,0.5052,25123.52,126903.67,151037.49,80761.34,29074.08,10.2,0.358
FY2025-07,2025,Aug,7,Q3,4,ECOM,Ecommerce,Girls,Swim,Original Plan,52094.85,853,61.09,7915.04,208.38,0.4881,25425.67,151037.49,154678.25,63859.03,22989.25,11.6,0.341
FY2025-08,2025,Sep,8,Q3,5,ECOM,Ecommerce,Girls,Swim,Original Plan,56238.76,921,61.09,8212.88,224.96,0.494,27779.93,154678.25,125042.25,35040.6,12614.62,13.8,0.402
FY2025-09,2025,Oct,9,Q3,4,ECOM,Ecommerce,Girls,Swim,Original Plan,59198.7,969,61.09,6865.71,236.79,0.524,31021.46,125042.25,168975.02,110233.97,39684.23,8.4,0.403
FY2025-10,2025,Nov,10,Q4,4,ECOM,Ecommerce,Girls,Swim,Original Plan,85246.13,1395,61.09,12798.17,340.98,0.4899,41759.35,168975.02,258595.58,188005.84,67682.1,7.9,0.399
FY2025-11,2025,Dec,11,Q4,5,ECOM,Ecommerce,Girls,Swim,Original Plan,92349.97,1512,61.09,11411.61,369.4,0.5164,47692.37,258595.58,202904.96,48440.35,17438.53,14.0,0.4
FY2025-12,2025,Jan,12,Q4,4,ECOM,Ecommerce,Girls,Swim,Original Plan,37295.18,610,61.09,4313.47,149.18,0.5243,19555.45,202904.96,161147.13,0.0,0.0,21.8,0.205
FY2026-01,2026,Feb,1,Q1,4,ECOM,Ecommerce,Girls,Swim,Original Plan,51692.3,846,61.09,7794.56,206.77,0.4892,25288.51,161147.13,141021.12,39567.62,14244.34,12.5,0.342
FY2026-02,2026,Mar,2,Q1,5,ECOM,Ecommerce,Girls,Swim,Original Plan,74045.73,1212,61.09,10192.47,296.18,0.5023,37196.8,141021.12,167765.24,111278.51,40060.26,9.5,0.48
FY2026-03,2026,Apr,3,Q1,4,ECOM,Ecommerce,Girls,Swim,Original Plan,82428.27,1349,61.09,11122.0,329.71,0.5051,41632.09,167765.24,230333.48,156448.23,56321.36,8.1,0.414
FY2026-04,2026,May,4,Q2,4,ECOM,Ecommerce,Girls,Swim,Original Plan,76141.37,1246,61.09,10397.97,304.57,0.5034,38332.5,230333.48,217847.07,74357.49,26768.7,12.1,0.34
FY2026-05,2026,Jun,5,Q2,5,ECOM,Ecommerce,Girls,Swim,Original Plan,69155.92,1132,61.09,8879.79,276.62,0.5116,35380.0,217847.07,157589.24,18054.5,6499.62,15.8,0.368
FY2026-06,2026,Jul,6,Q2,4,ECOM,Ecommerce,Girls,Swim,Original Plan,58677.75,961,61.09,8333.46,234.71,0.498,29220.3,157589.24,174891.35,84548.04,30437.3,10.7,0.353
FY2026-07,2026,Aug,7,Q3,4,ECOM,Ecommerce,Girls,Swim,Original Plan,61471.93,1006,61.09,9285.55,245.89,0.4889,30056.48,174891.35,178819.07,74931.09,26975.19,11.4,0.348
FY2026-08,2026,Sep,8,Q3,5,ECOM,Ecommerce,Girls,Swim,Original Plan,66361.74,1086,61.09,10178.49,265.45,0.4866,32293.02,178819.07,155244.74,53231.34,19163.28,13.5,0.397
FY2026-09,2026,Oct,9,Q3,4,ECOM,Ecommerce,Girls,Swim,Original Plan,69854.46,1143,61.09,10507.19,279.42,0.4896,34199.67,155244.74,201313.1,126709.44,45615.4,8.9,0.392
FY2026-10,2026,Nov,10,Q4,4,ECOM,Ecommerce,Girls,Swim,Original Plan,100590.43,1647,61.09,13667.9,402.36,0.5041,50709.97,201313.1,300140.37,213487.97,76855.67,8.0,0.401
FY2026-11,2026,Dec,11,Q4,5,ECOM,Ecommerce,Girls,Swim,Original Plan,108972.96,1784,61.09,13466.62,435.89,0.5164,56276.08,300140.37,251173.83,73908.93,26607.22,13.8,0.395
FY2026-12,2026,Jan,12,Q4,4,ECOM,Ecommerce,Girls,Swim,Original Plan,44008.31,720,61.09,6354.13,176.03,0.4956,21811.19,251173.83,200635.36,0.0,0.0,22.8,0.195
FY2024-01,2024,Feb,1,Q1,4,ECOM,Ecommerce,Girls,Swim,Current Plan,39302.62,643,61.09,6009.1,157.21,0.4871,19144.58,111441.55,107045.57,41072.95,14786.26,11.3,0.36
FY2024-02,2024,Mar,2,Q1,5,ECOM,Ecommerce,Girls,Swim,Current Plan,55718.65,912,61.09,8333.67,222.87,0.4904,27326.27,107045.57,134824.37,92053.99,33139.44,9.6,0.461
FY2024-03,2024,Apr,3,Q1,4,ECOM,Ecommerce,Girls,Swim,Current Plan,62167.51,1018,61.09,9143.25,248.67,0.4929,30643.96,134824.37,169268.77,106003.82,38161.38,8.7,0.409
FY2024-04,2024,May,4,Q2,4,ECOM,Ecommerce,Girls,Swim,Current Plan,57355.81,939,61.09,7718.63,229.42,0.5054,28989.09,169268.77,169767.48,65802.57,23688.93,11.8,0.338
FY2024-05,2024,Jun,5,Q2,5,ECOM,Ecommerce,Girls,Swim,Current Plan,52963.74,867,61.09,7837.73,211.85,0.492,26059.06,169767.48,119901.48,11147.34,4013.04,16.0,0.366
FY2024-06,2024,Jul,6,Q2,4,ECOM,Ecommerce,Girls,Swim,Current Plan,42918.8,703,61.09,5911.34,171.68,0.5023,21556.69,119901.48,129265.97,58366.31,21011.87,11.2,0.344
FY2024-07,2024,Aug,7,Q3,4,ECOM,Ecommerce,Girls,Swim,Current Plan,46493.68,761,61.09,6421.26,185.97,0.5019,23334.69,129265.97,140198.26,64033.21,23051.96,11.1,0.345
FY2024-08,2024,Sep,8,Q3,5,ECOM,Ecommerce,Girls,Swim,Current Plan,50019.41,819,61.09,6688.58,200.08,0.5063,25323.84,140198.26,111881.13,28590.94,10292.74,14.0,0.397
FY2024-09,2024,Oct,9,Q3,4,ECOM,Ecommerce,Girls,Swim,Current Plan,52617.89,861,61.09,7683.23,210.47,0.494,25992.22,111881.13,157095.9,105726.35,38061.49,8.5,0.391
FY2024-10,2024,Nov,10,Q4,4,ECOM,Ecommerce,Girls,Swim,Current Plan,74410.79,1218,61.09,10759.2,297.64,0.4954,36863.7,157095.9,214029.52,142401.26,51264.45,8.4,0.401
FY2024-11,2024,Dec,11,Q4,5,ECOM,Ecommerce,Girls,Swim,Current Plan,81664.07,1337,61.09,10872.36,326.66,0.5069,41392.65,214029.52,191091.8,69925.36,25173.13,13.1,0.403
FY2024-12,2024,Jan,12,Q4,4,ECOM,Ecommerce,Girls,Swim,Current Plan,33649.94,551,61.09,4095.15,134.6,0.5183,17440.82,191091.8,153212.11,0.0,0.0,22.7,0.195
FY2025-01,2025,Feb,1,Q1,4,ECOM,Ecommerce,Girls,Swim,Current Plan,43603.65,714,61.09,5214.36,174.41,0.5204,22691.98,153212.11,122517.84,18298.16,6587.34,14.1,0.316
FY2025-02,2025,Mar,2,Q1,5,ECOM,Ecommerce,Girls,Swim,Current Plan,63997.64,1048,61.09,9306.81,255.99,0.4946,31651.68,122517.84,150880.14,101922.74,36692.19,9.6,0.468
FY2025-03,2025,Apr,3,Q1,4,ECOM,Ecommerce,Girls,Swim,Current Plan,70335.8,1151,61.09,9219.4,281.34,0.5089,35795.51,150880.14,190831.78,119788.18,43123.74,8.6,0.412
FY2025-04,2025,May,4,Q2,4,ECOM,Ecommerce,Girls,Swim,Current Plan,67547.0,1106,61.09,8831.4,270.19,0.5093,34398.68,190831.78,203690.34,89507.15,32222.57,11.3,0.342
FY2025-05,2025,Jun,5,Q2,5,ECOM,Ecommerce,Girls,Swim,Current Plan,58574.52,959,61.09,8337.34,234.3,0.4977,29150.35,203690.34,136544.17,0.0,0.0,17.4,0.344
FY2025-06,2025,Jul,6,Q2,4,ECOM,Ecommerce,Girls,Swim,Current Plan,49209.1,806,61.09,6435.09,196.84,0.5092,25058.74,136544.17,133885.88,53182.73,19145.78,11.1,0.364
FY2025-07,2025,Aug,7,Q3,4,ECOM,Ecommerce,Girls,Swim,Current Plan,51807.26,848,61.09,6517.08,207.23,0.5142,26639.57,133885.88,153535.05,78180.75,28145.07,10.3,0.36
FY2025-08,2025,Sep,8,Q3,5,ECOM,Ecommerce,Girls,Swim,Current Plan,57930.74,948,61.09,6675.45,231.72,0.5248,30400.22,153535.05,125669.55,36972.41,13310.07,13.3,0.415
FY2025-09,2025,Oct,9,Q3,4,ECOM,Ecommerce,Girls,Swim,Current Plan,59315.01,971,61.09,6847.33,237.26,0.5246,31114.28,125669.55,175056.35,115786.39,41683.1,8.5,0.394
FY2025-10,2025,Nov,10,Q4,4,ECOM,Ecommerce,Girls,Swim,Current Plan,83929.21,1374,61.09,10544.37,335.72,0.5144,43170.32,175056.35,251771.17,171524.12,61748.68,8.3,0.393
FY2025-11,2025,Dec,11,Q4,5,ECOM,Ecommerce,Girls,Swim,Current Plan,90655.68,1484,61.09,10441.7,362.62,0.5248,47577.94,251771.17,202306.09,51994.92,18718.17,13.9,0.399
FY2025-12,2025,Jan,12,Q4,4,ECOM,Ecommerce,Girls,Swim,Current Plan,37739.32,618,61.09,5162.71,150.96,0.5032,18990.45,202306.09,159253.1,0.0,0.0,21.4,0.209
FY2026-01,2026,Feb,1,Q1,4,ECOM,Ecommerce,Girls,Swim,Current Plan,53472.12,875,61.09,6872.19,213.89,0.5115,27349.97,159253.1,148598.4,49903.5,17965.26,11.9,0.347
FY2026-02,2026,Mar,2,Q1,5,ECOM,Ecommerce,Girls,Swim,Current Plan,74570.02,1221,61.09,11300.57,298.28,0.4885,36424.24,148598.4,178632.68,116203.16,41833.14,10.0,0.456
FY2026-03,2026,Apr,3,Q1,4,ECOM,Ecommerce,Girls,Swim,Current Plan,85401.58,1398,61.09,9850.38,341.61,0.5247,44806.63,178632.68,239498.58,156459.48,56325.41,8.4,0.408
FY2026-04,2026,May,4,Q2,4,ECOM,Ecommerce,Girls,Swim,Current Plan,78566.5,1286,61.09,11578.09,314.27,0.4926,38704.47,239498.58,225847.79,76808.07,27650.91,12.2,0.338
FY2026-05,2026,Jun,5,Q2,5,ECOM,Ecommerce,Girls,Swim,Current Plan,72654.0,1189,61.09,11188.18,290.62,0.486,35310.38,225847.79,159090.25,17375.26,6255.09,15.5,0.377
FY2026-06,2026,Jul,6,Q2,4,ECOM,Ecommerce,Girls,Swim,Current Plan,59836.73,979,61.09,7830.49,239.35,0.5091,30465.01,159090.25,177706.21,86522.53,31148.11,10.6,0.355
FY2026-07,2026,Aug,7,Q3,4,ECOM,Ecommerce,Girls,Swim,Current Plan,63615.1,1041,61.09,9242.09,254.46,0.4947,31471.58,177706.21,184370.3,79775.75,28719.27,11.2,0.351
FY2026-08,2026,Sep,8,Q3,5,ECOM,Ecommerce,Girls,Swim,Current Plan,67146.69,1099,61.09,10403.74,268.59,0.4851,32570.14,184370.3,160475.34,53924.06,19412.66,13.7,0.389
FY2026-09,2026,Oct,9,Q3,4,ECOM,Ecommerce,Girls,Swim,Current Plan,71608.9,1172,61.09,8461.91,286.44,0.5218,37367.78,160475.34,218105.98,137987.89,49675.64,9.0,0.378
FY2026-10,2026,Nov,10,Q4,4,ECOM,Ecommerce,Girls,Swim,Current Plan,103765.21,1699,61.09,15371.06,415.06,0.4919,51038.67,218105.98,288103.01,189548.36,68237.41,8.4,0.41
FY2026-11,2026,Dec,11,Q4,5,ECOM,Ecommerce,Girls,Swim,Current Plan,115042.49,1883,61.09,15330.69,460.17,0.5067,58296.5,288103.01,278065.9,120796.24,43486.65,12.5,0.406
FY2026-12,2026,Jan,12,Q4,4,ECOM,Ecommerce,Girls,Swim,Current Plan,46055.1,754,61.09,5896.91,184.22,0.512,23578.35,278065.9,225929.67,0.0,0.0,24.2,0.183
FY2024-01,2024,Feb,1,Q1,4,STORE,Retail Stores,Girls,Swim,Original Plan,17466.92,286,61.09,1969.33,157.2,0.5273,9209.49,45890.17,48212.4,21915.69,7889.65,10.5,0.371
FY2024-02,2024,Mar,2,Q1,5,STORE,Retail Stores,Girls,Swim,Original Plan,25020.18,410,61.09,2399.85,225.18,0.5441,13613.07,48212.4,58340.99,37773.8,13598.57,9.6,0.47
FY2024-03,2024,Apr,3,Q1,4,STORE,Retail Stores,Girls,Swim,Original Plan,27852.66,456,61.09,3173.84,250.67,0.526,14651.86,58340.99,76074.21,49010.4,17643.74,8.4,0.414
FY2024-04,2024,May,4,Q2,4,STORE,Retail Stores,Girls,Swim,Original Plan,25728.3,421,61.09,2653.03,231.55,0.5369,13813.09,76074.21,70650.1,23188.77,8347.96,11.8,0.351
FY2024-05,2024,Jun,5,Q2,5,STORE,Retail Stores,Girls,Swim,Original Plan,23367.91,383,61.09,2219.66,210.31,0.545,12735.8,70650.1,53265.0,8412.79,3028.6,15.1,0.377
FY2024-06,2024,Jul,6,Q2,4,STORE,Retail Stores,Girls,Swim,Original Plan,19827.32,325,61.09,2262.41,178.45,0.5259,10427.07,53265.0,58058.35,27061.51,9742.14,10.7,0.356
FY2024-07,2024,Aug,7,Q3,4,STORE,Retail Stores,Girls,Swim,Original Plan,20771.47,340,61.09,2187.38,186.94,0.5347,11106.37,58058.35,62355.63,27443.07,9879.51,11.2,0.345
FY2024-08,2024,Sep,8,Q3,5,STORE,Retail Stores,Girls,Swim,Original Plan,22423.75,367,61.09,2248.98,201.81,0.5397,12102.22,62355.63,49483.83,12002.75,4320.99,13.9,0.401
FY2024-09,2024,Oct,9,Q3,4,STORE,Retail Stores,Girls,Swim,Original Plan,23603.95,386,61.09,2453.75,212.44,0.536,12652.78,49483.83,68569.71,45356.0,16328.16,8.4,0.4
FY2024-10,2024,Nov,10,Q4,4,STORE,Retail Stores,Girls,Swim,Original Plan,33989.68,556,61.09,3406.45,305.91,0.5398,18346.94,68569.71,92489.03,61621.37,22183.69,8.1,0.422
FY2024-11,2024,Dec,11,Q4,5,STORE,Retail Stores,Girls,Swim,Original Plan,36822.16,603,61.09,3954.3,331.4,0.5326,19611.88,92489.03,89245.47,37864.3,13631.15,12.6,0.405
FY2024-12,2024,Jan,12,Q4,4,STORE,Retail Stores,Girls,Swim,Original Plan,14870.49,243,61.09,1587.87,133.83,0.5332,7929.24,89245.47,72653.28,0.0,0.0,24.0,0.184
FY2025-01,2025,Feb,1,Q1,4,STORE,Retail Stores,Girls,Swim,Original Plan,19912.29,326,61.09,2034.18,179.21,0.5378,10709.68,72653.28,55822.19,5294.59,1906.05,14.6,0.31
FY2025-02,2025,Mar,2,Q1,5,STORE,Retail Stores,Girls,Swim,Original Plan,28523.01,467,61.09,3412.77,256.71,0.5204,14841.96,55822.19,69186.53,45556.82,16400.46,9.8,0.456
FY2025-03,2025,Apr,3,Q1,4,STORE,Retail Stores,Girls,Swim,Original Plan,31752.03,520,61.09,3829.02,285.77,0.5194,16492.28,69186.53,90656.52,57336.81,20641.25,8.7,0.397
FY2025-04,2025,May,4,Q2,4,STORE,Retail Stores,Girls,Swim,Original Plan,29330.26,480,61.09,2870.8,263.97,0.5421,15900.57,90656.52,81462.37,23270.89,8377.52,12.4,0.341
FY2025-05,2025,Jun,5,Q2,5,STORE,Retail Stores,Girls,Swim,Original Plan,26639.41,436,61.09,2538.1,239.75,0.5447,14511.12,81462.37,63698.46,11653.36,4195.21,15.3,0.367
FY2025-06,2025,Jul,6,Q2,4,STORE,Retail Stores,Girls,Swim,Original Plan,22603.14,370,61.09,2593.08,203.43,0.5253,11872.92,63698.46,61433.15,23134.34,8328.36,11.3,0.361
FY2025-07,2025,Aug,7,Q3,4,STORE,Retail Stores,Girls,Swim,Original Plan,23679.48,388,61.09,2705.66,213.12,0.5257,12449.21,61433.15,64506.2,29671.3,10681.67,10.4,0.376
FY2025-08,2025,Sep,8,Q3,5,STORE,Retail Stores,Girls,Swim,Original Plan,25563.07,418,61.09,2666.37,230.07,0.5357,13693.99,64506.2,55587.94,19541.25,7034.85,12.6,0.426
FY2025-09,2025,Oct,9,Q3,4,STORE,Retail Stores,Girls,Swim,Original Plan,26908.5,440,61.09,2686.65,242.18,0.5402,14534.79,55587.94,79970.91,54220.3,19519.31,8.3,0.397
FY2025-10,2025,Nov,10,Q4,4,STORE,Retail Stores,Girls,Swim,Original Plan,38748.24,634,61.09,4466.05,348.73,0.5247,20332.82,79970.91,111507.0,75099.12,27035.68,8.3,0.405
FY2025-11,2025,Dec,11,Q4,5,STORE,Retail Stores,Girls,Swim,Original Plan,41977.26,687,61.09,4883.46,377.8,0.5237,21981.98,111507.0,93414.47,29145.99,10492.56,13.3,0.41
FY2025-12,2025,Jan,12,Q4,4,STORE,Retail Stores,Girls,Swim,Original Plan,16952.35,277,61.09,2000.28,152.57,0.522,8849.22,93414.47,74309.26,0.0,0.0,22.0,0.202
FY2026-01,2026,Feb,1,Q1,4,STORE,Retail Stores,Girls,Swim,Original Plan,23496.5,385,61.09,2617.31,211.47,0.5286,12420.45,74309.26,69994.63,22010.65,7923.83,12.7,0.326
FY2026-02,2026,Mar,2,Q1,5,STORE,Retail Stores,Girls,Swim,Original Plan,33657.15,551,61.09,3490.12,302.91,0.5363,18050.45,69994.63,79953.24,47408.8,17067.17,10.4,0.449
FY2026-03,2026,Apr,3,Q1,4,STORE,Retail Stores,Girls,Swim,Original Plan,37467.39,613,61.09,3481.3,337.21,0.5471,20497.83,79953.24,106598.4,67931.06,24455.18,8.5,0.402
FY2026-04,2026,May,4,Q2,4,STORE,Retail Stores,Girls,Swim,Original Plan,34609.71,567,61.09,3999.72,311.49,0.5244,18150.49,106598.4,100459.48,32782.0,11801.52,12.3,0.334
FY2026-05,2026,Jun,5,Q2,5,STORE,Retail Stores,Girls,Swim,Original Plan,31434.51,515,61.09,2991.21,282.91,0.5448,17126.88,100459.48,70345.19,4594.34,1653.96,16.0,0.368
FY2026-06,2026,Jul,6,Q2,4,STORE,Retail Stores,Girls,Swim,Original Plan,26671.7,437,61.09,2413.32,240.05,0.5495,14656.57,70345.19,73646.05,32625.93,11745.33,10.5,0.37
FY2026-07,2026,Aug,7,Q3,4,STORE,Retail Stores,Girls,Swim,Original Plan,27941.79,457,61.09,2988.82,251.48,0.533,14893.92,73646.05,77071.06,34607.1,12458.56,10.5,0.371
FY2026-08,2026,Sep,8,Q3,5,STORE,Retail Stores,Girls,Swim,Original Plan,30164.43,494,61.09,2989.61,271.48,0.5409,16315.62,77071.06,69364.67,25719.13,9258.89,12.8,0.412
FY2026-09,2026,Oct,9,Q3,4,STORE,Retail Stores,Girls,Swim,Original Plan,31752.03,520,61.09,3220.95,285.77,0.5386,17100.35,69364.67,88053.54,53947.62,19421.14,8.7,0.403
FY2026-10,2026,Nov,10,Q4,4,STORE,Retail Stores,Girls,Swim,Original Plan,45722.92,748,61.09,4465.4,411.51,0.5423,24797.27,88053.54,127942.96,90489.24,32576.13,7.7,0.423
FY2026-11,2026,Dec,11,Q4,5,STORE,Retail Stores,Girls,Swim,Original Plan,49533.17,811,61.09,4428.37,445.8,0.5506,27272.85,127942.96,116085.43,42549.8,15317.93,12.9,0.406
FY2026-12,2026,Jan,12,Q4,4,STORE,Retail Stores,Girls,Swim,Original Plan,20003.78,327,61.09,2280.98,180.03,0.526,10521.44,116085.43,93620.64,0.0,0.0,23.2,0.191
FY2024-01,2024,Feb,1,Q1,4,STORE,Retail Stores,Girls,Swim,Current Plan,17775.88,291,61.09,1722.59,159.98,0.5431,9653.97,53333.31,53334.74,19659.89,7077.56,12.0,0.333
FY2024-02,2024,Mar,2,Q1,5,STORE,Retail Stores,Girls,Swim,Current Plan,25138.19,411,61.09,2938.06,226.24,0.5231,13150.38,53334.74,60650.17,35617.93,12822.45,10.6,0.441
FY2024-03,2024,Apr,3,Q1,4,STORE,Retail Stores,Girls,Swim,Current Plan,27552.5,451,61.09,2949.04,247.97,0.533,14684.56,60650.17,79530.44,49629.79,17866.72,8.8,0.393
FY2024-04,2024,May,4,Q2,4,STORE,Retail Stores,Girls,Swim,Current Plan,25781.26,422,61.09,2371.79,232.03,0.548,14128.22,79530.44,74438.81,23293.44,8385.64,12.3,0.335
FY2024-05,2024,Jun,5,Q2,5,STORE,Retail Stores,Girls,Swim,Current Plan,22879.59,375,61.09,2754.36,205.92,0.5196,11888.58,74438.81,53709.72,5110.78,1839.88,16.3,0.357
FY2024-06,2024,Jul,6,Q2,4,STORE,Retail Stores,Girls,Swim,Current Plan,19974.61,327,61.09,2186.54,179.77,0.5305,10597.21,53709.72,60581.33,29212.54,10516.51,10.8,0.35
FY2024-07,2024,Aug,7,Q3,4,STORE,Retail Stores,Girls,Swim,Current Plan,21572.14,353,61.09,2211.46,194.15,0.5375,11594.71,60581.33,58331.51,21727.93,7822.05,11.2,0.363
FY2024-08,2024,Sep,8,Q3,5,STORE,Retail Stores,Girls,Swim,Current Plan,22533.36,369,61.09,2699.68,202.8,0.5202,11721.67,58331.51,52105.06,19209.39,6915.38,12.9,0.408
FY2024-09,2024,Oct,9,Q3,4,STORE,Retail Stores,Girls,Swim,Current Plan,24206.11,396,61.09,2741.37,217.86,0.5267,12750.54,52105.06,70391.36,45451.63,16362.59,8.6,0.395
FY2024-10,2024,Nov,10,Q4,4,STORE,Retail Stores,Girls,Swim,Current Plan,34649.66,567,61.09,3694.45,311.85,0.5334,18481.33,70391.36,94236.32,62500.92,22500.33,8.1,0.421
FY2024-11,2024,Dec,11,Q4,5,STORE,Retail Stores,Girls,Swim,Current Plan,35563.53,582,61.09,3488.8,320.07,0.5419,19271.86,94236.32,76911.36,22047.43,7937.08,13.2,0.416
FY2024-12,2024,Jan,12,Q4,4,STORE,Retail Stores,Girls,Swim,Current Plan,14730.82,241,61.09,1711.79,132.58,0.5238,7715.94,76911.36,60336.17,0.0,0.0,20.9,0.215
FY2025-01,2025,Feb,1,Q1,4,STORE,Retail Stores,Girls,Swim,Current Plan,20449.41,335,61.09,2231.36,184.04,0.5309,10856.26,60336.17,60761.38,23290.03,8384.41,11.8,0.338
FY2025-02,2025,Mar,2,Q1,5,STORE,Retail Stores,Girls,Swim,Current Plan,28815.96,472,61.09,3425.61,259.34,0.5211,15016.6,60761.38,62906.14,34645.67,12472.44,10.5,0.466
FY2025-03,2025,Apr,3,Q1,4,STORE,Retail Stores,Girls,Swim,Current Plan,29841.01,488,61.09,2740.81,268.57,0.5482,16357.44,62906.14,85171.47,55115.71,19841.66,8.4,0.403
FY2025-04,2025,May,4,Q2,4,STORE,Retail Stores,Girls,Swim,Current Plan,29113.12,477,61.09,3150.25,262.02,0.5318,15482.14,85171.47,86940.47,34294.39,12345.98,11.7,0.338
FY2025-05,2025,Jun,5,Q2,5,STORE,Retail Stores,Girls,Swim,Current Plan,26894.85,440,61.09,2957.69,242.05,0.53,14255.02,86940.47,59846.01,3000.13,1080.05,16.2,0.366
FY2025-06,2025,Jul,6,Q2,4,STORE,Retail Stores,Girls,Swim,Current Plan,22862.25,374,61.09,2514.6,205.76,0.53,12117.24,59846.01,65181.76,30918.36,11130.61,10.5,0.366
FY2025-07,2025,Aug,7,Q3,4,STORE,Retail Stores,Girls,Swim,Current Plan,24026.78,393,61.09,2323.58,216.24,0.5433,13053.56,65181.76,68611.32,29996.17,10798.62,10.9,0.359
FY2025-08,2025,Sep,8,Q3,5,STORE,Retail Stores,Girls,Swim,Current Plan,25944.44,425,61.09,2561.92,233.5,0.5413,14042.52,68611.32,56945.1,17073.63,6146.51,13.2,0.413
FY2025-09,2025,Oct,9,Q3,4,STORE,Retail Stores,Girls,Swim,Current Plan,27089.71,443,61.09,3107.09,243.81,0.5253,14230.32,56945.1,76141.43,49636.94,17869.3,8.4,0.407
FY2025-10,2025,Nov,10,Q4,4,STORE,Retail Stores,Girls,Swim,Current Plan,39429.27,645,61.09,4705.63,354.86,0.5207,20529.1,76141.43,114338.89,82687.22,29767.4,7.7,0.414
FY2025-11,2025,Dec,11,Q4,5,STORE,Retail Stores,Girls,Swim,Current Plan,42036.25,688,61.09,4063.55,378.33,0.5433,22839.65,114338.89,93184.76,25324.0,9116.64,13.6,0.405
FY2025-12,2025,Jan,12,Q4,4,STORE,Retail Stores,Girls,Swim,Current Plan,17048.04,279,61.09,1624.73,153.43,0.5447,9286.01,93184.76,74358.56,0.0,0.0,21.9,0.204
FY2026-01,2026,Feb,1,Q1,4,STORE,Retail Stores,Girls,Swim,Current Plan,24054.03,394,61.09,2718.77,216.49,0.527,12675.81,74358.56,68511.4,21142.13,7611.17,12.4,0.337
FY2026-02,2026,Mar,2,Q1,5,STORE,Retail Stores,Girls,Swim,Current Plan,34547.49,566,61.09,3823.63,310.93,0.5293,18286.76,68511.4,83273.22,53443.86,19239.79,9.9,0.455
FY2026-03,2026,Apr,3,Q1,4,STORE,Retail Stores,Girls,Swim,Current Plan,39237.05,642,61.09,4503.37,353.13,0.5252,20608.34,83273.22,113424.9,74245.25,26728.29,8.5,0.399
FY2026-04,2026,May,4,Q2,4,STORE,Retail Stores,Girls,Swim,Current Plan,35670.99,584,61.09,3300.36,321.04,0.5475,19529.08,113424.9,108438.56,34306.04,12350.18,12.7,0.322
FY2026-05,2026,Jun,5,Q2,5,STORE,Retail Stores,Girls,Swim,Current Plan,31740.93,520,61.09,3793.05,285.67,0.5205,16521.15,108438.56,72618.92,0.0,0.0,17.1,0.351
FY2026-06,2026,Jul,6,Q2,4,STORE,Retail Stores,Girls,Swim,Current Plan,27346.8,448,61.09,2454.76,246.12,0.5502,15047.19,72618.92,79223.09,36651.86,13194.67,10.6,0.36
FY2026-07,2026,Aug,7,Q3,4,STORE,Retail Stores,Girls,Swim,Current Plan,28696.4,470,61.09,2637.92,258.27,0.5481,15727.77,79223.09,87270.56,39640.06,14270.42,11.0,0.345
FY2026-08,2026,Sep,8,Q3,5,STORE,Retail Stores,Girls,Swim,Current Plan,31358.0,513,61.09,3670.6,282.22,0.5229,16398.51,87270.56,68687.54,16727.8,6022.01,13.9,0.402
FY2026-09,2026,Oct,9,Q3,4,STORE,Retail Stores,Girls,Swim,Current Plan,32454.15,531,61.09,3020.48,292.09,0.5469,17750.18,68687.54,97327.33,64406.5,23186.34,8.5,0.391
FY2026-10,2026,Nov,10,Q4,4,STORE,Retail Stores,Girls,Swim,Current Plan,47318.61,775,61.09,5619.72,425.87,0.5212,24664.19,97327.33,143924.1,99960.97,35985.95,8.2,0.392
FY2026-11,2026,Dec,11,Q4,5,STORE,Retail Stores,Girls,Swim,Current Plan,51834.96,848,61.09,5728.06,466.51,0.5295,27446.31,143924.1,120144.65,34250.08,12330.03,13.9,0.393
FY2026-12,2026,Jan,12,Q4,4,STORE,Retail Stores,Girls,Swim,Current Plan,20542.72,336,61.09,2460.59,184.88,0.5202,10686.75,120144.65,96956.46,0.0,0.0,23.4,0.189
FY2024-01,2024,Feb,1,Q1,4,WHSL,Wholesale,Girls,Swim,Original Plan,30146.96,644,46.79,611.27,30.15,0.4597,13859.27,33092.29,31517.89,29213.98,15191.27,4.4,0.933
FY2024-02,2024,Mar,2,Q1,5,WHSL,Wholesale,Girls,Swim,Original Plan,25284.55,540,46.79,574.67,25.28,0.4573,11561.91,31517.89,20994.26,15360.87,7987.65,6.2,0.963
FY2024-03,2024,Apr,3,Q1,4,WHSL,Wholesale,Girls,Swim,Original Plan,12058.78,258,46.79,215.06,12.06,0.4622,5573.16,20994.26,12437.5,3729.14,1939.15,7.0,0.721
FY2024-04,2024,May,4,Q2,4,WHSL,Wholesale,Girls,Swim,Original Plan,10697.31,229,46.79,223.03,10.7,0.4592,4911.68,12437.5,10060.51,8554.06,4448.11,4.7,0.951
FY2024-05,2024,Jun,5,Q2,5,WHSL,Wholesale,Girls,Swim,Original Plan,26257.03,561,46.79,470.83,26.26,0.4621,12132.54,10060.51,20798.37,37491.98,19495.83,1.9,1.702
FY2024-06,2024,Jul,6,Q2,4,WHSL,Wholesale,Girls,Swim,Original Plan,27618.51,590,46.79,592.47,27.62,0.4585,12664.41,20798.37,28457.14,35897.36,18666.63,3.0,1.121
FY2024-07,2024,Aug,7,Q3,4,WHSL,Wholesale,Girls,Swim,Original Plan,13614.76,291,46.79,242.39,13.61,0.4622,6292.69,28457.14,14586.38,0.0,0.0,8.4,0.633
FY2024-08,2024,Sep,8,Q3,5,WHSL,Wholesale,Girls,Swim,Original Plan,20422.13,436,46.79,356.43,20.42,0.4625,9446.2,14586.38,16637.41,22850.01,11882.01,3.6,1.308
FY2024-09,2024,Oct,9,Q3,4,WHSL,Wholesale,Girls,Swim,Original Plan,26840.52,574,46.79,594.15,26.84,0.4579,12289.3,16637.41,26479.86,37303.96,19398.06,2.5,1.245
FY2024-10,2024,Nov,10,Q4,4,WHSL,Wholesale,Girls,Swim,Original Plan,16532.2,353,46.79,292.22,16.53,0.4623,7643.23,26479.86,15553.89,5914.99,3075.79,6.4,0.787
FY2024-11,2024,Dec,11,Q4,5,WHSL,Wholesale,Girls,Swim,Original Plan,11669.79,249,46.79,251.65,11.67,0.4584,5349.85,15553.89,9034.31,5413.53,2815.03,6.7,0.949
FY2024-12,2024,Jan,12,Q4,4,WHSL,Wholesale,Girls,Swim,Original Plan,12253.28,262,46.79,265.17,12.25,0.4584,5616.41,9034.31,12844.48,16340.88,8497.26,2.9,1.12
FY2025-01,2025,Feb,1,Q1,4,WHSL,Wholesale,Girls,Swim,Original Plan,34367.54,734,46.79,766.77,34.37,0.4577,15729.65,12844.48,34067.87,56392.05,29323.87,1.5,1.465
FY2025-02,2025,Mar,2,Q1,5,WHSL,Wholesale,Girls,Swim,Original Plan,28824.38,616,46.79,523.67,28.82,0.4618,13312.04,34067.87,23570.58,18879.59,9817.39,5.9,1.0
FY2025-03,2025,Apr,3,Q1,4,WHSL,Wholesale,Girls,Swim,Original Plan,13747.01,294,46.79,283.51,13.75,0.4594,6315.06,23570.58,13736.93,4210.62,2189.52,6.9,0.737
FY2025-04,2025,May,4,Q2,4,WHSL,Wholesale,Girls,Swim,Original Plan,12194.93,261,46.79,237.08,12.19,0.4606,5616.49,13736.93,12024.56,10731.84,5580.56,4.5,0.947
FY2025-05,2025,Jun,5,Q2,5,WHSL,Wholesale,Girls,Swim,Original Plan,29933.01,640,46.79,561.48,29.93,0.4612,13806.37,12024.56,23658.99,42158.85,21922.6,2.0,1.678
FY2025-06,2025,Jul,6,Q2,4,WHSL,Wholesale,Girls,Swim,Original Plan,31485.1,673,46.79,624.85,31.49,0.4602,14488.0,23658.99,31097.92,39580.36,20581.79,3.0,1.15
FY2025-07,2025,Aug,7,Q3,4,WHSL,Wholesale,Girls,Swim,Original Plan,15520.82,332,46.79,306.87,15.52,0.4602,7143.13,31097.92,16333.49,1078.79,560.97,8.0,0.654
FY2025-08,2025,Sep,8,Q3,5,WHSL,Wholesale,Girls,Swim,Original Plan,23281.23,498,46.79,427.1,23.28,0.4617,10747.89,16333.49,18708.98,26107.1,13575.69,3.5,1.329
FY2025-09,2025,Oct,9,Q3,4,WHSL,Wholesale,Girls,Swim,Original Plan,30598.19,654,46.79,542.35,30.6,0.4623,14144.78,18708.98,31309.59,43771.76,22761.32,2.4,1.223
FY2025-10,2025,Nov,10,Q4,4,WHSL,Wholesale,Girls,Swim,Original Plan,18846.71,403,46.79,363.4,18.85,0.4607,8683.03,31309.59,18786.92,6706.28,3487.27,6.6,0.752
FY2025-11,2025,Dec,11,Q4,5,WHSL,Wholesale,Girls,Swim,Original Plan,13303.56,284,46.79,253.46,13.3,0.4609,6132.25,18786.92,10573.56,5356.97,2785.62,7.1,0.906
FY2025-12,2025,Jan,12,Q4,4,WHSL,Wholesale,Girls,Swim,Original Plan,13968.74,299,46.79,282.37,13.97,0.4598,6422.63,10573.56,13579.72,17271.23,8981.04,3.0,1.157
FY2026-01,2026,Feb,1,Q1,4,WHSL,Wholesale,Girls,Swim,Original Plan,40553.69,867,46.79,727.73,40.55,0.4621,18738.04,13579.72,40697.46,68439.71,35588.65,1.3,1.494
FY2026-02,2026,Mar,2,Q1,5,WHSL,Wholesale,Girls,Swim,Original Plan,34012.77,727,46.79,663.72,34.01,0.4605,15662.41,40697.46,26271.89,20284.94,10548.17,6.0,1.016
FY2026-03,2026,Apr,3,Q1,4,WHSL,Wholesale,Girls,Swim,Original Plan,16221.48,347,46.79,334.74,16.22,0.4594,7451.57,26271.89,15274.82,5575.37,2899.19,6.5,0.781
FY2026-04,2026,May,4,Q2,4,WHSL,Wholesale,Girls,Swim,Original Plan,14390.02,308,46.79,300.65,14.39,0.4591,6606.56,15274.82,14181.2,13611.45,7077.95,4.2,0.977
FY2026-05,2026,Jun,5,Q2,5,WHSL,Wholesale,Girls,Swim,Original Plan,35320.96,755,46.79,686.7,35.32,0.4606,16267.36,14181.2,29444.88,51306.66,26679.46,2.0,1.619
FY2026-06,2026,Jul,6,Q2,4,WHSL,Wholesale,Girls,Swim,Original Plan,37152.41,794,46.79,702.79,37.15,0.4611,17130.36,29444.88,37850.12,46297.6,24074.75,3.2,1.104
FY2026-07,2026,Aug,7,Q3,4,WHSL,Wholesale,Girls,Swim,Original Plan,18314.57,391,46.79,343.45,18.31,0.4612,8447.55,37850.12,19351.27,177.48,92.29,8.3,0.64
FY2026-08,2026,Sep,8,Q3,5,WHSL,Wholesale,Girls,Swim,Original Plan,27471.86,587,46.79,578.96,27.47,0.4589,12607.53,19351.27,22820.14,31547.16,16404.52,3.5,1.303
FY2026-09,2026,Oct,9,Q3,4,WHSL,Wholesale,Girls,Swim,Original Plan,36105.87,772,46.79,797.24,36.11,0.4579,16533.58,22820.14,34029.6,48148.66,25037.31,2.5,1.27
FY2026-10,2026,Nov,10,Q4,4,WHSL,Wholesale,Girls,Swim,Original Plan,22239.12,475,46.79,481.64,22.24,0.4583,10193.13,34029.6,22562.82,11276.23,5863.64,6.1,0.786
FY2026-11,2026,Dec,11,Q4,5,WHSL,Wholesale,Girls,Swim,Original Plan,15698.2,335,46.79,268.98,15.7,0.4629,7266.16,22562.82,12925.76,6345.82,3299.83,7.2,0.885
FY2026-12,2026,Jan,12,Q4,4,WHSL,Wholesale,Girls,Swim,Original Plan,16483.11,352,46.79,371.27,16.48,0.4575,7540.62,12925.76,17132.35,21077.46,10960.28,3.1,1.097
FY2024-01,2024,Feb,1,Q1,4,WHSL,Wholesale,Girls,Swim,Current Plan,30439.22,651,46.79,653.6,30.44,0.4585,13957.22,29332.31,29983.12,31774.07,16522.52,3.9,1.026
FY2024-02,2024,Mar,2,Q1,5,WHSL,Wholesale,Girls,Swim,Current Plan,25465.62,544,46.79,512.01,25.47,0.4599,11711.49,29983.12,21349.95,17369.93,9032.37,5.9,0.992
FY2024-03,2024,Apr,3,Q1,4,WHSL,Wholesale,Girls,Swim,Current Plan,12220.6,261,46.79,224.06,12.22,0.4617,5641.83,21349.95,11943.62,3050.55,1586.29,7.0,0.734
FY2024-04,2024,May,4,Q2,4,WHSL,Wholesale,Girls,Swim,Current Plan,10848.11,232,46.79,246.71,10.85,0.4573,4960.38,11943.62,11470.45,10632.5,5528.9,4.4,0.927
FY2024-05,2024,Jun,5,Q2,5,WHSL,Wholesale,Girls,Swim,Current Plan,27133.23,580,46.79,561.47,27.13,0.4593,12462.48,11470.45,22459.83,38711.2,20129.83,2.1,1.599
FY2024-06,2024,Jul,6,Q2,4,WHSL,Wholesale,Girls,Swim,Current Plan,27485.78,587,46.79,554.67,27.49,0.4598,12638.51,22459.83,28759.32,34367.43,17871.06,3.3,1.073
FY2024-07,2024,Aug,7,Q3,4,WHSL,Wholesale,Girls,Swim,Current Plan,14027.33,300,46.79,287.31,14.03,0.4595,6445.81,28759.32,14430.66,0.0,0.0,8.2,0.65
FY2024-08,2024,Sep,8,Q3,5,WHSL,Wholesale,Girls,Swim,Current Plan,20636.55,441,46.79,441.33,20.64,0.4586,9464.21,14430.66,16489.22,23157.07,12041.68,3.5,1.335
FY2024-09,2024,Oct,9,Q3,4,WHSL,Wholesale,Girls,Swim,Current Plan,26607.6,569,46.79,560.47,26.61,0.4589,12211.18,16489.22,25257.04,35962.49,18700.5,2.5,1.275
FY2024-10,2024,Nov,10,Q4,4,WHSL,Wholesale,Girls,Swim,Current Plan,16850.85,360,46.79,308.82,16.85,0.4617,7779.59,25257.04,16878.53,8798.01,4574.96,6.0,0.8
FY2024-11,2024,Dec,11,Q4,5,WHSL,Wholesale,Girls,Swim,Current Plan,11950.29,255,46.79,247.53,11.95,0.4593,5488.6,16878.53,9159.76,4490.99,2335.32,7.1,0.918
FY2024-12,2024,Jan,12,Q4,4,WHSL,Wholesale,Girls,Swim,Current Plan,12716.93,272,46.79,221.48,12.72,0.4626,5882.65,9159.76,12919.74,16711.11,8689.77,2.9,1.152
FY2025-01,2025,Feb,1,Q1,4,WHSL,Wholesale,Girls,Swim,Current Plan,34094.39,729,46.79,679.03,34.09,0.4601,15686.27,12919.74,35820.25,57708.02,30008.17,1.5,1.399
FY2025-02,2025,Mar,2,Q1,5,WHSL,Wholesale,Girls,Swim,Current Plan,29269.88,626,46.79,616.94,29.27,0.4589,13432.6,35820.25,22650.5,16746.34,8708.09,6.1,1.001
FY2025-03,2025,Apr,3,Q1,4,WHSL,Wholesale,Girls,Swim,Current Plan,14193.97,303,46.79,301.25,14.19,0.4588,6511.86,22650.5,14659.55,6518.47,3389.6,6.4,0.761
FY2025-04,2025,May,4,Q2,4,WHSL,Wholesale,Girls,Swim,Current Plan,12492.54,267,46.79,232.59,12.49,0.4614,5763.83,14659.55,13096.44,11174.52,5810.75,4.7,0.9
FY2025-05,2025,Jun,5,Q2,5,WHSL,Wholesale,Girls,Swim,Current Plan,29569.21,632,46.79,514.14,29.57,0.4626,13679.08,13096.44,24822.86,41839.32,21756.45,2.2,1.56
FY2025-06,2025,Jul,6,Q2,4,WHSL,Wholesale,Girls,Swim,Current Plan,30909.92,661,46.79,617.31,30.91,0.46,14219.45,24822.86,29879.15,36614.43,19039.5,3.2,1.13
FY2025-07,2025,Aug,7,Q3,4,WHSL,Wholesale,Girls,Swim,Current Plan,15706.81,336,46.79,289.49,15.71,0.4616,7249.78,29879.15,16143.05,2275.91,1183.47,7.6,0.683
FY2025-08,2025,Sep,8,Q3,5,WHSL,Wholesale,Girls,Swim,Current Plan,23845.09,510,46.79,422.78,23.85,0.4623,11022.86,16143.05,20134.37,28283.03,14707.17,3.4,1.315
FY2025-09,2025,Oct,9,Q3,4,WHSL,Wholesale,Girls,Swim,Current Plan,31365.94,670,46.79,554.44,31.37,0.4623,14501.21,20134.37,31177.36,42994.73,22357.26,2.6,1.223
FY2025-10,2025,Nov,10,Q4,4,WHSL,Wholesale,Girls,Swim,Current Plan,18624.23,398,46.79,392.09,18.62,0.4589,8547.54,31177.36,18728.4,6585.99,3424.72,6.7,0.746
FY2025-11,2025,Dec,11,Q4,5,WHSL,Wholesale,Girls,Swim,Current Plan,13388.64,286,46.79,233.75,13.39,0.4625,6192.79,18728.4,11091.83,5999.22,3119.59,7.0,0.898
FY2025-12,2025,Jan,12,Q4,4,WHSL,Wholesale,Girls,Swim,Current Plan,14384.97,307,46.79,312.85,14.38,0.4583,6591.94,11091.83,14476.28,18096.65,9410.26,3.1,1.125
FY2026-01,2026,Feb,1,Q1,4,WHSL,Wholesale,Girls,Swim,Current Plan,42540.92,909,46.79,916.36,42.54,0.4585,19503.28,14476.28,41395.32,70418.85,36617.8,1.4,1.523
FY2026-02,2026,Mar,2,Q1,5,WHSL,Wholesale,Girls,Swim,Current Plan,34748.15,743,46.79,704.42,34.75,0.4597,15974.69,41395.32,26525.83,20617.84,10721.28,6.0,1.023
FY2026-03,2026,Apr,3,Q1,4,WHSL,Wholesale,Girls,Swim,Current Plan,16534.38,353,46.79,342.52,16.53,0.4593,7593.98,26525.83,16075.02,6442.61,3350.16,6.4,0.776
FY2026-04,2026,May,4,Q2,4,WHSL,Wholesale,Girls,Swim,Current Plan,14871.78,318,46.79,254.05,14.87,0.4629,6884.41,16075.02,14043.66,13109.35,6816.86,4.3,0.988
FY2026-05,2026,Jun,5,Q2,5,WHSL,Wholesale,Girls,Swim,Current Plan,36605.28,782,46.79,713.85,36.61,0.4605,16856.68,14043.66,27862.57,51174.64,26610.81,1.9,1.747
FY2026-06,2026,Jul,6,Q2,4,WHSL,Wholesale,Girls,Swim,Current Plan,38428.6,821,46.79,876.91,38.43,0.4572,17568.82,27862.57,39827.39,51308.76,26680.56,2.9,1.135
FY2026-07,2026,Aug,7,Q3,4,WHSL,Wholesale,Girls,Swim,Current Plan,19189.83,410,46.79,435.99,19.19,0.4573,8775.13,39827.39,20182.38,0.0,0.0,8.3,0.64
FY2026-08,2026,Sep,8,Q3,5,WHSL,Wholesale,Girls,Swim,Current Plan,28523.96,610,46.79,487.91,28.52,0.4629,13203.58,20182.38,22385.01,31243.03,16246.38,3.5,1.34
FY2026-09,2026,Oct,9,Q3,4,WHSL,Wholesale,Girls,Swim,Current Plan,36787.44,786,46.79,791.98,36.79,0.4585,16865.99,22385.01,36494.86,51726.06,26897.55,2.4,1.25
FY2026-10,2026,Nov,10,Q4,4,WHSL,Wholesale,Girls,Swim,Current Plan,23106.49,494,46.79,410.09,23.11,0.4623,10681.02,36494.86,23037.85,10082.68,5242.99,6.3,0.776
FY2026-11,2026,Dec,11,Q4,5,WHSL,Wholesale,Girls,Swim,Current Plan,16321.25,349,46.79,325.66,16.32,0.46,7508.54,23037.85,12305.05,5930.43,3083.82,7.1,0.924
FY2026-12,2026,Jan,12,Q4,4,WHSL,Wholesale,Girls,Swim,Current Plan,16565.55,354,46.79,380.01,16.57,0.4571,7571.45,12305.05,16969.36,21626.44,11245.75,3.0,1.132
FY2024-01,2024,Feb,1,Q1,4,ECOM,Ecommerce,Girls,Tops,Original Plan,86461.26,1617,53.47,12055.95,345.85,0.5006,43279.25,233322.77,237476.01,103016.3,37085.87,10.8,0.367
FY2024-02,2024,Mar,2,Q1,5,ECOM,Ecommerce,Girls,Tops,Original Plan,123849.91,2316,53.47,18141.92,495.4,0.4935,61122.02,237476.01,294376.52,199387.74,71779.59,9.6,0.466
FY2024-03,2024,Apr,3,Q1,4,ECOM,Ecommerce,Girls,Tops,Original Plan,137870.65,2579,53.47,15944.14,551.48,0.5244,72293.08,294376.52,396249.5,256239.25,92246.13,8.5,0.399
FY2024-04,2024,May,4,Q2,4,ECOM,Ecommerce,Girls,Tops,Original Plan,127355.1,2382,53.47,19635.92,509.42,0.4858,61871.34,396249.5,361985.15,113236.09,40764.99,12.4,0.336
FY2024-05,2024,Jun,5,Q2,5,ECOM,Ecommerce,Girls,Tops,Original Plan,115671.14,2163,53.47,14337.08,462.68,0.5161,59692.45,361985.15,253705.06,22190.81,7988.69,15.6,0.376
FY2024-06,2024,Jul,6,Q2,4,ECOM,Ecommerce,Girls,Tops,Original Plan,98145.21,1836,53.47,13890.5,392.58,0.4985,48922.43,253705.06,282443.33,141166.56,50819.96,10.3,0.366
FY2024-07,2024,Aug,7,Q3,4,ECOM,Ecommerce,Girls,Tops,Original Plan,102818.79,1923,53.47,15941.09,411.28,0.485,49862.93,282443.33,304278.9,141006.74,50762.43,11.0,0.35
FY2024-08,2024,Sep,8,Q3,5,ECOM,Ecommerce,Girls,Tops,Original Plan,110997.56,2076,53.47,15601.78,443.99,0.4994,55436.66,304278.9,253161.25,75925.67,27333.24,13.7,0.398
FY2024-09,2024,Oct,9,Q3,4,ECOM,Ecommerce,Girls,Tops,Original Plan,116839.54,2185,53.47,14723.9,467.36,0.514,60053.4,253161.25,331432.52,210302.07,75708.75,8.7,0.4
FY2024-10,2024,Nov,10,Q4,4,ECOM,Ecommerce,Girls,Tops,Original Plan,168248.93,3147,53.47,25076.81,673.0,0.491,82602.51,331432.52,505369.69,367935.91,132456.93,7.9,0.402
FY2024-11,2024,Dec,11,Q4,5,ECOM,Ecommerce,Girls,Tops,Original Plan,182269.68,3409,53.47,23272.36,729.08,0.5123,93380.24,505369.69,435201.35,136102.77,48997.0,13.9,0.388
FY2024-12,2024,Jan,12,Q4,4,ECOM,Ecommerce,Girls,Tops,Original Plan,73608.91,1377,53.47,9523.78,294.44,0.5106,37585.93,435201.35,351774.23,0.0,0.0,23.6,0.187
FY2025-01,2025,Feb,1,Q1,4,ECOM,Ecommerce,Girls,Tops,Original Plan,98565.83,1844,53.47,11995.18,394.26,0.5183,51086.95,351774.23,273965.3,33146.35,11932.68,14.3,0.315
FY2025-02,2025,Mar,2,Q1,5,ECOM,Ecommerce,Girls,Tops,Original Plan,141188.9,2641,53.47,18992.41,564.76,0.5055,71368.48,273965.3,315383.28,202164.05,72779.06,9.7,0.479
FY2025-03,2025,Apr,3,Q1,4,ECOM,Ecommerce,Girls,Tops,Original Plan,157172.55,2940,53.47,19049.65,628.69,0.5188,81540.78,315383.28,472483.65,333951.25,120222.45,8.0,0.399
FY2025-04,2025,May,4,Q2,4,ECOM,Ecommerce,Girls,Tops,Original Plan,145184.81,2715,53.47,20389.78,580.74,0.4996,72528.5,472483.65,425849.58,119521.25,43027.65,13.0,0.323
FY2025-05,2025,Jun,5,Q2,5,ECOM,Ecommerce,Girls,Tops,Original Plan,131865.1,2466,53.47,20381.94,527.46,0.4854,64011.73,425849.58,301226.18,28151.1,10134.4,16.1,0.363
FY2025-06,2025,Jul,6,Q2,4,ECOM,Ecommerce,Girls,Tops,Original Plan,111885.54,2093,53.47,16669.56,447.54,0.491,54937.19,301226.18,307783.38,135559.84,48801.54,10.8,0.367
FY2025-07,2025,Aug,7,Q3,4,ECOM,Ecommerce,Girls,Tops,Original Plan,117213.42,2192,53.47,15732.5,468.85,0.5058,59284.09,307783.38,343428.86,169060.26,60861.69,10.5,0.36
FY2025-08,2025,Sep,8,Q3,5,ECOM,Ecommerce,Girls,Tops,Original Plan,126537.22,2367,53.47,16225.59,506.15,0.5118,64758.23,343428.86,287077.45,86917.55,31290.32,13.6,0.401
FY2025-09,2025,Oct,9,Q3,4,ECOM,Ecommerce,Girls,Tops,Original Plan,133197.07,2491,53.47,15866.45,532.79,0.5209,69379.68,287077.45,371070.48,233589.33,84092.16,8.6,0.405
FY2025-10,2025,Nov,10,Q4,4,ECOM,Ecommerce,Girls,Tops,Original Plan,191803.78,3587,53.47,22413.52,767.22,0.5231,100340.9,371070.48,580564.75,424478.8,152812.37,7.7,0.403
FY2025-11,2025,Dec,11,Q4,5,ECOM,Ecommerce,Girls,Tops,Original Plan,207787.43,3886,53.47,26783.03,831.15,0.5111,106200.93,580564.75,457338.93,112175.8,40383.29,14.0,0.4
FY2025-12,2025,Jan,12,Q4,4,ECOM,Ecommerce,Girls,Tops,Original Plan,83914.16,1569,53.47,10070.68,335.66,0.52,43634.38,457338.93,363018.44,0.0,0.0,21.8,0.205
FY2026-01,2026,Feb,1,Q1,4,ECOM,Ecommerce,Girls,Tops,Original Plan,116307.68,2175,53.47,17748.46,465.23,0.4874,56688.45,363018.44,319495.25,90998.19,32759.35,12.5,0.341
FY2026-02,2026,Mar,2,Q1,5,ECOM,Ecommerce,Girls,Tops,Original Plan,166602.9,3116,53.47,22023.62,666.41,0.5078,84602.24,319495.25,381711.65,251509.32,90543.36,9.6,0.475
FY2026-03,2026,Apr,3,Q1,4,ECOM,Ecommerce,Girls,Tops,Original Plan,185463.6,3469,53.47,23880.17,741.85,0.5112,94816.53,381711.65,509069.2,337443.18,121479.54,8.2,0.416
FY2026-04,2026,May,4,Q2,4,ECOM,Ecommerce,Girls,Tops,Original Plan,171318.07,3204,53.47,24385.58,685.27,0.4977,85257.98,509069.2,509144.22,196463.95,70727.02,11.9,0.337
FY2026-05,2026,Jun,5,Q2,5,ECOM,Ecommerce,Girls,Tops,Original Plan,155600.82,2910,53.47,20504.53,622.4,0.5082,79080.0,509144.22,339354.77,6938.31,2497.79,16.4,0.367
FY2026-06,2026,Jul,6,Q2,4,ECOM,Ecommerce,Girls,Tops,Original Plan,132024.94,2469,53.47,16281.61,528.1,0.5167,68214.35,339354.77,401904.5,211384.38,76098.38,10.3,0.356
FY2026-07,2026,Aug,7,Q3,4,ECOM,Ecommerce,Girls,Tops,Original Plan,138311.84,2587,53.47,17432.86,553.25,0.514,71086.72,401904.5,394089.64,148483.08,53453.91,11.6,0.348
FY2026-08,2026,Sep,8,Q3,5,ECOM,Ecommerce,Girls,Tops,Original Plan,149313.92,2793,53.47,23061.44,597.26,0.4856,72499.46,394089.64,327893.94,106776.92,38439.69,13.2,0.414
FY2026-09,2026,Oct,9,Q3,4,ECOM,Ecommerce,Girls,Tops,Original Plan,157172.55,2940,53.47,20487.78,628.69,0.5096,80102.65,327893.94,459129.89,309524.96,111428.99,8.3,0.399
FY2026-10,2026,Nov,10,Q4,4,ECOM,Ecommerce,Girls,Tops,Original Plan,226328.47,4233,53.47,32180.02,905.31,0.4978,112670.2,459129.89,684906.37,485190.28,174668.5,8.1,0.396
FY2026-11,2026,Dec,11,Q4,5,ECOM,Ecommerce,Girls,Tops,Original Plan,245189.17,4586,53.47,36139.86,980.76,0.4926,120781.21,684906.37,544132.86,141536.28,50953.06,14.0,0.399
FY2026-12,2026,Jan,12,Q4,4,ECOM,Ecommerce,Girls,Tops,Original Plan,99018.7,1852,53.47,14560.86,396.07,0.4929,48811.11,544132.86,430157.22,0.0,0.0,22.0,0.203
FY2024-01,2024,Feb,1,Q1,4,ECOM,Ecommerce,Girls,Tops,Current Plan,86503.09,1618,53.47,12565.62,346.01,0.4947,42796.36,247381.28,258921.15,110954.59,39943.65,11.4,0.342
FY2024-02,2024,Mar,2,Q1,5,ECOM,Ecommerce,Girls,Tops,Current Plan,125992.93,2356,53.47,17156.58,503.97,0.5038,63478.9,258921.15,273233.36,157965.7,56867.65,10.3,0.474
FY2024-03,2024,Apr,3,Q1,4,ECOM,Ecommerce,Girls,Tops,Current Plan,137984.54,2581,53.47,19076.34,551.94,0.5018,69233.76,273233.36,406384.11,290763.58,104674.89,7.9,0.406
FY2024-04,2024,May,4,Q2,4,ECOM,Ecommerce,Girls,Tops,Current Plan,131373.74,2457,53.47,19009.96,525.49,0.4953,65069.24,406384.11,382331.01,126856.09,45668.19,12.4,0.333
FY2024-05,2024,Jun,5,Q2,5,ECOM,Ecommerce,Girls,Tops,Current Plan,115961.76,2169,53.47,14646.32,463.85,0.5137,59569.21,382331.01,279485.02,28225.94,10161.34,16.5,0.35
FY2024-06,2024,Jul,6,Q2,4,ECOM,Ecommerce,Girls,Tops,Current Plan,99735.71,1865,53.47,14657.07,398.94,0.493,49173.79,279485.02,284003.54,119310.24,42951.69,11.2,0.354
FY2024-07,2024,Aug,7,Q3,4,ECOM,Ecommerce,Girls,Tops,Current Plan,101728.38,1903,53.47,13492.56,406.91,0.5074,51613.6,284003.54,275457.92,107082.24,38549.61,11.2,0.364
FY2024-08,2024,Sep,8,Q3,5,ECOM,Ecommerce,Girls,Tops,Current Plan,111512.57,2086,53.47,14458.98,446.05,0.5103,56909.06,275457.92,271001.13,121960.81,43905.89,12.4,0.408
FY2024-09,2024,Oct,9,Q3,4,ECOM,Ecommerce,Girls,Tops,Current Plan,116479.58,2179,53.47,13437.34,465.92,0.5246,61109.59,271001.13,334856.93,194238.65,69925.91,9.3,0.385
FY2024-10,2024,Nov,10,Q4,4,ECOM,Ecommerce,Girls,Tops,Current Plan,169825.22,3176,53.47,21410.62,679.3,0.5139,87277.52,334856.93,480629.52,337687.72,121567.58,7.9,0.417
FY2024-11,2024,Dec,11,Q4,5,ECOM,Ecommerce,Girls,Tops,Current Plan,178346.3,3336,53.47,21937.51,713.39,0.517,92204.13,480629.52,407605.86,127973.54,46070.47,13.5,0.402
FY2024-12,2024,Jan,12,Q4,4,ECOM,Ecommerce,Girls,Tops,Current Plan,73761.62,1380,53.47,10977.12,295.05,0.4912,36230.32,407605.86,322572.07,0.0,0.0,22.1,0.202
FY2025-01,2025,Feb,1,Q1,4,ECOM,Ecommerce,Girls,Tops,Current Plan,97391.98,1822,53.47,14123.17,389.57,0.495,48207.7,322572.07,284363.83,73696.48,26530.73,13.2,0.321
FY2025-02,2025,Mar,2,Q1,5,ECOM,Ecommerce,Girls,Tops,Current Plan,143470.02,2683,53.47,16809.94,573.88,0.5228,75010.87,284363.83,338998.07,215488.09,77575.71,9.9,0.46
FY2025-03,2025,Apr,3,Q1,4,ECOM,Ecommerce,Girls,Tops,Current Plan,158400.96,2963,53.47,18724.02,633.6,0.5218,82652.59,338998.07,461321.42,300081.94,108029.5,8.6,0.396
FY2025-04,2025,May,4,Q2,4,ECOM,Ecommerce,Girls,Tops,Current Plan,144841.48,2709,53.47,22164.53,579.37,0.487,70534.02,461321.42,408789.0,115052.95,41419.06,12.7,0.333
FY2025-05,2025,Jun,5,Q2,5,ECOM,Ecommerce,Girls,Tops,Current Plan,131991.62,2469,53.47,16830.27,527.97,0.5125,67644.37,408789.0,312443.32,53004.18,19081.5,15.5,0.366
FY2025-06,2025,Jul,6,Q2,4,ECOM,Ecommerce,Girls,Tops,Current Plan,112853.62,2111,53.47,17432.1,451.41,0.4855,54794.22,312443.32,312352.35,130646.17,47032.62,11.1,0.361
FY2025-07,2025,Aug,7,Q3,4,ECOM,Ecommerce,Girls,Tops,Current Plan,117565.64,2199,53.47,18103.34,470.26,0.486,57138.67,312352.35,350326.82,174113.71,62680.94,10.6,0.355
FY2025-08,2025,Sep,8,Q3,5,ECOM,Ecommerce,Girls,Tops,Current Plan,131540.6,2460,53.47,18307.64,526.16,0.5008,65878.34,350326.82,310768.39,110815.97,39893.75,13.3,0.398
FY2025-09,2025,Oct,9,Q3,4,ECOM,Ecommerce,Girls,Tops,Current Plan,135799.11,2540,53.47,17991.32,543.2,0.5075,68920.11,310768.39,375079.86,218645.1,78712.23,9.2,0.396
FY2025-10,2025,Nov,10,Q4,4,ECOM,Ecommerce,Girls,Tops,Current Plan,193095.91,3612,53.47,26056.76,772.38,0.5051,97524.62,375079.86,535583.01,380428.21,136954.16,7.8,0.424
FY2025-11,2025,Dec,11,Q4,5,ECOM,Ecommerce,Girls,Tops,Current Plan,211313.32,3952,53.47,29051.07,845.25,0.5025,106189.45,535583.01,498673.68,204300.31,73548.11,12.7,0.409
FY2025-12,2025,Jan,12,Q4,4,ECOM,Ecommerce,Girls,Tops,Current Plan,83414.37,1560,53.47,11991.45,333.66,0.4962,41393.75,498673.68,402934.21,0.0,0.0,23.9,0.185
FY2026-01,2026,Feb,1,Q1,4,ECOM,Ecommerce,Girls,Tops,Current Plan,116269.7,2175,53.47,14204.1,465.08,0.5178,60208.51,402934.21,314476.94,42481.6,15293.38,13.9,0.324
FY2026-02,2026,Mar,2,Q1,5,ECOM,Ecommerce,Girls,Tops,Current Plan,162977.9,3048,53.47,25073.59,651.91,0.4862,79232.27,314476.94,392305.94,266532.41,95951.67,9.6,0.461
FY2026-03,2026,Apr,3,Q1,4,ECOM,Ecommerce,Girls,Tops,Current Plan,185292.91,3466,53.47,24045.88,741.17,0.5102,94541.59,392305.94,521392.0,339166.02,122099.77,8.5,0.406
FY2026-04,2026,May,4,Q2,4,ECOM,Ecommerce,Girls,Tops,Current Plan,168349.06,3149,53.47,19922.62,673.4,0.5217,87820.78,521392.0,473933.63,141486.7,50935.21,12.4,0.338
FY2026-05,2026,Jun,5,Q2,5,ECOM,Ecommerce,Girls,Tops,Current Plan,152179.65,2846,53.47,19155.93,608.72,0.5141,78239.04,473933.63,366673.83,64684.49,23286.42,15.6,0.362
FY2026-06,2026,Jul,6,Q2,4,ECOM,Ecommerce,Girls,Tops,Current Plan,130648.6,2444,53.47,16793.95,522.59,0.5115,66821.15,366673.83,356777.16,138068.48,49704.65,11.2,0.361
FY2026-07,2026,Aug,7,Q3,4,ECOM,Ecommerce,Girls,Tops,Current Plan,135161.07,2528,53.47,20200.39,540.64,0.4905,66302.7,356777.16,405930.5,205055.43,73819.96,10.6,0.354
FY2026-08,2026,Sep,8,Q3,5,ECOM,Ecommerce,Girls,Tops,Current Plan,149440.45,2795,53.47,21445.31,597.76,0.4965,74196.57,405930.5,360455.7,126008.73,45363.14,13.6,0.39
FY2026-09,2026,Oct,9,Q3,4,ECOM,Ecommerce,Girls,Tops,Current Plan,155868.58,2915,53.47,21136.27,623.47,0.5044,78619.63,360455.7,428217.51,245390.13,88340.45,9.3,0.395
FY2026-10,2026,Nov,10,Q4,4,ECOM,Ecommerce,Girls,Tops,Current Plan,219649.84,4108,53.47,27746.08,878.6,0.5137,112829.82,428217.51,593638.85,413695.87,148930.51,7.8,0.43
FY2026-11,2026,Dec,11,Q4,5,ECOM,Ecommerce,Girls,Tops,Current Plan,244806.16,4579,53.47,29160.71,979.22,0.5209,127515.24,593638.85,546827.11,228134.36,82128.37,12.1,0.429
FY2026-12,2026,Jan,12,Q4,4,ECOM,Ecommerce,Girls,Tops,Current Plan,96874.76,1812,53.47,13977.09,387.5,0.4957,48022.76,546827.11,435587.76,0.0,0.0,22.6,0.197
FY2024-01,2024,Feb,1,Q1,4,STORE,Retail Stores,Girls,Tops,Original Plan,39300.57,735,53.47,4180.55,353.71,0.5336,20971.82,113671.27,115708.06,45871.61,16513.78,11.6,0.343
FY2024-02,2024,Mar,2,Q1,5,STORE,Retail Stores,Girls,Tops,Original Plan,56295.41,1053,53.47,5283.31,506.66,0.5462,30745.75,115708.06,122676.92,69054.24,24859.53,10.3,0.472
FY2024-03,2024,Apr,3,Q1,4,STORE,Retail Stores,Girls,Tops,Original Plan,62668.48,1172,53.47,7157.83,564.02,0.5258,32949.99,122676.92,182329.84,130043.26,46815.57,7.8,0.411
FY2024-04,2024,May,4,Q2,4,STORE,Retail Stores,Girls,Tops,Original Plan,57888.68,1083,53.47,5293.36,521.0,0.5486,31755.4,182329.84,156673.95,38047.14,13696.97,12.6,0.342
FY2024-05,2024,Jun,5,Q2,5,STORE,Retail Stores,Girls,Tops,Original Plan,52577.79,983,53.47,4902.17,473.2,0.5468,28747.61,156673.95,114383.31,15662.52,5638.51,14.9,0.388
FY2024-06,2024,Jul,6,Q2,4,STORE,Retail Stores,Girls,Tops,Original Plan,44611.46,834,53.47,4196.51,401.5,0.5459,24354.82,114383.31,120726.44,55552.61,19998.94,10.3,0.379
FY2024-07,2024,Aug,7,Q3,4,STORE,Retail Stores,Girls,Tops,Original Plan,46735.81,874,53.47,5396.34,420.62,0.5245,24514.58,120726.44,139172.3,70998.64,25559.51,10.3,0.36
FY2024-08,2024,Sep,8,Q3,5,STORE,Retail Stores,Girls,Tops,Original Plan,50453.44,944,53.47,5861.93,454.08,0.5238,26428.27,139172.3,116874.07,34471.22,12409.64,13.8,0.394
FY2024-09,2024,Oct,9,Q3,4,STORE,Retail Stores,Girls,Tops,Original Plan,53108.88,993,53.47,5037.16,477.98,0.5452,28952.52,116874.07,159731.42,101481.36,36533.29,8.8,0.384
FY2024-10,2024,Nov,10,Q4,4,STORE,Retail Stores,Girls,Tops,Original Plan,76476.79,1430,53.47,8791.45,688.29,0.525,40153.69,159731.42,212269.89,138495.01,49858.2,8.4,0.411
FY2024-11,2024,Dec,11,Q4,5,STORE,Retail Stores,Girls,Tops,Original Plan,82849.85,1550,53.47,8087.23,745.65,0.5424,44936.67,212269.89,184963.37,64376.22,23175.44,12.8,0.417
FY2024-12,2024,Jan,12,Q4,4,STORE,Retail Stores,Girls,Tops,Original Plan,33458.59,626,53.47,3526.87,301.13,0.5346,17886.63,184963.37,147676.78,0.0,0.0,22.1,0.201
FY2025-01,2025,Feb,1,Q1,4,STORE,Retail Stores,Girls,Tops,Original Plan,44802.65,838,53.47,4160.78,403.22,0.5471,24512.91,147676.78,124613.06,26302.94,9469.06,13.2,0.329
FY2025-02,2025,Mar,2,Q1,5,STORE,Retail Stores,Girls,Tops,Original Plan,64176.77,1200,53.47,5873.12,577.59,0.5485,35200.01,124613.06,144130.77,90145.19,32452.27,9.7,0.478
FY2025-03,2025,Apr,3,Q1,4,STORE,Retail Stores,Girls,Tops,Original Plan,71442.07,1336,53.47,6832.08,642.98,0.5444,38890.84,144130.77,209279.06,144065.42,51863.55,8.1,0.404
FY2025-04,2025,May,4,Q2,4,STORE,Retail Stores,Girls,Tops,Original Plan,65993.09,1234,53.47,7778.73,593.94,0.5221,34456.85,209279.06,186285.44,51372.14,18493.97,12.7,0.334
FY2025-05,2025,Jun,5,Q2,5,STORE,Retail Stores,Girls,Tops,Original Plan,59938.68,1121,53.47,6391.85,539.45,0.5334,31968.91,186285.44,141484.41,22068.95,7944.82,15.5,0.366
FY2025-06,2025,Jul,6,Q2,4,STORE,Retail Stores,Girls,Tops,Original Plan,50857.06,951,53.47,5090.64,457.71,0.5399,27457.88,141484.41,145549.81,60470.82,21769.49,11.1,0.354
FY2025-07,2025,Aug,7,Q3,4,STORE,Retail Stores,Girls,Tops,Original Plan,53278.83,996,53.47,5873.55,479.51,0.5298,28224.9,145549.81,161612.71,75694.8,27250.13,10.9,0.347
FY2025-08,2025,Sep,8,Q3,5,STORE,Retail Stores,Girls,Tops,Original Plan,57516.92,1076,53.47,6899.16,517.65,0.52,29911.67,161612.71,126519.33,29840.35,10742.52,14.0,0.399
FY2025-09,2025,Oct,9,Q3,4,STORE,Retail Stores,Girls,Tops,Original Plan,60544.12,1132,53.47,6784.94,544.9,0.5279,31963.3,126519.33,164384.08,105738.72,38065.94,8.4,0.416
FY2025-10,2025,Nov,10,Q4,4,STORE,Retail Stores,Girls,Tops,Original Plan,87183.54,1631,53.47,10176.06,784.65,0.5233,45621.4,164384.08,257919.87,191680.04,69004.81,7.5,0.413
FY2025-11,2025,Dec,11,Q4,5,STORE,Retail Stores,Girls,Tops,Original Plan,94448.83,1767,53.47,9962.22,850.04,0.5345,50485.03,257919.87,206772.27,54113.5,19480.86,13.7,0.407
FY2025-12,2025,Jan,12,Q4,4,STORE,Retail Stores,Girls,Tops,Original Plan,38142.8,713,53.47,3802.64,343.29,0.5403,20608.75,206772.27,164483.55,0.0,0.0,21.7,0.205
FY2026-01,2026,Feb,1,Q1,4,STORE,Retail Stores,Girls,Tops,Original Plan,52867.13,989,53.47,6327.96,475.8,0.5203,27507.0,164483.55,149165.22,44352.57,15966.93,12.4,0.337
FY2026-02,2026,Mar,2,Q1,5,STORE,Retail Stores,Girls,Tops,Original Plan,75728.59,1416,53.47,7173.81,681.56,0.5453,41292.49,149165.22,169022.26,103440.99,37238.76,9.8,0.476
FY2026-03,2026,Apr,3,Q1,4,STORE,Retail Stores,Girls,Tops,Original Plan,84301.64,1577,53.47,9790.95,758.71,0.5239,44162.09,169022.26,230223.3,156052.35,56178.84,8.0,0.422
FY2026-04,2026,May,4,Q2,4,STORE,Retail Stores,Girls,Tops,Original Plan,77871.85,1456,53.47,7861.79,700.85,0.539,41976.19,230223.3,220520.65,76731.84,27623.46,11.8,0.346
FY2026-05,2026,Jun,5,Q2,5,STORE,Retail Stores,Girls,Tops,Original Plan,70727.65,1323,53.47,6322.31,636.55,0.5506,38943.38,220520.65,166754.71,23920.56,8611.4,15.6,0.365
FY2026-06,2026,Jul,6,Q2,4,STORE,Retail Stores,Girls,Tops,Original Plan,60011.34,1122,53.47,5883.16,540.1,0.542,32524.1,166754.71,169653.39,69333.27,24959.98,11.1,0.357
FY2026-07,2026,Aug,7,Q3,4,STORE,Retail Stores,Girls,Tops,Original Plan,62869.02,1176,53.47,7100.27,565.82,0.5271,33135.9,169653.39,189544.0,90425.73,32553.26,10.8,0.35
FY2026-08,2026,Sep,8,Q3,5,STORE,Retail Stores,Girls,Tops,Original Plan,67869.96,1269,53.47,6184.18,610.83,0.5489,37252.6,189544.0,151287.15,36408.11,13106.92,14.0,0.398
FY2026-09,2026,Oct,9,Q3,4,STORE,Retail Stores,Girls,Tops,Original Plan,71442.07,1336,53.47,8455.91,642.98,0.5216,37267.01,151287.15,198765.7,128019.5,46087.02,8.5,0.408
FY2026-10,2026,Nov,10,Q4,4,STORE,Retail Stores,Girls,Tops,Original Plan,102876.58,1924,53.47,10881.96,925.89,0.5342,54959.05,198765.7,298927.48,214846.21,77344.63,7.7,0.413
FY2026-11,2026,Dec,11,Q4,5,STORE,Retail Stores,Girls,Tops,Original Plan,111449.62,2084,53.47,12518.33,1003.05,0.5277,58809.43,298927.48,252525.21,78568.73,28284.74,13.4,0.404
FY2026-12,2026,Jan,12,Q4,4,STORE,Retail Stores,Girls,Tops,Original Plan,45008.5,842,53.47,4926.42,405.08,0.5305,23879.02,252525.21,202185.21,0.0,0.0,22.4,0.198
FY2024-01,2024,Feb,1,Q1,4,STORE,Retail Stores,Girls,Tops,Current Plan,38779.65,725,53.47,4632.48,349.02,0.5205,20186.5,122558.14,117869.97,39072.98,14066.27,12.6,0.323
FY2024-02,2024,Mar,2,Q1,5,STORE,Retail Stores,Girls,Tops,Current Plan,60316.72,1128,53.47,7169.92,542.85,0.5211,31432.78,117869.97,133895.81,84055.33,30259.92,9.8,0.479
FY2024-03,2024,Apr,3,Q1,4,STORE,Retail Stores,Girls,Tops,Current Plan,62796.5,1175,53.47,6297.79,565.17,0.5397,33891.97,133895.81,182088.88,117852.53,42426.91,8.5,0.397
FY2024-04,2024,May,4,Q2,4,STORE,Retail Stores,Girls,Tops,Current Plan,57092.49,1068,53.47,6081.47,513.83,0.5335,30457.73,182088.88,168165.46,49764.36,17915.17,12.8,0.326
FY2024-05,2024,Jun,5,Q2,5,STORE,Retail Stores,Girls,Tops,Current Plan,51825.31,969,53.47,6099.36,466.43,0.5223,27068.84,168165.46,120735.47,10961.11,3946.0,16.2,0.359
FY2024-06,2024,Jul,6,Q2,4,STORE,Retail Stores,Girls,Tops,Current Plan,43383.32,811,53.47,4674.66,390.45,0.5322,23090.67,120735.47,120724.27,48437.22,17437.4,11.1,0.359
FY2024-07,2024,Aug,7,Q3,4,STORE,Retail Stores,Girls,Tops,Current Plan,47671.14,892,53.47,4424.07,429.04,0.5472,26085.46,120724.27,130221.5,62021.48,22327.73,10.1,0.38
FY2024-08,2024,Sep,8,Q3,5,STORE,Retail Stores,Girls,Tops,Current Plan,52383.62,980,53.47,5316.67,471.45,0.5385,28208.85,130221.5,114610.49,42560.74,15321.87,12.4,0.428
FY2024-09,2024,Oct,9,Q3,4,STORE,Retail Stores,Girls,Tops,Current Plan,53270.03,996,53.47,5257.42,479.43,0.5413,28835.4,114610.49,152047.83,96444.21,34719.92,8.6,0.4
FY2024-10,2024,Nov,10,Q4,4,STORE,Retail Stores,Girls,Tops,Current Plan,77731.72,1454,53.47,7217.32,699.59,0.5472,42530.99,152047.83,216039.74,149640.53,53870.59,7.8,0.422
FY2024-11,2024,Dec,11,Q4,5,STORE,Retail Stores,Girls,Tops,Current Plan,83019.23,1553,53.47,9448.37,747.17,0.5262,43683.93,216039.74,194062.34,71237.38,25645.46,13.0,0.405
FY2024-12,2024,Jan,12,Q4,4,STORE,Retail Stores,Girls,Tops,Current Plan,33985.25,636,53.47,3850.64,305.87,0.5267,17899.92,194062.34,155920.58,0.0,0.0,22.8,0.194
FY2025-01,2025,Feb,1,Q1,4,STORE,Retail Stores,Girls,Tops,Current Plan,45771.49,856,53.47,4569.87,411.94,0.5402,24723.88,155920.58,129142.11,23974.83,8630.94,13.6,0.321
FY2025-02,2025,Mar,2,Q1,5,STORE,Retail Stores,Girls,Tops,Current Plan,63049.7,1179,53.47,7362.57,567.45,0.5232,32989.23,129142.11,138362.9,80200.5,28872.18,10.2,0.471
FY2025-03,2025,Apr,3,Q1,4,STORE,Retail Stores,Girls,Tops,Current Plan,70043.66,1310,53.47,8057.16,630.39,0.525,36770.79,138362.9,208670.31,149038.62,53653.9,7.9,0.404
FY2025-04,2025,May,4,Q2,4,STORE,Retail Stores,Girls,Tops,Current Plan,67249.87,1258,53.47,6591.8,605.25,0.542,36448.12,208670.31,184444.09,50220.69,18079.45,12.4,0.342
FY2025-05,2025,Jun,5,Q2,5,STORE,Retail Stores,Girls,Tops,Current Plan,63503.09,1188,53.47,7159.12,571.53,0.5273,33482.86,184444.09,140302.58,27092.23,9753.2,14.5,0.391
FY2025-06,2025,Jul,6,Q2,4,STORE,Retail Stores,Girls,Tops,Current Plan,49932.44,934,53.47,4620.82,449.39,0.5475,27335.93,140302.58,136005.01,50705.08,18253.83,11.2,0.361
FY2025-07,2025,Aug,7,Q3,4,STORE,Retail Stores,Girls,Tops,Current Plan,52527.45,982,53.47,5117.3,472.75,0.5426,28500.27,136005.01,142588.69,64701.18,23292.42,10.4,0.377
FY2025-08,2025,Sep,8,Q3,5,STORE,Retail Stores,Girls,Tops,Current Plan,56469.36,1056,53.47,6796.08,508.22,0.5197,29344.31,142588.69,129136.43,50321.4,18115.7,12.6,0.416
FY2025-09,2025,Oct,9,Q3,4,STORE,Retail Stores,Girls,Tops,Current Plan,61466.02,1150,53.47,7181.3,553.19,0.5232,32156.96,129136.43,181091.59,121155.68,43616.04,8.4,0.396
FY2025-10,2025,Nov,10,Q4,4,STORE,Retail Stores,Girls,Tops,Current Plan,88494.89,1655,53.47,10675.18,796.45,0.5194,45961.55,181091.59,268566.95,187441.88,67479.08,8.2,0.394
FY2025-11,2025,Dec,11,Q4,5,STORE,Retail Stores,Girls,Tops,Current Plan,97330.03,1820,53.47,10665.22,875.97,0.5304,51626.0,268566.95,235210.1,75514.37,27185.17,13.8,0.386
FY2025-12,2025,Jan,12,Q4,4,STORE,Retail Stores,Girls,Tops,Current Plan,38360.94,717,53.47,3617.01,345.25,0.5457,20933.99,235210.1,192886.9,0.0,0.0,24.5,0.179
FY2026-01,2026,Feb,1,Q1,4,STORE,Retail Stores,Girls,Tops,Current Plan,52818.69,988,53.47,5057.93,475.37,0.5442,28746.03,192886.9,145912.51,11377.6,4095.94,14.6,0.312
FY2026-02,2026,Mar,2,Q1,5,STORE,Retail Stores,Girls,Tops,Current Plan,75054.31,1404,53.47,7077.61,675.49,0.5457,40957.15,145912.51,173453.7,110348.6,39725.5,9.7,0.47
FY2026-03,2026,Apr,3,Q1,4,STORE,Retail Stores,Girls,Tops,Current Plan,84554.89,1581,53.47,9130.63,760.99,0.532,44984.5,173453.7,241397.62,162390.44,58460.56,8.2,0.408
FY2026-04,2026,May,4,Q2,4,STORE,Retail Stores,Girls,Tops,Current Plan,77063.03,1441,53.47,8350.14,693.57,0.5316,40970.2,241397.62,218228.11,62937.22,22657.4,12.5,0.335
FY2026-05,2026,Jun,5,Q2,5,STORE,Retail Stores,Girls,Tops,Current Plan,68689.81,1285,53.47,6887.76,618.21,0.5397,37073.72,218228.11,155084.42,13052.08,4698.75,15.9,0.368
FY2026-06,2026,Jul,6,Q2,4,STORE,Retail Stores,Girls,Tops,Current Plan,59203.87,1107,53.47,5852.11,532.83,0.5412,32038.37,155084.42,174201.96,84706.36,30494.29,10.5,0.36
FY2026-07,2026,Aug,7,Q3,4,STORE,Retail Stores,Girls,Tops,Current Plan,62183.03,1163,53.47,5751.01,559.65,0.5475,34046.13,174201.96,179437.5,73729.22,26542.52,11.2,0.352
FY2026-08,2026,Sep,8,Q3,5,STORE,Retail Stores,Girls,Tops,Current Plan,67557.8,1264,53.47,6923.35,608.02,0.5375,36313.65,179437.5,158423.12,54074.79,19466.92,13.3,0.4
FY2026-09,2026,Oct,9,Q3,4,STORE,Retail Stores,Girls,Tops,Current Plan,71964.05,1346,53.47,8305.54,647.68,0.5246,37751.45,158423.12,195306.39,117800.54,42408.19,8.8,0.407
FY2026-10,2026,Nov,10,Q4,4,STORE,Retail Stores,Girls,Tops,Current Plan,101867.08,1905,53.47,11408.53,916.8,0.528,53786.4,195306.39,288182.61,207068.63,74544.71,7.7,0.421
FY2026-11,2026,Dec,11,Q4,5,STORE,Retail Stores,Girls,Tops,Current Plan,112399.01,2102,53.47,10122.01,1011.59,0.5499,61813.36,288182.61,253566.47,88916.47,32009.93,12.8,0.415
FY2026-12,2026,Jan,12,Q4,4,STORE,Retail Stores,Girls,Tops,Current Plan,44291.98,828,53.47,5017.14,398.63,0.5267,23329.72,253566.47,203858.72,0.0,0.0,22.9,0.194
FY2024-01,2024,Feb,1,Q1,4,WHSL,Wholesale,Girls,Tops,Original Plan,67830.66,1656,40.95,1432.45,67.83,0.4589,31126.27,69437.35,67741.21,67634.8,35170.09,4.1,0.989
FY2024-02,2024,Mar,2,Q1,5,WHSL,Wholesale,Girls,Tops,Original Plan,56890.23,1389,40.95,1177.72,56.89,0.4593,26129.6,67741.21,43377.6,33761.23,17555.84,6.0,1.024
FY2024-03,2024,Apr,3,Q1,4,WHSL,Wholesale,Girls,Tops,Original Plan,27132.26,663,40.95,488.01,27.13,0.462,12535.48,43377.6,28117.9,12387.7,6441.61,6.4,0.759
FY2024-04,2024,May,4,Q2,4,WHSL,Wholesale,Girls,Tops,Original Plan,24068.94,588,40.95,476.52,24.07,0.4602,11076.57,28117.9,22664.97,19116.62,9940.64,4.7,0.948
FY2024-05,2024,Jun,5,Q2,5,WHSL,Wholesale,Girls,Tops,Original Plan,59078.32,1443,40.95,1357.4,59.08,0.457,27000.19,22664.97,44675.63,82505.46,42902.84,1.9,1.755
FY2024-06,2024,Jul,6,Q2,4,WHSL,Wholesale,Girls,Tops,Original Plan,62141.64,1517,40.95,1318.78,62.14,0.4588,28509.21,44675.63,64669.8,83516.73,43428.7,2.9,1.137
FY2024-07,2024,Aug,7,Q3,4,WHSL,Wholesale,Girls,Tops,Original Plan,30633.2,748,40.95,624.54,30.63,0.4596,14079.4,64669.8,33381.43,0.0,0.0,8.4,0.625
FY2024-08,2024,Sep,8,Q3,5,WHSL,Wholesale,Girls,Tops,Original Plan,45949.8,1122,40.95,821.31,45.95,0.4621,21234.6,33381.43,36515.5,49951.13,25974.59,3.6,1.315
FY2024-09,2024,Oct,9,Q3,4,WHSL,Wholesale,Girls,Tops,Original Plan,60391.17,1475,40.95,1158.39,60.39,0.4608,27829.37,36515.5,58524.27,83618.71,43481.73,2.4,1.271
FY2024-10,2024,Nov,10,Q4,4,WHSL,Wholesale,Girls,Tops,Original Plan,37197.46,908,40.95,697.24,37.2,0.4613,17157.54,58524.27,35490.91,14898.54,7747.24,6.3,0.791
FY2024-11,2024,Dec,11,Q4,5,WHSL,Wholesale,Girls,Tops,Original Plan,26257.03,641,40.95,526.9,26.26,0.4599,12076.48,35490.91,19973.49,11292.77,5872.24,6.8,0.947
FY2024-12,2024,Jan,12,Q4,4,WHSL,Wholesale,Girls,Tops,Original Plan,27569.88,673,40.95,593.52,27.57,0.4585,12640.02,19973.49,26950.26,35167.74,18287.23,2.9,1.175
FY2025-01,2025,Feb,1,Q1,4,WHSL,Wholesale,Girls,Tops,Original Plan,77326.95,1888,40.95,1518.13,77.33,0.4604,35598.81,26950.26,80474.77,132446.92,68872.4,1.4,1.44
FY2025-02,2025,Mar,2,Q1,5,WHSL,Wholesale,Girls,Tops,Original Plan,64854.87,1584,40.95,1346.39,64.85,0.4592,29783.94,80474.77,50583.31,36374.65,18914.82,6.2,0.99
FY2025-03,2025,Apr,3,Q1,4,WHSL,Wholesale,Girls,Tops,Original Plan,30930.78,755,40.95,697.32,30.93,0.4575,14149.45,50583.31,30161.1,11236.83,5843.15,6.5,0.766
FY2025-04,2025,May,4,Q2,4,WHSL,Wholesale,Girls,Tops,Original Plan,27438.6,670,40.95,524.01,27.44,0.4609,12646.52,30161.1,28975.5,26804.44,13938.31,4.4,0.928
FY2025-05,2025,Jun,5,Q2,5,WHSL,Wholesale,Girls,Tops,Original Plan,67349.28,1645,40.95,1367.28,67.35,0.4597,30960.38,28975.5,55263.77,95072.18,49437.54,2.2,1.599
FY2025-06,2025,Jul,6,Q2,4,WHSL,Wholesale,Girls,Tops,Original Plan,70841.47,1730,40.95,1342.0,70.84,0.4611,32661.9,55263.77,69266.86,86257.4,44853.85,3.1,1.138
FY2025-07,2025,Aug,7,Q3,4,WHSL,Wholesale,Girls,Tops,Original Plan,34921.85,853,40.95,674.11,34.92,0.4607,16088.38,69266.86,36194.74,2558.76,1330.55,7.9,0.662
FY2025-08,2025,Sep,8,Q3,5,WHSL,Wholesale,Girls,Tops,Original Plan,52382.78,1279,40.95,1199.44,52.38,0.4571,23944.29,36194.74,41186.78,58626.64,30485.85,3.5,1.354
FY2025-09,2025,Oct,9,Q3,4,WHSL,Wholesale,Girls,Tops,Original Plan,68845.93,1681,40.95,1544.95,68.85,0.4576,31501.1,41186.78,72858.07,102131.02,53108.13,2.4,1.207
FY2025-10,2025,Nov,10,Q4,4,WHSL,Wholesale,Girls,Tops,Original Plan,42405.1,1035,40.95,936.12,42.41,0.4579,19418.33,72858.07,40515.77,11041.33,5741.49,6.9,0.748
FY2025-11,2025,Dec,11,Q4,5,WHSL,Wholesale,Girls,Tops,Original Plan,29933.01,731,40.95,591.27,29.93,0.4602,13776.58,40515.77,22571.42,12609.86,6557.13,6.8,0.949
FY2025-12,2025,Jan,12,Q4,4,WHSL,Wholesale,Girls,Tops,Original Plan,31429.67,767,40.95,600.75,31.43,0.4609,14485.49,22571.42,30874.56,40364.99,20989.79,2.9,1.176
FY2026-01,2026,Feb,1,Q1,4,WHSL,Wholesale,Girls,Tops,Original Plan,91245.81,2228,40.95,2020.57,91.25,0.4579,41777.42,30874.56,91406.68,153889.74,80022.67,1.4,1.492
FY2026-02,2026,Mar,2,Q1,5,WHSL,Wholesale,Girls,Tops,Original Plan,76528.74,1869,40.95,1444.65,76.53,0.4611,35289.14,91406.68,64638.17,51281.41,26666.33,6.0,0.981
FY2026-03,2026,Apr,3,Q1,4,WHSL,Wholesale,Girls,Tops,Original Plan,36498.32,891,40.95,661.96,36.5,0.4619,16857.24,64638.17,38586.15,11144.76,5795.28,7.1,0.707
FY2026-04,2026,May,4,Q2,4,WHSL,Wholesale,Girls,Tops,Original Plan,32377.54,791,40.95,677.54,32.38,0.4591,14863.68,38586.15,34181.25,28682.56,14914.93,4.8,0.89
FY2026-05,2026,Jun,5,Q2,5,WHSL,Wholesale,Girls,Tops,Original Plan,79472.15,1941,40.95,1688.68,79.47,0.4588,36457.95,34181.25,60679.4,107738.46,56024.0,2.2,1.676
FY2026-06,2026,Jul,6,Q2,4,WHSL,Wholesale,Girls,Tops,Original Plan,83592.93,2041,40.95,1519.73,83.59,0.4618,38604.87,60679.4,84552.44,109069.3,56716.04,2.9,1.151
FY2026-07,2026,Aug,7,Q3,4,WHSL,Wholesale,Girls,Tops,Original Plan,41207.78,1006,40.95,832.34,41.21,0.4598,18947.4,84552.44,42471.12,0.0,0.0,8.2,0.649
FY2026-08,2026,Sep,8,Q3,5,WHSL,Wholesale,Girls,Tops,Original Plan,61811.68,1509,40.95,1388.38,61.81,0.4575,28281.23,42471.12,48895.49,69686.23,36236.84,3.4,1.353
FY2026-09,2026,Oct,9,Q3,4,WHSL,Wholesale,Girls,Tops,Original Plan,81238.2,1984,40.95,1865.4,81.24,0.457,37128.94,48895.49,79674.59,113963.95,59261.25,2.4,1.264
FY2026-10,2026,Nov,10,Q4,4,WHSL,Wholesale,Girls,Tops,Original Plan,50038.02,1222,40.95,905.01,50.04,0.4619,23113.24,79674.59,52889.98,24208.46,12588.4,6.4,0.755
FY2026-11,2026,Dec,11,Q4,5,WHSL,Wholesale,Girls,Tops,Original Plan,35320.96,862,40.95,720.41,35.32,0.4596,16233.65,52889.98,29342.27,12528.98,6515.07,7.5,0.859
FY2026-12,2026,Jan,12,Q4,4,WHSL,Wholesale,Girls,Tops,Original Plan,37087.01,906,40.95,705.32,37.09,0.461,17096.44,29342.27,36545.13,45032.27,23416.78,3.2,1.126
FY2024-01,2024,Feb,1,Q1,4,WHSL,Wholesale,Girls,Tops,Current Plan,67839.05,1657,40.95,1407.8,67.84,0.4592,31154.94,64726.04,67450.9,72039.56,37460.57,3.8,1.026
FY2024-02,2024,Mar,2,Q1,5,WHSL,Wholesale,Girls,Tops,Current Plan,57898.78,1414,40.95,1075.97,57.9,0.4614,26715.44,67450.9,48175.66,39757.41,20673.85,5.8,1.001
FY2024-03,2024,Apr,3,Q1,4,WHSL,Wholesale,Girls,Tops,Current Plan,27972.87,683,40.95,509.81,27.97,0.4618,12917.17,48175.66,29143.39,9478.38,4928.76,6.9,0.724
FY2024-04,2024,May,4,Q2,4,WHSL,Wholesale,Girls,Tops,Current Plan,23898.17,584,40.95,493.0,23.9,0.4594,10978.13,29143.39,23949.7,19221.38,9995.12,4.9,0.9
FY2024-05,2024,Jun,5,Q2,5,WHSL,Wholesale,Girls,Tops,Current Plan,60062.9,1467,40.95,1242.06,60.06,0.4593,27588.14,23949.7,50922.23,88337.55,45935.53,2.0,1.604
FY2024-06,2024,Jul,6,Q2,4,WHSL,Wholesale,Girls,Tops,Current Plan,62866.82,1535,40.95,1180.0,62.87,0.4612,28996.07,50922.23,62672.34,75859.8,39447.1,3.2,1.107
FY2024-07,2024,Aug,7,Q3,4,WHSL,Wholesale,Girls,Tops,Current Plan,30935.28,755,40.95,527.11,30.94,0.463,14321.83,62672.34,31179.02,0.0,0.0,8.1,0.659
FY2024-08,2024,Sep,8,Q3,5,WHSL,Wholesale,Girls,Tops,Current Plan,45917.78,1121,40.95,1039.44,45.92,0.4574,21001.09,31179.02,34731.43,50555.55,26288.89,3.4,1.393
FY2024-09,2024,Oct,9,Q3,4,WHSL,Wholesale,Girls,Tops,Current Plan,62079.71,1516,40.95,1282.26,62.08,0.4593,28516.0,34731.43,59379.67,88072.3,45797.6,2.2,1.319
FY2024-10,2024,Nov,10,Q4,4,WHSL,Wholesale,Girls,Tops,Current Plan,37009.52,904,40.95,758.91,37.01,0.4595,17005.66,59379.67,37127.29,15553.06,8087.59,6.4,0.767
FY2024-11,2024,Dec,11,Q4,5,WHSL,Wholesale,Girls,Tops,Current Plan,26013.26,635,40.95,520.72,26.01,0.46,11965.65,37127.29,20499.15,9931.85,5164.56,7.1,0.903
FY2024-12,2024,Jan,12,Q4,4,WHSL,Wholesale,Girls,Tops,Current Plan,28376.47,693,40.95,631.38,28.38,0.4577,12989.32,20499.15,26997.58,35534.66,18478.03,2.9,1.195
FY2025-01,2025,Feb,1,Q1,4,WHSL,Wholesale,Girls,Tops,Current Plan,79385.58,1938,40.95,1549.24,79.39,0.4605,36555.84,26997.58,79866.5,133883.12,69619.22,1.4,1.486
FY2025-02,2025,Mar,2,Q1,5,WHSL,Wholesale,Girls,Tops,Current Plan,66745.99,1630,40.95,1143.81,66.75,0.4629,30894.27,79866.5,52324.78,40414.82,21015.71,6.0,1.01
FY2025-03,2025,Apr,3,Q1,4,WHSL,Wholesale,Girls,Tops,Current Plan,31328.92,765,40.95,604.33,31.33,0.4607,14433.55,52324.78,33194.54,12834.34,6673.86,6.7,0.733
FY2025-04,2025,May,4,Q2,4,WHSL,Wholesale,Girls,Tops,Current Plan,27760.0,678,40.95,518.17,27.76,0.4613,12806.63,33194.54,27107.83,22219.23,11554.0,4.8,0.921
FY2025-05,2025,Jun,5,Q2,5,WHSL,Wholesale,Girls,Tops,Current Plan,66670.94,1628,40.95,1413.41,66.67,0.4588,30588.64,27107.83,53652.01,94695.19,49241.5,2.0,1.651
FY2025-06,2025,Jul,6,Q2,4,WHSL,Wholesale,Girls,Tops,Current Plan,72442.9,1769,40.95,1529.78,72.44,0.4589,33242.81,53652.01,71280.88,91673.99,47670.48,3.0,1.16
FY2025-07,2025,Aug,7,Q3,4,WHSL,Wholesale,Girls,Tops,Current Plan,35590.7,869,40.95,808.29,35.59,0.4573,16275.25,71280.88,36740.76,1894.45,985.12,8.0,0.659
FY2025-08,2025,Sep,8,Q3,5,WHSL,Wholesale,Girls,Tops,Current Plan,51853.88,1266,40.95,886.53,51.85,0.4629,24003.34,36740.76,39964.91,56016.41,29128.53,3.5,1.352
FY2025-09,2025,Oct,9,Q3,4,WHSL,Wholesale,Girls,Tops,Current Plan,67996.08,1660,40.95,1431.87,68.0,0.4589,31206.25,39964.91,70912.42,100443.47,52230.6,2.4,1.227
FY2025-10,2025,Nov,10,Q4,4,WHSL,Wholesale,Girls,Tops,Current Plan,42191.98,1030,40.95,779.83,42.19,0.4615,19472.32,70912.42,43956.63,16058.21,8350.27,6.7,0.735
FY2025-11,2025,Dec,11,Q4,5,WHSL,Wholesale,Girls,Tops,Current Plan,29683.62,725,40.95,667.18,29.68,0.4575,13580.96,43956.63,23196.81,9620.67,5002.75,7.4,0.884
FY2025-12,2025,Jan,12,Q4,4,WHSL,Wholesale,Girls,Tops,Current Plan,31683.81,774,40.95,577.54,31.68,0.4618,14630.69,23196.81,31363.04,40459.26,21038.82,2.9,1.161
FY2026-01,2026,Feb,1,Q1,4,WHSL,Wholesale,Girls,Tops,Current Plan,89236.72,2179,40.95,1992.75,89.24,0.4577,40840.88,31363.04,89394.83,149350.51,77662.26,1.4,1.478
FY2026-02,2026,Mar,2,Q1,5,WHSL,Wholesale,Girls,Tops,Current Plan,76670.19,1872,40.95,1615.64,76.67,0.4589,35186.05,89394.83,58223.31,47190.99,24539.31,5.8,1.039
FY2026-03,2026,Apr,3,Q1,4,WHSL,Wholesale,Girls,Tops,Current Plan,36424.8,889,40.95,707.39,36.42,0.4606,16776.52,58223.31,38334.81,17280.11,8985.66,6.4,0.754
FY2026-04,2026,May,4,Q2,4,WHSL,Wholesale,Girls,Tops,Current Plan,31807.08,777,40.95,691.32,31.81,0.4583,14576.08,38334.81,33091.87,27287.26,14189.38,4.8,0.891
FY2026-05,2026,Jun,5,Q2,5,WHSL,Wholesale,Girls,Tops,Current Plan,77805.2,1900,40.95,1692.32,77.81,0.4582,35654.18,33091.87,59145.2,105628.66,54926.9,2.1,1.687
FY2026-06,2026,Jul,6,Q2,4,WHSL,Wholesale,Girls,Tops,Current Plan,81684.83,1995,40.95,1832.37,81.68,0.4576,37376.35,59145.2,81022.37,105476.06,54847.55,2.9,1.166
FY2026-07,2026,Aug,7,Q3,4,WHSL,Wholesale,Girls,Tops,Current Plan,40091.3,979,40.95,775.18,40.09,0.4607,18468.65,81022.37,40115.8,0.0,0.0,8.1,0.662
FY2026-08,2026,Sep,8,Q3,5,WHSL,Wholesale,Girls,Tops,Current Plan,61005.29,1490,40.95,1246.59,61.01,0.4596,28035.95,40115.8,48724.84,70921.92,36879.4,3.3,1.373
FY2026-09,2026,Oct,9,Q3,4,WHSL,Wholesale,Girls,Tops,Current Plan,78717.38,1922,40.95,1512.5,78.72,0.4608,36271.84,48724.84,76606.1,108189.86,56258.73,2.5,1.256
FY2026-10,2026,Nov,10,Q4,4,WHSL,Wholesale,Girls,Tops,Current Plan,51131.11,1249,40.95,1158.42,51.13,0.4573,23384.51,76606.1,51602.21,27336.78,14215.13,6.0,0.798
FY2026-11,2026,Dec,11,Q4,5,WHSL,Wholesale,Girls,Tops,Current Plan,35563.71,868,40.95,647.81,35.56,0.4618,16422.77,51602.21,29871.86,14516.74,7548.7,7.3,0.873
FY2026-12,2026,Jan,12,Q4,4,WHSL,Wholesale,Girls,Tops,Current Plan,36028.24,880,40.95,790.89,36.03,0.458,16502.67,29871.86,37924.24,44907.53,23351.92,3.3,1.063
FY2024-01,2024,Feb,1,Q1,4,ECOM,Ecommerce,Women,Bottoms,Original Plan,14232.31,194,73.31,1813.82,56.93,0.5126,7294.86,42522.04,41246.87,14827.89,5338.04,12.0,0.34
FY2024-02,2024,Mar,2,Q1,5,ECOM,Ecommerce,Women,Bottoms,Original Plan,20386.82,278,73.31,2420.25,81.55,0.5213,10627.31,41246.87,48695.55,30337.29,10921.43,10.1,0.453
FY2024-03,2024,Apr,3,Q1,4,ECOM,Ecommerce,Women,Bottoms,Original Plan,22694.76,310,73.31,2667.61,90.78,0.5225,11857.04,48695.55,67417.76,44175.35,15903.13,8.6,0.391
FY2024-04,2024,May,4,Q2,4,ECOM,Ecommerce,Women,Bottoms,Original Plan,20963.8,286,73.31,2580.12,83.86,0.5169,10836.72,67417.76,63394.05,19604.06,7057.46,12.9,0.321
FY2024-05,2024,Jun,5,Q2,5,ECOM,Ecommerce,Women,Bottoms,Original Plan,19040.52,260,73.31,2746.85,76.16,0.4957,9439.08,63394.05,46389.41,4858.89,1749.2,16.6,0.347
FY2024-06,2024,Jul,6,Q2,4,ECOM,Ecommerce,Women,Bottoms,Original Plan,16155.59,220,73.31,1924.86,64.62,0.5209,8414.72,46389.41,48184.31,19939.98,7178.39,11.5,0.342
FY2024-07,2024,Aug,7,Q3,4,ECOM,Ecommerce,Women,Bottoms,Original Plan,16924.9,231,73.31,2305.06,67.7,0.5038,8526.87,48184.31,51115.27,22228.63,8002.31,11.4,0.341
FY2024-08,2024,Sep,8,Q3,5,ECOM,Ecommerce,Women,Bottoms,Original Plan,18271.2,249,73.31,2658.76,73.08,0.4945,9034.81,51115.27,39519.75,9407.53,3386.71,14.0,0.403
FY2024-09,2024,Oct,9,Q3,4,ECOM,Ecommerce,Women,Bottoms,Original Plan,19232.85,262,73.31,2474.21,76.93,0.5114,9834.81,39519.75,57096.54,39360.78,14169.88,8.2,0.398
FY2024-10,2024,Nov,10,Q4,4,ECOM,Ecommerce,Women,Bottoms,Original Plan,27695.3,378,73.31,3805.41,110.78,0.5026,13919.58,57096.54,80351.19,54866.14,19751.81,8.2,0.403
FY2024-11,2024,Dec,11,Q4,5,ECOM,Ecommerce,Women,Bottoms,Original Plan,30003.24,409,73.31,4380.24,120.01,0.494,14821.83,80351.19,70245.82,24398.13,8783.33,13.4,0.398
FY2024-12,2024,Jan,12,Q4,4,ECOM,Ecommerce,Women,Bottoms,Original Plan,12116.69,165,73.31,1608.04,48.47,0.5073,6146.64,70245.82,56472.62,0.0,0.0,23.2,0.191
FY2025-01,2025,Feb,1,Q1,4,ECOM,Ecommerce,Women,Bottoms,Original Plan,16224.83,221,73.31,2430.4,64.9,0.4902,7953.49,56472.62,46881.37,9128.88,3286.4,13.9,0.314
FY2025-02,2025,Mar,2,Q1,5,ECOM,Ecommerce,Women,Bottoms,Original Plan,23240.97,317,73.31,2889.19,92.96,0.5157,11985.03,46881.37,51287.84,30629.59,11026.65,10.1,0.473
FY2025-03,2025,Apr,3,Q1,4,ECOM,Ecommerce,Women,Bottoms,Original Plan,25872.02,353,73.31,3153.33,103.49,0.5181,13404.76,51287.84,72826.17,50667.18,18240.18,7.9,0.417
FY2025-04,2025,May,4,Q2,4,ECOM,Ecommerce,Women,Bottoms,Original Plan,23898.73,326,73.31,3001.47,95.59,0.5144,12293.72,72826.17,69859.79,24029.42,8650.59,12.2,0.335
FY2025-05,2025,Jun,5,Q2,5,ECOM,Ecommerce,Women,Bottoms,Original Plan,21706.19,296,73.31,3262.67,86.82,0.4897,10629.3,69859.79,49722.11,4918.0,1770.48,16.1,0.363
FY2025-06,2025,Jul,6,Q2,4,ECOM,Ecommerce,Women,Bottoms,Original Plan,18417.37,251,73.31,2483.51,73.67,0.5052,9303.61,49722.11,51441.55,22693.99,8169.84,10.8,0.364
FY2025-07,2025,Aug,7,Q3,4,ECOM,Ecommerce,Women,Bottoms,Original Plan,19294.39,263,73.31,2223.55,77.18,0.5248,10124.86,51441.55,56627.31,26780.88,9641.12,10.7,0.357
FY2025-08,2025,Sep,8,Q3,5,ECOM,Ecommerce,Women,Bottoms,Original Plan,20829.17,284,73.31,3207.18,83.32,0.486,10123.49,56627.31,46895.5,14387.86,5179.63,13.6,0.402
FY2025-09,2025,Oct,9,Q3,4,ECOM,Ecommerce,Women,Bottoms,Original Plan,21925.44,299,73.31,2772.12,87.7,0.5136,11260.16,46895.5,59302.63,37192.39,13389.26,8.6,0.413
FY2025-10,2025,Nov,10,Q4,4,ECOM,Ecommerce,Women,Bottoms,Original Plan,31572.64,431,73.31,4374.69,126.29,0.5014,15831.79,59302.63,96057.49,72828.49,26218.26,7.5,0.406
FY2025-11,2025,Dec,11,Q4,5,ECOM,Ecommerce,Women,Bottoms,Original Plan,34203.69,467,73.31,4436.37,136.81,0.5103,17453.99,96057.49,80847.97,23567.35,8484.25,14.0,0.387
FY2025-12,2025,Jan,12,Q4,4,ECOM,Ecommerce,Women,Bottoms,Original Plan,13813.03,188,73.31,1718.48,55.25,0.5156,7121.86,80847.97,65261.2,0.0,0.0,23.4,0.189
FY2026-01,2026,Feb,1,Q1,4,ECOM,Ecommerce,Women,Bottoms,Original Plan,19145.3,261,73.31,2230.92,76.58,0.5235,10022.07,65261.2,53540.73,9732.32,3503.64,13.6,0.322
FY2026-02,2026,Mar,2,Q1,5,ECOM,Ecommerce,Women,Bottoms,Original Plan,27424.35,374,73.31,3522.65,109.7,0.5116,14028.93,53540.73,66452.05,43968.01,15828.48,9.8,0.457
FY2026-03,2026,Apr,3,Q1,4,ECOM,Ecommerce,Women,Bottoms,Original Plan,30528.99,416,73.31,3700.89,122.12,0.5188,15837.66,66452.05,90480.98,58380.93,21017.13,8.7,0.389
FY2026-04,2026,May,4,Q2,4,ECOM,Ecommerce,Women,Bottoms,Original Plan,28200.51,385,73.31,3421.8,112.8,0.5187,14626.52,90480.98,81864.27,23118.39,8322.62,12.8,0.327
FY2026-05,2026,Jun,5,Q2,5,ECOM,Ecommerce,Women,Bottoms,Original Plan,25613.3,349,73.31,2995.75,102.45,0.523,13396.76,81864.27,55603.15,2450.39,882.14,16.0,0.373
FY2026-06,2026,Jul,6,Q2,4,ECOM,Ecommerce,Women,Bottoms,Original Plan,21732.5,296,73.31,3104.0,86.93,0.4972,10804.8,55603.15,65826.97,35147.25,12653.01,10.2,0.358
FY2026-07,2026,Aug,7,Q3,4,ECOM,Ecommerce,Women,Bottoms,Original Plan,22767.38,311,73.31,3370.63,91.07,0.492,11200.49,65826.97,62855.85,23257.96,8372.86,11.6,0.354
FY2026-08,2026,Sep,8,Q3,5,ECOM,Ecommerce,Women,Bottoms,Original Plan,24578.42,335,73.31,3312.3,98.31,0.5052,12417.89,62855.85,54507.36,19640.55,7070.6,12.8,0.419
FY2026-09,2026,Oct,9,Q3,4,ECOM,Ecommerce,Women,Bottoms,Original Plan,25872.02,353,73.31,3365.16,103.49,0.5099,13192.94,54507.36,70078.85,44912.16,16168.38,8.4,0.415
FY2026-10,2026,Nov,10,Q4,4,ECOM,Ecommerce,Women,Bottoms,Original Plan,37255.71,508,73.31,4759.49,149.02,0.5122,19084.17,70078.85,106940.63,79026.0,28449.36,7.5,0.421
FY2026-11,2026,Dec,11,Q4,5,ECOM,Ecommerce,Women,Bottoms,Original Plan,40360.36,551,73.31,4725.48,161.44,0.5229,21105.14,106940.63,89070.07,27376.73,9855.62,13.2,0.412
FY2026-12,2026,Jan,12,Q4,4,ECOM,Ecommerce,Women,Bottoms,Original Plan,16299.38,222,73.31,2523.11,65.2,0.4852,7908.49,89070.07,70182.39,0.0,0.0,21.9,0.205
FY2024-01,2024,Feb,1,Q1,4,ECOM,Ecommerce,Women,Bottoms,Current Plan,14266.06,195,73.31,1804.2,57.06,0.5135,7326.07,38379.91,39601.77,17349.18,6245.71,10.8,0.366
FY2024-02,2024,Mar,2,Q1,5,ECOM,Ecommerce,Women,Bottoms,Current Plan,20825.46,284,73.31,2759.86,83.3,0.5075,10568.44,39601.77,49482.87,33549.73,12077.9,9.5,0.468
FY2024-03,2024,Apr,3,Q1,4,ECOM,Ecommerce,Women,Bottoms,Current Plan,23207.53,317,73.31,3213.46,92.83,0.5015,11639.35,49482.87,66850.63,43881.57,15797.37,8.5,0.399
FY2024-04,2024,May,4,Q2,4,ECOM,Ecommerce,Women,Bottoms,Current Plan,22127.93,302,73.31,3053.01,88.51,0.502,11108.87,66850.63,65948.42,24367.24,8772.21,12.1,0.333
FY2024-05,2024,Jun,5,Q2,5,ECOM,Ecommerce,Women,Bottoms,Current Plan,19314.77,263,73.31,2543.71,77.26,0.5083,9817.75,65948.42,44012.68,0.0,0.0,17.1,0.351
FY2024-06,2024,Jul,6,Q2,4,ECOM,Ecommerce,Women,Bottoms,Current Plan,16557.58,226,73.31,2055.96,66.23,0.5158,8540.88,44012.68,49389.92,24057.01,8660.52,10.6,0.355
FY2024-07,2024,Aug,7,Q3,4,ECOM,Ecommerce,Women,Bottoms,Current Plan,17130.74,234,73.31,2502.86,68.52,0.4939,8460.82,49389.92,46503.21,16815.41,6053.55,11.5,0.357
FY2024-08,2024,Sep,8,Q3,5,ECOM,Ecommerce,Women,Bottoms,Current Plan,18376.13,251,73.31,2683.47,73.5,0.494,9077.26,46503.21,44052.16,18682.06,6725.54,12.7,0.406
FY2024-09,2024,Oct,9,Q3,4,ECOM,Ecommerce,Women,Bottoms,Current Plan,19149.68,261,73.31,2646.06,76.6,0.5018,9609.74,44052.16,54228.57,32048.74,11537.55,9.2,0.39
FY2024-10,2024,Nov,10,Q4,4,ECOM,Ecommerce,Women,Bottoms,Current Plan,28111.47,383,73.31,4084.02,112.45,0.4947,13907.33,54228.57,78531.22,56610.58,20379.81,7.7,0.423
FY2024-11,2024,Dec,11,Q4,5,ECOM,Ecommerce,Women,Bottoms,Current Plan,30239.59,412,73.31,3606.53,120.96,0.5207,15746.8,78531.22,73041.89,28477.75,10251.99,13.0,0.399
FY2024-12,2024,Jan,12,Q4,4,ECOM,Ecommerce,Women,Bottoms,Current Plan,12018.35,164,73.31,1492.5,48.07,0.5158,6199.24,73041.89,59482.97,0.0,0.0,24.3,0.181
FY2025-01,2025,Feb,1,Q1,4,ECOM,Ecommerce,Women,Bottoms,Current Plan,16750.96,228,73.31,2301.63,67.0,0.5026,8418.99,59482.97,47104.98,6741.61,2426.98,14.2,0.314
FY2025-02,2025,Mar,2,Q1,5,ECOM,Ecommerce,Women,Bottoms,Current Plan,23579.27,322,73.31,2822.79,94.32,0.5203,12267.94,47104.98,56935.47,36326.86,13077.67,10.0,0.453
FY2025-03,2025,Apr,3,Q1,4,ECOM,Ecommerce,Women,Bottoms,Current Plan,25522.2,348,73.31,3345.78,102.09,0.5089,12988.43,56935.47,72312.83,44347.43,15965.08,8.9,0.395
FY2025-04,2025,May,4,Q2,4,ECOM,Ecommerce,Women,Bottoms,Current Plan,23908.44,326,73.31,2802.82,95.63,0.5228,12498.58,72312.83,64788.6,19282.66,6941.76,12.1,0.349
FY2025-05,2025,Jun,5,Q2,5,ECOM,Ecommerce,Women,Bottoms,Current Plan,21438.37,292,73.31,2549.89,85.75,0.5211,11170.67,64788.6,48472.74,7758.15,2792.93,15.1,0.379
FY2025-06,2025,Jul,6,Q2,4,ECOM,Ecommerce,Women,Bottoms,Current Plan,18649.38,254,73.31,2534.55,74.6,0.5041,9401.05,48472.74,56096.79,28882.58,10397.73,10.4,0.357
FY2025-07,2025,Aug,7,Q3,4,ECOM,Ecommerce,Women,Bottoms,Current Plan,19325.07,264,73.31,2258.25,77.3,0.5231,10109.8,56096.79,56903.85,22467.67,8088.36,11.6,0.342
FY2025-08,2025,Sep,8,Q3,5,ECOM,Ecommerce,Women,Bottoms,Current Plan,20400.79,278,73.31,2410.88,81.6,0.5218,10645.63,56903.85,49041.52,15030.94,5411.14,13.9,0.385
FY2025-09,2025,Oct,9,Q3,4,ECOM,Ecommerce,Women,Bottoms,Current Plan,22352.1,305,73.31,2775.5,89.41,0.5158,11529.85,49041.52,60411.46,36586.95,13171.3,8.8,0.408
FY2025-10,2025,Nov,10,Q4,4,ECOM,Ecommerce,Women,Bottoms,Current Plan,32764.27,447,73.31,4972.12,131.06,0.4882,15997.01,60411.46,89128.98,66584.97,23970.59,7.4,0.438
FY2025-11,2025,Dec,11,Q4,5,ECOM,Ecommerce,Women,Bottoms,Current Plan,33165.72,452,73.31,4339.22,132.66,0.5092,16886.84,89128.98,76990.22,25498.84,9179.58,13.4,0.399
FY2025-12,2025,Jan,12,Q4,4,ECOM,Ecommerce,Women,Bottoms,Current Plan,14012.84,191,73.31,2076.88,56.05,0.4918,6891.34,76990.22,60844.46,0.0,0.0,22.0,0.203
FY2026-01,2026,Feb,1,Q1,4,ECOM,Ecommerce,Women,Bottoms,Current Plan,18615.69,254,73.31,2442.34,74.46,0.5088,9471.7,60844.46,54203.25,14491.29,5216.87,13.1,0.324
FY2026-02,2026,Mar,2,Q1,5,ECOM,Ecommerce,Women,Bottoms,Current Plan,27132.45,370,73.31,3470.77,108.53,0.5121,13894.0,54203.25,64847.03,41355.53,14887.99,10.0,0.456
FY2026-03,2026,Apr,3,Q1,4,ECOM,Ecommerce,Women,Bottoms,Current Plan,30532.16,416,73.31,4210.94,122.13,0.5021,15329.64,64847.03,91983.49,62001.68,22320.61,8.5,0.389
FY2026-04,2026,May,4,Q2,4,ECOM,Ecommerce,Women,Bottoms,Current Plan,27853.39,380,73.31,3433.3,111.41,0.5167,14392.86,91983.49,83452.13,22866.75,8232.03,13.2,0.318
FY2026-05,2026,Jun,5,Q2,5,ECOM,Ecommerce,Women,Bottoms,Current Plan,24988.0,341,73.31,2992.49,99.95,0.5202,12999.83,83452.13,59074.63,3702.94,1333.06,16.7,0.351
FY2026-06,2026,Jul,6,Q2,4,ECOM,Ecommerce,Women,Bottoms,Current Plan,21526.61,294,73.31,2558.65,86.11,0.5211,11218.38,59074.63,63178.69,28275.43,10179.15,11.0,0.352
FY2026-07,2026,Aug,7,Q3,4,ECOM,Ecommerce,Women,Bottoms,Current Plan,22257.29,304,73.31,2764.2,89.03,0.5158,11480.47,63178.69,67150.14,29081.96,10469.51,11.4,0.342
FY2026-08,2026,Sep,8,Q3,5,ECOM,Ecommerce,Women,Bottoms,Current Plan,24743.0,338,73.31,3237.3,98.97,0.5092,12598.22,67150.14,55949.37,16878.5,6076.26,13.6,0.402
FY2026-09,2026,Oct,9,Q3,4,ECOM,Ecommerce,Women,Bottoms,Current Plan,25614.35,349,73.31,3083.07,102.46,0.5196,13310.12,55949.37,69506.61,42357.11,15248.56,8.7,0.408
FY2026-10,2026,Nov,10,Q4,4,ECOM,Ecommerce,Women,Bottoms,Current Plan,36967.1,504,73.31,5314.57,147.87,0.4962,18344.37,69506.61,106042.35,78965.29,28427.5,7.5,0.421
FY2026-11,2026,Dec,11,Q4,5,ECOM,Ecommerce,Women,Bottoms,Current Plan,39419.86,538,73.31,5904.18,157.68,0.4902,19324.53,106042.35,92752.7,32192.06,11589.14,13.5,0.397
FY2026-12,2026,Jan,12,Q4,4,ECOM,Ecommerce,Women,Bottoms,Current Plan,16103.81,220,73.31,2252.94,64.42,0.5001,8053.5,92752.7,74331.53,0.0,0.0,23.0,0.193
FY2024-01,2024,Feb,1,Q1,4,STORE,Retail Stores,Women,Bottoms,Original Plan,6469.23,88,73.31,759.1,58.22,0.5227,3381.21,18730.32,18905.16,7461.39,2686.1,11.6,0.344
FY2024-02,2024,Mar,2,Q1,5,STORE,Retail Stores,Women,Bottoms,Original Plan,9266.73,126,73.31,1055.93,83.4,0.5261,4874.78,18905.16,20456.68,11957.59,4304.73,10.2,0.471
FY2024-03,2024,Apr,3,Q1,4,STORE,Retail Stores,Women,Bottoms,Original Plan,10315.8,141,73.31,1229.54,92.84,0.5208,5372.57,20456.68,29974.11,21155.61,7616.02,7.9,0.409
FY2024-04,2024,May,4,Q2,4,STORE,Retail Stores,Women,Bottoms,Original Plan,9529.0,130,73.31,977.74,85.76,0.5374,5120.83,29974.11,28765.85,9384.23,3378.32,12.6,0.324
FY2024-05,2024,Jun,5,Q2,5,STORE,Retail Stores,Women,Bottoms,Original Plan,8654.78,118,73.31,1037.35,77.89,0.5201,4501.71,28765.85,19351.52,355.69,128.05,16.6,0.36
FY2024-06,2024,Jul,6,Q2,4,STORE,Retail Stores,Women,Bottoms,Original Plan,7343.45,100,73.31,730.55,66.09,0.5405,3969.26,19351.52,22036.23,10824.81,3896.93,10.5,0.355
FY2024-07,2024,Aug,7,Q3,4,STORE,Retail Stores,Women,Bottoms,Original Plan,7693.14,105,73.31,847.92,69.24,0.5298,4075.69,22036.23,23165.19,9739.25,3506.13,11.5,0.34
FY2024-08,2024,Sep,8,Q3,5,STORE,Retail Stores,Women,Bottoms,Original Plan,8305.09,113,73.31,980.1,74.75,0.522,4335.16,23165.19,18112.41,4307.16,1550.58,13.9,0.402
FY2024-09,2024,Oct,9,Q3,4,STORE,Retail Stores,Women,Bottoms,Original Plan,8742.2,119,73.31,931.76,78.68,0.5334,4663.25,18112.41,26089.27,17729.51,6382.62,8.3,0.396
FY2024-10,2024,Nov,10,Q4,4,STORE,Retail Stores,Women,Bottoms,Original Plan,12588.77,172,73.31,1450.93,113.3,0.5247,6605.89,26089.27,38004.85,26068.58,9384.69,8.3,0.393
FY2024-11,2024,Dec,11,Q4,5,STORE,Retail Stores,Women,Bottoms,Original Plan,13637.84,186,73.31,1365.9,122.74,0.5398,7362.31,38004.85,30619.96,7741.59,2786.97,13.9,0.397
FY2024-12,2024,Jan,12,Q4,4,STORE,Retail Stores,Women,Bottoms,Original Plan,5507.59,75,73.31,632.1,49.57,0.5252,2892.76,30619.96,24430.7,0.0,0.0,22.2,0.2
FY2025-01,2025,Feb,1,Q1,4,STORE,Retail Stores,Women,Bottoms,Original Plan,7374.92,101,73.31,709.4,66.37,0.5438,4010.55,24430.7,20809.18,4529.18,1630.5,13.3,0.326
FY2025-02,2025,Mar,2,Q1,5,STORE,Retail Stores,Women,Bottoms,Original Plan,10564.08,144,73.31,1045.45,95.08,0.541,5715.56,20809.18,25355.34,16250.77,5850.28,9.8,0.458
FY2025-03,2025,Apr,3,Q1,4,STORE,Retail Stores,Women,Bottoms,Original Plan,11760.01,160,73.31,1075.26,105.84,0.5486,6451.15,25355.34,32395.94,19981.71,7193.41,8.6,0.407
FY2025-04,2025,May,4,Q2,4,STORE,Retail Stores,Women,Bottoms,Original Plan,10863.06,148,73.31,1041.73,97.77,0.5441,5910.63,32395.94,30715.38,10321.99,3715.92,11.9,0.344
FY2025-05,2025,Jun,5,Q2,5,STORE,Retail Stores,Women,Bottoms,Original Plan,9866.45,135,73.31,1085.24,88.8,0.53,5229.29,30715.38,22520.81,2845.92,1024.53,15.6,0.371
FY2025-06,2025,Jul,6,Q2,4,STORE,Retail Stores,Women,Bottoms,Original Plan,8371.53,114,73.31,1000.85,75.34,0.5204,4356.93,22520.81,24715.42,11642.34,4191.24,10.8,0.354
FY2025-07,2025,Aug,7,Q3,4,STORE,Retail Stores,Women,Bottoms,Original Plan,8770.18,120,73.31,977.55,78.93,0.5285,4635.37,24715.42,26029.76,11141.0,4010.76,11.3,0.346
FY2025-08,2025,Sep,8,Q3,5,STORE,Retail Stores,Women,Bottoms,Original Plan,9467.81,129,73.31,1069.9,85.21,0.527,4989.49,26029.76,21655.53,6248.68,2249.53,13.7,0.397
FY2025-09,2025,Oct,9,Q3,4,STORE,Retail Stores,Women,Bottoms,Original Plan,9966.11,136,73.31,1189.28,89.69,0.5207,5189.03,21655.53,26954.32,16543.88,5955.8,8.7,0.41
FY2025-10,2025,Nov,10,Q4,4,STORE,Retail Stores,Women,Bottoms,Original Plan,14351.2,196,73.31,1531.34,129.16,0.5333,7653.43,26954.32,41073.82,30131.2,10847.23,7.5,0.422
FY2025-11,2025,Dec,11,Q4,5,STORE,Retail Stores,Women,Bottoms,Original Plan,15547.13,212,73.31,1590.75,139.92,0.5377,8359.41,41073.82,34937.63,11141.62,4010.98,13.2,0.409
FY2025-12,2025,Jan,12,Q4,4,STORE,Retail Stores,Women,Bottoms,Original Plan,6278.65,86,73.31,631.34,56.51,0.5394,3387.0,34937.63,27971.14,0.0,0.0,22.3,0.2
FY2026-01,2026,Feb,1,Q1,4,STORE,Retail Stores,Women,Bottoms,Original Plan,8702.41,119,73.31,786.76,78.32,0.5496,4782.79,27971.14,25919.42,7515.77,2705.68,12.9,0.323
FY2026-02,2026,Mar,2,Q1,5,STORE,Retail Stores,Women,Bottoms,Original Plan,12465.61,170,73.31,1272.08,112.19,0.538,6705.91,25919.42,27860.29,15790.76,5684.67,10.4,0.464
FY2026-03,2026,Apr,3,Q1,4,STORE,Retail Stores,Women,Bottoms,Original Plan,13876.81,189,73.31,1630.36,124.89,0.5225,7250.8,27860.29,41625.32,29397.09,10582.95,8.0,0.399
FY2026-04,2026,May,4,Q2,4,STORE,Retail Stores,Women,Bottoms,Original Plan,12818.41,175,73.31,1404.6,115.37,0.5304,6799.18,41625.32,36246.57,8959.63,3225.47,13.0,0.329
FY2026-05,2026,Jun,5,Q2,5,STORE,Retail Stores,Women,Bottoms,Original Plan,11642.41,159,73.31,1354.31,104.78,0.5237,6096.83,36246.57,27380.32,4235.26,1524.69,15.6,0.366
FY2026-06,2026,Jul,6,Q2,4,STORE,Retail Stores,Women,Bottoms,Original Plan,9878.41,135,73.31,1050.21,88.91,0.5337,5271.97,27380.32,27249.57,10886.78,3919.24,11.1,0.362
FY2026-07,2026,Aug,7,Q3,4,STORE,Retail Stores,Women,Bottoms,Original Plan,10348.81,141,73.31,1160.83,93.14,0.5278,5462.41,27249.57,30384.15,14737.35,5305.45,10.5,0.359
FY2026-08,2026,Sep,8,Q3,5,STORE,Retail Stores,Women,Bottoms,Original Plan,11172.01,152,73.31,1053.7,100.55,0.5457,6096.39,30384.15,25465.05,7407.16,2666.58,13.6,0.4
FY2026-09,2026,Oct,9,Q3,4,STORE,Retail Stores,Women,Bottoms,Original Plan,11760.01,160,73.31,1126.08,105.84,0.5442,6400.32,25465.05,34979.61,22506.5,8102.34,8.7,0.389
FY2026-10,2026,Nov,10,Q4,4,STORE,Retail Stores,Women,Bottoms,Original Plan,16934.42,231,73.31,1833.83,152.41,0.5317,9004.19,34979.61,47243.45,31184.49,11226.42,8.3,0.412
FY2026-11,2026,Dec,11,Q4,5,STORE,Retail Stores,Women,Bottoms,Original Plan,18345.62,250,73.31,1959.14,165.11,0.5332,9782.05,47243.45,39942.74,13169.16,4740.9,12.9,0.421
FY2026-12,2026,Jan,12,Q4,4,STORE,Retail Stores,Women,Bottoms,Original Plan,7408.81,101,73.31,664.0,66.68,0.5504,4077.63,39942.74,31803.25,0.0,0.0,21.6,0.207
FY2024-01,2024,Feb,1,Q1,4,STORE,Retail Stores,Women,Bottoms,Current Plan,6769.72,92,73.31,613.87,60.93,0.5493,3718.75,19940.05,19755.2,7259.67,2613.48,11.8,0.341
FY2024-02,2024,Mar,2,Q1,5,STORE,Retail Stores,Women,Bottoms,Current Plan,9153.69,125,73.31,1011.05,82.38,0.5295,4847.31,19755.2,20098.76,10590.69,3812.65,10.8,0.459
FY2024-03,2024,Apr,3,Q1,4,STORE,Retail Stores,Women,Bottoms,Current Plan,10391.99,142,73.31,939.61,93.53,0.5496,5711.26,20098.76,31050.25,22376.62,8055.58,7.7,0.406
FY2024-04,2024,May,4,Q2,4,STORE,Retail Stores,Women,Bottoms,Current Plan,9709.28,132,73.31,1127.25,87.38,0.5239,5086.69,31050.25,28524.24,8397.9,3023.24,12.8,0.326
FY2024-05,2024,Jun,5,Q2,5,STORE,Retail Stores,Women,Bottoms,Current Plan,8713.35,119,73.31,901.62,78.42,0.5365,4674.93,28524.24,19601.36,770.5,277.38,16.4,0.362
FY2024-06,2024,Jul,6,Q2,4,STORE,Retail Stores,Women,Bottoms,Current Plan,7251.16,99,73.31,744.32,65.26,0.5374,3896.42,19601.36,19867.26,8326.65,2997.59,10.8,0.367
FY2024-07,2024,Aug,7,Q3,4,STORE,Retail Stores,Women,Bottoms,Current Plan,7537.74,103,73.31,721.96,67.84,0.5442,4102.19,19867.26,22784.12,11244.4,4047.98,10.5,0.353
FY2024-08,2024,Sep,8,Q3,5,STORE,Retail Stores,Women,Bottoms,Current Plan,8397.76,115,73.31,812.73,75.58,0.5432,4561.84,22784.12,19669.0,6170.95,2221.54,13.6,0.396
FY2024-09,2024,Oct,9,Q3,4,STORE,Retail Stores,Women,Bottoms,Current Plan,8777.48,120,73.31,813.84,79.0,0.5473,4803.75,19669.0,24701.76,14703.08,5293.11,9.0,0.396
FY2024-10,2024,Nov,10,Q4,4,STORE,Retail Stores,Women,Bottoms,Current Plan,12839.6,175,73.31,1170.28,115.56,0.5489,7047.06,24701.76,37346.25,26769.91,9637.17,7.7,0.414
FY2024-11,2024,Dec,11,Q4,5,STORE,Retail Stores,Women,Bottoms,Current Plan,13949.35,190,73.31,1491.38,125.54,0.5331,7436.21,37346.25,31695.9,9915.93,3569.73,13.4,0.404
FY2024-12,2024,Jan,12,Q4,4,STORE,Retail Stores,Women,Bottoms,Current Plan,5752.79,78,73.31,531.19,51.78,0.5477,3150.59,31695.9,25360.14,0.0,0.0,22.0,0.202
FY2025-01,2025,Feb,1,Q1,4,STORE,Retail Stores,Women,Bottoms,Current Plan,7412.87,101,73.31,767.56,66.72,0.5365,3976.68,25360.14,22044.15,4931.16,1775.22,13.7,0.313
FY2025-02,2025,Mar,2,Q1,5,STORE,Retail Stores,Women,Bottoms,Current Plan,10165.31,139,73.31,1032.65,91.49,0.5384,5473.15,22044.15,23355.2,12600.5,4536.18,10.8,0.448
FY2025-03,2025,Apr,3,Q1,4,STORE,Retail Stores,Women,Bottoms,Current Plan,12175.9,166,73.31,1197.26,109.58,0.5417,6595.32,23355.2,33114.37,23241.92,8367.09,7.7,0.431
FY2025-04,2025,May,4,Q2,4,STORE,Retail Stores,Women,Bottoms,Current Plan,11068.28,151,73.31,1135.5,99.61,0.5374,5948.2,33114.37,31444.38,10633.39,3828.02,12.0,0.343
FY2025-05,2025,Jun,5,Q2,5,STORE,Retail Stores,Women,Bottoms,Current Plan,10084.38,138,73.31,992.42,90.76,0.5416,5461.58,31444.38,23443.58,3166.76,1140.03,15.6,0.367
FY2025-06,2025,Jul,6,Q2,4,STORE,Retail Stores,Women,Bottoms,Current Plan,8800.37,120,73.31,871.58,79.2,0.541,4760.66,23443.58,25708.7,12016.28,4325.86,10.7,0.358
FY2025-07,2025,Aug,7,Q3,4,STORE,Retail Stores,Women,Bottoms,Current Plan,8819.45,120,73.31,953.86,79.38,0.5318,4690.59,25708.7,25149.31,9293.29,3345.59,11.7,0.347
FY2025-08,2025,Sep,8,Q3,5,STORE,Retail Stores,Women,Bottoms,Current Plan,9768.45,133,73.31,1039.14,87.92,0.5336,5212.67,25149.31,23456.88,9203.07,3313.11,12.9,0.402
FY2025-09,2025,Oct,9,Q3,4,STORE,Retail Stores,Women,Bottoms,Current Plan,9889.13,135,73.31,915.38,89.0,0.5474,5413.66,23456.88,28705.52,16142.16,5811.18,9.5,0.379
FY2025-10,2025,Nov,10,Q4,4,STORE,Retail Stores,Women,Bottoms,Current Plan,14234.92,194,73.31,1676.53,128.11,0.5222,7433.82,28705.52,42669.33,30003.37,10801.21,8.1,0.399
FY2025-11,2025,Dec,11,Q4,5,STORE,Retail Stores,Women,Bottoms,Current Plan,15931.14,217,73.31,1735.58,143.38,0.5311,8460.34,42669.33,35227.44,10368.21,3732.56,13.4,0.409
FY2025-12,2025,Jan,12,Q4,4,STORE,Retail Stores,Women,Bottoms,Current Plan,6407.09,87,73.31,686.07,57.66,0.5329,3414.47,35227.44,28076.61,0.0,0.0,22.0,0.202
FY2026-01,2026,Feb,1,Q1,4,STORE,Retail Stores,Women,Bottoms,Current Plan,8387.76,114,73.31,863.52,75.49,0.5371,4504.65,28076.61,24853.83,6103.98,2197.43,13.4,0.317
FY2026-02,2026,Mar,2,Q1,5,STORE,Retail Stores,Women,Bottoms,Current Plan,12262.94,167,73.31,1352.71,110.37,0.5297,6495.57,24853.83,27005.0,15877.19,5715.79,10.1,0.473
FY2026-03,2026,Apr,3,Q1,4,STORE,Retail Stores,Women,Bottoms,Current Plan,13651.41,186,73.31,1508.56,122.86,0.5295,7228.34,27005.0,36913.06,25190.88,9068.72,7.9,0.427
FY2026-04,2026,May,4,Q2,4,STORE,Retail Stores,Women,Bottoms,Current Plan,12722.68,174,73.31,1343.66,114.5,0.5344,6798.86,36913.06,34575.4,11843.18,4263.55,11.6,0.356
FY2026-05,2026,Jun,5,Q2,5,STORE,Retail Stores,Women,Bottoms,Current Plan,11478.88,157,73.31,1353.95,103.31,0.522,5992.54,34575.4,25513.64,3874.37,1394.77,15.1,0.382
FY2026-06,2026,Jul,6,Q2,4,STORE,Retail Stores,Women,Bottoms,Current Plan,9659.41,132,73.31,1062.72,86.93,0.53,5119.29,25513.64,26453.48,11748.9,4229.61,10.6,0.372
FY2026-07,2026,Aug,7,Q3,4,STORE,Retail Stores,Women,Bottoms,Current Plan,10205.37,139,73.31,1026.8,91.85,0.5394,5504.64,26453.48,28319.36,13189.9,4748.37,10.4,0.373
FY2026-08,2026,Sep,8,Q3,5,STORE,Retail Stores,Women,Bottoms,Current Plan,10721.48,146,73.31,1191.83,96.49,0.5288,5669.91,28319.36,23340.8,7031.24,2531.25,13.2,0.415
FY2026-09,2026,Oct,9,Q3,4,STORE,Retail Stores,Women,Bottoms,Current Plan,11503.85,157,73.31,1306.56,103.53,0.5264,6055.91,23340.8,31388.4,20961.54,7546.15,8.1,0.42
FY2026-10,2026,Nov,10,Q4,4,STORE,Retail Stores,Women,Bottoms,Current Plan,16642.82,227,73.31,1796.05,149.79,0.5321,8855.36,31388.4,46694.34,33894.59,12202.05,7.5,0.426
FY2026-11,2026,Dec,11,Q4,5,STORE,Retail Stores,Women,Bottoms,Current Plan,17929.18,245,73.31,1923.55,161.36,0.5327,9551.12,46694.34,40234.29,13554.04,4879.46,13.0,0.413
FY2026-12,2026,Jan,12,Q4,4,STORE,Retail Stores,Women,Bottoms,Current Plan,7123.89,97,73.31,705.77,64.11,0.5409,3853.52,40234.29,32340.52,0.0,0.0,22.6,0.196
FY2024-01,2024,Feb,1,Q1,4,WHSL,Wholesale,Women,Bottoms,Original Plan,11165.54,199,56.15,191.98,11.17,0.4628,5167.48,10790.3,11193.25,11771.64,6121.25,3.9,1.016
FY2024-02,2024,Mar,2,Q1,5,WHSL,Wholesale,Women,Bottoms,Original Plan,9364.65,167,56.15,167.36,9.36,0.4621,4327.67,11193.25,7142.5,5490.61,2855.12,6.0,1.021
FY2024-03,2024,Apr,3,Q1,4,WHSL,Wholesale,Women,Bottoms,Original Plan,4466.22,80,56.15,80.5,4.47,0.462,2063.28,7142.5,4446.27,1854.96,964.58,6.4,0.771
FY2024-04,2024,May,4,Q2,4,WHSL,Wholesale,Women,Bottoms,Original Plan,3961.97,71,56.15,81.13,3.96,0.4595,1820.62,4446.27,3785.33,3386.12,1760.78,4.5,0.963
FY2024-05,2024,Jun,5,Q2,5,WHSL,Wholesale,Women,Bottoms,Original Plan,9724.83,173,56.15,182.46,9.72,0.4612,4485.46,3785.33,7926.4,14058.08,7310.2,1.9,1.661
FY2024-06,2024,Jul,6,Q2,4,WHSL,Wholesale,Women,Bottoms,Original Plan,10229.08,182,56.15,185.22,10.23,0.4619,4724.74,7926.4,9732.85,12230.96,6360.1,3.1,1.158
FY2024-07,2024,Aug,7,Q3,4,WHSL,Wholesale,Women,Bottoms,Original Plan,5042.5,90,56.15,96.91,5.04,0.4608,2323.49,9732.85,5121.03,532.64,276.97,7.7,0.679
FY2024-08,2024,Sep,8,Q3,5,WHSL,Wholesale,Women,Bottoms,Original Plan,7563.75,135,56.15,128.76,7.56,0.463,3501.84,5121.03,5856.48,8435.54,4386.48,3.4,1.378
FY2024-09,2024,Oct,9,Q3,4,WHSL,Wholesale,Women,Bottoms,Original Plan,9940.93,177,56.15,224.15,9.94,0.4575,4547.5,5856.48,9715.59,14034.13,7297.75,2.4,1.277
FY2024-10,2024,Nov,10,Q4,4,WHSL,Wholesale,Women,Bottoms,Original Plan,6123.04,109,56.15,106.11,6.12,0.4627,2832.95,9715.59,6130.13,2649.81,1377.9,6.3,0.773
FY2024-11,2024,Dec,11,Q4,5,WHSL,Wholesale,Women,Bottoms,Original Plan,4322.14,77,56.15,74.01,4.32,0.4629,2000.62,6130.13,3558.84,1829.19,951.18,7.1,0.892
FY2024-12,2024,Jan,12,Q4,4,WHSL,Wholesale,Women,Bottoms,Original Plan,4538.25,81,56.15,90.69,4.54,0.46,2087.67,3558.84,4510.34,5584.98,2904.19,3.1,1.125
FY2025-01,2025,Feb,1,Q1,4,WHSL,Wholesale,Women,Bottoms,Original Plan,12728.72,227,56.15,273.52,12.73,0.4585,5836.27,4510.34,12081.36,20585.98,10704.71,1.4,1.534
FY2025-02,2025,Mar,2,Q1,5,WHSL,Wholesale,Women,Bottoms,Original Plan,10675.7,190,56.15,191.24,10.68,0.4621,4933.1,12081.36,8214.47,7010.72,3645.58,5.7,1.052
FY2025-03,2025,Apr,3,Q1,4,WHSL,Wholesale,Women,Bottoms,Original Plan,5091.49,91,56.15,104.27,5.09,0.4595,2339.64,8214.47,4963.38,1949.76,1013.87,6.5,0.773
FY2025-04,2025,May,4,Q2,4,WHSL,Wholesale,Women,Bottoms,Original Plan,4516.64,80,56.15,100.19,4.52,0.4578,2067.8,4963.38,4392.82,4050.79,2106.41,4.4,0.965
FY2025-05,2025,Jun,5,Q2,5,WHSL,Wholesale,Women,Bottoms,Original Plan,11086.3,197,56.15,229.31,11.09,0.4593,5092.11,4392.82,9209.15,16143.03,8394.38,2.0,1.63
FY2025-06,2025,Jul,6,Q2,4,WHSL,Wholesale,Women,Bottoms,Original Plan,11661.15,208,56.15,212.05,11.66,0.4618,5385.3,9209.15,11100.37,13776.07,7163.56,3.2,1.148
FY2025-07,2025,Aug,7,Q3,4,WHSL,Wholesale,Women,Bottoms,Original Plan,5748.45,102,56.15,108.95,5.75,0.461,2650.3,11100.37,5562.93,325.72,169.37,7.7,0.69
FY2025-08,2025,Sep,8,Q3,5,WHSL,Wholesale,Women,Bottoms,Original Plan,8622.68,154,56.15,156.53,8.62,0.4618,3982.36,5562.93,6570.06,9794.96,5093.38,3.2,1.421
FY2025-09,2025,Oct,9,Q3,4,WHSL,Wholesale,Women,Bottoms,Original Plan,11332.66,202,56.15,218.47,11.33,0.4607,5221.21,6570.06,11775.59,16767.99,8719.36,2.3,1.235
FY2025-10,2025,Nov,10,Q4,4,WHSL,Wholesale,Women,Bottoms,Original Plan,6980.26,124,56.15,133.26,6.98,0.4609,3217.27,11775.59,7121.56,2466.48,1282.57,6.7,0.739
FY2025-11,2025,Dec,11,Q4,5,WHSL,Wholesale,Women,Bottoms,Original Plan,4927.25,88,56.15,108.64,4.93,0.458,2256.44,7121.56,3724.08,1643.33,854.53,7.2,0.909
FY2025-12,2025,Jan,12,Q4,4,WHSL,Wholesale,Women,Bottoms,Original Plan,5173.61,92,56.15,97.75,5.17,0.4611,2385.58,3724.08,4897.07,6449.53,3353.75,2.9,1.2
FY2026-01,2026,Feb,1,Q1,4,WHSL,Wholesale,Women,Bottoms,Original Plan,15019.89,267,56.15,324.24,15.02,0.4584,6885.3,4897.07,15373.71,25835.78,13434.61,1.3,1.482
FY2026-02,2026,Mar,2,Q1,5,WHSL,Wholesale,Women,Bottoms,Original Plan,12597.32,224,56.15,237.99,12.6,0.4611,5808.72,15373.71,9898.59,7372.8,3833.85,6.1,0.997
FY2026-03,2026,Apr,3,Q1,4,WHSL,Wholesale,Women,Bottoms,Original Plan,6007.95,107,56.15,115.92,6.01,0.4607,2767.89,9898.59,6061.75,2293.05,1192.38,6.6,0.753
FY2026-04,2026,May,4,Q2,4,WHSL,Wholesale,Women,Bottoms,Original Plan,5329.64,95,56.15,103.83,5.33,0.4605,2454.39,6061.75,5462.37,4839.42,2516.5,4.5,0.925
FY2026-05,2026,Jun,5,Q2,5,WHSL,Wholesale,Women,Bottoms,Original Plan,13081.84,233,56.15,298.74,13.08,0.4572,5980.54,5462.37,10203.66,18134.94,9430.17,2.1,1.67
FY2026-06,2026,Jul,6,Q2,4,WHSL,Wholesale,Women,Bottoms,Original Plan,13760.15,245,56.15,236.66,13.76,0.4628,6368.22,10203.66,13787.4,17594.31,9149.04,3.0,1.147
FY2026-07,2026,Aug,7,Q3,4,WHSL,Wholesale,Women,Bottoms,Original Plan,6783.17,121,56.15,120.05,6.78,0.4623,3135.87,13787.4,6930.85,53.45,27.8,8.1,0.655
FY2026-08,2026,Sep,8,Q3,5,WHSL,Wholesale,Women,Bottoms,Original Plan,10174.76,181,56.15,183.75,10.17,0.4619,4700.14,6930.85,8195.97,11633.81,6049.58,3.4,1.345
FY2026-09,2026,Oct,9,Q3,4,WHSL,Wholesale,Women,Bottoms,Original Plan,13372.54,238,56.15,237.81,13.37,0.4622,6181.01,8195.97,12640.16,18067.92,9395.32,2.5,1.284
FY2026-10,2026,Nov,10,Q4,4,WHSL,Wholesale,Women,Bottoms,Original Plan,8236.71,147,56.15,143.84,8.24,0.4625,3809.78,12640.16,8390.73,4139.36,2152.47,6.1,0.783
FY2026-11,2026,Dec,11,Q4,5,WHSL,Wholesale,Women,Bottoms,Original Plan,5814.15,104,56.15,111.52,5.81,0.4608,2679.27,8390.73,4484.97,2025.73,1053.38,7.2,0.903
FY2026-12,2026,Jan,12,Q4,4,WHSL,Wholesale,Women,Bottoms,Original Plan,6104.86,109,56.15,106.33,6.1,0.4626,2824.0,4484.97,6270.39,8002.71,4161.41,2.9,1.135
FY2024-01,2024,Feb,1,Q1,4,WHSL,Wholesale,Women,Bottoms,Current Plan,11049.79,197,56.15,204.77,11.05,0.4615,5099.13,10390.39,10773.33,11648.55,6057.25,3.8,1.044
FY2024-02,2024,Mar,2,Q1,5,WHSL,Wholesale,Women,Bottoms,Current Plan,9320.58,166,56.15,195.45,9.32,0.459,4278.43,10773.33,7078.93,5830.95,3032.09,5.8,1.044
FY2024-03,2024,Apr,3,Q1,4,WHSL,Wholesale,Women,Bottoms,Current Plan,4532.61,81,56.15,88.63,4.53,0.4604,2087.02,7078.93,4355.67,1902.51,989.31,6.2,0.793
FY2024-04,2024,May,4,Q2,4,WHSL,Wholesale,Women,Bottoms,Current Plan,3947.39,70,56.15,73.54,3.95,0.4614,1821.21,4355.67,3839.94,3509.14,1824.76,4.4,0.963
FY2024-05,2024,Jun,5,Q2,5,WHSL,Wholesale,Women,Bottoms,Current Plan,9421.87,168,56.15,195.15,9.42,0.4593,4327.35,3839.94,7732.9,13519.41,7030.09,2.0,1.628
FY2024-06,2024,Jul,6,Q2,4,WHSL,Wholesale,Women,Bottoms,Current Plan,10188.99,181,56.15,192.92,10.19,0.4611,4697.8,7732.9,9945.59,12604.79,6554.49,3.0,1.153
FY2024-07,2024,Aug,7,Q3,4,WHSL,Wholesale,Women,Bottoms,Current Plan,5270.83,94,56.15,100.88,5.27,0.4609,2429.12,9945.59,5075.01,506.4,263.33,7.5,0.702
FY2024-08,2024,Sep,8,Q3,5,WHSL,Wholesale,Women,Bottoms,Current Plan,7909.91,141,56.15,159.46,7.91,0.4598,3637.3,5075.01,6569.12,9571.39,4977.12,3.2,1.359
FY2024-09,2024,Oct,9,Q3,4,WHSL,Wholesale,Women,Bottoms,Current Plan,9976.07,178,56.15,176.35,9.98,0.4623,4612.16,6569.12,9548.98,13142.26,6833.97,2.6,1.238
FY2024-10,2024,Nov,10,Q4,4,WHSL,Wholesale,Women,Bottoms,Current Plan,6153.34,110,56.15,128.43,6.15,0.4591,2825.17,9548.98,6361.21,3100.15,1612.08,6.2,0.774
FY2024-11,2024,Dec,11,Q4,5,WHSL,Wholesale,Women,Bottoms,Current Plan,4372.19,78,56.15,98.66,4.37,0.4574,1999.99,6361.21,3458.28,1572.28,817.59,7.3,0.891
FY2024-12,2024,Jan,12,Q4,4,WHSL,Wholesale,Women,Bottoms,Current Plan,4616.39,82,56.15,80.87,4.62,0.4625,2134.99,3458.28,4531.78,5775.38,3003.2,3.0,1.156
FY2025-01,2025,Feb,1,Q1,4,WHSL,Wholesale,Women,Bottoms,Current Plan,12622.09,225,56.15,270.61,12.62,0.4586,5788.0,4531.78,12612.17,20985.71,10912.57,1.4,1.472
FY2025-02,2025,Mar,2,Q1,5,WHSL,Wholesale,Women,Bottoms,Current Plan,10808.65,192,56.15,196.86,10.81,0.4618,4991.29,12612.17,8870.61,7274.76,3782.88,5.8,1.006
FY2025-03,2025,Apr,3,Q1,4,WHSL,Wholesale,Women,Bottoms,Current Plan,5138.21,92,56.15,117.22,5.14,0.4572,2349.12,8870.61,5368.02,1757.98,914.15,6.9,0.722
FY2025-04,2025,May,4,Q2,4,WHSL,Wholesale,Women,Bottoms,Current Plan,4545.65,81,56.15,78.43,4.55,0.4627,2103.48,5368.02,4297.35,3557.95,1850.14,4.7,0.941
FY2025-05,2025,Jun,5,Q2,5,WHSL,Wholesale,Women,Bottoms,Current Plan,10973.28,195,56.15,201.45,10.97,0.4616,5065.73,4297.35,8724.77,15613.13,8118.83,2.0,1.685
FY2025-06,2025,Jul,6,Q2,4,WHSL,Wholesale,Women,Bottoms,Current Plan,11889.31,212,56.15,208.12,11.89,0.4625,5498.75,8724.77,12200.48,15585.02,8104.21,2.9,1.136
FY2025-07,2025,Aug,7,Q3,4,WHSL,Wholesale,Women,Bottoms,Current Plan,5666.34,101,56.15,106.1,5.67,0.4613,2613.74,12200.48,6422.37,0.0,0.0,8.6,0.609
FY2025-08,2025,Sep,8,Q3,5,WHSL,Wholesale,Women,Bottoms,Current Plan,8711.31,155,56.15,150.22,8.71,0.4628,4031.21,6422.37,6667.48,9115.35,4739.98,3.7,1.331
FY2025-09,2025,Oct,9,Q3,4,WHSL,Wholesale,Women,Bottoms,Current Plan,11349.39,202,56.15,210.29,11.35,0.4615,5237.42,6667.48,10835.8,15739.36,8184.47,2.3,1.297
FY2025-10,2025,Nov,10,Q4,4,WHSL,Wholesale,Women,Bottoms,Current Plan,7172.03,128,56.15,162.08,7.17,0.4574,3280.49,10835.8,7365.85,3871.34,2013.1,6.0,0.788
FY2025-11,2025,Dec,11,Q4,5,WHSL,Wholesale,Women,Bottoms,Current Plan,4908.78,87,56.15,108.62,4.91,0.4579,2247.59,7365.85,3782.0,1438.46,748.0,7.5,0.881
FY2025-12,2025,Jan,12,Q4,4,WHSL,Wholesale,Women,Bottoms,Current Plan,5180.66,92,56.15,115.63,5.18,0.4577,2371.09,3782.0,5163.72,6683.19,3475.26,2.9,1.158
FY2026-01,2026,Feb,1,Q1,4,WHSL,Wholesale,Women,Bottoms,Current Plan,14507.56,258,56.15,315.04,14.51,0.4583,6648.59,5163.72,15345.53,25018.91,13009.83,1.4,1.415
FY2026-02,2026,Mar,2,Q1,5,WHSL,Wholesale,Women,Bottoms,Current Plan,12280.39,219,56.15,241.23,12.28,0.4604,5653.35,15345.53,10037.99,7226.36,3757.71,6.2,0.968
FY2026-03,2026,Apr,3,Q1,4,WHSL,Wholesale,Women,Bottoms,Current Plan,5865.61,104,56.15,103.95,5.87,0.4623,2711.54,10037.99,5679.27,1616.7,840.68,6.8,0.746
FY2026-04,2026,May,4,Q2,4,WHSL,Wholesale,Women,Bottoms,Current Plan,5267.81,94,56.15,100.74,5.27,0.4609,2427.81,5679.27,5230.25,4924.79,2560.89,4.3,0.966
FY2026-05,2026,Jun,5,Q2,5,WHSL,Wholesale,Women,Bottoms,Current Plan,12634.75,225,56.15,288.09,12.63,0.4572,5776.59,5230.25,9746.04,17451.26,9074.65,2.1,1.687
FY2026-06,2026,Jul,6,Q2,4,WHSL,Wholesale,Women,Bottoms,Current Plan,13606.47,242,56.15,280.59,13.61,0.4594,6250.51,9746.04,13452.87,17607.49,9155.9,2.9,1.173
FY2026-07,2026,Aug,7,Q3,4,WHSL,Wholesale,Women,Bottoms,Current Plan,6847.41,122,56.15,137.17,6.85,0.46,3149.59,13452.87,6936.71,475.27,247.14,7.9,0.672
FY2026-08,2026,Sep,8,Q3,5,WHSL,Wholesale,Women,Bottoms,Current Plan,9979.02,178,56.15,202.44,9.98,0.4597,4587.49,6936.71,7923.62,11178.35,5812.74,3.5,1.343
FY2026-09,2026,Oct,9,Q3,4,WHSL,Wholesale,Women,Bottoms,Current Plan,12877.53,229,56.15,245.56,12.88,0.4609,5935.65,7923.62,13362.24,18574.58,9658.78,2.5,1.21
FY2026-10,2026,Nov,10,Q4,4,WHSL,Wholesale,Women,Bottoms,Current Plan,8191.25,146,56.15,182.5,8.19,0.4577,3749.3,13362.24,8103.68,3123.39,1624.16,6.5,0.763
FY2026-11,2026,Dec,11,Q4,5,WHSL,Wholesale,Women,Bottoms,Current Plan,5698.04,101,56.15,99.44,5.7,0.4625,2635.61,8103.68,4667.6,2367.1,1230.89,7.1,0.892
FY2026-12,2026,Jan,12,Q4,4,WHSL,Wholesale,Women,Bottoms,Current Plan,5969.38,106,56.15,129.32,5.97,0.4583,2735.99,4667.6,5932.22,7369.29,3832.03,3.1,1.126
FY2024-01,2024,Feb,1,Q1,4,ECOM,Ecommerce,Women,Dresses,Original Plan,24906.54,179,138.84,2960.37,99.63,0.5211,12979.82,70197.61,68595.92,26364.83,9491.34,11.3,0.359
FY2024-02,2024,Mar,2,Q1,5,ECOM,Ecommerce,Women,Dresses,Original Plan,35676.93,257,138.84,5332.32,142.71,0.4905,17500.91,68595.92,86196.83,58752.88,21151.04,9.6,0.461
FY2024-03,2024,Apr,3,Q1,4,ECOM,Ecommerce,Women,Dresses,Original Plan,39715.83,286,138.84,5581.54,158.86,0.4995,19836.59,86196.83,111528.2,70787.59,25483.53,8.7,0.402
FY2024-04,2024,May,4,Q2,4,ECOM,Ecommerce,Women,Dresses,Original Plan,36686.65,264,138.84,5079.37,146.75,0.5015,18400.09,111528.2,110347.09,40731.66,14663.4,12.2,0.331
FY2024-05,2024,Jun,5,Q2,5,ECOM,Ecommerce,Women,Dresses,Original Plan,33320.91,240,138.84,4238.04,133.28,0.5128,17087.34,110347.09,77191.75,4536.89,1633.28,16.6,0.355
FY2024-06,2024,Jul,6,Q2,4,ECOM,Ecommerce,Women,Dresses,Original Plan,28272.28,204,138.84,3502.14,113.09,0.5161,14592.12,77191.75,83604.4,38300.17,13788.06,10.9,0.352
FY2024-07,2024,Aug,7,Q3,4,ECOM,Ecommerce,Women,Dresses,Original Plan,29618.58,213,138.84,4327.28,118.47,0.4939,14628.61,83604.4,81151.59,31611.52,11380.15,11.3,0.36
FY2024-08,2024,Sep,8,Q3,5,ECOM,Ecommerce,Women,Dresses,Original Plan,31974.61,230,138.84,4749.59,127.9,0.4915,15714.16,81151.59,77613.62,33314.13,11993.09,12.7,0.403
FY2024-09,2024,Oct,9,Q3,4,ECOM,Ecommerce,Women,Dresses,Original Plan,33657.48,242,138.84,4224.53,134.63,0.5145,17316.25,77613.62,96492.14,56895.16,20482.26,9.2,0.387
FY2024-10,2024,Nov,10,Q4,4,ECOM,Ecommerce,Women,Dresses,Original Plan,48466.77,349,138.84,6957.37,193.87,0.4965,24061.36,96492.14,135595.92,94721.79,34099.84,8.0,0.418
FY2024-11,2024,Dec,11,Q4,5,ECOM,Ecommerce,Women,Dresses,Original Plan,52505.67,378,138.84,7675.3,210.02,0.4938,25928.32,135595.92,124856.54,49651.62,17874.58,12.9,0.403
FY2024-12,2024,Jan,12,Q4,4,ECOM,Ecommerce,Women,Dresses,Original Plan,21204.21,153,138.84,3223.37,84.82,0.488,10347.33,124856.54,100344.14,0.0,0.0,23.6,0.188
FY2025-01,2025,Feb,1,Q1,4,ECOM,Ecommerce,Women,Dresses,Original Plan,28393.45,205,138.84,4034.84,113.57,0.4979,14136.97,100344.14,82069.76,14267.48,5136.29,14.1,0.311
FY2025-02,2025,Mar,2,Q1,5,ECOM,Ecommerce,Women,Dresses,Original Plan,40671.7,293,138.84,6173.18,162.69,0.4882,19856.71,82069.76,97655.51,62593.31,22533.59,10.1,0.453
FY2025-03,2025,Apr,3,Q1,4,ECOM,Ecommerce,Women,Dresses,Original Plan,45276.04,326,138.84,5327.44,181.1,0.5223,23649.23,97655.51,122615.06,75744.13,27267.89,8.6,0.411
FY2025-04,2025,May,4,Q2,4,ECOM,Ecommerce,Women,Dresses,Original Plan,41822.78,301,138.84,5052.73,167.29,0.5192,21713.86,122615.06,117580.0,42007.74,15122.79,11.7,0.348
FY2025-05,2025,Jun,5,Q2,5,ECOM,Ecommerce,Women,Dresses,Original Plan,37985.83,274,138.84,4654.8,151.94,0.5175,19656.13,117580.0,89186.08,14398.66,5183.52,15.5,0.367
FY2025-06,2025,Jul,6,Q2,4,ECOM,Ecommerce,Women,Dresses,Original Plan,32230.4,232,138.84,3714.96,128.92,0.5247,16912.5,89186.08,91807.82,38696.03,13930.57,11.1,0.356
FY2025-07,2025,Aug,7,Q3,4,ECOM,Ecommerce,Women,Dresses,Original Plan,33765.18,243,138.84,4246.87,135.06,0.5142,17362.85,91807.82,100897.37,47236.65,17005.2,10.9,0.35
FY2025-08,2025,Sep,8,Q3,5,ECOM,Ecommerce,Women,Dresses,Original Plan,36451.05,263,138.84,4720.5,145.8,0.5105,18608.17,100897.37,79023.07,19443.06,6999.5,13.8,0.405
FY2025-09,2025,Oct,9,Q3,4,ECOM,Ecommerce,Women,Dresses,Original Plan,38369.53,276,138.84,4973.3,153.48,0.5104,19583.19,79023.07,108725.43,73198.67,26351.52,8.2,0.409
FY2025-10,2025,Nov,10,Q4,4,ECOM,Ecommerce,Women,Dresses,Original Plan,55252.12,398,138.84,6819.88,221.01,0.5166,28541.47,108725.43,152334.29,105901.87,38124.67,7.9,0.423
FY2025-11,2025,Dec,11,Q4,5,ECOM,Ecommerce,Women,Dresses,Original Plan,59856.46,431,138.84,8888.95,239.43,0.4915,29419.18,152334.29,143101.68,59752.23,21510.8,12.7,0.405
FY2025-12,2025,Jan,12,Q4,4,ECOM,Ecommerce,Women,Dresses,Original Plan,24172.8,174,138.84,3194.18,96.69,0.5079,12276.41,143101.68,115638.0,0.0,0.0,23.7,0.187
FY2026-01,2026,Feb,1,Q1,4,ECOM,Ecommerce,Women,Dresses,Original Plan,33504.27,241,138.84,4200.76,134.02,0.5146,17241.97,115638.0,100533.49,22734.54,8184.43,13.8,0.31
FY2026-02,2026,Mar,2,Q1,5,ECOM,Ecommerce,Women,Dresses,Original Plan,47992.6,346,138.84,7366.69,191.97,0.4865,23348.57,100533.49,106135.68,61153.46,22015.25,10.5,0.464
FY2026-03,2026,Apr,3,Q1,4,ECOM,Ecommerce,Women,Dresses,Original Plan,53425.73,385,138.84,7069.73,213.7,0.5077,27122.74,106135.68,149534.11,104107.59,37478.73,7.9,0.418
FY2026-04,2026,May,4,Q2,4,ECOM,Ecommerce,Women,Dresses,Original Plan,49350.89,355,138.84,5697.81,197.4,0.5245,25886.75,149534.11,134998.5,40710.5,14655.78,12.1,0.347
FY2026-05,2026,Jun,5,Q2,5,ECOM,Ecommerce,Women,Dresses,Original Plan,44823.28,323,138.84,6534.59,179.29,0.4942,22152.31,134998.5,102282.9,18821.56,6775.76,15.1,0.378
FY2026-06,2026,Jul,6,Q2,4,ECOM,Ecommerce,Women,Dresses,Original Plan,38031.88,274,138.84,5084.65,152.13,0.5063,19255.75,102282.9,109310.12,50295.86,18106.51,10.8,0.359
FY2026-07,2026,Aug,7,Q3,4,ECOM,Ecommerce,Women,Dresses,Original Plan,39842.92,287,138.84,6031.15,159.37,0.4886,19468.32,109310.12,113089.67,49812.99,17932.68,11.0,0.358
FY2026-08,2026,Sep,8,Q3,5,ECOM,Ecommerce,Women,Dresses,Original Plan,43012.24,310,138.84,6343.18,172.05,0.4925,21184.66,113089.67,97434.58,33872.38,12194.06,13.1,0.409
FY2026-09,2026,Oct,9,Q3,4,ECOM,Ecommerce,Women,Dresses,Original Plan,45276.04,326,138.84,6565.42,181.1,0.495,22411.24,97434.58,128185.5,82773.49,29798.46,8.6,0.401
FY2026-10,2026,Nov,10,Q4,4,ECOM,Ecommerce,Women,Dresses,Original Plan,65197.5,470,138.84,8083.02,260.79,0.516,33643.38,128185.5,196511.26,141867.06,51072.14,7.9,0.402
FY2026-11,2026,Dec,11,Q4,5,ECOM,Ecommerce,Women,Dresses,Original Plan,70630.63,509,138.84,8304.87,282.52,0.5224,36898.73,196511.26,168570.38,51277.15,18459.77,13.9,0.387
FY2026-12,2026,Jan,12,Q4,4,ECOM,Ecommerce,Women,Dresses,Original Plan,28523.91,205,138.84,3691.92,114.1,0.5106,14563.38,168570.38,136240.46,0.0,0.0,23.6,0.187
FY2024-01,2024,Feb,1,Q1,4,ECOM,Ecommerce,Women,Dresses,Current Plan,25092.51,181,138.84,3522.55,100.37,0.4996,12536.65,67831.58,70891.32,31775.17,11439.06,10.8,0.362
FY2024-02,2024,Mar,2,Q1,5,ECOM,Ecommerce,Women,Dresses,Current Plan,36288.06,261,138.84,5295.68,145.15,0.4941,17928.68,70891.32,84237.43,55075.0,19827.0,9.8,0.468
FY2024-03,2024,Apr,3,Q1,4,ECOM,Ecommerce,Women,Dresses,Current Plan,38919.01,280,138.84,5377.48,155.68,0.5018,19530.69,84237.43,105637.34,65852.08,23706.75,8.7,0.41
FY2024-04,2024,May,4,Q2,4,ECOM,Ecommerce,Women,Dresses,Current Plan,36942.9,266,138.84,4663.04,147.77,0.5138,18980.42,105637.34,99891.39,36007.76,12962.79,11.4,0.359
FY2024-05,2024,Jun,5,Q2,5,ECOM,Ecommerce,Women,Dresses,Current Plan,34382.8,248,138.84,4543.45,137.53,0.5079,17461.55,99891.39,75504.6,14676.99,5283.72,14.5,0.392
FY2024-06,2024,Jul,6,Q2,4,ECOM,Ecommerce,Women,Dresses,Current Plan,28678.05,207,138.84,3659.69,114.71,0.5124,14694.27,75504.6,79543.42,36491.27,13136.86,10.5,0.37
FY2024-07,2024,Aug,7,Q3,4,ECOM,Ecommerce,Women,Dresses,Current Plan,30327.38,218,138.84,4300.13,121.31,0.4982,15109.39,79543.42,83549.89,38755.3,13951.91,10.5,0.372
FY2024-08,2024,Sep,8,Q3,5,ECOM,Ecommerce,Women,Dresses,Current Plan,32220.66,232,138.84,4562.4,128.88,0.4984,16058.83,83549.89,72859.0,26221.05,9439.58,13.0,0.412
FY2024-09,2024,Oct,9,Q3,4,ECOM,Ecommerce,Women,Dresses,Current Plan,33397.72,241,138.84,4106.57,133.59,0.517,17267.98,72859.0,91373.79,56152.67,20214.96,8.7,0.407
FY2024-10,2024,Nov,10,Q4,4,ECOM,Ecommerce,Women,Dresses,Current Plan,48607.24,350,138.84,7119.18,194.43,0.4935,23989.45,91373.79,136267.63,100814.69,36293.29,7.5,0.427
FY2024-11,2024,Dec,11,Q4,5,ECOM,Ecommerce,Women,Dresses,Current Plan,51754.22,373,138.84,6040.94,207.02,0.5233,27081.76,136267.63,124543.58,46278.12,16660.12,13.2,0.397
FY2024-12,2024,Jan,12,Q4,4,ECOM,Ecommerce,Women,Dresses,Current Plan,21953.78,158,138.84,2779.79,87.82,0.5134,11270.63,124543.58,99722.2,0.0,0.0,22.7,0.196
FY2025-01,2025,Feb,1,Q1,4,ECOM,Ecommerce,Women,Dresses,Current Plan,28278.85,204,138.84,3842.67,113.12,0.5041,14255.79,99722.2,83612.39,16124.83,5804.94,14.1,0.308
FY2025-02,2025,Mar,2,Q1,5,ECOM,Ecommerce,Women,Dresses,Current Plan,41118.18,296,138.84,5351.48,164.47,0.5099,20964.15,83612.39,94446.51,57468.26,20688.57,10.2,0.462
FY2025-03,2025,Apr,3,Q1,4,ECOM,Ecommerce,Women,Dresses,Current Plan,45987.29,331,138.84,5607.65,183.95,0.5181,23824.21,94446.51,131794.78,89127.16,32085.78,8.2,0.407
FY2025-04,2025,May,4,Q2,4,ECOM,Ecommerce,Women,Dresses,Current Plan,42237.23,304,138.84,6374.02,168.95,0.4891,20657.81,131794.78,125179.9,42165.32,15179.51,12.5,0.329
FY2025-05,2025,Jun,5,Q2,5,ECOM,Ecommerce,Women,Dresses,Current Plan,38855.35,280,138.84,5064.68,155.42,0.5097,19802.74,125179.9,86307.79,5203.35,1873.21,16.1,0.367
FY2025-06,2025,Jul,6,Q2,4,ECOM,Ecommerce,Women,Dresses,Current Plan,31011.13,223,138.84,4765.15,124.04,0.4863,15081.97,86307.79,88507.48,38100.02,13716.01,11.1,0.355
FY2025-07,2025,Aug,7,Q3,4,ECOM,Ecommerce,Women,Dresses,Current Plan,33473.49,241,138.84,3862.15,133.89,0.5246,17560.88,88507.48,98998.21,47960.26,17265.69,10.6,0.357
FY2025-08,2025,Sep,8,Q3,5,ECOM,Ecommerce,Women,Dresses,Current Plan,36116.35,260,138.84,4146.1,144.47,0.5252,18968.36,98998.21,80513.9,21922.61,7892.14,13.7,0.402
FY2025-09,2025,Oct,9,Q3,4,ECOM,Ecommerce,Women,Dresses,Current Plan,37684.09,271,138.84,4369.51,150.74,0.524,19748.31,80513.9,114793.76,76484.19,27534.31,8.5,0.386
FY2025-10,2025,Nov,10,Q4,4,ECOM,Ecommerce,Women,Dresses,Current Plan,54543.42,393,138.84,6777.2,218.17,0.5157,28130.59,114793.76,160300.89,107045.93,38536.53,8.4,0.397
FY2025-11,2025,Dec,11,Q4,5,ECOM,Ecommerce,Women,Dresses,Current Plan,63076.75,454,138.84,8529.33,252.31,0.5048,31839.79,160300.89,142823.15,54380.65,19577.03,12.7,0.416
FY2025-12,2025,Jan,12,Q4,4,ECOM,Ecommerce,Women,Dresses,Current Plan,24300.26,175,138.84,3278.62,97.2,0.5051,12273.55,142823.15,115147.07,0.0,0.0,23.5,0.188
FY2026-01,2026,Feb,1,Q1,4,ECOM,Ecommerce,Women,Dresses,Current Plan,30390.55,219,138.84,4492.18,121.56,0.4922,14957.77,115147.07,82652.79,2510.01,903.6,15.2,0.307
FY2026-02,2026,Mar,2,Q1,5,ECOM,Ecommerce,Women,Dresses,Current Plan,44174.91,318,138.84,5611.89,176.7,0.513,22660.05,82652.79,98643.67,65954.37,23743.57,9.4,0.487
FY2026-03,2026,Apr,3,Q1,4,ECOM,Ecommerce,Women,Dresses,Current Plan,49317.12,355,138.84,5924.99,197.27,0.5199,25637.97,98643.67,136978.09,93773.8,33758.57,8.0,0.419
FY2026-04,2026,May,4,Q2,4,ECOM,Ecommerce,Women,Dresses,Current Plan,44860.54,323,138.84,5571.97,179.44,0.5158,23138.78,136978.09,128094.86,41728.72,15022.34,12.2,0.338
FY2026-05,2026,Jun,5,Q2,5,ECOM,Ecommerce,Women,Dresses,Current Plan,41982.73,302,138.84,5288.81,167.93,0.514,21580.14,128094.86,93082.96,12427.58,4473.93,15.3,0.38
FY2026-06,2026,Jul,6,Q2,4,ECOM,Ecommerce,Women,Dresses,Current Plan,34858.4,251,138.84,4461.43,139.43,0.512,17847.95,93082.96,94714.06,41090.36,14792.53,10.7,0.371
FY2026-07,2026,Aug,7,Q3,4,ECOM,Ecommerce,Women,Dresses,Current Plan,36939.8,266,138.84,5549.91,147.76,0.4898,18091.56,94714.06,111470.69,59394.1,21381.88,10.3,0.358
FY2026-08,2026,Sep,8,Q3,5,ECOM,Ecommerce,Women,Dresses,Current Plan,38913.87,280,138.84,4917.28,155.66,0.5136,19987.6,111470.69,93646.55,26162.65,9418.56,14.3,0.379
FY2026-09,2026,Oct,9,Q3,4,ECOM,Ecommerce,Women,Dresses,Current Plan,40295.2,290,138.84,6235.37,161.18,0.4853,19553.55,93646.55,113446.68,66491.88,23937.08,9.3,0.389
FY2026-10,2026,Nov,10,Q4,4,ECOM,Ecommerce,Women,Dresses,Current Plan,59436.23,428,138.84,8234.73,237.74,0.5015,29804.46,113446.68,169124.23,123586.26,44491.05,7.6,0.421
FY2026-11,2026,Dec,11,Q4,5,ECOM,Ecommerce,Women,Dresses,Current Plan,65529.26,472,138.84,9398.1,262.12,0.4966,32540.62,169124.23,144263.99,50329.24,18118.52,12.9,0.418
FY2026-12,2026,Jan,12,Q4,4,ECOM,Ecommerce,Women,Dresses,Current Plan,26043.92,188,138.84,3387.15,104.18,0.5099,13280.96,144263.99,114728.75,0.0,0.0,22.2,0.201
FY2024-01,2024,Feb,1,Q1,4,STORE,Retail Stores,Women,Dresses,Original Plan,11321.15,82,138.84,1312.04,101.89,0.5241,5933.5,32144.84,32220.75,12810.99,4611.96,11.4,0.352
FY2024-02,2024,Mar,2,Q1,5,STORE,Retail Stores,Women,Dresses,Original Plan,16216.79,117,138.84,1660.91,145.95,0.5376,8717.83,32220.75,37592.83,23395.73,8422.46,9.9,0.465
FY2024-03,2024,Apr,3,Q1,4,STORE,Retail Stores,Women,Dresses,Original Plan,18052.65,130,138.84,1862.77,162.47,0.5368,9690.92,37592.83,50664.76,33149.82,11933.93,8.3,0.409
FY2024-04,2024,May,4,Q2,4,STORE,Retail Stores,Women,Dresses,Original Plan,16675.75,120,138.84,1684.08,150.08,0.539,8988.4,50664.76,50265.36,18110.51,6519.78,12.2,0.33
FY2024-05,2024,Jun,5,Q2,5,STORE,Retail Stores,Women,Dresses,Original Plan,15145.87,109,138.84,1449.76,136.31,0.5443,8243.6,50265.36,36564.75,3031.32,1091.28,16.6,0.349
FY2024-06,2024,Jul,6,Q2,4,STORE,Retail Stores,Women,Dresses,Original Plan,12851.04,93,138.84,1321.18,115.66,0.5372,6903.48,36564.75,34897.46,12620.58,4543.41,11.4,0.36
FY2024-07,2024,Aug,7,Q3,4,STORE,Retail Stores,Women,Dresses,Original Plan,13462.99,97,138.84,1435.78,121.17,0.5334,7180.53,34897.46,39067.07,19189.56,6908.24,10.4,0.364
FY2024-08,2024,Sep,8,Q3,5,STORE,Retail Stores,Women,Dresses,Original Plan,14533.91,105,138.84,1682.94,130.81,0.5242,7618.76,39067.07,32456.68,9737.27,3505.42,13.4,0.406
FY2024-09,2024,Oct,9,Q3,4,STORE,Retail Stores,Women,Dresses,Original Plan,15298.85,110,138.84,1516.56,137.69,0.5409,8274.7,32456.68,43437.98,27934.41,10056.39,8.5,0.403
FY2024-10,2024,Nov,10,Q4,4,STORE,Retail Stores,Women,Dresses,Original Plan,22030.35,159,138.84,1982.01,198.27,0.55,12117.41,43437.98,67065.5,47838.15,17221.74,7.9,0.399
FY2024-11,2024,Dec,11,Q4,5,STORE,Retail Stores,Women,Dresses,Original Plan,23866.21,172,138.84,2223.53,214.8,0.5468,13050.84,67065.5,54449.94,13688.99,4928.04,14.1,0.393
FY2024-12,2024,Jan,12,Q4,4,STORE,Retail Stores,Women,Dresses,Original Plan,9638.28,69,138.84,897.59,86.74,0.5469,5270.91,54449.94,43827.33,0.0,0.0,22.6,0.196
FY2025-01,2025,Feb,1,Q1,4,STORE,Retail Stores,Women,Dresses,Original Plan,12906.11,93,138.84,1295.65,116.16,0.5396,6964.26,43827.33,36864.98,7355.57,2648.0,13.6,0.32
FY2025-02,2025,Mar,2,Q1,5,STORE,Retail Stores,Women,Dresses,Original Plan,18487.14,133,138.84,1795.65,166.38,0.5429,10036.12,36864.98,41647.03,25231.21,9083.24,10.0,0.471
FY2025-03,2025,Apr,3,Q1,4,STORE,Retail Stores,Women,Dresses,Original Plan,20580.02,148,138.84,2017.32,185.22,0.542,11153.89,41647.03,58990.27,40125.8,14445.29,8.1,0.409
FY2025-04,2025,May,4,Q2,4,STORE,Retail Stores,Women,Dresses,Original Plan,19010.36,137,138.84,1845.2,171.09,0.5429,10321.43,58990.27,51623.79,13660.17,4917.66,12.4,0.344
FY2025-05,2025,Jun,5,Q2,5,STORE,Retail Stores,Women,Dresses,Original Plan,17266.29,124,138.84,1855.94,155.4,0.5325,9194.48,51623.79,39558.25,7212.08,2596.35,14.9,0.379
FY2025-06,2025,Jul,6,Q2,4,STORE,Retail Stores,Women,Dresses,Original Plan,14650.18,106,138.84,1394.22,131.85,0.5448,7981.9,39558.25,41860.47,18478.47,6652.25,10.8,0.36
FY2025-07,2025,Aug,7,Q3,4,STORE,Retail Stores,Women,Dresses,Original Plan,15347.81,111,138.84,1746.31,138.13,0.5262,8076.28,41860.47,45300.03,20671.82,7441.85,10.9,0.352
FY2025-08,2025,Sep,8,Q3,5,STORE,Retail Stores,Women,Dresses,Original Plan,16568.66,119,138.84,1986.09,149.12,0.5201,8617.85,45300.03,38050.73,11454.57,4123.64,13.7,0.398
FY2025-09,2025,Oct,9,Q3,4,STORE,Retail Stores,Women,Dresses,Original Plan,17440.69,126,138.84,1677.39,156.97,0.5438,9484.65,38050.73,51228.1,32452.41,11682.87,8.7,0.391
FY2025-10,2025,Nov,10,Q4,4,STORE,Retail Stores,Women,Dresses,Original Plan,25114.6,181,138.84,2888.71,226.03,0.525,13184.63,51228.1,68753.31,45754.56,16471.64,8.2,0.419
FY2025-11,2025,Dec,11,Q4,5,STORE,Retail Stores,Women,Dresses,Original Plan,27207.48,196,138.84,3126.9,244.87,0.5251,14285.89,68753.31,60351.1,22177.04,7983.73,12.6,0.421
FY2025-12,2025,Jan,12,Q4,4,STORE,Retail Stores,Women,Dresses,Original Plan,10987.64,79,138.84,1281.19,98.89,0.5234,5750.9,60351.1,47983.38,0.0,0.0,22.0,0.203
FY2026-01,2026,Feb,1,Q1,4,STORE,Retail Stores,Women,Dresses,Original Plan,15229.21,110,138.84,1518.6,137.06,0.5403,8228.1,47983.38,43068.07,11969.56,4309.04,12.6,0.335
FY2026-02,2026,Mar,2,Q1,5,STORE,Retail Stores,Women,Dresses,Original Plan,21814.82,157,138.84,2331.1,196.33,0.5331,11630.38,43068.07,53040.89,34315.08,12353.43,9.9,0.454
FY2026-03,2026,Apr,3,Q1,4,STORE,Retail Stores,Women,Dresses,Original Plan,24284.42,175,138.84,2239.25,218.56,0.5478,13302.78,53040.89,67634.76,41336.1,14880.99,8.7,0.402
FY2026-04,2026,May,4,Q2,4,STORE,Retail Stores,Women,Dresses,Original Plan,22432.22,162,138.84,2516.64,201.89,0.5278,11839.98,67634.76,67291.88,24807.88,8930.84,12.1,0.333
FY2026-05,2026,Jun,5,Q2,5,STORE,Retail Stores,Women,Dresses,Original Plan,20374.22,147,138.84,2258.96,183.37,0.5291,10780.54,67291.88,48313.49,3838.15,1381.73,16.5,0.352
FY2026-06,2026,Jul,6,Q2,4,STORE,Retail Stores,Women,Dresses,Original Plan,17287.22,125,138.84,1692.87,155.58,0.5421,9370.95,48313.49,48935.46,19757.65,7112.75,11.2,0.356
FY2026-07,2026,Aug,7,Q3,4,STORE,Retail Stores,Women,Dresses,Original Plan,18110.42,130,138.84,1634.98,162.99,0.5497,9955.68,48935.46,53005.56,23978.5,8632.26,10.8,0.355
FY2026-08,2026,Sep,8,Q3,5,STORE,Retail Stores,Women,Dresses,Original Plan,19551.02,141,138.84,2345.05,175.96,0.5201,10167.6,53005.56,44945.52,14011.99,5044.32,13.6,0.399
FY2026-09,2026,Oct,9,Q3,4,STORE,Retail Stores,Women,Dresses,Original Plan,20580.02,148,138.84,1955.28,185.22,0.545,11215.93,44945.52,61341.36,39116.35,14081.89,8.7,0.387
FY2026-10,2026,Nov,10,Q4,4,STORE,Retail Stores,Women,Dresses,Original Plan,29635.23,213,138.84,3511.19,266.72,0.5215,15455.36,61341.36,88879.98,60951.75,21942.63,8.3,0.395
FY2026-11,2026,Dec,11,Q4,5,STORE,Retail Stores,Women,Dresses,Original Plan,32104.83,231,138.84,3157.08,288.94,0.5417,17390.01,88879.98,74053.0,20723.88,7460.6,13.8,0.394
FY2026-12,2026,Jan,12,Q4,4,STORE,Retail Stores,Women,Dresses,Original Plan,12965.41,93,138.84,1241.89,116.69,0.5442,7055.98,74053.0,59729.01,0.0,0.0,22.8,0.194
FY2024-01,2024,Feb,1,Q1,4,STORE,Retail Stores,Women,Dresses,Current Plan,11350.78,82,138.84,1163.82,102.16,0.5375,6100.68,33766.06,34399.03,13249.73,4769.9,11.9,0.333
FY2024-02,2024,Mar,2,Q1,5,STORE,Retail Stores,Women,Dresses,Current Plan,16314.42,118,138.84,1962.87,146.83,0.5197,8478.35,34399.03,38477.0,22502.1,8100.75,10.5,0.448
FY2024-03,2024,Apr,3,Q1,4,STORE,Retail Stores,Women,Dresses,Current Plan,17939.85,129,138.84,1816.91,161.46,0.5387,9664.6,38477.0,53982.34,35423.54,12752.48,8.6,0.388
FY2024-04,2024,May,4,Q2,4,STORE,Retail Stores,Women,Dresses,Current Plan,16366.07,118,138.84,1598.26,147.29,0.5423,8876.03,53982.34,46279.39,10408.67,3747.12,13.2,0.326
FY2024-05,2024,Jun,5,Q2,5,STORE,Retail Stores,Women,Dresses,Current Plan,15282.53,110,138.84,1581.42,137.54,0.5365,8199.39,46279.39,36555.97,7278.07,2620.11,15.1,0.369
FY2024-06,2024,Jul,6,Q2,4,STORE,Retail Stores,Women,Dresses,Current Plan,12879.25,93,138.84,1229.14,115.91,0.5446,7013.58,36555.97,38793.72,16462.07,5926.34,11.4,0.342
FY2024-07,2024,Aug,7,Q3,4,STORE,Retail Stores,Women,Dresses,Current Plan,13706.78,99,138.84,1588.72,123.36,0.5241,7183.61,38793.72,37304.45,13929.59,5014.65,11.3,0.36
FY2024-08,2024,Sep,8,Q3,5,STORE,Retail Stores,Women,Dresses,Current Plan,14613.93,105,138.84,1727.72,131.53,0.5218,7625.19,37304.45,34775.83,13944.56,5020.04,12.8,0.405
FY2024-09,2024,Oct,9,Q3,4,STORE,Retail Stores,Women,Dresses,Current Plan,15200.5,109,138.84,1634.14,136.8,0.5325,8094.18,34775.83,41925.17,24120.78,8683.48,9.2,0.396
FY2024-10,2024,Nov,10,Q4,4,STORE,Retail Stores,Women,Dresses,Current Plan,22421.84,161,138.84,2141.95,201.8,0.5445,12208.02,41925.17,60832.47,43672.89,15722.24,7.5,0.436
FY2024-11,2024,Dec,11,Q4,5,STORE,Retail Stores,Women,Dresses,Current Plan,24346.97,175,138.84,2617.24,219.12,0.5325,12964.82,60832.47,55400.23,21751.09,7830.39,12.5,0.419
FY2024-12,2024,Jan,12,Q4,4,STORE,Retail Stores,Women,Dresses,Current Plan,9862.73,71,138.84,904.77,88.76,0.5483,5407.38,55400.23,44543.97,0.0,0.0,22.5,0.197
FY2025-01,2025,Feb,1,Q1,4,STORE,Retail Stores,Women,Dresses,Current Plan,12825.75,92,138.84,1450.04,115.43,0.5269,6758.44,44543.97,38940.11,8787.36,3163.45,13.9,0.307
FY2025-02,2025,Mar,2,Q1,5,STORE,Retail Stores,Women,Dresses,Current Plan,18524.91,133,138.84,2024.4,166.72,0.5307,9831.54,38940.11,44580.97,26356.89,9488.48,10.5,0.444
FY2025-03,2025,Apr,3,Q1,4,STORE,Retail Stores,Women,Dresses,Current Plan,20615.52,148,138.84,2028.6,185.54,0.5416,11165.33,44580.97,59133.09,37381.78,13457.44,8.6,0.398
FY2025-04,2025,May,4,Q2,4,STORE,Retail Stores,Women,Dresses,Current Plan,18970.98,137,138.84,1888.41,170.74,0.5405,10253.01,59133.09,52106.21,14003.25,5041.17,12.5,0.341
FY2025-05,2025,Jun,5,Q2,5,STORE,Retail Stores,Women,Dresses,Current Plan,17411.52,125,138.84,1669.44,156.7,0.5441,9473.93,52106.21,41172.33,8303.78,2989.36,15.0,0.373
FY2025-06,2025,Jul,6,Q2,4,STORE,Retail Stores,Women,Dresses,Current Plan,14894.47,107,138.84,1709.47,134.05,0.5252,7822.99,41172.33,44174.13,19739.8,7106.33,11.1,0.349
FY2025-07,2025,Aug,7,Q3,4,STORE,Retail Stores,Women,Dresses,Current Plan,15475.43,111,138.84,1429.1,139.28,0.5477,8475.17,44174.13,46011.2,18880.88,6797.12,11.4,0.343
FY2025-08,2025,Sep,8,Q3,5,STORE,Retail Stores,Women,Dresses,Current Plan,16800.87,121,138.84,1628.14,151.21,0.5431,9124.42,46011.2,39514.64,12083.65,4350.11,13.7,0.393
FY2025-09,2025,Oct,9,Q3,4,STORE,Retail Stores,Women,Dresses,Current Plan,17459.06,126,138.84,1564.7,157.13,0.5504,9609.09,39514.64,51467.19,31133.45,11208.04,9.1,0.384
FY2025-10,2025,Nov,10,Q4,4,STORE,Retail Stores,Women,Dresses,Current Plan,24870.69,179,138.84,2540.77,223.84,0.5378,13376.47,51467.19,74390.01,50558.12,18200.92,8.3,0.395
FY2025-11,2025,Dec,11,Q4,5,STORE,Retail Stores,Women,Dresses,Current Plan,26956.44,194,138.84,2534.18,242.61,0.546,14717.95,74390.01,64625.24,19968.46,7188.65,13.8,0.388
FY2025-12,2025,Jan,12,Q4,4,STORE,Retail Stores,Women,Dresses,Current Plan,10624.35,77,138.84,975.15,95.62,0.5482,5824.43,64625.24,52930.12,0.0,0.0,24.3,0.181
FY2026-01,2026,Feb,1,Q1,4,STORE,Retail Stores,Women,Dresses,Current Plan,14209.38,102,138.84,1485.35,127.88,0.5355,7608.66,52930.12,41045.26,3937.75,1417.59,14.9,0.302
FY2026-02,2026,Mar,2,Q1,5,STORE,Retail Stores,Women,Dresses,Current Plan,20122.81,145,138.84,2250.34,181.11,0.5282,10628.26,41045.26,45834.43,27343.43,9843.64,10.2,0.463
FY2026-03,2026,Apr,3,Q1,4,STORE,Retail Stores,Women,Dresses,Current Plan,22367.74,161,138.84,2255.8,201.31,0.5391,12059.55,45834.43,65420.62,44411.03,15987.97,8.2,0.402
FY2026-04,2026,May,4,Q2,4,STORE,Retail Stores,Women,Dresses,Current Plan,20487.55,148,138.84,1842.18,184.39,0.5501,11269.85,65420.62,58980.85,16074.35,5786.77,12.8,0.329
FY2026-05,2026,Jun,5,Q2,5,STORE,Retail Stores,Women,Dresses,Current Plan,18989.98,137,138.84,1786.5,170.91,0.5459,10367.09,58980.85,41974.23,3940.76,1418.68,15.5,0.376
FY2026-06,2026,Jul,6,Q2,4,STORE,Retail Stores,Women,Dresses,Current Plan,15801.02,114,138.84,1537.32,142.21,0.5427,8575.33,41974.23,47192.29,22698.6,8171.5,10.6,0.354
FY2026-07,2026,Aug,7,Q3,4,STORE,Retail Stores,Women,Dresses,Current Plan,16482.31,119,138.84,1478.65,148.34,0.5503,9070.03,47192.29,45378.45,16295.46,5866.36,11.5,0.356
FY2026-08,2026,Sep,8,Q3,5,STORE,Retail Stores,Women,Dresses,Current Plan,17837.03,128,138.84,1871.07,160.53,0.5351,9544.63,45378.45,40422.5,14912.68,5368.56,12.7,0.416
FY2026-09,2026,Oct,9,Q3,4,STORE,Retail Stores,Women,Dresses,Current Plan,19268.72,139,138.84,2062.97,173.42,0.5329,10269.01,40422.5,55124.47,36207.08,13034.55,8.4,0.403
FY2026-10,2026,Nov,10,Q4,4,STORE,Retail Stores,Women,Dresses,Current Plan,27208.63,196,138.84,2696.65,244.88,0.5409,14716.87,55124.47,80035.7,55061.4,19822.1,8.1,0.403
FY2026-11,2026,Dec,11,Q4,5,STORE,Retail Stores,Women,Dresses,Current Plan,29350.28,211,138.84,2783.74,264.15,0.5452,16000.44,80035.7,67679.92,20042.39,7215.26,13.6,0.397
FY2026-12,2026,Jan,12,Q4,4,STORE,Retail Stores,Women,Dresses,Current Plan,11883.32,86,138.84,1198.7,106.95,0.5391,6406.63,67679.92,54490.96,0.0,0.0,22.8,0.195
FY2024-01,2024,Feb,1,Q1,4,WHSL,Wholesale,Women,Dresses,Original Plan,19539.7,184,106.35,386.79,19.54,0.4602,8992.27,19396.0,19038.88,19588.9,10186.23,4.0,1.017
FY2024-02,2024,Mar,2,Q1,5,WHSL,Wholesale,Women,Dresses,Original Plan,16388.13,154,106.35,344.65,16.39,0.459,7521.65,19038.88,13513.5,11223.79,5836.37,5.8,1.007
FY2024-03,2024,Apr,3,Q1,4,WHSL,Wholesale,Women,Dresses,Original Plan,7815.88,73,106.35,169.52,7.82,0.4583,3582.1,13513.5,7484.83,1964.54,1021.56,6.9,0.744
FY2024-04,2024,May,4,Q2,4,WHSL,Wholesale,Women,Dresses,Original Plan,6933.44,65,106.35,134.56,6.93,0.4606,3193.49,7484.83,6639.48,6229.58,3239.38,4.3,0.982
FY2024-05,2024,Jun,5,Q2,5,WHSL,Wholesale,Women,Dresses,Original Plan,17018.45,160,106.35,335.8,17.02,0.4603,7833.05,6639.48,14122.01,24853.8,12923.97,2.0,1.639
FY2024-06,2024,Jul,6,Q2,4,WHSL,Wholesale,Women,Dresses,Original Plan,17900.88,168,106.35,311.86,17.9,0.4626,8280.56,14122.01,17118.24,21226.88,11037.98,3.2,1.146
FY2024-07,2024,Aug,7,Q3,4,WHSL,Wholesale,Women,Dresses,Original Plan,8824.38,83,106.35,154.49,8.82,0.4625,4081.21,17118.24,8423.8,293.25,152.49,7.8,0.691
FY2024-08,2024,Sep,8,Q3,5,WHSL,Wholesale,Women,Dresses,Original Plan,13236.57,124,106.35,268.05,13.24,0.4597,6085.5,8423.8,10598.42,15692.48,8160.09,3.2,1.392
FY2024-09,2024,Oct,9,Q3,4,WHSL,Wholesale,Women,Dresses,Original Plan,17396.63,164,106.35,316.76,17.4,0.4618,8033.62,10598.42,18139.48,25271.85,13141.36,2.4,1.211
FY2024-10,2024,Nov,10,Q4,4,WHSL,Wholesale,Women,Dresses,Original Plan,10715.32,101,106.35,191.61,10.72,0.4621,4951.75,18139.48,11097.47,3875.63,2015.33,6.8,0.733
FY2024-11,2024,Dec,11,Q4,5,WHSL,Wholesale,Women,Dresses,Original Plan,7563.75,71,106.35,158.08,7.56,0.4591,3472.52,11097.47,6153.38,2785.3,1448.36,7.3,0.877
FY2024-12,2024,Jan,12,Q4,4,WHSL,Wholesale,Women,Dresses,Original Plan,7941.94,75,106.35,138.13,7.94,0.4626,3674.01,6153.38,8355.69,10290.32,5350.97,3.1,1.095
FY2025-01,2025,Feb,1,Q1,4,WHSL,Wholesale,Women,Dresses,Original Plan,22275.25,209,106.35,394.16,22.28,0.4623,10297.96,8355.69,21799.34,36135.34,18790.38,1.5,1.477
FY2025-02,2025,Mar,2,Q1,5,WHSL,Wholesale,Women,Dresses,Original Plan,18682.47,176,106.35,323.73,18.68,0.4627,8643.86,21799.34,15263.44,12488.98,6494.27,5.8,1.008
FY2025-03,2025,Apr,3,Q1,4,WHSL,Wholesale,Women,Dresses,Original Plan,8910.1,84,106.35,192.96,8.91,0.4583,4083.89,15263.44,8519.24,2367.77,1231.24,6.9,0.749
FY2025-04,2025,May,4,Q2,4,WHSL,Wholesale,Women,Dresses,Original Plan,7904.12,74,106.35,141.1,7.9,0.4621,3652.88,8519.24,7661.03,7194.92,3741.36,4.3,0.977
FY2025-05,2025,Jun,5,Q2,5,WHSL,Wholesale,Women,Dresses,Original Plan,19401.03,182,106.35,417.87,19.4,0.4585,8894.62,7661.03,14977.81,27155.08,14120.64,2.0,1.714
FY2025-06,2025,Jul,6,Q2,4,WHSL,Wholesale,Women,Dresses,Original Plan,20407.01,192,106.35,463.34,20.41,0.4573,9332.02,14977.81,20712.48,26625.42,13845.22,2.9,1.144
FY2025-07,2025,Aug,7,Q3,4,WHSL,Wholesale,Women,Dresses,Original Plan,10059.79,95,106.35,195.61,10.06,0.4606,4633.09,20712.48,10447.01,0.0,0.0,8.2,0.646
FY2025-08,2025,Sep,8,Q3,5,WHSL,Wholesale,Women,Dresses,Original Plan,15089.69,142,106.35,290.55,15.09,0.4607,6952.5,10447.01,12656.2,17604.51,9154.35,3.5,1.306
FY2025-09,2025,Oct,9,Q3,4,WHSL,Wholesale,Women,Dresses,Original Plan,19832.16,186,106.35,449.33,19.83,0.4573,9070.11,12656.2,19494.07,27139.2,14112.38,2.6,1.234
FY2025-10,2025,Nov,10,Q4,4,WHSL,Wholesale,Women,Dresses,Original Plan,12215.46,115,106.35,258.27,12.22,0.4589,5605.15,19494.07,11643.81,4635.69,2410.56,6.4,0.785
FY2025-11,2025,Dec,11,Q4,5,WHSL,Wholesale,Women,Dresses,Original Plan,8622.68,81,106.35,173.39,8.62,0.4599,3965.49,11643.81,6733.96,3894.84,2025.32,6.8,0.938
FY2025-12,2025,Jan,12,Q4,4,WHSL,Wholesale,Women,Dresses,Original Plan,9053.81,85,106.35,188.23,9.05,0.4592,4157.6,6733.96,8966.75,11483.89,5971.62,3.0,1.153
FY2026-01,2026,Feb,1,Q1,4,WHSL,Wholesale,Women,Dresses,Original Plan,26284.8,247,106.35,568.49,26.28,0.4584,12048.21,8966.75,25326.08,43238.91,22484.23,1.4,1.533
FY2026-02,2026,Mar,2,Q1,5,WHSL,Wholesale,Women,Dresses,Original Plan,22045.32,207,106.35,411.57,22.05,0.4613,10170.18,25326.08,16975.92,14128.77,7346.96,5.7,1.042
FY2026-03,2026,Apr,3,Q1,4,WHSL,Wholesale,Women,Dresses,Original Plan,10513.92,99,106.35,205.08,10.51,0.4605,4841.61,16975.92,10130.59,3884.18,2019.77,6.5,0.776
FY2026-04,2026,May,4,Q2,4,WHSL,Wholesale,Women,Dresses,Original Plan,9326.86,88,106.35,214.47,9.33,0.457,4262.42,10130.59,9636.2,9056.28,4709.26,4.3,0.944
FY2026-05,2026,Jun,5,Q2,5,WHSL,Wholesale,Women,Dresses,Original Plan,22893.21,215,106.35,421.55,22.89,0.4616,10567.19,9636.2,17757.6,31459.06,16358.71,2.1,1.671
FY2026-06,2026,Jul,6,Q2,4,WHSL,Wholesale,Women,Dresses,Original Plan,24080.27,226,106.35,536.92,24.08,0.4577,11021.61,17757.6,22982.05,29865.72,15530.17,2.9,1.182
FY2026-07,2026,Aug,7,Q3,4,WHSL,Wholesale,Women,Dresses,Original Plan,11870.55,112,106.35,223.45,11.87,0.4612,5474.41,22982.05,11393.14,516.97,268.82,7.7,0.691
FY2026-08,2026,Sep,8,Q3,5,WHSL,Wholesale,Women,Dresses,Original Plan,17805.83,167,106.35,363.25,17.81,0.4596,8183.55,11393.14,14945.01,21738.76,11304.15,3.2,1.352
FY2026-09,2026,Oct,9,Q3,4,WHSL,Wholesale,Women,Dresses,Original Plan,23401.95,220,106.35,447.59,23.4,0.4609,10785.35,14945.01,24661.12,33589.05,17466.31,2.6,1.182
FY2026-10,2026,Nov,10,Q4,4,WHSL,Wholesale,Women,Dresses,Original Plan,14414.25,136,106.35,291.35,14.41,0.4598,6627.49,24661.12,14645.74,4704.63,2446.41,6.8,0.733
FY2026-11,2026,Dec,11,Q4,5,WHSL,Wholesale,Women,Dresses,Original Plan,10174.76,96,106.35,204.79,10.17,0.4599,4679.1,14645.74,7803.78,3547.77,1844.84,7.2,0.906
FY2026-12,2026,Jan,12,Q4,4,WHSL,Wholesale,Women,Dresses,Original Plan,10683.5,100,106.35,194.99,10.68,0.4617,4933.09,7803.78,10473.33,13558.72,7050.53,2.9,1.169
FY2024-01,2024,Feb,1,Q1,4,WHSL,Wholesale,Women,Dresses,Current Plan,20301.1,191,106.35,379.81,20.3,0.4613,9364.72,20284.44,19434.94,19851.72,10322.89,4.0,1.022
FY2024-02,2024,Mar,2,Q1,5,WHSL,Wholesale,Women,Dresses,Current Plan,16129.15,152,106.35,288.56,16.13,0.4621,7453.44,19434.94,12631.38,9630.27,5007.74,6.0,1.006
FY2024-03,2024,Apr,3,Q1,4,WHSL,Wholesale,Women,Dresses,Current Plan,7843.17,74,106.35,164.54,7.84,0.459,3600.18,12631.38,8187.46,3571.63,1857.25,6.4,0.753
FY2024-04,2024,May,4,Q2,4,WHSL,Wholesale,Women,Dresses,Current Plan,6868.56,65,106.35,142.9,6.87,0.4592,3154.01,8187.46,7174.68,6005.55,3122.88,4.8,0.894
FY2024-05,2024,Jun,5,Q2,5,WHSL,Wholesale,Women,Dresses,Current Plan,16591.59,156,106.35,321.58,16.59,0.4606,7642.39,7174.68,12905.72,22660.81,11783.62,2.2,1.653
FY2024-06,2024,Jul,6,Q2,4,WHSL,Wholesale,Women,Dresses,Current Plan,18425.8,173,106.35,418.71,18.43,0.4573,8425.67,12905.72,18262.76,24219.98,12594.39,2.8,1.182
FY2024-07,2024,Aug,7,Q3,4,WHSL,Wholesale,Women,Dresses,Current Plan,9150.32,86,106.35,194.12,9.15,0.4588,4198.04,18262.76,8909.18,0.0,0.0,8.0,0.674
FY2024-08,2024,Sep,8,Q3,5,WHSL,Wholesale,Women,Dresses,Current Plan,13492.62,127,106.35,239.85,13.49,0.4622,6236.61,8909.18,10708.08,15544.86,8083.33,3.3,1.376
FY2024-09,2024,Oct,9,Q3,4,WHSL,Wholesale,Women,Dresses,Current Plan,17939.53,169,106.35,392.81,17.94,0.4581,8218.16,10708.08,18730.7,26372.91,13713.91,2.4,1.219
FY2024-10,2024,Nov,10,Q4,4,WHSL,Wholesale,Women,Dresses,Current Plan,10658.52,100,106.35,222.89,10.66,0.4591,4893.2,18730.7,10849.11,3010.47,1565.45,7.0,0.721
FY2024-11,2024,Dec,11,Q4,5,WHSL,Wholesale,Women,Dresses,Current Plan,7510.4,71,106.35,169.11,7.51,0.4575,3435.88,10849.11,6110.21,2948.12,1533.02,7.2,0.886
FY2024-12,2024,Jan,12,Q4,4,WHSL,Wholesale,Women,Dresses,Current Plan,7954.52,75,106.35,180.27,7.95,0.4573,3637.9,6110.21,7778.29,9810.82,5101.63,3.1,1.145
FY2025-01,2025,Feb,1,Q1,4,WHSL,Wholesale,Women,Dresses,Current Plan,22149.82,208,106.35,463.1,22.15,0.4591,10168.81,7778.29,22292.22,37149.01,19317.48,1.4,1.473
FY2025-02,2025,Mar,2,Q1,5,WHSL,Wholesale,Women,Dresses,Current Plan,19038.0,179,106.35,368.01,19.04,0.4607,8770.23,22292.22,14754.18,11887.02,6181.25,5.9,1.028
FY2025-03,2025,Apr,3,Q1,4,WHSL,Wholesale,Women,Dresses,Current Plan,9318.73,88,106.35,200.27,9.32,0.4585,4272.72,14754.18,9768.05,4542.18,2361.93,6.3,0.76
FY2025-04,2025,May,4,Q2,4,WHSL,Wholesale,Women,Dresses,Current Plan,8144.76,77,106.35,153.06,8.14,0.4612,3756.43,9768.05,8227.14,6765.05,3517.83,4.8,0.905
FY2025-05,2025,Jun,5,Q2,5,WHSL,Wholesale,Women,Dresses,Current Plan,19505.96,183,106.35,401.64,19.51,0.4594,8961.22,8227.14,14772.26,26472.23,13765.56,2.1,1.696
FY2025-06,2025,Jul,6,Q2,4,WHSL,Wholesale,Women,Dresses,Current Plan,20490.73,193,106.35,449.02,20.49,0.4581,9386.53,14772.26,21455.62,27643.61,14374.68,2.9,1.131
FY2025-07,2025,Aug,7,Q3,4,WHSL,Wholesale,Women,Dresses,Current Plan,10271.21,97,106.35,218.65,10.27,0.4587,4711.53,21455.62,10955.5,0.0,0.0,8.4,0.634
FY2025-08,2025,Sep,8,Q3,5,WHSL,Wholesale,Women,Dresses,Current Plan,15319.59,144,106.35,345.49,15.32,0.4574,7007.91,10955.5,11631.47,16356.37,8505.31,3.6,1.356
FY2025-09,2025,Oct,9,Q3,4,WHSL,Wholesale,Women,Dresses,Current Plan,20475.83,193,106.35,372.83,20.48,0.4618,9455.57,11631.47,20669.57,29907.23,15551.76,2.3,1.268
FY2025-10,2025,Nov,10,Q4,4,WHSL,Wholesale,Women,Dresses,Current Plan,12214.26,115,106.35,238.6,12.21,0.4605,5624.24,20669.57,11765.96,3561.46,1851.96,6.8,0.753
FY2025-11,2025,Dec,11,Q4,5,WHSL,Wholesale,Women,Dresses,Current Plan,8680.56,82,106.35,197.16,8.68,0.4573,3969.51,11765.96,7191.55,4311.99,2242.23,6.8,0.916
FY2025-12,2025,Jan,12,Q4,4,WHSL,Wholesale,Women,Dresses,Current Plan,9246.83,87,106.35,183.22,9.25,0.4602,4255.26,7191.55,9543.37,11791.12,6131.38,3.1,1.105
FY2026-01,2026,Feb,1,Q1,4,WHSL,Wholesale,Women,Dresses,Current Plan,24035.35,226,106.35,524.48,24.04,0.4582,11012.49,9543.37,25052.03,40092.52,20848.11,1.6,1.39
FY2026-02,2026,Mar,2,Q1,5,WHSL,Wholesale,Women,Dresses,Current Plan,20218.66,190,106.35,431.74,20.22,0.4586,9273.22,25052.03,16902.86,12521.44,6511.15,6.2,0.964
FY2026-03,2026,Apr,3,Q1,4,WHSL,Wholesale,Women,Dresses,Current Plan,9787.4,92,106.35,167.66,9.79,0.4629,4530.29,16902.86,9219.86,2281.85,1186.56,6.9,0.749
FY2026-04,2026,May,4,Q2,4,WHSL,Wholesale,Women,Dresses,Current Plan,8587.27,81,106.35,156.47,8.59,0.4618,3965.42,9219.86,8234.2,7766.67,4038.67,4.3,0.984
FY2026-05,2026,Jun,5,Q2,5,WHSL,Wholesale,Women,Dresses,Current Plan,21414.97,201,106.35,471.32,21.41,0.458,9807.86,8234.2,18088.91,31762.41,16516.46,1.9,1.627
FY2026-06,2026,Jul,6,Q2,4,WHSL,Wholesale,Women,Dresses,Current Plan,22362.29,210,106.35,385.42,22.36,0.4628,10348.48,18088.91,22498.35,27179.51,14133.35,3.2,1.102
FY2026-07,2026,Aug,7,Q3,4,WHSL,Wholesale,Women,Dresses,Current Plan,10883.37,102,106.35,212.65,10.88,0.4605,5011.37,22498.35,11463.21,71.77,37.32,8.3,0.641
FY2026-08,2026,Sep,8,Q3,5,WHSL,Wholesale,Women,Dresses,Current Plan,16527.48,155,106.35,304.34,16.53,0.4616,7628.85,11463.21,13457.23,18842.38,9798.04,3.5,1.326
FY2026-09,2026,Oct,9,Q3,4,WHSL,Wholesale,Women,Dresses,Current Plan,22083.26,208,106.35,433.35,22.08,0.4604,10166.61,13457.23,20771.66,29853.12,15523.62,2.4,1.29
FY2026-10,2026,Nov,10,Q4,4,WHSL,Wholesale,Women,Dresses,Current Plan,13238.35,124,106.35,302.13,13.24,0.4572,6052.28,20771.66,13614.2,6396.26,3326.05,6.3,0.77
FY2026-11,2026,Dec,11,Q4,5,WHSL,Wholesale,Women,Dresses,Current Plan,9362.26,88,106.35,208.39,9.36,0.4577,4285.5,13614.2,7320.23,3286.04,1708.74,7.3,0.894
FY2026-12,2026,Jan,12,Q4,4,WHSL,Wholesale,Women,Dresses,Current Plan,9831.45,92,106.35,189.75,9.83,0.4607,4529.35,7320.23,10023.94,12734.74,6622.06,3.0,1.134
FY2024-01,2024,Feb,1,Q1,4,ECOM,Ecommerce,Women,Sleepwear,Original Plan,14232.31,172,82.71,1966.52,56.93,0.5018,7142.16,42303.38,40879.19,14831.57,5339.36,11.9,0.342
FY2024-02,2024,Mar,2,Q1,5,ECOM,Ecommerce,Women,Sleepwear,Original Plan,20386.82,246,82.71,2558.2,81.55,0.5145,10489.36,40879.19,46695.39,28842.77,10383.4,10.0,0.466
FY2024-03,2024,Apr,3,Q1,4,ECOM,Ecommerce,Women,Sleepwear,Original Plan,22694.76,274,82.71,3196.48,90.78,0.4992,11328.17,46695.39,68095.7,47382.32,17057.64,8.2,0.395
FY2024-04,2024,May,4,Q2,4,ECOM,Ecommerce,Women,Sleepwear,Original Plan,20963.8,253,82.71,3145.14,83.86,0.49,10271.7,68095.7,62319.64,18416.73,6630.02,13.0,0.321
FY2024-05,2024,Jun,5,Q2,5,ECOM,Ecommerce,Women,Sleepwear,Original Plan,19040.52,230,82.71,2218.42,76.16,0.5235,9967.51,62319.64,44871.79,3887.26,1399.41,16.4,0.355
FY2024-06,2024,Jul,6,Q2,4,ECOM,Ecommerce,Women,Sleepwear,Original Plan,16155.59,195,82.71,2346.02,64.62,0.4948,7993.56,44871.79,44476.8,18171.25,6541.65,11.1,0.362
FY2024-07,2024,Aug,7,Q3,4,ECOM,Ecommerce,Women,Sleepwear,Original Plan,16924.9,205,82.71,2130.5,67.7,0.5141,8701.44,44476.8,50183.74,24830.03,8938.81,10.5,0.358
FY2024-08,2024,Sep,8,Q3,5,ECOM,Ecommerce,Women,Sleepwear,Original Plan,18271.2,221,82.71,2507.31,73.08,0.5028,9186.26,50183.74,40441.86,11109.72,3999.5,13.7,0.403
FY2024-09,2024,Oct,9,Q3,4,ECOM,Ecommerce,Women,Sleepwear,Original Plan,19232.85,233,82.71,2466.31,76.93,0.5118,9842.71,40441.86,57207.47,38541.7,13875.01,8.4,0.394
FY2024-10,2024,Nov,10,Q4,4,ECOM,Ecommerce,Women,Sleepwear,Original Plan,27695.3,335,82.71,3443.72,110.78,0.5157,14281.27,57207.47,77302.64,51344.98,18484.19,8.3,0.412
FY2024-11,2024,Dec,11,Q4,5,ECOM,Ecommerce,Women,Sleepwear,Original Plan,30003.24,363,82.71,3685.17,120.01,0.5172,15516.9,77302.64,66671.15,23176.93,8343.69,12.9,0.417
FY2024-12,2024,Jan,12,Q4,4,ECOM,Ecommerce,Women,Sleepwear,Original Plan,12116.69,146,82.71,1785.35,48.47,0.4927,5969.34,66671.15,52720.65,0.0,0.0,22.0,0.203
FY2025-01,2025,Feb,1,Q1,4,ECOM,Ecommerce,Women,Sleepwear,Original Plan,16224.83,196,82.71,2030.82,64.9,0.5148,8353.07,52720.65,44989.18,10589.09,3812.07,13.0,0.332
FY2025-02,2025,Mar,2,Q1,5,ECOM,Ecommerce,Women,Sleepwear,Original Plan,23240.97,281,82.71,3310.36,92.96,0.4976,11563.86,44989.18,55349.38,37004.49,13321.62,9.7,0.463
FY2025-03,2025,Apr,3,Q1,4,ECOM,Ecommerce,Women,Sleepwear,Original Plan,25872.02,313,82.71,3283.42,103.49,0.5131,13274.67,55349.38,75270.42,49179.97,17704.79,8.6,0.396
FY2025-04,2025,May,4,Q2,4,ECOM,Ecommerce,Women,Sleepwear,Original Plan,23898.73,289,82.71,3258.2,95.59,0.5037,12036.99,75270.42,72093.7,24075.81,8667.29,12.6,0.324
FY2025-05,2025,Jun,5,Q2,5,ECOM,Ecommerce,Women,Sleepwear,Original Plan,21706.19,262,82.71,3195.72,86.82,0.4928,10696.24,72093.7,52698.12,5593.16,2013.54,16.6,0.348
FY2025-06,2025,Jul,6,Q2,4,ECOM,Ecommerce,Women,Sleepwear,Original Plan,18417.37,223,82.71,2487.98,73.67,0.5049,9299.13,52698.12,52587.0,20867.91,7512.45,11.4,0.35
FY2025-07,2025,Aug,7,Q3,4,ECOM,Ecommerce,Women,Sleepwear,Original Plan,19294.39,233,82.71,2563.54,77.18,0.5071,9784.87,52587.0,58248.67,27596.78,9934.84,10.9,0.348
FY2025-08,2025,Sep,8,Q3,5,ECOM,Ecommerce,Women,Sleepwear,Original Plan,20829.17,252,82.71,3156.17,83.32,0.4885,10174.5,58248.67,49797.54,15617.53,5622.31,14.0,0.386
FY2025-09,2025,Oct,9,Q3,4,ECOM,Ecommerce,Women,Sleepwear,Original Plan,21925.44,265,82.71,2654.54,87.7,0.5189,11377.74,49797.54,65290.29,40160.44,14457.76,9.1,0.381
FY2025-10,2025,Nov,10,Q4,4,ECOM,Ecommerce,Women,Sleepwear,Original Plan,31572.64,382,82.71,3856.4,126.29,0.5179,16350.09,65290.29,91297.16,61562.2,22162.39,8.3,0.403
FY2025-11,2025,Dec,11,Q4,5,ECOM,Ecommerce,Women,Sleepwear,Original Plan,34203.69,414,82.71,3967.58,136.81,0.524,17922.78,91297.16,77032.92,24043.85,8655.78,13.3,0.406
FY2025-12,2025,Jan,12,Q4,4,ECOM,Ecommerce,Women,Sleepwear,Original Plan,13813.03,167,82.71,1622.5,55.25,0.5225,7217.84,77032.92,61542.14,0.0,0.0,22.3,0.199
FY2026-01,2026,Feb,1,Q1,4,ECOM,Ecommerce,Women,Sleepwear,Original Plan,19145.3,231,82.71,2211.59,76.58,0.5245,10041.4,61542.14,54424.19,14315.52,5153.59,12.9,0.33
FY2026-02,2026,Mar,2,Q1,5,ECOM,Ecommerce,Women,Sleepwear,Original Plan,27424.35,332,82.71,3537.96,109.7,0.511,14013.62,54424.19,62746.36,39394.17,14181.9,9.9,0.468
FY2026-03,2026,Apr,3,Q1,4,ECOM,Ecommerce,Women,Sleepwear,Original Plan,30528.99,369,82.71,4011.15,122.12,0.5086,15527.4,62746.36,91308.69,63224.58,22760.85,8.2,0.396
FY2026-04,2026,May,4,Q2,4,ECOM,Ecommerce,Women,Sleepwear,Original Plan,28200.51,341,82.71,3554.52,112.8,0.514,14493.81,91308.69,76218.0,16777.14,6039.77,13.0,0.337
FY2026-05,2026,Jun,5,Q2,5,ECOM,Ecommerce,Women,Sleepwear,Original Plan,25613.3,310,82.71,3236.95,102.45,0.5136,13155.56,76218.0,56728.75,9463.46,3406.84,14.9,0.385
FY2026-06,2026,Jul,6,Q2,4,ECOM,Ecommerce,Women,Sleepwear,Original Plan,21732.5,263,82.71,2720.34,86.93,0.5148,11188.46,56728.75,64255.42,32066.44,11543.92,10.4,0.359
FY2026-07,2026,Aug,7,Q3,4,ECOM,Ecommerce,Women,Sleepwear,Original Plan,22767.38,275,82.71,2820.67,91.07,0.5161,11750.46,64255.42,68988.52,30412.22,10948.4,11.3,0.342
FY2026-08,2026,Sep,8,Q3,5,ECOM,Ecommerce,Women,Sleepwear,Original Plan,24578.42,297,82.71,3589.63,98.31,0.494,12140.56,68988.52,55822.58,15100.43,5436.15,14.0,0.394
FY2026-09,2026,Oct,9,Q3,4,ECOM,Ecommerce,Women,Sleepwear,Original Plan,25872.02,313,82.71,3891.24,103.49,0.4896,12666.86,55822.58,73014.09,47058.26,16940.97,8.6,0.402
FY2026-10,2026,Nov,10,Q4,4,ECOM,Ecommerce,Women,Sleepwear,Original Plan,37255.71,450,82.71,5662.23,149.02,0.488,18181.43,73014.09,106765.26,76818.14,27654.53,7.8,0.414
FY2026-11,2026,Dec,11,Q4,5,ECOM,Ecommerce,Women,Sleepwear,Original Plan,40360.36,488,82.71,5592.95,161.44,0.5014,20237.68,106765.26,87883.78,27233.27,9803.98,13.2,0.415
FY2026-12,2026,Jan,12,Q4,4,ECOM,Ecommerce,Women,Sleepwear,Original Plan,16299.38,197,82.71,1899.22,65.2,0.5235,8532.38,87883.78,69619.99,0.0,0.0,21.6,0.207
FY2024-01,2024,Feb,1,Q1,4,ECOM,Ecommerce,Women,Sleepwear,Current Plan,14330.27,173,82.71,1930.63,57.32,0.5053,7240.74,39367.43,38896.37,15847.17,5704.98,11.0,0.366
FY2024-02,2024,Mar,2,Q1,5,ECOM,Ecommerce,Women,Sleepwear,Current Plan,20355.14,246,82.71,2444.63,81.42,0.5199,10582.66,38896.37,46939.68,30924.49,11132.82,9.6,0.474
FY2024-03,2024,Apr,3,Q1,4,ECOM,Ecommerce,Women,Sleepwear,Current Plan,22679.01,274,82.71,3156.67,90.72,0.5008,11357.9,46939.68,68372.14,47358.86,17049.19,8.3,0.393
FY2024-04,2024,May,4,Q2,4,ECOM,Ecommerce,Women,Sleepwear,Current Plan,21471.2,260,82.71,2967.92,85.88,0.5018,10773.65,68372.14,62817.24,18970.11,6829.24,12.7,0.327
FY2024-05,2024,Jun,5,Q2,5,ECOM,Ecommerce,Women,Sleepwear,Current Plan,19679.86,238,82.71,2929.16,78.72,0.4912,9665.95,62817.24,43328.03,3198.53,1151.47,16.0,0.371
FY2024-06,2024,Jul,6,Q2,4,ECOM,Ecommerce,Women,Sleepwear,Current Plan,16385.92,198,82.71,2086.01,65.54,0.5127,8400.98,43328.03,47235.09,22444.53,8080.03,10.6,0.362
FY2024-07,2024,Aug,7,Q3,4,ECOM,Ecommerce,Women,Sleepwear,Current Plan,16850.77,204,82.71,2119.5,67.4,0.5142,8665.0,47235.09,48756.41,20558.99,7401.24,11.2,0.351
FY2024-08,2024,Sep,8,Q3,5,ECOM,Ecommerce,Women,Sleepwear,Current Plan,18755.84,227,82.71,2462.43,75.02,0.5087,9541.31,48756.41,43473.69,16010.57,5763.8,13.0,0.407
FY2024-09,2024,Oct,9,Q3,4,ECOM,Ecommerce,Women,Sleepwear,Current Plan,19795.15,239,82.71,2468.48,79.18,0.5153,10200.41,43473.69,59715.33,38584.46,13890.4,8.8,0.384
FY2024-10,2024,Nov,10,Q4,4,ECOM,Ecommerce,Women,Sleepwear,Current Plan,28647.72,346,82.71,3574.46,114.59,0.5152,14760.08,59715.33,81055.12,53676.56,19323.56,8.3,0.407
FY2024-11,2024,Dec,11,Q4,5,ECOM,Ecommerce,Women,Sleepwear,Current Plan,29861.7,361,82.71,4572.82,119.45,0.4869,14538.67,81055.12,64727.01,18225.86,6561.31,13.6,0.41
FY2024-12,2024,Jan,12,Q4,4,ECOM,Ecommerce,Women,Sleepwear,Current Plan,12324.86,149,82.71,1826.47,49.3,0.4918,6061.45,64727.01,50526.38,0.0,0.0,21.0,0.214
FY2025-01,2025,Feb,1,Q1,4,ECOM,Ecommerce,Women,Sleepwear,Current Plan,16566.72,200,82.71,2474.08,66.27,0.4907,8128.62,50526.38,47601.25,16181.93,5825.5,12.2,0.338
FY2025-02,2025,Mar,2,Q1,5,ECOM,Ecommerce,Women,Sleepwear,Current Plan,23410.37,283,82.71,2992.11,93.64,0.5122,11990.53,47601.25,52294.15,31189.01,11228.04,10.2,0.469
FY2025-03,2025,Apr,3,Q1,4,ECOM,Ecommerce,Women,Sleepwear,Current Plan,26208.72,317,82.71,3303.77,104.83,0.5139,13469.81,52294.15,77585.43,54908.61,19767.1,8.0,0.404
FY2025-04,2025,May,4,Q2,4,ECOM,Ecommerce,Women,Sleepwear,Current Plan,24799.11,300,82.71,3474.51,99.2,0.4999,12396.92,77585.43,69558.71,20346.1,7324.59,12.5,0.337
FY2025-05,2025,Jun,5,Q2,5,ECOM,Ecommerce,Women,Sleepwear,Current Plan,22161.34,268,82.71,3109.28,88.65,0.4997,11073.98,69558.71,48040.95,3841.51,1382.94,15.7,0.377
FY2025-06,2025,Jul,6,Q2,4,ECOM,Ecommerce,Women,Sleepwear,Current Plan,19294.34,233,82.71,2606.07,77.18,0.5049,9742.31,48040.95,55249.54,29186.17,10507.02,10.0,0.374
FY2025-07,2025,Aug,7,Q3,4,ECOM,Ecommerce,Women,Sleepwear,Current Plan,19478.27,235,82.71,2567.43,77.91,0.5082,9898.66,55249.54,55473.94,22348.02,8045.29,11.3,0.352
FY2025-08,2025,Sep,8,Q3,5,ECOM,Ecommerce,Women,Sleepwear,Current Plan,21004.07,254,82.71,2991.85,84.02,0.4976,10450.75,55473.94,46617.44,15223.43,5480.44,13.2,0.411
FY2025-09,2025,Oct,9,Q3,4,ECOM,Ecommerce,Women,Sleepwear,Current Plan,21393.17,259,82.71,3278.8,85.57,0.4867,10412.83,46617.44,62350.15,40490.26,14576.49,8.7,0.393
FY2025-10,2025,Nov,10,Q4,4,ECOM,Ecommerce,Women,Sleepwear,Current Plan,32936.32,398,82.71,4354.4,131.75,0.5078,16724.84,62350.15,89371.72,64444.03,23199.85,7.6,0.434
FY2025-11,2025,Dec,11,Q4,5,ECOM,Ecommerce,Women,Sleepwear,Current Plan,34818.35,421,82.71,5102.99,139.27,0.4934,17180.75,89371.72,76899.41,27588.29,9931.79,12.8,0.419
FY2025-12,2025,Jan,12,Q4,4,ECOM,Ecommerce,Women,Sleepwear,Current Plan,14015.88,169,82.71,2017.27,56.06,0.4961,6952.89,76899.41,60810.19,0.0,0.0,21.9,0.204
FY2026-01,2026,Feb,1,Q1,4,ECOM,Ecommerce,Women,Sleepwear,Current Plan,17156.22,207,82.71,2095.91,68.62,0.5178,8884.07,60810.19,50405.42,8915.99,3209.76,14.2,0.309
FY2026-02,2026,Mar,2,Q1,5,ECOM,Ecommerce,Women,Sleepwear,Current Plan,24388.86,295,82.71,3555.85,97.56,0.4942,12053.02,50405.42,58391.05,36027.9,12970.04,10.3,0.448
FY2026-03,2026,Apr,3,Q1,4,ECOM,Ecommerce,Women,Sleepwear,Current Plan,27524.16,333,82.71,3977.78,110.1,0.4955,13637.68,58391.05,79755.9,52976.89,19071.68,8.5,0.398
FY2026-04,2026,May,4,Q2,4,ECOM,Ecommerce,Women,Sleepwear,Current Plan,25321.42,306,82.71,3824.67,101.29,0.489,12381.04,79755.9,74526.57,24018.04,8646.5,12.6,0.328
FY2026-05,2026,Jun,5,Q2,5,ECOM,Ecommerce,Women,Sleepwear,Current Plan,23165.75,280,82.71,3320.84,92.66,0.4966,11505.24,74526.57,51438.65,3491.33,1256.88,16.1,0.368
FY2026-06,2026,Jul,6,Q2,4,ECOM,Ecommerce,Women,Sleepwear,Current Plan,19328.25,234,82.71,2878.89,77.31,0.4911,9491.18,51438.65,55947.5,26793.31,9645.59,10.6,0.36
FY2026-07,2026,Aug,7,Q3,4,ECOM,Ecommerce,Women,Sleepwear,Current Plan,20389.17,247,82.71,2899.25,81.56,0.4978,10149.82,55947.5,55386.76,22809.24,8211.32,11.0,0.366
FY2026-08,2026,Sep,8,Q3,5,ECOM,Ecommerce,Women,Sleepwear,Current Plan,22360.43,270,82.71,3131.5,89.44,0.5,11179.18,55386.76,48872.72,19067.33,6864.24,12.4,0.429
FY2026-09,2026,Oct,9,Q3,4,ECOM,Ecommerce,Women,Sleepwear,Current Plan,23059.89,279,82.71,2751.7,92.24,0.5207,12006.63,48872.72,64916.68,41947.8,15101.21,8.5,0.405
FY2026-10,2026,Nov,10,Q4,4,ECOM,Ecommerce,Women,Sleepwear,Current Plan,33117.57,400,82.71,3815.82,132.47,0.5248,17379.42,64916.68,89717.64,61866.81,22272.05,7.8,0.428
FY2026-11,2026,Dec,11,Q4,5,ECOM,Ecommerce,Women,Sleepwear,Current Plan,35347.97,427,82.71,5476.66,141.39,0.4851,17146.04,89717.64,77647.04,28895.43,10402.35,12.7,0.422
FY2026-12,2026,Jan,12,Q4,4,ECOM,Ecommerce,Women,Sleepwear,Current Plan,14697.14,178,82.71,1716.05,58.79,0.5232,7690.12,77647.04,61175.07,0.0,0.0,21.1,0.212
FY2024-01,2024,Feb,1,Q1,4,STORE,Retail Stores,Women,Sleepwear,Original Plan,6469.23,78,82.71,643.51,58.22,0.5405,3496.8,17149.75,17900.56,7921.77,2851.84,10.6,0.369
FY2024-02,2024,Mar,2,Q1,5,STORE,Retail Stores,Women,Sleepwear,Original Plan,9266.73,112,82.71,998.06,83.4,0.5323,4932.65,17900.56,22137.39,14585.02,5250.61,9.7,0.463
FY2024-03,2024,Apr,3,Q1,4,STORE,Retail Stores,Women,Sleepwear,Original Plan,10315.8,125,82.71,925.56,92.84,0.5503,5676.55,22137.39,27937.9,17134.71,6168.49,8.6,0.412
FY2024-04,2024,May,4,Q2,4,STORE,Retail Stores,Women,Sleepwear,Original Plan,9529.0,115,82.71,1129.21,85.76,0.5215,4969.35,27937.9,26340.86,9146.93,3292.9,11.7,0.351
FY2024-05,2024,Jun,5,Q2,5,STORE,Retail Stores,Women,Sleepwear,Original Plan,8654.78,105,82.71,953.12,77.89,0.5299,4585.94,26340.86,20512.4,3857.34,1388.64,15.2,0.369
FY2024-06,2024,Jul,6,Q2,4,STORE,Retail Stores,Women,Sleepwear,Original Plan,7343.45,89,82.71,662.87,66.09,0.5497,4036.93,20512.4,19874.33,7434.34,2676.36,11.2,0.364
FY2024-07,2024,Aug,7,Q3,4,STORE,Retail Stores,Women,Sleepwear,Original Plan,7693.14,93,82.71,720.87,69.24,0.5463,4202.74,19874.33,21390.01,9998.93,3599.62,10.3,0.373
FY2024-08,2024,Sep,8,Q3,5,STORE,Retail Stores,Women,Sleepwear,Original Plan,8305.09,100,82.71,809.48,74.75,0.5425,4505.78,21390.01,19484.13,7283.43,2622.04,12.9,0.406
FY2024-09,2024,Oct,9,Q3,4,STORE,Retail Stores,Women,Sleepwear,Original Plan,8742.2,106,82.71,879.47,78.68,0.5394,4715.54,19484.13,25221.24,15437.46,5557.49,8.9,0.391
FY2024-10,2024,Nov,10,Q4,4,STORE,Retail Stores,Women,Sleepwear,Original Plan,12588.77,152,82.71,1472.38,113.3,0.523,6584.43,25221.24,35318.94,24272.16,8737.98,8.0,0.416
FY2024-11,2024,Dec,11,Q4,5,STORE,Retail Stores,Women,Sleepwear,Original Plan,13637.84,165,82.71,1457.26,122.74,0.5331,7270.96,35318.94,29777.55,9676.45,3483.52,12.9,0.419
FY2024-12,2024,Jan,12,Q4,4,STORE,Retail Stores,Women,Sleepwear,Original Plan,5507.59,67,82.71,631.62,49.57,0.5253,2893.23,29777.55,23588.77,0.0,0.0,21.6,0.206
FY2025-01,2025,Feb,1,Q1,4,STORE,Retail Stores,Women,Sleepwear,Original Plan,7374.92,89,82.71,887.85,66.37,0.5196,3832.1,23588.77,22154.42,6894.79,2482.13,12.8,0.322
FY2025-02,2025,Mar,2,Q1,5,STORE,Retail Stores,Women,Sleepwear,Original Plan,10564.08,128,82.71,1180.53,95.08,0.5283,5580.48,22154.42,25264.93,14950.19,5382.07,10.5,0.446
FY2025-03,2025,Apr,3,Q1,4,STORE,Retail Stores,Women,Sleepwear,Original Plan,11760.01,142,82.71,1297.88,105.84,0.5296,6228.53,25264.93,33330.27,21229.07,7642.47,8.6,0.401
FY2025-04,2025,May,4,Q2,4,STORE,Retail Stores,Women,Sleepwear,Original Plan,10863.06,131,82.71,1308.16,97.77,0.5196,5644.2,33330.27,32447.18,11385.89,4098.92,12.3,0.33
FY2025-05,2025,Jun,5,Q2,5,STORE,Retail Stores,Women,Sleepwear,Original Plan,9866.45,119,82.71,1179.89,88.8,0.5204,5134.64,32447.18,23533.4,2221.36,799.69,16.4,0.352
FY2025-06,2025,Jul,6,Q2,4,STORE,Retail Stores,Women,Sleepwear,Original Plan,8371.53,101,82.71,825.28,75.34,0.5414,4532.5,23533.4,23788.19,9526.95,3429.7,11.2,0.354
FY2025-07,2025,Aug,7,Q3,4,STORE,Retail Stores,Women,Sleepwear,Original Plan,8770.18,106,82.71,855.93,78.93,0.5424,4756.98,23788.19,25044.16,10961.01,3945.96,10.8,0.359
FY2025-08,2025,Sep,8,Q3,5,STORE,Retail Stores,Women,Sleepwear,Original Plan,9467.81,114,82.71,1035.64,85.21,0.5306,5023.76,25044.16,21299.73,6844.22,2463.92,13.2,0.409
FY2025-09,2025,Oct,9,Q3,4,STORE,Retail Stores,Women,Sleepwear,Original Plan,9966.11,120,82.71,1130.87,89.69,0.5265,5247.45,21299.73,27402.52,17289.46,6224.21,8.5,0.409
FY2025-10,2025,Nov,10,Q4,4,STORE,Retail Stores,Women,Sleepwear,Original Plan,14351.2,174,82.71,1374.06,129.16,0.5443,7810.71,27402.52,39458.11,27910.01,10047.6,7.6,0.429
FY2025-11,2025,Dec,11,Q4,5,STORE,Retail Stores,Women,Sleepwear,Original Plan,15547.13,188,82.71,1579.31,139.92,0.5384,8370.86,39458.11,35871.59,13679.84,4924.74,12.7,0.413
FY2025-12,2025,Jan,12,Q4,4,STORE,Retail Stores,Women,Sleepwear,Original Plan,6278.65,76,82.71,573.25,56.51,0.5487,3445.08,35871.59,28963.17,0.0,0.0,22.9,0.194
FY2026-01,2026,Feb,1,Q1,4,STORE,Retail Stores,Women,Sleepwear,Original Plan,8702.41,105,82.71,810.92,78.32,0.5468,4758.62,28963.17,25272.48,5900.96,2124.34,13.3,0.321
FY2026-02,2026,Mar,2,Q1,5,STORE,Retail Stores,Women,Sleepwear,Original Plan,12465.61,151,82.71,1167.19,112.19,0.5464,6810.8,25272.48,28638.17,17110.68,6159.85,10.1,0.462
FY2026-03,2026,Apr,3,Q1,4,STORE,Retail Stores,Women,Sleepwear,Original Plan,13876.81,168,82.71,1464.91,124.89,0.5344,7416.25,28638.17,41082.79,27911.23,10048.04,8.3,0.398
FY2026-04,2026,May,4,Q2,4,STORE,Retail Stores,Women,Sleepwear,Original Plan,12818.41,155,82.71,1536.9,115.37,0.5201,6666.88,41082.79,38370.85,11758.73,4233.14,12.8,0.323
FY2026-05,2026,Jun,5,Q2,5,STORE,Retail Stores,Women,Sleepwear,Original Plan,11642.41,141,82.71,1177.85,104.78,0.5388,6273.29,38370.85,27173.32,1727.52,621.91,16.5,0.355
FY2026-06,2026,Jul,6,Q2,4,STORE,Retail Stores,Women,Sleepwear,Original Plan,9878.41,119,82.71,915.33,88.91,0.5473,5406.85,27173.32,29576.73,13286.06,4782.98,11.0,0.348
FY2026-07,2026,Aug,7,Q3,4,STORE,Retail Stores,Women,Sleepwear,Original Plan,10348.81,125,82.71,925.68,93.14,0.5506,5697.56,29576.73,28392.36,10183.25,3665.97,11.4,0.357
FY2026-08,2026,Sep,8,Q3,5,STORE,Retail Stores,Women,Sleepwear,Original Plan,11172.01,135,82.71,1260.34,100.55,0.5272,5889.74,28392.36,24638.43,8778.97,3160.43,12.7,0.421
FY2026-09,2026,Oct,9,Q3,4,STORE,Retail Stores,Women,Sleepwear,Original Plan,11760.01,142,82.71,1058.95,105.84,0.55,6467.46,24638.43,35649.45,23935.82,8616.89,8.4,0.39
FY2026-10,2026,Nov,10,Q4,4,STORE,Retail Stores,Women,Sleepwear,Original Plan,16934.42,205,82.71,1782.11,152.41,0.5348,9055.91,35649.45,46481.3,29700.79,10692.29,8.4,0.412
FY2026-11,2026,Dec,11,Q4,5,STORE,Retail Stores,Women,Sleepwear,Original Plan,18345.62,222,82.71,2100.38,165.11,0.5255,9640.82,46481.3,39742.96,13872.76,4994.19,12.7,0.426
FY2026-12,2026,Jan,12,Q4,4,STORE,Retail Stores,Women,Sleepwear,Original Plan,7408.81,90,82.71,780.21,66.68,0.5347,3961.43,39742.96,31487.27,0.0,0.0,21.5,0.208
FY2024-01,2024,Feb,1,Q1,4,STORE,Retail Stores,Women,Sleepwear,Current Plan,6601.35,80,82.71,591.37,59.41,0.5504,3633.5,18838.6,18443.44,6856.96,2468.51,11.4,0.354
FY2024-02,2024,Mar,2,Q1,5,STORE,Retail Stores,Women,Sleepwear,Current Plan,9360.83,113,82.71,1084.34,84.25,0.5242,4906.59,18443.44,22765.69,14851.67,5346.6,9.9,0.454
FY2024-03,2024,Apr,3,Q1,4,STORE,Retail Stores,Women,Sleepwear,Current Plan,10486.17,127,82.71,1232.55,94.38,0.5225,5478.6,22765.69,29961.46,19008.87,6843.19,8.7,0.398
FY2024-04,2024,May,4,Q2,4,STORE,Retail Stores,Women,Sleepwear,Current Plan,10197.4,123,82.71,1224.26,91.78,0.5199,5302.08,29961.46,31056.99,12608.97,4539.23,11.8,0.334
FY2024-05,2024,Jun,5,Q2,5,STORE,Retail Stores,Women,Sleepwear,Current Plan,8860.43,107,82.71,913.54,79.74,0.5369,4757.13,31056.99,21296.26,92.99,33.48,17.5,0.338
FY2024-06,2024,Jul,6,Q2,4,STORE,Retail Stores,Women,Sleepwear,Current Plan,7370.85,89,82.71,823.45,66.34,0.5283,3893.9,21296.26,21886.47,8850.84,3186.3,11.6,0.341
FY2024-07,2024,Aug,7,Q3,4,STORE,Retail Stores,Women,Sleepwear,Current Plan,7937.35,96,82.71,831.84,71.44,0.5352,4248.06,21886.47,22950.16,9904.31,3565.55,11.0,0.354
FY2024-08,2024,Sep,8,Q3,5,STORE,Retail Stores,Women,Sleepwear,Current Plan,8509.65,103,82.71,759.9,76.59,0.5507,4686.28,22950.16,19612.88,6008.86,2163.19,13.5,0.4
FY2024-09,2024,Oct,9,Q3,4,STORE,Retail Stores,Women,Sleepwear,Current Plan,9001.01,109,82.71,953.12,81.01,0.5341,4807.52,19612.88,25883.97,16306.23,5870.24,8.7,0.396
FY2024-10,2024,Nov,10,Q4,4,STORE,Retail Stores,Women,Sleepwear,Current Plan,12569.67,152,82.71,1439.88,113.13,0.5254,6604.71,25883.97,34124.42,22363.13,8050.73,8.2,0.419
FY2024-11,2024,Dec,11,Q4,5,STORE,Retail Stores,Women,Sleepwear,Current Plan,14208.54,172,82.71,1583.66,127.88,0.5285,7509.81,34124.42,31224.39,13020.05,4687.22,12.0,0.435
FY2024-12,2024,Jan,12,Q4,4,STORE,Retail Stores,Women,Sleepwear,Current Plan,5598.36,68,82.71,603.34,50.39,0.5322,2979.61,31224.39,24972.31,0.0,0.0,22.3,0.199
FY2025-01,2025,Feb,1,Q1,4,STORE,Retail Stores,Women,Sleepwear,Current Plan,7263.5,88,82.71,693.03,65.37,0.5446,3955.61,24972.31,20863.03,3912.62,1408.54,13.8,0.317
FY2025-02,2025,Mar,2,Q1,5,STORE,Retail Stores,Women,Sleepwear,Current Plan,10589.4,128,82.71,1070.6,95.3,0.5389,5706.61,20863.03,24656.65,15548.92,5597.61,9.9,0.465
FY2025-03,2025,Apr,3,Q1,4,STORE,Retail Stores,Women,Sleepwear,Current Plan,11862.72,143,82.71,1249.88,106.76,0.5346,6342.26,24656.65,32912.2,21474.9,7730.96,8.3,0.412
FY2025-04,2025,May,4,Q2,4,STORE,Retail Stores,Women,Sleepwear,Current Plan,11094.59,134,82.71,1307.55,99.85,0.5221,5792.99,32912.2,31985.41,11575.2,4167.07,11.9,0.342
FY2025-05,2025,Jun,5,Q2,5,STORE,Retail Stores,Women,Sleepwear,Current Plan,9995.45,121,82.71,1013.37,89.96,0.5386,5383.71,31985.41,23061.4,2174.76,782.91,16.0,0.363
FY2025-06,2025,Jul,6,Q2,4,STORE,Retail Stores,Women,Sleepwear,Current Plan,8664.62,105,82.71,1021.55,77.98,0.5221,4523.81,23061.4,25264.62,11967.37,4308.25,10.6,0.359
FY2025-07,2025,Aug,7,Q3,4,STORE,Retail Stores,Women,Sleepwear,Current Plan,8861.73,107,82.71,1052.36,79.76,0.5212,4619.15,25264.62,26302.39,11031.62,3971.38,11.4,0.344
FY2025-08,2025,Sep,8,Q3,5,STORE,Retail Stores,Women,Sleepwear,Current Plan,9605.04,116,82.71,919.17,86.45,0.5443,5228.06,26302.39,22046.86,6355.13,2287.85,13.7,0.397
FY2025-09,2025,Oct,9,Q3,4,STORE,Retail Stores,Women,Sleepwear,Current Plan,9994.09,121,82.71,928.05,89.95,0.5471,5468.17,22046.86,30292.22,19257.44,6932.68,8.8,0.382
FY2025-10,2025,Nov,10,Q4,4,STORE,Retail Stores,Women,Sleepwear,Current Plan,13957.88,169,82.71,1406.11,125.62,0.5393,7526.94,30292.22,42097.66,27295.04,9826.22,8.7,0.386
FY2025-11,2025,Dec,11,Q4,5,STORE,Retail Stores,Women,Sleepwear,Current Plan,15269.82,185,82.71,1603.65,137.43,0.535,8169.04,42097.66,34527.68,9440.91,3398.73,13.8,0.399
FY2025-12,2025,Jan,12,Q4,4,STORE,Retail Stores,Women,Sleepwear,Current Plan,6056.23,73,82.71,550.06,54.51,0.5492,3325.93,34527.68,27866.88,0.0,0.0,22.8,0.194
FY2026-01,2026,Feb,1,Q1,4,STORE,Retail Stores,Women,Sleepwear,Current Plan,7860.96,95,82.71,937.76,70.75,0.5207,4093.25,27866.88,22755.66,3758.25,1352.97,14.2,0.311
FY2026-02,2026,Mar,2,Q1,5,STORE,Retail Stores,Women,Sleepwear,Current Plan,11220.79,136,82.71,1256.53,100.99,0.528,5924.78,22755.66,26004.38,15827.03,5697.73,10.1,0.46
FY2026-03,2026,Apr,3,Q1,4,STORE,Retail Stores,Women,Sleepwear,Current Plan,12480.29,151,82.71,1344.33,112.32,0.5323,6643.06,26004.38,36232.58,24165.14,8699.45,8.3,0.401
FY2026-04,2026,May,4,Q2,4,STORE,Retail Stores,Women,Sleepwear,Current Plan,11261.68,136,82.71,1175.87,101.36,0.5356,6031.61,36232.58,31865.29,8171.6,2941.78,12.9,0.331
FY2026-05,2026,Jun,5,Q2,5,STORE,Retail Stores,Women,Sleepwear,Current Plan,10427.76,126,82.71,1203.51,93.85,0.5246,5470.26,31865.29,25055.83,4915.66,1769.64,15.3,0.366
FY2026-06,2026,Jul,6,Q2,4,STORE,Retail Stores,Women,Sleepwear,Current Plan,8888.12,107,82.71,1024.87,79.99,0.5247,4663.53,25055.83,24030.29,8967.44,3228.28,11.3,0.362
FY2026-07,2026,Aug,7,Q3,4,STORE,Retail Stores,Women,Sleepwear,Current Plan,9330.85,113,82.71,1032.32,83.98,0.5294,4939.43,24030.29,27168.34,13585.19,4890.67,10.3,0.364
FY2026-08,2026,Sep,8,Q3,5,STORE,Retail Stores,Women,Sleepwear,Current Plan,10035.73,121,82.71,1143.28,90.32,0.5261,5279.58,27168.34,22570.37,6671.36,2401.69,13.5,0.404
FY2026-09,2026,Oct,9,Q3,4,STORE,Retail Stores,Women,Sleepwear,Current Plan,10721.69,130,82.71,1264.28,96.5,0.5221,5597.6,22570.37,31347.66,20859.75,7509.51,8.4,0.398
FY2026-10,2026,Nov,10,Q4,4,STORE,Retail Stores,Women,Sleepwear,Current Plan,15115.4,183,82.71,1575.85,136.04,0.5357,8098.0,31347.66,46053.44,31533.07,11351.91,8.3,0.391
FY2026-11,2026,Dec,11,Q4,5,STORE,Retail Stores,Women,Sleepwear,Current Plan,16419.62,199,82.71,1677.32,147.78,0.5378,8831.23,46053.44,38568.0,10759.27,3873.34,14.0,0.388
FY2026-12,2026,Jan,12,Q4,4,STORE,Retail Stores,Women,Sleepwear,Current Plan,6684.94,81,82.71,714.33,60.16,0.5331,3564.03,38568.0,31108.56,0.0,0.0,23.1,0.192
FY2024-01,2024,Feb,1,Q1,4,WHSL,Wholesale,Women,Sleepwear,Original Plan,11165.54,176,63.35,254.72,11.17,0.4572,5104.74,10822.2,10667.2,11276.43,5863.74,3.9,1.039
FY2024-02,2024,Mar,2,Q1,5,WHSL,Wholesale,Women,Sleepwear,Original Plan,9364.65,148,63.35,191.94,9.36,0.4595,4303.09,10667.2,7384.85,6283.6,3267.47,5.7,1.038
FY2024-03,2024,Apr,3,Q1,4,WHSL,Wholesale,Women,Sleepwear,Original Plan,4466.22,70,63.35,85.47,4.47,0.4609,2058.32,7384.85,4688.65,1859.94,967.17,6.6,0.74
FY2024-04,2024,May,4,Q2,4,WHSL,Wholesale,Women,Sleepwear,Original Plan,3961.97,63,63.35,84.04,3.96,0.4588,1817.7,4688.65,4014.42,3375.74,1755.39,4.7,0.91
FY2024-05,2024,Jun,5,Q2,5,WHSL,Wholesale,Women,Sleepwear,Original Plan,9724.83,154,63.35,220.65,9.72,0.4573,4447.26,4014.42,7770.34,13711.13,7129.79,2.1,1.65
FY2024-06,2024,Jul,6,Q2,4,WHSL,Wholesale,Women,Sleepwear,Original Plan,10229.08,161,63.35,206.92,10.23,0.4598,4703.03,7770.34,9649.61,12325.49,6409.26,3.0,1.174
FY2024-07,2024,Aug,7,Q3,4,WHSL,Wholesale,Women,Sleepwear,Original Plan,5042.5,80,63.35,113.32,5.04,0.4575,2307.08,9649.61,5247.31,758.57,394.46,7.7,0.677
FY2024-08,2024,Sep,8,Q3,5,WHSL,Wholesale,Women,Sleepwear,Original Plan,7563.75,119,63.35,158.94,7.56,0.459,3471.67,5247.31,5854.13,8337.07,4335.28,3.5,1.363
FY2024-09,2024,Oct,9,Q3,4,WHSL,Wholesale,Women,Sleepwear,Original Plan,9940.93,157,63.35,205.63,9.94,0.4593,4566.02,5854.13,9732.27,14034.64,7298.01,2.4,1.276
FY2024-10,2024,Nov,10,Q4,4,WHSL,Wholesale,Women,Sleepwear,Original Plan,6123.04,97,63.35,108.93,6.12,0.4622,2830.13,9732.27,6008.27,2514.09,1307.33,6.4,0.778
FY2024-11,2024,Dec,11,Q4,5,WHSL,Wholesale,Women,Sleepwear,Original Plan,4322.14,68,63.35,90.8,4.32,0.459,1983.83,6008.27,3575.47,1984.47,1031.92,7.0,0.902
FY2024-12,2024,Jan,12,Q4,4,WHSL,Wholesale,Women,Sleepwear,Original Plan,4538.25,72,63.35,99.75,4.54,0.458,2078.61,3575.47,4686.51,5753.59,2991.87,3.2,1.099
FY2025-01,2025,Feb,1,Q1,4,WHSL,Wholesale,Women,Sleepwear,Original Plan,12728.72,201,63.35,241.6,12.73,0.461,5868.18,4686.51,12936.81,21233.35,11041.34,1.5,1.445
FY2025-02,2025,Mar,2,Q1,5,WHSL,Wholesale,Women,Sleepwear,Original Plan,10675.7,169,63.35,220.33,10.68,0.4594,4904.01,12936.81,8813.57,6783.46,3527.4,6.1,0.982
FY2025-03,2025,Apr,3,Q1,4,WHSL,Wholesale,Women,Sleepwear,Original Plan,5091.49,80,63.35,105.38,5.09,0.4593,2338.54,8813.57,5240.95,1629.34,847.26,6.9,0.725
FY2025-04,2025,May,4,Q2,4,WHSL,Wholesale,Women,Sleepwear,Original Plan,4516.64,71,63.35,81.75,4.52,0.4619,2086.24,5240.95,4657.2,4019.15,2089.96,4.6,0.913
FY2025-05,2025,Jun,5,Q2,5,WHSL,Wholesale,Women,Sleepwear,Original Plan,11086.3,175,63.35,206.45,11.09,0.4614,5114.97,4657.2,9204.44,15851.08,8242.56,2.1,1.6
FY2025-06,2025,Jul,6,Q2,4,WHSL,Wholesale,Women,Sleepwear,Original Plan,11661.15,184,63.35,253.45,11.66,0.4583,5343.91,9204.44,12150.86,14872.68,7733.79,3.2,1.092
FY2025-07,2025,Aug,7,Q3,4,WHSL,Wholesale,Women,Sleepwear,Original Plan,5748.45,91,63.35,123.49,5.75,0.4585,2635.77,12150.86,6273.17,0.0,0.0,8.5,0.624
FY2025-08,2025,Sep,8,Q3,5,WHSL,Wholesale,Women,Sleepwear,Original Plan,8622.68,136,63.35,164.36,8.62,0.4609,3974.53,6273.17,6919.81,9442.3,4910.0,3.6,1.307
FY2025-09,2025,Oct,9,Q3,4,WHSL,Wholesale,Women,Sleepwear,Original Plan,11332.66,179,63.35,193.82,11.33,0.4629,5245.86,6919.81,10720.13,15338.12,7975.82,2.4,1.285
FY2025-10,2025,Nov,10,Q4,4,WHSL,Wholesale,Women,Sleepwear,Original Plan,6980.26,110,63.35,121.7,6.98,0.4626,3228.83,10720.13,6964.64,3353.45,1743.79,6.1,0.789
FY2025-11,2025,Dec,11,Q4,5,WHSL,Wholesale,Women,Sleepwear,Original Plan,4927.25,78,63.35,85.16,4.93,0.4627,2279.92,6964.64,3726.31,1779.0,925.08,7.1,0.922
FY2025-12,2025,Jan,12,Q4,4,WHSL,Wholesale,Women,Sleepwear,Original Plan,5173.61,82,63.35,99.99,5.17,0.4607,2383.34,3726.31,5143.23,6695.7,3481.76,2.9,1.167
FY2026-01,2026,Feb,1,Q1,4,WHSL,Wholesale,Women,Sleepwear,Original Plan,15019.89,237,63.35,288.61,15.02,0.4608,6920.93,5143.23,15271.36,25451.65,13234.86,1.4,1.471
FY2026-02,2026,Mar,2,Q1,5,WHSL,Wholesale,Women,Sleepwear,Original Plan,12597.32,199,63.35,254.39,12.6,0.4598,5792.32,15271.36,10276.23,7869.18,4091.98,6.1,0.986
FY2026-03,2026,Apr,3,Q1,4,WHSL,Wholesale,Women,Sleepwear,Original Plan,6007.95,95,63.35,133.31,6.01,0.4578,2750.51,10276.23,6047.5,1918.54,997.64,6.8,0.736
FY2026-04,2026,May,4,Q2,4,WHSL,Wholesale,Women,Sleepwear,Original Plan,5329.64,84,63.35,110.12,5.33,0.4593,2448.11,6047.5,5329.62,4727.21,2458.15,4.5,0.937
FY2026-05,2026,Jun,5,Q2,5,WHSL,Wholesale,Women,Sleepwear,Original Plan,13081.84,206,63.35,300.24,13.08,0.457,5979.04,5329.62,10158.2,18223.74,9476.35,2.0,1.689
FY2026-06,2026,Jul,6,Q2,4,WHSL,Wholesale,Women,Sleepwear,Original Plan,13760.15,217,63.35,286.64,13.76,0.4592,6318.23,10158.2,13233.59,17135.95,8910.69,3.0,1.176
FY2026-07,2026,Aug,7,Q3,4,WHSL,Wholesale,Women,Sleepwear,Original Plan,6783.17,107,63.35,131.78,6.78,0.4606,3124.15,13233.59,7076.93,765.07,397.84,7.8,0.668
FY2026-08,2026,Sep,8,Q3,5,WHSL,Wholesale,Women,Sleepwear,Original Plan,10174.76,161,63.35,187.09,10.17,0.4616,4696.8,7076.93,8459.25,11754.34,6112.26,3.5,1.31
FY2026-09,2026,Oct,9,Q3,4,WHSL,Wholesale,Women,Sleepwear,Original Plan,13372.54,211,63.35,278.9,13.37,0.4591,6139.92,8459.25,13663.29,18868.86,9811.81,2.5,1.209
FY2026-10,2026,Nov,10,Q4,4,WHSL,Wholesale,Women,Sleepwear,Original Plan,8236.71,130,63.35,179.59,8.24,0.4582,3774.03,13663.29,8384.0,3145.25,1635.53,6.6,0.747
FY2026-11,2026,Dec,11,Q4,5,WHSL,Wholesale,Women,Sleepwear,Original Plan,5814.15,92,63.35,98.99,5.81,0.463,2691.81,8384.0,4606.96,2141.9,1113.79,7.2,0.895
FY2026-12,2026,Jan,12,Q4,4,WHSL,Wholesale,Women,Sleepwear,Original Plan,6104.86,96,63.35,135.27,6.1,0.4578,2795.07,4606.96,6087.5,7726.78,4017.92,3.0,1.142
FY2024-01,2024,Feb,1,Q1,4,WHSL,Wholesale,Women,Sleepwear,Current Plan,11433.76,180,63.35,225.67,11.43,0.4603,5262.53,11846.2,11457.81,11282.47,5866.88,4.1,0.981
FY2024-02,2024,Mar,2,Q1,5,WHSL,Wholesale,Women,Sleepwear,Current Plan,9672.73,153,63.35,192.31,9.67,0.4601,4450.6,11457.81,7967.28,6384.19,3319.78,5.9,0.996
FY2024-03,2024,Apr,3,Q1,4,WHSL,Wholesale,Women,Sleepwear,Current Plan,4590.14,72,63.35,82.48,4.59,0.462,2120.79,7967.28,4726.15,1436.08,746.76,6.9,0.723
FY2024-04,2024,May,4,Q2,4,WHSL,Wholesale,Women,Sleepwear,Current Plan,3961.78,63,63.35,76.59,3.96,0.4607,1825.06,4726.15,4148.35,3464.53,1801.55,4.8,0.893
FY2024-05,2024,Jun,5,Q2,5,WHSL,Wholesale,Women,Sleepwear,Current Plan,9721.62,153,63.35,203.63,9.72,0.4591,4462.74,4148.35,7487.74,13274.36,6902.67,2.1,1.671
FY2024-06,2024,Jul,6,Q2,4,WHSL,Wholesale,Women,Sleepwear,Current Plan,10309.07,163,63.35,211.46,10.31,0.4595,4736.89,7487.74,10511.2,13554.31,7048.24,2.9,1.146
FY2024-07,2024,Aug,7,Q3,4,WHSL,Wholesale,Women,Sleepwear,Current Plan,5150.98,81,63.35,103.5,5.15,0.4599,2368.97,10511.2,5251.57,0.0,0.0,8.2,0.654
FY2024-08,2024,Sep,8,Q3,5,WHSL,Wholesale,Women,Sleepwear,Current Plan,7545.59,119,63.35,133.22,7.55,0.4623,3488.67,5251.57,6163.35,8598.14,4471.03,3.5,1.322
FY2024-09,2024,Oct,9,Q3,4,WHSL,Wholesale,Women,Sleepwear,Current Plan,10384.94,164,63.35,203.23,10.38,0.4604,4781.55,6163.35,10968.7,15403.9,8010.03,2.4,1.212
FY2024-10,2024,Nov,10,Q4,4,WHSL,Wholesale,Women,Sleepwear,Current Plan,6213.67,98,63.35,110.55,6.21,0.4622,2872.01,10968.7,6474.15,1835.88,954.66,7.1,0.712
FY2024-11,2024,Dec,11,Q4,5,WHSL,Wholesale,Women,Sleepwear,Current Plan,4361.21,69,63.35,98.24,4.36,0.4575,1995.14,6474.15,3304.03,1293.7,672.72,7.4,0.892
FY2024-12,2024,Jan,12,Q4,4,WHSL,Wholesale,Women,Sleepwear,Current Plan,4549.99,72,63.35,79.89,4.55,0.4624,2104.11,3304.03,4747.29,6077.69,3160.4,2.9,1.13
FY2025-01,2025,Feb,1,Q1,4,WHSL,Wholesale,Women,Sleepwear,Current Plan,13183.34,208,63.35,270.29,13.18,0.4595,6057.72,4747.29,13602.7,22322.23,11607.56,1.4,1.437
FY2025-02,2025,Mar,2,Q1,5,WHSL,Wholesale,Women,Sleepwear,Current Plan,10716.35,169,63.35,234.15,10.72,0.4582,4909.7,13602.7,8171.58,5530.09,2875.65,6.3,0.984
FY2025-03,2025,Apr,3,Q1,4,WHSL,Wholesale,Women,Sleepwear,Current Plan,5152.12,81,63.35,117.23,5.15,0.4572,2355.79,8171.58,5357.32,2460.24,1279.33,6.3,0.762
FY2025-04,2025,May,4,Q2,4,WHSL,Wholesale,Women,Sleepwear,Current Plan,4553.65,72,63.35,83.46,4.55,0.4617,2102.29,5357.32,4460.76,3745.1,1947.45,4.7,0.928
FY2025-05,2025,Jun,5,Q2,5,WHSL,Wholesale,Women,Sleepwear,Current Plan,11057.03,175,63.35,220.03,11.06,0.4601,5087.34,4460.76,8538.13,15365.49,7990.06,2.0,1.701
FY2025-06,2025,Jul,6,Q2,4,WHSL,Wholesale,Women,Sleepwear,Current Plan,11841.56,187,63.35,259.09,11.84,0.4581,5424.86,8538.13,12061.78,15636.14,8130.79,2.9,1.15
FY2025-07,2025,Aug,7,Q3,4,WHSL,Wholesale,Women,Sleepwear,Current Plan,5866.91,93,63.35,110.74,5.87,0.4611,2705.38,12061.78,6078.26,0.0,0.0,8.2,0.647
FY2025-08,2025,Sep,8,Q3,5,WHSL,Wholesale,Women,Sleepwear,Current Plan,8999.0,142,63.35,190.57,9.0,0.4588,4128.95,6078.26,7591.15,10711.45,5569.96,3.4,1.317
FY2025-09,2025,Oct,9,Q3,4,WHSL,Wholesale,Women,Sleepwear,Current Plan,11411.86,180,63.35,209.81,11.41,0.4616,5267.88,7591.15,11111.03,15152.97,7879.55,2.7,1.22
FY2025-10,2025,Nov,10,Q4,4,WHSL,Wholesale,Women,Sleepwear,Current Plan,6911.36,109,63.35,137.64,6.91,0.4601,3179.81,11111.03,7155.25,3100.13,1612.07,6.4,0.757
FY2025-11,2025,Dec,11,Q4,5,WHSL,Wholesale,Women,Sleepwear,Current Plan,4972.81,78,63.35,91.87,4.97,0.4615,2295.08,7155.25,3747.05,1661.47,863.96,7.2,0.912
FY2025-12,2025,Jan,12,Q4,4,WHSL,Wholesale,Women,Sleepwear,Current Plan,5392.61,85,63.35,99.69,5.39,0.4615,2488.76,3747.05,5301.07,7051.7,3666.89,2.8,1.192
FY2026-01,2026,Feb,1,Q1,4,WHSL,Wholesale,Women,Sleepwear,Current Plan,13358.39,211,63.35,267.9,13.36,0.4599,6144.13,5301.07,12682.08,21020.66,10930.75,1.6,1.486
FY2026-02,2026,Mar,2,Q1,5,WHSL,Wholesale,Women,Sleepwear,Current Plan,11137.18,176,63.35,208.8,11.14,0.4613,5137.05,12682.08,8483.56,7158.6,3722.47,5.7,1.052
FY2026-03,2026,Apr,3,Q1,4,WHSL,Wholesale,Women,Sleepwear,Current Plan,5443.12,86,63.35,95.36,5.44,0.4625,2517.34,8483.56,5550.91,2611.26,1357.86,6.2,0.776
FY2026-04,2026,May,4,Q2,4,WHSL,Wholesale,Women,Sleepwear,Current Plan,4873.73,77,63.35,93.06,4.87,0.4609,2246.33,5550.91,4625.86,4046.62,2104.24,4.6,0.958
FY2026-05,2026,Jun,5,Q2,5,WHSL,Wholesale,Women,Sleepwear,Current Plan,11725.58,185,63.35,209.67,11.73,0.4621,5418.6,4625.86,9906.78,17227.89,8958.51,2.0,1.614
FY2026-06,2026,Jul,6,Q2,4,WHSL,Wholesale,Women,Sleepwear,Current Plan,12519.81,198,63.35,264.24,12.52,0.4589,5745.26,9906.78,11775.45,14665.24,7625.92,3.2,1.155
FY2026-07,2026,Aug,7,Q3,4,WHSL,Wholesale,Women,Sleepwear,Current Plan,6068.47,96,63.35,109.3,6.07,0.462,2803.57,11775.45,6424.96,833.34,433.34,7.8,0.667
FY2026-08,2026,Sep,8,Q3,5,WHSL,Wholesale,Women,Sleepwear,Current Plan,9221.3,146,63.35,187.1,9.22,0.4597,4239.12,6424.96,7073.19,10065.85,5234.24,3.5,1.366
FY2026-09,2026,Oct,9,Q3,4,WHSL,Wholesale,Women,Sleepwear,Current Plan,12072.75,191,63.35,272.03,12.07,0.4575,5522.89,7073.19,11718.02,17001.69,8840.88,2.3,1.285
FY2026-10,2026,Nov,10,Q4,4,WHSL,Wholesale,Women,Sleepwear,Current Plan,7455.01,118,63.35,144.19,7.46,0.4607,3434.22,11718.02,7081.09,2969.73,1544.26,6.3,0.793
FY2026-11,2026,Dec,11,Q4,5,WHSL,Wholesale,Women,Sleepwear,Current Plan,5226.66,83,63.35,118.61,5.23,0.4573,2390.19,7081.09,4319.88,2589.3,1346.43,6.8,0.917
FY2026-12,2026,Jan,12,Q4,4,WHSL,Wholesale,Women,Sleepwear,Current Plan,5400.85,85,63.35,103.95,5.4,0.4608,2488.46,4319.88,5394.95,6585.26,3424.34,3.2,1.112
FY2024-01,2024,Feb,1,Q1,4,ECOM,Ecommerce,Women,Tops,Original Plan,24906.54,299,83.25,3815.44,99.63,0.4868,12124.75,69060.75,71772.62,31533.47,11352.05,11.1,0.354
FY2024-02,2024,Mar,2,Q1,5,ECOM,Ecommerce,Women,Tops,Original Plan,35676.93,429,83.25,5262.6,142.71,0.4925,17570.64,71772.62,81382.41,50692.03,18249.13,10.1,0.466
FY2024-03,2024,Apr,3,Q1,4,ECOM,Ecommerce,Women,Tops,Original Plan,39715.83,477,83.25,5860.28,158.86,0.4924,19557.85,81382.41,109294.28,73646.84,26512.86,8.2,0.417
FY2024-04,2024,May,4,Q2,4,ECOM,Ecommerce,Women,Tops,Original Plan,36686.65,441,83.25,4988.13,146.75,0.504,18491.32,109294.28,106510.73,39037.99,14053.68,11.9,0.34
FY2024-05,2024,Jun,5,Q2,5,ECOM,Ecommerce,Women,Tops,Original Plan,33320.91,400,83.25,5170.71,133.28,0.4848,16154.66,106510.73,72290.23,4404.4,1585.58,16.0,0.373
FY2024-06,2024,Jul,6,Q2,4,ECOM,Ecommerce,Women,Tops,Original Plan,28272.28,340,83.25,4239.6,113.09,0.49,13854.66,72290.23,81788.52,42123.26,15164.37,10.2,0.367
FY2024-07,2024,Aug,7,Q3,4,ECOM,Ecommerce,Women,Tops,Original Plan,29618.58,356,83.25,3849.22,118.47,0.51,15106.68,81788.52,89300.56,41098.31,14795.39,11.0,0.346
FY2024-08,2024,Sep,8,Q3,5,ECOM,Ecommerce,Women,Tops,Original Plan,31974.61,384,83.25,4316.42,127.9,0.505,16147.32,89300.56,73579.07,20697.44,7451.08,14.0,0.393
FY2024-09,2024,Oct,9,Q3,4,ECOM,Ecommerce,Women,Tops,Original Plan,33657.48,404,83.25,5162.62,134.63,0.4866,16378.17,73579.07,91056.02,56431.68,20315.41,8.7,0.409
FY2024-10,2024,Nov,10,Q4,4,ECOM,Ecommerce,Women,Tops,Original Plan,48466.77,582,83.25,7195.17,193.87,0.4915,23823.57,91056.02,138945.8,103745.58,37348.41,7.5,0.421
FY2024-11,2024,Dec,11,Q4,5,ECOM,Ecommerce,Women,Tops,Original Plan,52505.67,631,83.25,6643.37,210.02,0.5135,26960.26,138945.8,123602.53,44015.78,15845.68,13.2,0.4
FY2024-12,2024,Jan,12,Q4,4,ECOM,Ecommerce,Women,Tops,Original Plan,21204.21,255,83.25,3037.27,84.82,0.4968,10533.42,123602.53,99276.23,0.0,0.0,23.3,0.19
FY2025-01,2025,Feb,1,Q1,4,ECOM,Ecommerce,Women,Tops,Original Plan,28393.45,341,83.25,3402.65,113.57,0.5202,14769.16,99276.23,80923.76,13557.21,4880.6,14.0,0.315
FY2025-02,2025,Mar,2,Q1,5,ECOM,Ecommerce,Women,Tops,Original Plan,40671.7,489,83.25,4870.49,162.69,0.5202,21159.39,80923.76,92990.08,57771.19,20797.63,9.9,0.468
FY2025-03,2025,Apr,3,Q1,4,ECOM,Ecommerce,Women,Tops,Original Plan,45276.04,544,83.25,5201.51,181.1,0.5251,23775.15,92990.08,134779.79,92448.38,33281.42,8.2,0.398
FY2025-04,2025,May,4,Q2,4,ECOM,Ecommerce,Women,Tops,Original Plan,41822.78,502,83.25,6105.8,167.29,0.494,20660.78,134779.79,123238.38,36554.46,13159.61,12.9,0.324
FY2025-05,2025,Jun,5,Q2,5,ECOM,Ecommerce,Women,Tops,Original Plan,37985.83,456,83.25,5613.32,151.94,0.4922,18697.61,123238.38,87212.38,7725.1,2781.04,16.2,0.361
FY2025-06,2025,Jul,6,Q2,4,ECOM,Ecommerce,Women,Tops,Original Plan,32230.4,387,83.25,4961.29,128.92,0.4861,15666.17,87212.38,98214.14,48322.38,17396.06,10.8,0.348
FY2025-07,2025,Aug,7,Q3,4,ECOM,Ecommerce,Women,Tops,Original Plan,33765.18,406,83.25,3911.48,135.06,0.5242,17698.23,98214.14,96225.6,35823.18,12896.35,11.6,0.347
FY2025-08,2025,Sep,8,Q3,5,ECOM,Ecommerce,Women,Tops,Original Plan,36451.05,438,83.25,4633.83,145.8,0.5129,18694.84,96225.6,79473.56,24478.64,8812.31,13.2,0.415
FY2025-09,2025,Oct,9,Q3,4,ECOM,Ecommerce,Women,Tops,Original Plan,38369.53,461,83.25,5195.54,153.48,0.5046,19360.96,79473.56,111514.4,75759.38,27273.38,8.3,0.402
FY2025-10,2025,Nov,10,Q4,4,ECOM,Ecommerce,Women,Tops,Original Plan,55252.12,664,83.25,6493.82,221.01,0.5225,28867.54,111514.4,158163.6,108616.15,39101.81,8.1,0.41
FY2025-11,2025,Dec,11,Q4,5,ECOM,Ecommerce,Women,Tops,Original Plan,59856.46,719,83.25,7183.85,239.43,0.52,31124.28,158163.6,137805.79,46921.94,16891.9,13.2,0.404
FY2025-12,2025,Jan,12,Q4,4,ECOM,Ecommerce,Women,Tops,Original Plan,24172.8,290,83.25,3341.56,96.69,0.5018,12129.03,137805.79,110194.73,0.0,0.0,22.8,0.195
FY2026-01,2026,Feb,1,Q1,4,ECOM,Ecommerce,Women,Tops,Original Plan,33504.27,402,83.25,4087.33,134.02,0.518,17355.41,110194.73,93444.48,20975.36,7551.13,13.2,0.329
FY2026-02,2026,Mar,2,Q1,5,ECOM,Ecommerce,Women,Tops,Original Plan,47992.6,577,83.25,5591.82,191.97,0.5235,25123.45,93444.48,111867.05,72198.97,25991.63,9.7,0.468
FY2026-03,2026,Apr,3,Q1,4,ECOM,Ecommerce,Women,Tops,Original Plan,53425.73,642,83.25,6727.62,213.7,0.5141,27464.85,111867.05,158504.22,107004.22,38521.52,8.4,0.395
FY2026-04,2026,May,4,Q2,4,ECOM,Ecommerce,Women,Tops,Original Plan,49350.89,593,83.25,7346.84,197.4,0.4911,24237.73,158504.22,143227.63,41618.54,14982.67,12.8,0.327
FY2026-05,2026,Jun,5,Q2,5,ECOM,Ecommerce,Women,Tops,Original Plan,44823.28,538,83.25,5970.55,179.29,0.5068,22716.35,143227.63,107400.03,15145.52,5452.39,16.0,0.358
FY2026-06,2026,Jul,6,Q2,4,ECOM,Ecommerce,Women,Tops,Original Plan,38031.88,457,83.25,5092.73,152.13,0.5061,19247.67,107400.03,114272.78,50149.49,18053.81,11.3,0.343
FY2026-07,2026,Aug,7,Q3,4,ECOM,Ecommerce,Women,Tops,Original Plan,39842.92,479,83.25,5468.78,159.37,0.5027,20030.69,114272.78,116297.91,47496.2,17098.63,11.5,0.346
FY2026-08,2026,Sep,8,Q3,5,ECOM,Ecommerce,Women,Tops,Original Plan,43012.24,517,83.25,6181.63,172.05,0.4963,21346.2,116297.91,104553.17,37621.18,13543.63,13.5,0.39
FY2026-09,2026,Oct,9,Q3,4,ECOM,Ecommerce,Women,Tops,Original Plan,45276.04,544,83.25,5838.06,181.1,0.5111,23138.61,104553.17,134906.76,81648.79,29393.57,9.2,0.378
FY2026-10,2026,Nov,10,Q4,4,ECOM,Ecommerce,Women,Tops,Original Plan,65197.5,783,83.25,9720.04,260.79,0.4909,32006.36,134906.76,181657.75,121929.32,43894.55,8.3,0.412
FY2026-11,2026,Dec,11,Q4,5,ECOM,Ecommerce,Women,Tops,Original Plan,70630.63,848,83.25,10292.11,282.52,0.4943,34911.49,181657.75,155715.12,55262.62,19894.54,12.9,0.419
FY2026-12,2026,Jan,12,Q4,4,ECOM,Ecommerce,Women,Tops,Original Plan,28523.91,343,83.25,4093.17,114.1,0.4965,14162.13,155715.12,122983.95,0.0,0.0,21.8,0.205
FY2024-01,2024,Feb,1,Q1,4,ECOM,Ecommerce,Women,Tops,Current Plan,26015.61,313,83.25,3542.37,104.06,0.5038,13107.62,75638.91,72646.44,26669.57,9601.05,11.6,0.351
FY2024-02,2024,Mar,2,Q1,5,ECOM,Ecommerce,Women,Tops,Current Plan,35967.98,432,83.25,4927.51,143.87,0.503,18092.0,72646.44,81710.02,50102.95,18037.06,10.1,0.466
FY2024-03,2024,Apr,3,Q1,4,ECOM,Ecommerce,Women,Tops,Current Plan,40093.86,482,83.25,5992.03,160.38,0.4905,19668.04,81710.02,117035.86,81572.11,29365.96,8.2,0.403
FY2024-04,2024,May,4,Q2,4,ECOM,Ecommerce,Women,Tops,Current Plan,36210.58,435,83.25,4543.05,144.84,0.5145,18631.71,117035.86,101614.14,25476.75,9171.63,12.9,0.331
FY2024-05,2024,Jun,5,Q2,5,ECOM,Ecommerce,Women,Tops,Current Plan,33012.26,397,83.25,5110.77,132.05,0.4852,16017.08,101614.14,75221.38,11862.31,4270.43,15.4,0.373
FY2024-06,2024,Jul,6,Q2,4,ECOM,Ecommerce,Women,Tops,Current Plan,28201.49,339,83.25,3524.39,112.81,0.515,14524.57,75221.38,83368.47,39985.79,14394.88,10.7,0.356
FY2024-07,2024,Aug,7,Q3,4,ECOM,Ecommerce,Women,Tops,Current Plan,30434.91,366,83.25,4717.88,121.74,0.485,14760.47,83368.47,82673.3,34579.35,12448.57,11.0,0.367
FY2024-08,2024,Sep,8,Q3,5,ECOM,Ecommerce,Women,Tops,Current Plan,31543.17,379,83.25,4830.24,126.17,0.4869,15357.39,82673.3,72878.15,26704.44,9613.6,13.1,0.406
FY2024-09,2024,Oct,9,Q3,4,ECOM,Ecommerce,Women,Tops,Current Plan,33226.28,399,83.25,5011.85,132.91,0.4892,16252.97,72878.15,96904.14,62397.03,22462.93,8.8,0.391
FY2024-10,2024,Nov,10,Q4,4,ECOM,Ecommerce,Women,Tops,Current Plan,47884.84,575,83.25,5966.7,191.54,0.5154,24679.59,96904.14,141908.52,99047.46,35657.08,8.1,0.401
FY2024-11,2024,Dec,11,Q4,5,ECOM,Ecommerce,Women,Tops,Current Plan,53793.79,646,83.25,7977.71,215.18,0.4917,26450.31,141908.52,122738.08,42816.24,15413.85,13.2,0.407
FY2024-12,2024,Jan,12,Q4,4,ECOM,Ecommerce,Women,Tops,Current Plan,21340.56,256,83.25,2969.17,85.36,0.5009,10688.78,122738.08,98342.99,0.0,0.0,23.0,0.193
FY2025-01,2025,Feb,1,Q1,4,ECOM,Ecommerce,Women,Tops,Current Plan,29327.1,352,83.25,4115.4,117.31,0.4997,14653.94,98342.99,83192.31,18409.13,6627.29,13.4,0.323
FY2025-02,2025,Mar,2,Q1,5,ECOM,Ecommerce,Women,Tops,Current Plan,40365.66,485,83.25,5740.15,161.46,0.4978,20093.87,83192.31,89743.13,52818.08,19014.51,10.3,0.467
FY2025-03,2025,Apr,3,Q1,4,ECOM,Ecommerce,Women,Tops,Current Plan,47107.77,566,83.25,7201.23,188.43,0.4871,22947.74,89743.13,143075.83,107830.13,38818.85,7.6,0.405
FY2025-04,2025,May,4,Q2,4,ECOM,Ecommerce,Women,Tops,Current Plan,43152.46,518,83.25,5177.62,172.61,0.52,22439.95,143075.83,125661.99,31088.86,11191.99,13.3,0.321
FY2025-05,2025,Jun,5,Q2,5,ECOM,Ecommerce,Women,Tops,Current Plan,36574.9,439,83.25,5440.08,146.3,0.4913,17967.85,125661.99,85500.7,1999.99,720.0,17.2,0.346
FY2025-06,2025,Jul,6,Q2,4,ECOM,Ecommerce,Women,Tops,Current Plan,32899.45,395,83.25,3820.54,131.6,0.5239,17235.11,85500.7,94491.16,45842.04,16503.13,10.4,0.366
FY2025-07,2025,Aug,7,Q3,4,ECOM,Ecommerce,Women,Tops,Current Plan,34500.23,414,83.25,5071.02,138.0,0.493,17009.13,94491.16,97804.55,43022.63,15488.15,11.0,0.359
FY2025-08,2025,Sep,8,Q3,5,ECOM,Ecommerce,Women,Tops,Current Plan,36751.49,441,83.25,5150.99,147.01,0.4998,18369.97,97804.55,85824.13,30069.07,10824.87,13.3,0.4
FY2025-09,2025,Oct,9,Q3,4,ECOM,Ecommerce,Women,Tops,Current Plan,40606.37,488,83.25,5324.06,162.43,0.5089,20664.01,85824.13,122664.4,82933.13,29855.93,8.5,0.39
FY2025-10,2025,Nov,10,Q4,4,ECOM,Ecommerce,Women,Tops,Current Plan,57762.32,694,83.25,8839.42,231.05,0.487,28128.47,122664.4,157135.01,101303.39,36469.22,8.5,0.413
FY2025-11,2025,Dec,11,Q4,5,ECOM,Ecommerce,Women,Tops,Current Plan,60931.4,732,83.25,8434.62,243.73,0.5016,30561.48,157135.01,135319.99,47794.72,17206.1,12.9,0.417
FY2025-12,2025,Jan,12,Q4,4,ECOM,Ecommerce,Women,Tops,Current Plan,24902.38,299,83.25,3567.46,99.61,0.4967,12370.07,135319.99,106750.54,0.0,0.0,21.7,0.206
FY2026-01,2026,Feb,1,Q1,4,ECOM,Ecommerce,Women,Tops,Current Plan,35825.91,430,83.25,5284.82,143.3,0.4925,17643.76,106750.54,102976.72,37480.22,13492.88,11.9,0.342
FY2026-02,2026,Mar,2,Q1,5,ECOM,Ecommerce,Women,Tops,Current Plan,51178.75,615,83.25,7746.4,204.72,0.4886,25008.0,102976.72,120962.55,77115.69,27761.65,10.1,0.457
FY2026-03,2026,Apr,3,Q1,4,ECOM,Ecommerce,Women,Tops,Current Plan,57439.78,690,83.25,7374.24,229.76,0.5116,29387.21,120962.55,173631.32,117712.55,42376.52,8.4,0.39
FY2026-04,2026,May,4,Q2,4,ECOM,Ecommerce,Women,Tops,Current Plan,51828.93,623,83.25,7997.42,207.32,0.4857,25173.09,173631.32,143427.97,29830.32,10738.92,13.4,0.327
FY2026-05,2026,Jun,5,Q2,5,ECOM,Ecommerce,Women,Tops,Current Plan,47555.69,571,83.25,5648.95,190.22,0.5212,24786.69,143427.97,107289.14,17256.02,6212.17,15.1,0.379
FY2026-06,2026,Jul,6,Q2,4,ECOM,Ecommerce,Women,Tops,Current Plan,39808.51,478,83.25,5805.58,159.23,0.4942,19671.86,107289.14,118482.04,56966.22,20507.84,10.8,0.353
FY2026-07,2026,Aug,7,Q3,4,ECOM,Ecommerce,Women,Tops,Current Plan,42678.84,513,83.25,5076.38,170.72,0.5211,22238.08,118482.04,117966.74,47410.64,17067.83,11.1,0.361
FY2026-08,2026,Sep,8,Q3,5,ECOM,Ecommerce,Women,Tops,Current Plan,45215.21,543,83.25,5981.89,180.86,0.5077,22955.84,117966.74,103047.18,36458.4,13125.03,13.0,0.409
FY2026-09,2026,Oct,9,Q3,4,ECOM,Ecommerce,Women,Tops,Current Plan,47742.8,574,83.25,7072.21,190.97,0.4919,23483.18,103047.18,130470.05,82428.85,29674.39,8.6,0.409
FY2026-10,2026,Nov,10,Q4,4,ECOM,Ecommerce,Women,Tops,Current Plan,68060.0,818,83.25,10124.0,272.24,0.4912,33434.39,130470.05,192122.02,140108.21,50438.96,7.7,0.422
FY2026-11,2026,Dec,11,Q4,5,ECOM,Ecommerce,Women,Tops,Current Plan,75027.91,901,83.25,8752.26,300.11,0.5233,39265.6,192122.02,174065.64,66023.9,23768.6,12.8,0.41
FY2026-12,2026,Jan,12,Q4,4,ECOM,Ecommerce,Women,Tops,Current Plan,30554.75,367,83.25,4534.78,122.22,0.4916,15020.26,174065.64,138853.89,0.0,0.0,22.8,0.195
FY2024-01,2024,Feb,1,Q1,4,STORE,Retail Stores,Women,Tops,Original Plan,11321.15,136,83.25,1137.28,101.89,0.5395,6108.26,32941.54,33446.82,13065.61,4703.62,11.6,0.341
FY2024-02,2024,Mar,2,Q1,5,STORE,Retail Stores,Women,Tops,Original Plan,16216.79,195,83.25,1839.88,145.95,0.5265,8538.86,33446.82,39307.19,24062.98,8662.67,10.3,0.446
FY2024-03,2024,Apr,3,Q1,4,STORE,Retail Stores,Women,Tops,Original Plan,18052.65,217,83.25,2067.85,162.47,0.5255,9485.85,39307.19,53007.56,33983.34,12234.0,8.7,0.391
FY2024-04,2024,May,4,Q2,4,STORE,Retail Stores,Women,Tops,Original Plan,16675.75,200,83.25,1973.65,150.08,0.5216,8698.83,53007.56,45612.51,11404.43,4105.59,12.7,0.338
FY2024-05,2024,Jun,5,Q2,5,STORE,Retail Stores,Women,Tops,Original Plan,15145.87,182,83.25,1490.07,136.31,0.5416,8203.28,45612.51,36846.41,8006.15,2882.21,15.1,0.367
FY2024-06,2024,Jul,6,Q2,4,STORE,Retail Stores,Women,Tops,Original Plan,12851.04,154,83.25,1385.16,115.66,0.5322,6839.5,36846.41,36852.56,14358.01,5168.89,11.5,0.349
FY2024-07,2024,Aug,7,Q3,4,STORE,Retail Stores,Women,Tops,Original Plan,13462.99,162,83.25,1409.08,121.17,0.5353,7207.23,36852.56,40535.98,18676.66,6723.6,10.9,0.348
FY2024-08,2024,Sep,8,Q3,5,STORE,Retail Stores,Women,Tops,Original Plan,14533.91,175,83.25,1329.74,130.81,0.5485,7971.97,40535.98,34085.46,9543.93,3435.81,13.9,0.39
FY2024-09,2024,Oct,9,Q3,4,STORE,Retail Stores,Women,Tops,Original Plan,15298.85,184,83.25,1622.69,137.69,0.5339,8168.58,34085.46,43915.46,26889.23,9680.12,8.9,0.392
FY2024-10,2024,Nov,10,Q4,4,STORE,Retail Stores,Women,Tops,Original Plan,22030.35,265,83.25,2317.48,198.27,0.5348,11781.94,43915.46,65605.61,46236.26,16645.05,8.0,0.402
FY2024-11,2024,Dec,11,Q4,5,STORE,Retail Stores,Women,Tops,Original Plan,23866.21,287,83.25,2404.61,214.8,0.5392,12869.77,65605.61,55814.06,16694.07,6009.86,13.7,0.393
FY2024-12,2024,Jan,12,Q4,4,STORE,Retail Stores,Women,Tops,Original Plan,9638.28,116,83.25,917.37,86.74,0.5448,5251.13,55814.06,45171.67,0.0,0.0,23.2,0.191
FY2025-01,2025,Feb,1,Q1,4,STORE,Retail Stores,Women,Tops,Original Plan,12906.11,155,83.25,1346.77,116.16,0.5356,6913.15,45171.67,36202.49,5399.86,1943.95,14.0,0.317
FY2025-02,2025,Mar,2,Q1,5,STORE,Retail Stores,Women,Tops,Original Plan,18487.14,222,83.25,1753.66,166.38,0.5451,10078.11,36202.49,40205.25,24409.94,8787.58,9.8,0.484
FY2025-03,2025,Apr,3,Q1,4,STORE,Retail Stores,Women,Tops,Original Plan,20580.02,247,83.25,2300.66,185.22,0.5282,10870.56,40205.25,56865.55,39726.19,14301.43,7.8,0.424
FY2025-04,2025,May,4,Q2,4,STORE,Retail Stores,Women,Tops,Original Plan,19010.36,228,83.25,1940.32,171.09,0.5379,10226.3,56865.55,57626.98,21883.21,7877.95,12.0,0.332
FY2025-05,2025,Jun,5,Q2,5,STORE,Retail Stores,Women,Tops,Original Plan,17266.29,207,83.25,1804.65,155.4,0.5355,9245.77,57626.98,40165.49,1764.85,635.34,16.7,0.353
FY2025-06,2025,Jul,6,Q2,4,STORE,Retail Stores,Women,Tops,Original Plan,14650.18,176,83.25,1685.56,131.85,0.5249,7690.56,40165.49,42228.11,18530.21,6670.88,11.0,0.356
FY2025-07,2025,Aug,7,Q3,4,STORE,Retail Stores,Women,Tops,Original Plan,15347.81,184,83.25,1842.65,138.13,0.5199,7979.95,42228.11,44158.04,19258.52,6933.07,11.0,0.355
FY2025-08,2025,Sep,8,Q3,5,STORE,Retail Stores,Women,Tops,Original Plan,16568.66,199,83.25,1825.55,149.12,0.5298,8778.39,44158.04,37746.35,12131.63,4367.39,13.3,0.405
FY2025-09,2025,Oct,9,Q3,4,STORE,Retail Stores,Women,Tops,Original Plan,17440.69,210,83.25,1885.16,156.97,0.5319,9276.88,37746.35,51061.08,32797.55,11807.12,8.7,0.393
FY2025-10,2025,Nov,10,Q4,4,STORE,Retail Stores,Women,Tops,Original Plan,25114.6,302,83.25,2299.04,226.03,0.5485,13774.3,51061.08,73869.56,50448.16,18161.34,8.1,0.402
FY2025-11,2025,Dec,11,Q4,5,STORE,Retail Stores,Women,Tops,Original Plan,27207.48,327,83.25,2806.29,244.87,0.5369,14606.5,73869.56,62681.88,19070.96,6865.55,13.6,0.398
FY2025-12,2025,Jan,12,Q4,4,STORE,Retail Stores,Women,Tops,Original Plan,10987.64,132,83.25,1218.85,98.89,0.5291,5813.24,62681.88,50376.51,0.0,0.0,22.8,0.194
FY2026-01,2026,Feb,1,Q1,4,STORE,Retail Stores,Women,Tops,Original Plan,15229.21,183,83.25,1637.63,137.06,0.5325,8109.07,50376.51,45078.05,11705.45,4213.96,13.2,0.319
FY2026-02,2026,Mar,2,Q1,5,STORE,Retail Stores,Women,Tops,Original Plan,21814.82,262,83.25,2595.6,196.33,0.521,11365.88,45078.05,51464.07,30992.77,11157.4,10.3,0.452
FY2026-03,2026,Apr,3,Q1,4,STORE,Retail Stores,Women,Tops,Original Plan,24284.42,292,83.25,2218.35,218.56,0.5487,13323.68,51464.07,72856.81,48114.08,17321.07,8.5,0.391
FY2026-04,2026,May,4,Q2,4,STORE,Retail Stores,Women,Tops,Original Plan,22432.22,269,83.25,2407.8,201.89,0.5327,11948.82,72856.81,62974.55,15159.65,5457.47,13.0,0.33
FY2026-05,2026,Jun,5,Q2,5,STORE,Retail Stores,Women,Tops,Original Plan,20374.22,245,83.25,2423.19,183.37,0.5211,10616.31,62974.55,45669.81,5676.04,2043.38,15.5,0.375
FY2026-06,2026,Jul,6,Q2,4,STORE,Retail Stores,Women,Tops,Original Plan,17287.22,208,83.25,1791.58,155.58,0.5364,9272.24,45669.81,52477.29,26041.86,9375.07,10.6,0.352
FY2026-07,2026,Aug,7,Q3,4,STORE,Retail Stores,Women,Tops,Original Plan,18110.42,218,83.25,1667.03,162.99,0.548,9923.63,52477.29,49657.7,17120.86,6163.51,11.6,0.355
FY2026-08,2026,Sep,8,Q3,5,STORE,Retail Stores,Women,Tops,Original Plan,19551.02,235,83.25,2064.89,175.96,0.5344,10447.76,49657.7,44513.81,16647.97,5993.27,12.7,0.415
FY2026-09,2026,Oct,9,Q3,4,STORE,Retail Stores,Women,Tops,Original Plan,20580.02,247,83.25,2362.01,185.22,0.5252,10809.2,44513.81,56563.37,35176.82,12663.66,8.7,0.407
FY2026-10,2026,Nov,10,Q4,4,STORE,Retail Stores,Women,Tops,Original Plan,29635.23,356,83.25,2820.34,266.72,0.5448,16146.2,56563.37,86761.95,62920.86,22651.51,7.6,0.414
FY2026-11,2026,Dec,11,Q4,5,STORE,Retail Stores,Women,Tops,Original Plan,32104.83,386,83.25,3651.4,288.94,0.5263,16895.69,86761.95,72495.22,21778.44,7840.24,13.5,0.403
FY2026-12,2026,Jan,12,Q4,4,STORE,Retail Stores,Women,Tops,Original Plan,12965.41,156,83.25,1455.98,116.69,0.5277,6841.89,72495.22,57957.14,0.0,0.0,22.4,0.199
FY2024-01,2024,Feb,1,Q1,4,STORE,Retail Stores,Women,Tops,Current Plan,10829.44,130,83.25,1058.52,97.46,0.5423,5872.32,32271.54,31161.68,10875.57,3915.21,11.9,0.341
FY2024-02,2024,Mar,2,Q1,5,STORE,Retail Stores,Women,Tops,Current Plan,16435.68,197,83.25,1763.81,147.92,0.5327,8755.02,31161.68,38107.45,25293.18,9105.55,9.5,0.475
FY2024-03,2024,Apr,3,Q1,4,STORE,Retail Stores,Women,Tops,Current Plan,18223.95,219,83.25,1965.0,164.02,0.5322,9698.33,38107.45,53275.1,35520.62,12787.42,8.4,0.399
FY2024-04,2024,May,4,Q2,4,STORE,Retail Stores,Women,Tops,Current Plan,16915.03,203,83.25,1969.38,152.24,0.5236,8856.24,53275.1,49914.46,15676.01,5643.36,12.6,0.328
FY2024-05,2024,Jun,5,Q2,5,STORE,Retail Stores,Women,Tops,Current Plan,14648.01,176,83.25,1383.06,131.83,0.5456,7991.66,49914.46,34728.77,977.21,351.8,17.0,0.346
FY2024-06,2024,Jul,6,Q2,4,STORE,Retail Stores,Women,Tops,Current Plan,12969.0,156,83.25,1380.67,116.72,0.5335,6919.49,34728.77,36634.5,16372.11,5893.96,10.7,0.363
FY2024-07,2024,Aug,7,Q3,4,STORE,Retail Stores,Women,Tops,Current Plan,14137.32,170,83.25,1302.06,127.24,0.5479,7745.82,36634.5,42154.1,21086.22,7591.04,10.4,0.359
FY2024-08,2024,Sep,8,Q3,5,STORE,Retail Stores,Women,Tops,Current Plan,14329.91,172,83.25,1516.49,128.97,0.5342,7654.66,42154.1,33758.18,7579.44,2728.6,14.7,0.378
FY2024-09,2024,Oct,9,Q3,4,STORE,Retail Stores,Women,Tops,Current Plan,15090.58,181,83.25,1654.89,135.82,0.5303,8003.08,33758.18,43296.79,26419.9,9511.16,8.9,0.392
FY2024-10,2024,Nov,10,Q4,4,STORE,Retail Stores,Women,Tops,Current Plan,22895.27,275,83.25,2177.4,206.06,0.5449,12475.58,43296.79,68106.49,50088.43,18031.83,7.6,0.411
FY2024-11,2024,Dec,11,Q4,5,STORE,Retail Stores,Women,Tops,Current Plan,24385.85,293,83.25,2463.5,219.47,0.539,13143.45,68106.49,57079.07,16041.41,5774.91,14.0,0.39
FY2024-12,2024,Jan,12,Q4,4,STORE,Retail Stores,Women,Tops,Current Plan,9590.11,115,83.25,869.14,86.31,0.5494,5268.54,57079.07,46533.52,0.0,0.0,23.8,0.185
FY2025-01,2025,Feb,1,Q1,4,STORE,Retail Stores,Women,Tops,Current Plan,12725.38,153,83.25,1233.53,114.53,0.5431,6910.71,46533.52,36530.01,4069.93,1465.18,14.6,0.306
FY2025-02,2025,Mar,2,Q1,5,STORE,Retail Stores,Women,Tops,Current Plan,18590.58,223,83.25,1687.86,167.32,0.5492,10210.11,36530.01,41598.81,25514.55,9185.24,9.8,0.476
FY2025-03,2025,Apr,3,Q1,4,STORE,Retail Stores,Women,Tops,Current Plan,20819.48,250,83.25,2352.93,187.38,0.527,10971.54,41598.81,57736.49,39497.47,14219.09,8.0,0.419
FY2025-04,2025,May,4,Q2,4,STORE,Retail Stores,Women,Tops,Current Plan,19568.01,235,83.25,1984.42,176.11,0.5386,10539.1,57736.49,54475.35,18467.41,6648.27,11.8,0.349
FY2025-05,2025,Jun,5,Q2,5,STORE,Retail Stores,Women,Tops,Current Plan,17669.25,212,83.25,1767.07,159.02,0.54,9541.25,54475.35,38972.45,4092.45,1473.28,15.4,0.378
FY2025-06,2025,Jul,6,Q2,4,STORE,Retail Stores,Women,Tops,Current Plan,15031.56,181,83.25,1451.99,135.28,0.5434,8168.21,38972.45,44222.14,21868.52,7872.67,10.4,0.361
FY2025-07,2025,Aug,7,Q3,4,STORE,Retail Stores,Women,Tops,Current Plan,14948.45,180,83.25,1719.27,134.54,0.525,7847.74,44222.14,41996.53,14576.65,5247.59,11.8,0.347
FY2025-08,2025,Sep,8,Q3,5,STORE,Retail Stores,Women,Tops,Current Plan,17061.23,205,83.25,1975.69,153.55,0.5242,8943.5,41996.53,37167.4,14361.34,5170.08,12.3,0.431
FY2025-09,2025,Oct,9,Q3,4,STORE,Retail Stores,Women,Tops,Current Plan,17979.1,216,83.25,1902.03,161.81,0.5342,9604.6,37167.4,49087.31,31962.84,11506.62,8.3,0.417
FY2025-10,2025,Nov,10,Q4,4,STORE,Retail Stores,Women,Tops,Current Plan,25472.29,306,83.25,2309.32,229.25,0.5493,13992.95,49087.31,72305.99,51229.54,18442.63,7.7,0.42
FY2025-11,2025,Dec,11,Q4,5,STORE,Retail Stores,Women,Tops,Current Plan,26867.52,323,83.25,2579.71,241.81,0.544,14615.5,72305.99,64067.04,21450.09,7722.03,13.5,0.394
FY2025-12,2025,Jan,12,Q4,4,STORE,Retail Stores,Women,Tops,Current Plan,10616.82,128,83.25,1124.45,95.55,0.5341,5670.31,64067.04,52230.23,0.0,0.0,24.1,0.183
FY2026-01,2026,Feb,1,Q1,4,STORE,Retail Stores,Women,Tops,Current Plan,16093.18,193,83.25,1523.91,144.84,0.5453,8775.73,52230.23,47271.03,12802.73,4608.98,13.0,0.323
FY2026-02,2026,Mar,2,Q1,5,STORE,Retail Stores,Women,Tops,Current Plan,22790.39,274,83.25,2304.83,205.11,0.5389,12281.02,47271.03,55538.9,33568.21,12084.56,10.4,0.443
FY2026-03,2026,Apr,3,Q1,4,STORE,Retail Stores,Women,Tops,Current Plan,25819.97,310,83.25,2548.21,232.38,0.5413,13976.57,55538.9,72263.32,45324.97,16316.99,8.6,0.404
FY2026-04,2026,May,4,Q2,4,STORE,Retail Stores,Women,Tops,Current Plan,23990.6,288,83.25,2865.12,215.92,0.5206,12488.86,72263.32,67764.05,22572.37,8126.05,12.0,0.343
FY2026-05,2026,Jun,5,Q2,5,STORE,Retail Stores,Women,Tops,Current Plan,22144.0,266,83.25,2303.64,199.3,0.536,11868.52,67764.05,48349.39,5232.27,1883.62,15.3,0.381
FY2026-06,2026,Jul,6,Q2,4,STORE,Retail Stores,Women,Tops,Current Plan,18201.55,219,83.25,1810.69,163.81,0.5405,9838.3,48349.39,52904.29,24730.95,8903.14,10.6,0.36
FY2026-07,2026,Aug,7,Q3,4,STORE,Retail Stores,Women,Tops,Current Plan,19220.23,231,83.25,2188.62,172.98,0.5261,10112.33,52904.29,57717.1,26394.65,9502.07,11.0,0.347
FY2026-08,2026,Sep,8,Q3,5,STORE,Retail Stores,Women,Tops,Current Plan,21005.42,252,83.25,2036.96,189.05,0.543,11406.51,57717.1,50255.7,15770.03,5677.21,13.7,0.389
FY2026-09,2026,Oct,9,Q3,4,STORE,Retail Stores,Women,Tops,Current Plan,21671.85,260,83.25,2041.13,195.05,0.5458,11828.86,50255.7,65792.21,39444.54,14200.03,9.3,0.373
FY2026-10,2026,Nov,10,Q4,4,STORE,Retail Stores,Women,Tops,Current Plan,31789.02,382,83.25,3702.98,286.1,0.5235,16642.0,65792.21,86658.45,56644.34,20391.96,8.3,0.417
FY2026-11,2026,Dec,11,Q4,5,STORE,Retail Stores,Women,Tops,Current Plan,34556.43,415,83.25,4055.59,311.01,0.5226,18060.52,86658.45,80449.01,32713.59,11776.89,12.5,0.414
FY2026-12,2026,Jan,12,Q4,4,STORE,Retail Stores,Women,Tops,Current Plan,13612.06,164,83.25,1217.94,122.51,0.5505,7493.78,80449.01,65496.5,0.0,0.0,23.6,0.187
FY2024-01,2024,Feb,1,Q1,4,WHSL,Wholesale,Women,Tops,Original Plan,19539.7,306,63.76,340.21,19.54,0.4626,9038.84,17934.22,18550.46,20515.69,10668.16,3.7,1.071
FY2024-02,2024,Mar,2,Q1,5,WHSL,Wholesale,Women,Tops,Original Plan,16388.13,257,63.76,336.76,16.39,0.4595,7529.54,18550.46,12457.75,10648.57,5537.25,5.7,1.057
FY2024-03,2024,Apr,3,Q1,4,WHSL,Wholesale,Women,Tops,Original Plan,7815.88,123,63.76,140.19,7.82,0.4621,3611.44,12457.75,8241.78,3747.92,1948.92,6.4,0.755
FY2024-04,2024,May,4,Q2,4,WHSL,Wholesale,Women,Tops,Original Plan,6933.44,109,63.76,143.48,6.93,0.4593,3184.57,8241.78,6575.96,5418.03,2817.38,4.8,0.936
FY2024-05,2024,Jun,5,Q2,5,WHSL,Wholesale,Women,Tops,Original Plan,17018.45,267,63.76,360.39,17.02,0.4588,7808.47,6575.96,13350.03,24169.92,12568.36,1.9,1.708
FY2024-06,2024,Jul,6,Q2,4,WHSL,Wholesale,Women,Tops,Original Plan,17900.88,281,63.76,399.06,17.9,0.4577,8193.36,13350.03,18479.46,23447.28,12192.59,3.0,1.125
FY2024-07,2024,Aug,7,Q3,4,WHSL,Wholesale,Women,Tops,Original Plan,8824.38,138,63.76,202.67,8.82,0.457,4033.03,18479.46,9443.59,0.0,0.0,8.4,0.632
FY2024-08,2024,Sep,8,Q3,5,WHSL,Wholesale,Women,Tops,Original Plan,13236.57,208,63.76,284.99,13.24,0.4585,6068.57,9443.59,10778.07,14869.28,7732.02,3.6,1.309
FY2024-09,2024,Oct,9,Q3,4,WHSL,Wholesale,Women,Tops,Original Plan,17396.63,273,63.76,369.69,17.4,0.4587,7980.7,10778.07,16575.02,23580.67,12261.95,2.5,1.272
FY2024-10,2024,Nov,10,Q4,4,WHSL,Wholesale,Women,Tops,Original Plan,10715.32,168,63.76,229.91,10.72,0.4585,4913.45,16575.02,10266.95,4647.86,2416.89,6.2,0.798
FY2024-11,2024,Dec,11,Q4,5,WHSL,Wholesale,Women,Tops,Original Plan,7563.75,119,63.76,154.26,7.56,0.4596,3476.34,10266.95,5877.82,3336.45,1734.95,6.8,0.937
FY2024-12,2024,Jan,12,Q4,4,WHSL,Wholesale,Women,Tops,Original Plan,7941.94,125,63.76,182.49,7.94,0.457,3629.64,5877.82,8053.71,10308.26,5360.29,3.0,1.14
FY2025-01,2025,Feb,1,Q1,4,WHSL,Wholesale,Women,Tops,Original Plan,22275.25,349,63.76,418.05,22.28,0.4612,10274.07,8053.71,22159.17,36821.04,19146.94,1.4,1.475
FY2025-02,2025,Mar,2,Q1,5,WHSL,Wholesale,Women,Tops,Original Plan,18682.47,293,63.76,326.3,18.68,0.4625,8641.29,22159.17,14844.57,11712.85,6090.68,5.9,1.01
FY2025-03,2025,Apr,3,Q1,4,WHSL,Wholesale,Women,Tops,Original Plan,8910.1,140,63.76,183.49,8.91,0.4594,4093.36,14844.57,8550.54,2808.49,1460.41,6.7,0.762
FY2025-04,2025,May,4,Q2,4,WHSL,Wholesale,Women,Tops,Original Plan,7904.12,124,63.76,142.33,7.9,0.462,3651.65,8550.54,8037.07,7540.89,3921.26,4.3,0.953
FY2025-05,2025,Jun,5,Q2,5,WHSL,Wholesale,Women,Tops,Original Plan,19401.03,304,63.76,438.18,19.4,0.4574,8874.31,8037.07,14762.12,26583.66,13823.5,2.1,1.702
FY2025-06,2025,Jul,6,Q2,4,WHSL,Wholesale,Women,Tops,Original Plan,20407.01,320,63.76,421.94,20.41,0.4593,9373.43,14762.12,20934.28,27021.51,14051.18,2.9,1.143
FY2025-07,2025,Aug,7,Q3,4,WHSL,Wholesale,Women,Tops,Original Plan,10059.79,158,63.76,221.55,10.06,0.458,4607.15,20934.28,10642.87,0.0,0.0,8.3,0.637
FY2025-08,2025,Sep,8,Q3,5,WHSL,Wholesale,Women,Tops,Original Plan,15089.69,237,63.76,335.17,15.09,0.4578,6907.89,10642.87,12394.17,17191.24,8939.44,3.5,1.31
FY2025-09,2025,Oct,9,Q3,4,WHSL,Wholesale,Women,Tops,Original Plan,19832.16,311,63.76,452.44,19.83,0.4572,9067.0,12394.17,18940.52,26850.79,13962.41,2.5,1.266
FY2025-10,2025,Nov,10,Q4,4,WHSL,Wholesale,Women,Tops,Original Plan,12215.46,192,63.76,241.7,12.22,0.4602,5621.73,18940.52,11786.21,5315.07,2763.83,6.2,0.795
FY2025-11,2025,Dec,11,Q4,5,WHSL,Wholesale,Women,Tops,Original Plan,8622.68,135,63.76,192.31,8.62,0.4577,3946.57,11786.21,7276.46,4313.86,2243.21,6.8,0.905
FY2025-12,2025,Jan,12,Q4,4,WHSL,Wholesale,Women,Tops,Original Plan,9053.81,142,63.76,195.83,9.05,0.4584,4150.0,7276.46,9117.22,11099.46,5771.72,3.2,1.105
FY2026-01,2026,Feb,1,Q1,4,WHSL,Wholesale,Women,Tops,Original Plan,26284.8,412,63.76,579.6,26.28,0.4579,12037.11,9117.22,26873.25,44646.72,23216.29,1.4,1.461
FY2026-02,2026,Mar,2,Q1,5,WHSL,Wholesale,Women,Tops,Original Plan,22045.32,346,63.76,503.63,22.05,0.4572,10078.12,26873.25,17251.68,12949.42,6733.7,6.1,0.999
FY2026-03,2026,Apr,3,Q1,4,WHSL,Wholesale,Women,Tops,Original Plan,10513.92,165,63.76,200.08,10.51,0.461,4846.6,17251.68,10743.03,4215.86,2192.25,6.6,0.751
FY2026-04,2026,May,4,Q2,4,WHSL,Wholesale,Women,Tops,Original Plan,9326.86,146,63.76,200.99,9.33,0.4585,4275.9,10743.03,8841.01,7635.16,3970.28,4.6,0.952
FY2026-05,2026,Jun,5,Q2,5,WHSL,Wholesale,Women,Tops,Original Plan,22893.21,359,63.76,516.51,22.89,0.4574,10472.24,8841.01,17304.76,31896.36,16586.11,1.9,1.751
FY2026-06,2026,Jul,6,Q2,4,WHSL,Wholesale,Women,Tops,Original Plan,24080.27,378,63.76,515.24,24.08,0.4586,11043.29,17304.76,23910.94,31225.77,16237.4,2.9,1.168
FY2026-07,2026,Aug,7,Q3,4,WHSL,Wholesale,Women,Tops,Original Plan,11870.55,186,63.76,268.37,11.87,0.4574,5429.49,23910.94,11760.14,0.0,0.0,8.1,0.666
FY2026-08,2026,Sep,8,Q3,5,WHSL,Wholesale,Women,Tops,Original Plan,17805.83,279,63.76,330.39,17.81,0.4614,8216.41,11760.14,13613.56,20007.45,10403.87,3.3,1.403
FY2026-09,2026,Oct,9,Q3,4,WHSL,Wholesale,Women,Tops,Original Plan,23401.95,367,63.76,522.62,23.4,0.4577,10710.31,13613.56,22016.9,32351.31,16822.68,2.3,1.314
FY2026-10,2026,Nov,10,Q4,4,WHSL,Wholesale,Women,Tops,Original Plan,14414.25,226,63.76,287.45,14.41,0.4601,6631.38,22016.9,14458.51,7157.72,3722.02,6.1,0.79
FY2026-11,2026,Dec,11,Q4,5,WHSL,Wholesale,Women,Tops,Original Plan,10174.76,160,63.76,206.44,10.17,0.4597,4677.44,14458.51,8430.49,4363.37,2268.95,7.1,0.889
FY2026-12,2026,Jan,12,Q4,4,WHSL,Wholesale,Women,Tops,Original Plan,10683.5,168,63.76,195.7,10.68,0.4617,4932.38,8430.49,10498.73,12958.11,6738.22,3.2,1.129
FY2024-01,2024,Feb,1,Q1,4,WHSL,Wholesale,Women,Tops,Current Plan,19699.81,309,63.76,344.3,19.7,0.4625,9111.62,19205.29,19068.91,19927.43,10362.26,3.9,1.029
FY2024-02,2024,Mar,2,Q1,5,WHSL,Wholesale,Women,Tops,Current Plan,17011.86,267,63.76,334.66,17.01,0.4603,7831.03,19068.91,14057.96,12352.58,6423.34,5.6,1.027
FY2024-03,2024,Apr,3,Q1,4,WHSL,Wholesale,Women,Tops,Current Plan,7657.26,120,63.76,167.73,7.66,0.4581,3507.76,14057.96,7995.77,1770.45,920.63,7.3,0.694
FY2024-04,2024,May,4,Q2,4,WHSL,Wholesale,Women,Tops,Current Plan,6968.08,109,63.76,146.41,6.97,0.459,3198.27,7995.77,7216.73,6342.42,3298.06,4.6,0.916
FY2024-05,2024,Jun,5,Q2,5,WHSL,Wholesale,Women,Tops,Current Plan,16658.6,261,63.76,295.8,16.66,0.4622,7700.33,7216.73,13148.62,22902.95,11909.53,2.2,1.636
FY2024-06,2024,Jul,6,Q2,4,WHSL,Wholesale,Women,Tops,Current Plan,18064.31,283,63.76,362.11,18.06,0.46,8308.76,13148.62,18033.4,23329.26,12131.22,2.9,1.159
FY2024-07,2024,Aug,7,Q3,4,WHSL,Wholesale,Women,Tops,Current Plan,8993.01,141,63.76,174.03,8.99,0.4606,4142.61,18033.4,9233.15,375.78,195.41,8.0,0.66
FY2024-08,2024,Sep,8,Q3,5,WHSL,Wholesale,Women,Tops,Current Plan,13769.73,216,63.76,281.26,13.77,0.4596,6328.21,9233.15,10747.92,15579.53,8101.36,3.4,1.378
FY2024-09,2024,Oct,9,Q3,4,WHSL,Wholesale,Women,Tops,Current Plan,17367.89,272,63.76,338.3,17.37,0.4605,7998.29,10747.92,18172.57,25148.21,13077.07,2.5,1.201
FY2024-10,2024,Nov,10,Q4,4,WHSL,Wholesale,Women,Tops,Current Plan,11030.94,173,63.76,209.69,11.03,0.461,5085.16,18172.57,10879.55,3958.64,2058.5,6.6,0.759
FY2024-11,2024,Dec,11,Q4,5,WHSL,Wholesale,Women,Tops,Current Plan,7785.21,122,63.76,148.5,7.79,0.4609,3588.4,10879.55,6177.79,3239.74,1684.67,7.0,0.913
FY2024-12,2024,Jan,12,Q4,4,WHSL,Wholesale,Women,Tops,Current Plan,7945.55,125,63.76,178.3,7.95,0.4576,3635.57,6177.79,8379.36,10333.37,5373.35,3.1,1.092
FY2025-01,2025,Feb,1,Q1,4,WHSL,Wholesale,Women,Tops,Current Plan,22433.85,352,63.76,438.01,22.43,0.4605,10330.24,8379.36,22931.55,37446.48,19472.17,1.5,1.433
FY2025-02,2025,Mar,2,Q1,5,WHSL,Wholesale,Women,Tops,Current Plan,19198.06,301,63.76,331.77,19.2,0.4627,8883.3,22931.55,15142.5,11759.98,6115.19,6.0,1.008
FY2025-03,2025,Apr,3,Q1,4,WHSL,Wholesale,Women,Tops,Current Plan,8806.99,138,63.76,194.78,8.81,0.4579,4032.58,15142.5,8869.28,2737.36,1423.43,6.9,0.734
FY2025-04,2025,May,4,Q2,4,WHSL,Wholesale,Women,Tops,Current Plan,8018.49,126,63.76,174.75,8.02,0.4582,3674.13,8869.28,8391.22,7723.2,4016.06,4.4,0.929
FY2025-05,2025,Jun,5,Q2,5,WHSL,Wholesale,Women,Tops,Current Plan,19621.56,308,63.76,409.96,19.62,0.4591,9008.39,8391.22,14853.14,26513.06,13786.79,2.1,1.688
FY2025-06,2025,Jul,6,Q2,4,WHSL,Wholesale,Women,Tops,Current Plan,20698.57,325,63.76,469.29,20.7,0.4573,9466.02,14853.14,20282.06,26617.49,13841.09,2.9,1.178
FY2025-07,2025,Aug,7,Q3,4,WHSL,Wholesale,Women,Tops,Current Plan,10076.39,158,63.76,204.01,10.08,0.4598,4632.66,20282.06,9991.59,0.0,0.0,8.1,0.666
FY2025-08,2025,Sep,8,Q3,5,WHSL,Wholesale,Women,Tops,Current Plan,15161.06,238,63.76,343.36,15.16,0.4574,6933.95,9991.59,12682.56,18210.56,9469.49,3.3,1.337
FY2025-09,2025,Oct,9,Q3,4,WHSL,Wholesale,Women,Tops,Current Plan,19698.48,309,63.76,372.52,19.7,0.4611,9082.75,12682.56,20435.48,27843.62,14478.68,2.6,1.19
FY2025-10,2025,Nov,10,Q4,4,WHSL,Wholesale,Women,Tops,Current Plan,12518.9,196,63.76,220.99,12.52,0.4623,5788.08,20435.48,13145.45,5462.38,2840.44,6.5,0.746
FY2025-11,2025,Dec,11,Q4,5,WHSL,Wholesale,Women,Tops,Current Plan,8618.52,135,63.76,191.43,8.62,0.4578,3945.46,13145.45,7012.95,2686.07,1396.76,7.6,0.855
FY2025-12,2025,Jan,12,Q4,4,WHSL,Wholesale,Women,Tops,Current Plan,9424.41,148,63.76,191.98,9.42,0.4596,4331.74,7012.95,9435.42,12048.29,6265.11,3.0,1.146
FY2026-01,2026,Feb,1,Q1,4,WHSL,Wholesale,Women,Tops,Current Plan,28168.65,442,63.76,517.46,28.17,0.4616,13003.49,9435.42,27928.64,47207.49,24547.9,1.3,1.508
FY2026-02,2026,Mar,2,Q1,5,WHSL,Wholesale,Women,Tops,Current Plan,23811.53,373,63.76,456.87,23.81,0.4608,10972.67,27928.64,18322.52,14686.1,7636.77,5.9,1.03
FY2026-03,2026,Apr,3,Q1,4,WHSL,Wholesale,Women,Tops,Current Plan,11150.0,175,63.76,215.31,11.15,0.4607,5136.69,18322.52,11291.77,4345.7,2259.77,6.6,0.753
FY2026-04,2026,May,4,Q2,4,WHSL,Wholesale,Women,Tops,Current Plan,10000.53,157,63.76,176.02,10.0,0.4624,4624.23,11291.77,9840.86,8735.65,4542.54,4.5,0.946
FY2026-05,2026,Jun,5,Q2,5,WHSL,Wholesale,Women,Tops,Current Plan,24480.38,384,63.76,484.88,24.48,0.4602,11265.7,9840.86,19939.61,35088.49,18246.02,2.0,1.644
FY2026-06,2026,Jul,6,Q2,4,WHSL,Wholesale,Women,Tops,Current Plan,25561.58,401,63.76,576.83,25.56,0.4574,11692.73,19939.61,25395.47,31619.82,16442.31,3.1,1.128
FY2026-07,2026,Aug,7,Q3,4,WHSL,Wholesale,Women,Tops,Current Plan,12659.65,199,63.76,243.79,12.66,0.4607,5832.84,25395.47,12582.1,102.74,53.42,8.0,0.667
FY2026-08,2026,Sep,8,Q3,5,WHSL,Wholesale,Women,Tops,Current Plan,18965.91,297,63.76,345.04,18.97,0.4618,8758.59,12582.1,14773.38,21521.2,11191.02,3.3,1.387
FY2026-09,2026,Oct,9,Q3,4,WHSL,Wholesale,Women,Tops,Current Plan,25059.46,393,63.76,437.26,25.06,0.4626,11591.28,14773.38,24647.49,35395.89,18405.86,2.4,1.271
FY2026-10,2026,Nov,10,Q4,4,WHSL,Wholesale,Women,Tops,Current Plan,14979.66,235,63.76,327.14,14.98,0.4582,6863.1,24647.49,15236.37,5910.65,3073.54,6.6,0.751
FY2026-11,2026,Dec,11,Q4,5,WHSL,Wholesale,Women,Tops,Current Plan,10889.79,171,63.76,204.95,10.89,0.4612,5022.15,15236.37,8574.05,4443.32,2310.53,7.0,0.915
FY2026-12,2026,Jan,12,Q4,4,WHSL,Wholesale,Women,Tops,Current Plan,11486.41,180,63.76,221.02,11.49,0.4608,5292.46,8574.05,12011.84,15156.71,7881.49,3.0,1.116
