month_key,fiscal_year,fiscal_month,channel_key,channel,style_key,style_name,print_name,division,department,class_name,season,lifecycle,units_sold,sales_dollars,aur,on_hand_units,on_order_units,sell_through_pct,weeks_of_supply
FY2025-09,2025,Oct,ECOM,Ecommerce,ST-0001,Snowdrop Party Dress,Snowdrop,Girls,Dresses,Party Dress,Holiday,New,290,24120.93,83.18,535,309,0.3515,7.4
FY2025-09,2025,Oct,STORE,Retail Stores,ST-0001,Snowdrop Party Dress,Snowdrop,Girls,Dresses,Party Dress,Holiday,New,82,7070.04,86.22,75,19,0.5223,3.7
FY2025-09,2025,Oct,WHSL,Wholesale,ST-0001,Snowdrop Party Dress,Snowdrop,Girls,Dresses,Party Dress,Holiday,New,419,28958.26,69.11,737,634,0.3625,7.0
FY2025-10,2025,Nov,ECOM,Ecommerce,ST-0001,Snowdrop Party Dress,Snowdrop,Girls,Dresses,Party Dress,Holiday,New,656,59252.95,90.32,581,113,0.5303,3.5
FY2025-10,2025,Nov,STORE,Retail Stores,ST-0001,Snowdrop Party Dress,Snowdrop,Girls,Dresses,Party Dress,Holiday,New,304,25291.2,83.19,371,227,0.4504,4.9
FY2025-10,2025,Nov,WHSL,Wholesale,ST-0001,Snowdrop Party Dress,Snowdrop,Girls,Dresses,Party Dress,Holiday,New,124,8569.99,69.11,272,215,0.3131,8.8
FY2025-11,2025,Dec,ECOM,Ecommerce,ST-0001,Snowdrop Party Dress,Snowdrop,Girls,Dresses,Party Dress,Holiday,New,468,40003.76,85.48,676,70,0.4091,7.2
FY2025-11,2025,Dec,STORE,Retail Stores,ST-0001,Snowdrop Party Dress,Snowdrop,Girls,Dresses,Party Dress,Holiday,New,274,24430.12,89.16,565,136,0.3266,10.3
FY2025-11,2025,Dec,WHSL,Wholesale,ST-0001,Snowdrop Party Dress,Snowdrop,Girls,Dresses,Party Dress,Holiday,New,304,21010.29,69.11,649,563,0.319,10.7
FY2026-09,2026,Oct,ECOM,Ecommerce,ST-0001,Snowdrop Party Dress,Snowdrop,Girls,Dresses,Party Dress,Holiday,New,649,59963.65,92.39,1093,132,0.3726,6.7
FY2026-09,2026,Oct,STORE,Retail Stores,ST-0001,Snowdrop Party Dress,Snowdrop,Girls,Dresses,Party Dress,Holiday,New,139,11547.94,83.08,231,115,0.3757,6.6
FY2026-09,2026,Oct,WHSL,Wholesale,ST-0001,Snowdrop Party Dress,Snowdrop,Girls,Dresses,Party Dress,Holiday,New,275,19006.02,69.11,305,34,0.4741,4.4
FY2026-10,2026,Nov,ECOM,Ecommerce,ST-0001,Snowdrop Party Dress,Snowdrop,Girls,Dresses,Party Dress,Holiday,New,693,58940.34,85.05,1016,332,0.4055,5.9
FY2026-10,2026,Nov,STORE,Retail Stores,ST-0001,Snowdrop Party Dress,Snowdrop,Girls,Dresses,Party Dress,Holiday,New,118,10606.22,89.88,94,48,0.5566,3.2
FY2026-10,2026,Nov,WHSL,Wholesale,ST-0001,Snowdrop Party Dress,Snowdrop,Girls,Dresses,Party Dress,Holiday,New,71,4907.01,69.11,149,15,0.3227,8.4
FY2026-11,2026,Dec,ECOM,Ecommerce,ST-0001,Snowdrop Party Dress,Snowdrop,Girls,Dresses,Party Dress,Holiday,New,594,51126.64,86.07,1329,1114,0.3089,11.2
FY2026-11,2026,Dec,STORE,Retail Stores,ST-0001,Snowdrop Party Dress,Snowdrop,Girls,Dresses,Party Dress,Holiday,New,251,24022.23,95.71,542,241,0.3165,10.8
FY2026-11,2026,Dec,WHSL,Wholesale,ST-0001,Snowdrop Party Dress,Snowdrop,Girls,Dresses,Party Dress,Holiday,New,605,41813.24,69.11,697,113,0.4647,5.8
FY2025-04,2025,May,ECOM,Ecommerce,ST-0002,Strawberry Fields Day Dress,Strawberry Fields,Girls,Dresses,Day Dress,Summer,New,447,39364.69,88.06,645,364,0.4093,5.8
FY2025-04,2025,May,STORE,Retail Stores,ST-0002,Strawberry Fields Day Dress,Strawberry Fields,Girls,Dresses,Day Dress,Summer,New,235,19117.45,81.35,533,358,0.306,9.1
FY2025-04,2025,May,WHSL,Wholesale,ST-0002,Strawberry Fields Day Dress,Strawberry Fields,Girls,Dresses,Day Dress,Summer,New,417,28219.56,67.67,965,187,0.3017,9.3
FY2025-05,2025,Jun,ECOM,Ecommerce,ST-0002,Strawberry Fields Day Dress,Strawberry Fields,Girls,Dresses,Day Dress,Summer,New,341,29091.53,85.31,482,286,0.4143,7.1
FY2025-05,2025,Jun,STORE,Retail Stores,ST-0002,Strawberry Fields Day Dress,Strawberry Fields,Girls,Dresses,Day Dress,Summer,New,265,24013.34,90.62,595,516,0.3081,11.2
FY2025-05,2025,Jun,WHSL,Wholesale,ST-0002,Strawberry Fields Day Dress,Strawberry Fields,Girls,Dresses,Day Dress,Summer,New,155,10489.28,67.67,353,141,0.3051,11.4
FY2025-06,2025,Jul,ECOM,Ecommerce,ST-0002,Strawberry Fields Day Dress,Strawberry Fields,Girls,Dresses,Day Dress,Summer,New,449,39173.69,87.25,817,199,0.3547,7.3
FY2025-06,2025,Jul,STORE,Retail Stores,ST-0002,Strawberry Fields Day Dress,Strawberry Fields,Girls,Dresses,Day Dress,Summer,New,170,15233.77,89.61,205,37,0.4533,4.8
FY2025-06,2025,Jul,WHSL,Wholesale,ST-0002,Strawberry Fields Day Dress,Strawberry Fields,Girls,Dresses,Day Dress,Summer,New,220,14888.02,67.67,433,309,0.3369,7.9
FY2026-04,2026,May,ECOM,Ecommerce,ST-0002,Strawberry Fields Day Dress,Strawberry Fields,Girls,Dresses,Day Dress,Summer,New,534,46942.96,87.91,856,445,0.3842,6.4
FY2026-04,2026,May,STORE,Retail Stores,ST-0002,Strawberry Fields Day Dress,Strawberry Fields,Girls,Dresses,Day Dress,Summer,New,347,29925.45,86.24,785,401,0.3065,9.0
FY2026-04,2026,May,WHSL,Wholesale,ST-0002,Strawberry Fields Day Dress,Strawberry Fields,Girls,Dresses,Day Dress,Summer,New,302,20437.19,67.67,447,328,0.4032,5.9
FY2026-05,2026,Jun,ECOM,Ecommerce,ST-0002,Strawberry Fields Day Dress,Strawberry Fields,Girls,Dresses,Day Dress,Summer,New,278,24289.21,87.37,486,389,0.3639,8.7
FY2026-05,2026,Jun,STORE,Retail Stores,ST-0002,Strawberry Fields Day Dress,Strawberry Fields,Girls,Dresses,Day Dress,Summer,New,391,34079.51,87.16,727,461,0.3497,9.3
FY2026-05,2026,Jun,WHSL,Wholesale,ST-0002,Strawberry Fields Day Dress,Strawberry Fields,Girls,Dresses,Day Dress,Summer,New,417,28219.56,67.67,496,5,0.4567,5.9
FY2026-06,2026,Jul,ECOM,Ecommerce,ST-0002,Strawberry Fields Day Dress,Strawberry Fields,Girls,Dresses,Day Dress,Summer,New,399,35659.26,89.37,905,561,0.306,9.1
FY2026-06,2026,Jul,STORE,Retail Stores,ST-0002,Strawberry Fields Day Dress,Strawberry Fields,Girls,Dresses,Day Dress,Summer,New,141,11681.82,82.85,195,71,0.4196,5.5
FY2026-06,2026,Jul,WHSL,Wholesale,ST-0002,Strawberry Fields Day Dress,Strawberry Fields,Girls,Dresses,Day Dress,Summer,New,224,15158.71,67.67,312,53,0.4179,5.6
FY2025-07,2025,Aug,ECOM,Ecommerce,ST-0003,Autumn Gingham Day Dress,Autumn Gingham,Girls,Dresses,Day Dress,Fall,New,77,6207.52,80.62,56,38,0.5789,2.9
FY2025-07,2025,Aug,STORE,Retail Stores,ST-0003,Autumn Gingham Day Dress,Autumn Gingham,Girls,Dresses,Day Dress,Fall,New,154,13126.84,85.24,132,110,0.5385,3.4
FY2025-07,2025,Aug,WHSL,Wholesale,ST-0003,Autumn Gingham Day Dress,Autumn Gingham,Girls,Dresses,Day Dress,Fall,New,104,6888.21,66.23,77,66,0.5746,3.0
FY2025-08,2025,Sep,ECOM,Ecommerce,ST-0003,Autumn Gingham Day Dress,Autumn Gingham,Girls,Dresses,Day Dress,Fall,New,133,11148.56,83.82,182,66,0.4222,6.8
FY2025-08,2025,Sep,STORE,Retail Stores,ST-0003,Autumn Gingham Day Dress,Autumn Gingham,Girls,Dresses,Day Dress,Fall,New,373,31702.22,84.99,665,449,0.3593,8.9
FY2025-08,2025,Sep,WHSL,Wholesale,ST-0003,Autumn Gingham Day Dress,Autumn Gingham,Girls,Dresses,Day Dress,Fall,New,88,5828.49,66.23,129,17,0.4055,7.3
FY2025-09,2025,Oct,ECOM,Ecommerce,ST-0003,Autumn Gingham Day Dress,Autumn Gingham,Girls,Dresses,Day Dress,Fall,New,766,63253.28,82.58,1804,417,0.2981,9.4
FY2025-09,2025,Oct,STORE,Retail Stores,ST-0003,Autumn Gingham Day Dress,Autumn Gingham,Girls,Dresses,Day Dress,Fall,New,286,25731.91,89.97,333,221,0.462,4.7
FY2025-09,2025,Oct,WHSL,Wholesale,ST-0003,Autumn Gingham Day Dress,Autumn Gingham,Girls,Dresses,Day Dress,Fall,New,339,22452.92,66.23,699,551,0.3266,8.2
FY2026-07,2026,Aug,ECOM,Ecommerce,ST-0003,Autumn Gingham Day Dress,Autumn Gingham,Girls,Dresses,Day Dress,Fall,New,309,27864.23,90.18,483,63,0.3902,6.3
FY2026-07,2026,Aug,STORE,Retail Stores,ST-0003,Autumn Gingham Day Dress,Autumn Gingham,Girls,Dresses,Day Dress,Fall,New,205,18387.37,89.69,169,68,0.5481,3.3
FY2026-07,2026,Aug,WHSL,Wholesale,ST-0003,Autumn Gingham Day Dress,Autumn Gingham,Girls,Dresses,Day Dress,Fall,New,614,40666.94,66.23,515,131,0.5438,3.4
FY2026-08,2026,Sep,ECOM,Ecommerce,ST-0003,Autumn Gingham Day Dress,Autumn Gingham,Girls,Dresses,Day Dress,Fall,New,383,31059.34,81.09,877,451,0.304,11.4
FY2026-08,2026,Sep,STORE,Retail Stores,ST-0003,Autumn Gingham Day Dress,Autumn Gingham,Girls,Dresses,Day Dress,Fall,New,212,19125.96,90.22,182,138,0.5381,4.3
FY2026-08,2026,Sep,WHSL,Wholesale,ST-0003,Autumn Gingham Day Dress,Autumn Gingham,Girls,Dresses,Day Dress,Fall,New,131,8676.5,66.23,107,93,0.5504,4.1
FY2026-09,2026,Oct,ECOM,Ecommerce,ST-0003,Autumn Gingham Day Dress,Autumn Gingham,Girls,Dresses,Day Dress,Fall,New,228,18263.92,80.1,194,169,0.5403,3.4
FY2026-09,2026,Oct,STORE,Retail Stores,ST-0003,Autumn Gingham Day Dress,Autumn Gingham,Girls,Dresses,Day Dress,Fall,New,342,28776.98,84.14,391,200,0.4666,4.6
FY2026-09,2026,Oct,WHSL,Wholesale,ST-0003,Autumn Gingham Day Dress,Autumn Gingham,Girls,Dresses,Day Dress,Fall,New,283,18743.88,66.23,216,32,0.5671,3.1
FY2025-09,2025,Oct,ECOM,Ecommerce,ST-0004,Winter Fair Isle Day Dress,Winter Fair Isle,Girls,Dresses,Day Dress,Holiday,New,804,73965.65,92.0,860,720,0.4832,4.3
FY2025-09,2025,Oct,STORE,Retail Stores,ST-0004,Winter Fair Isle Day Dress,Winter Fair Isle,Girls,Dresses,Day Dress,Holiday,New,55,4971.31,90.39,78,4,0.4135,5.7
FY2025-09,2025,Oct,WHSL,Wholesale,ST-0004,Winter Fair Isle Day Dress,Winter Fair Isle,Girls,Dresses,Day Dress,Holiday,New,268,18908.15,70.55,230,156,0.5382,3.4
FY2025-10,2025,Nov,ECOM,Ecommerce,ST-0004,Winter Fair Isle Day Dress,Winter Fair Isle,Girls,Dresses,Day Dress,Holiday,New,253,24374.72,96.34,586,344,0.3015,9.3
FY2025-10,2025,Nov,STORE,Retail Stores,ST-0004,Winter Fair Isle Day Dress,Winter Fair Isle,Girls,Dresses,Day Dress,Holiday,New,396,34722.67,87.68,634,1,0.3845,6.4
FY2025-10,2025,Nov,WHSL,Wholesale,ST-0004,Winter Fair Isle Day Dress,Winter Fair Isle,Girls,Dresses,Day Dress,Holiday,New,419,29561.62,70.55,811,415,0.3407,7.7
FY2025-11,2025,Dec,ECOM,Ecommerce,ST-0004,Winter Fair Isle Day Dress,Winter Fair Isle,Girls,Dresses,Day Dress,Holiday,New,368,34769.62,94.48,745,202,0.3306,10.1
FY2025-11,2025,Dec,STORE,Retail Stores,ST-0004,Winter Fair Isle Day Dress,Winter Fair Isle,Girls,Dresses,Day Dress,Holiday,New,161,13570.4,84.29,198,60,0.4485,6.1
FY2025-11,2025,Dec,WHSL,Wholesale,ST-0004,Winter Fair Isle Day Dress,Winter Fair Isle,Girls,Dresses,Day Dress,Holiday,New,293,20671.97,70.55,310,15,0.4859,5.3
FY2026-09,2026,Oct,ECOM,Ecommerce,ST-0004,Winter Fair Isle Day Dress,Winter Fair Isle,Girls,Dresses,Day Dress,Holiday,New,496,44858.06,90.44,363,237,0.5774,2.9
FY2026-09,2026,Oct,STORE,Retail Stores,ST-0004,Winter Fair Isle Day Dress,Winter Fair Isle,Girls,Dresses,Day Dress,Holiday,New,302,29206.24,96.71,542,268,0.3578,7.2
FY2026-09,2026,Oct,WHSL,Wholesale,ST-0004,Winter Fair Isle Day Dress,Winter Fair Isle,Girls,Dresses,Day Dress,Holiday,New,521,36758.01,70.55,381,65,0.5776,2.9
FY2026-10,2026,Nov,ECOM,Ecommerce,ST-0004,Winter Fair Isle Day Dress,Winter Fair Isle,Girls,Dresses,Day Dress,Holiday,New,594,57962.26,97.58,418,164,0.587,2.8
FY2026-10,2026,Nov,STORE,Retail Stores,ST-0004,Winter Fair Isle Day Dress,Winter Fair Isle,Girls,Dresses,Day Dress,Holiday,New,260,25143.92,96.71,254,174,0.5058,3.9
FY2026-10,2026,Nov,WHSL,Wholesale,ST-0004,Winter Fair Isle Day Dress,Winter Fair Isle,Girls,Dresses,Day Dress,Holiday,New,191,13475.58,70.55,383,126,0.3328,8.0
FY2026-11,2026,Dec,ECOM,Ecommerce,ST-0004,Winter Fair Isle Day Dress,Winter Fair Isle,Girls,Dresses,Day Dress,Holiday,New,210,20503.35,97.64,491,301,0.2996,11.7
FY2026-11,2026,Dec,STORE,Retail Stores,ST-0004,Winter Fair Isle Day Dress,Winter Fair Isle,Girls,Dresses,Day Dress,Holiday,New,170,16367.0,96.28,166,140,0.506,4.9
FY2026-11,2026,Dec,WHSL,Wholesale,ST-0004,Winter Fair Isle Day Dress,Winter Fair Isle,Girls,Dresses,Day Dress,Holiday,New,192,13546.14,70.55,314,166,0.3794,8.2
FY2025-04,2025,May,ECOM,Ecommerce,ST-0005,Palm Frond Maxi Dress,Palm Frond,Girls,Dresses,Maxi Dress,Summer,New,394,34833.44,88.41,668,546,0.371,6.8
FY2025-04,2025,May,STORE,Retail Stores,ST-0005,Palm Frond Maxi Dress,Palm Frond,Girls,Dresses,Maxi Dress,Summer,New,176,15793.17,89.73,216,29,0.449,4.9
FY2025-04,2025,May,WHSL,Wholesale,ST-0005,Palm Frond Maxi Dress,Palm Frond,Girls,Dresses,Maxi Dress,Summer,New,190,12584.23,66.23,182,87,0.5108,3.8
FY2025-05,2025,Jun,ECOM,Ecommerce,ST-0005,Palm Frond Maxi Dress,Palm Frond,Girls,Dresses,Maxi Dress,Summer,New,777,64129.96,82.54,990,478,0.4397,6.4
FY2025-05,2025,Jun,STORE,Retail Stores,ST-0005,Palm Frond Maxi Dress,Palm Frond,Girls,Dresses,Maxi Dress,Summer,New,299,26957.87,90.16,258,30,0.5368,4.3
FY2025-05,2025,Jun,WHSL,Wholesale,ST-0005,Palm Frond Maxi Dress,Palm Frond,Girls,Dresses,Maxi Dress,Summer,New,232,15366.01,66.23,418,304,0.3569,9.0
FY2025-06,2025,Jul,ECOM,Ecommerce,ST-0005,Palm Frond Maxi Dress,Palm Frond,Girls,Dresses,Maxi Dress,Summer,New,608,52818.08,86.87,1355,933,0.3097,8.9
FY2025-06,2025,Jul,STORE,Retail Stores,ST-0005,Palm Frond Maxi Dress,Palm Frond,Girls,Dresses,Maxi Dress,Summer,New,48,4166.62,86.8,101,38,0.3221,8.4
FY2025-06,2025,Jul,WHSL,Wholesale,ST-0005,Palm Frond Maxi Dress,Palm Frond,Girls,Dresses,Maxi Dress,Summer,New,409,27089.22,66.23,465,104,0.468,4.5
FY2026-04,2026,May,ECOM,Ecommerce,ST-0005,Palm Frond Maxi Dress,Palm Frond,Girls,Dresses,Maxi Dress,Summer,New,427,39085.92,91.54,981,853,0.3033,9.2
FY2026-04,2026,May,STORE,Retail Stores,ST-0005,Palm Frond Maxi Dress,Palm Frond,Girls,Dresses,Maxi Dress,Summer,New,126,10245.9,81.32,197,80,0.3901,6.3
FY2026-04,2026,May,WHSL,Wholesale,ST-0005,Palm Frond Maxi Dress,Palm Frond,Girls,Dresses,Maxi Dress,Summer,New,87,5762.25,66.23,115,96,0.4307,5.3
FY2026-05,2026,Jun,ECOM,Ecommerce,ST-0005,Palm Frond Maxi Dress,Palm Frond,Girls,Dresses,Maxi Dress,Summer,New,382,34050.64,89.14,906,673,0.2966,11.9
FY2026-05,2026,Jun,STORE,Retail Stores,ST-0005,Palm Frond Maxi Dress,Palm Frond,Girls,Dresses,Maxi Dress,Summer,New,203,16304.18,80.32,450,231,0.3109,11.1
FY2026-05,2026,Jun,WHSL,Wholesale,ST-0005,Palm Frond Maxi Dress,Palm Frond,Girls,Dresses,Maxi Dress,Summer,New,58,3841.5,66.23,89,44,0.3946,7.7
FY2026-06,2026,Jul,ECOM,Ecommerce,ST-0005,Palm Frond Maxi Dress,Palm Frond,Girls,Dresses,Maxi Dress,Summer,New,459,36322.8,79.13,473,319,0.4925,4.1
FY2026-06,2026,Jul,STORE,Retail Stores,ST-0005,Palm Frond Maxi Dress,Palm Frond,Girls,Dresses,Maxi Dress,Summer,New,234,21375.41,91.35,445,115,0.3446,7.6
FY2026-06,2026,Jul,WHSL,Wholesale,ST-0005,Palm Frond Maxi Dress,Palm Frond,Girls,Dresses,Maxi Dress,Summer,New,127,8411.57,66.23,219,95,0.3671,6.9
FY2025-09,2025,Oct,ECOM,Ecommerce,ST-0006,Winter Fair Isle Maxi Dress,Winter Fair Isle,Girls,Dresses,Maxi Dress,Holiday,New,301,23465.04,77.96,581,417,0.3413,7.7
FY2025-09,2025,Oct,STORE,Retail Stores,ST-0006,Winter Fair Isle Maxi Dress,Winter Fair Isle,Girls,Dresses,Maxi Dress,Holiday,New,116,8981.48,77.43,89,60,0.5659,3.1
FY2025-09,2025,Oct,WHSL,Wholesale,ST-0006,Winter Fair Isle Maxi Dress,Winter Fair Isle,Girls,Dresses,Maxi Dress,Holiday,New,517,31264.44,60.47,723,79,0.4169,5.6
FY2025-10,2025,Nov,ECOM,Ecommerce,ST-0006,Winter Fair Isle Maxi Dress,Winter Fair Isle,Girls,Dresses,Maxi Dress,Holiday,New,722,53936.61,74.7,1396,204,0.3409,7.7
FY2025-10,2025,Nov,STORE,Retail Stores,ST-0006,Winter Fair Isle Maxi Dress,Winter Fair Isle,Girls,Dresses,Maxi Dress,Holiday,New,378,29584.96,78.27,598,312,0.3873,6.3
FY2025-10,2025,Nov,WHSL,Wholesale,ST-0006,Winter Fair Isle Maxi Dress,Winter Fair Isle,Girls,Dresses,Maxi Dress,Holiday,New,252,15239.15,60.47,586,60,0.3007,9.3
FY2025-11,2025,Dec,ECOM,Ecommerce,ST-0006,Winter Fair Isle Maxi Dress,Winter Fair Isle,Girls,Dresses,Maxi Dress,Holiday,New,444,36333.9,81.83,650,66,0.4059,7.3
FY2025-11,2025,Dec,STORE,Retail Stores,ST-0006,Winter Fair Isle Maxi Dress,Winter Fair Isle,Girls,Dresses,Maxi Dress,Holiday,New,343,26512.36,77.3,393,319,0.466,5.7
FY2025-11,2025,Dec,WHSL,Wholesale,ST-0006,Winter Fair Isle Maxi Dress,Winter Fair Isle,Girls,Dresses,Maxi Dress,Holiday,New,478,28906.0,60.47,714,521,0.401,7.5
FY2026-09,2026,Oct,ECOM,Ecommerce,ST-0006,Winter Fair Isle Maxi Dress,Winter Fair Isle,Girls,Dresses,Maxi Dress,Holiday,New,523,43483.38,83.14,574,19,0.4768,4.4
FY2026-09,2026,Oct,STORE,Retail Stores,ST-0006,Winter Fair Isle Maxi Dress,Winter Fair Isle,Girls,Dresses,Maxi Dress,Holiday,New,383,31839.59,83.13,453,9,0.4581,4.7
FY2026-09,2026,Oct,WHSL,Wholesale,ST-0006,Winter Fair Isle Maxi Dress,Winter Fair Isle,Girls,Dresses,Maxi Dress,Holiday,New,422,25519.52,60.47,322,26,0.5672,3.1
FY2026-10,2026,Nov,ECOM,Ecommerce,ST-0006,Winter Fair Isle Maxi Dress,Winter Fair Isle,Girls,Dresses,Maxi Dress,Holiday,New,481,37724.09,78.43,758,255,0.3882,6.3
FY2026-10,2026,Nov,STORE,Retail Stores,ST-0006,Winter Fair Isle Maxi Dress,Winter Fair Isle,Girls,Dresses,Maxi Dress,Holiday,New,68,5337.83,78.5,118,51,0.3656,6.9
FY2026-10,2026,Nov,WHSL,Wholesale,ST-0006,Winter Fair Isle Maxi Dress,Winter Fair Isle,Girls,Dresses,Maxi Dress,Holiday,New,14,846.62,60.47,33,10,0.2979,9.4
FY2026-11,2026,Dec,ECOM,Ecommerce,ST-0006,Winter Fair Isle Maxi Dress,Winter Fair Isle,Girls,Dresses,Maxi Dress,Holiday,New,720,57255.33,79.52,554,132,0.5651,3.8
FY2026-11,2026,Dec,STORE,Retail Stores,ST-0006,Winter Fair Isle Maxi Dress,Winter Fair Isle,Girls,Dresses,Maxi Dress,Holiday,New,255,21082.28,82.68,511,7,0.3329,10.0
FY2026-11,2026,Dec,WHSL,Wholesale,ST-0006,Winter Fair Isle Maxi Dress,Winter Fair Isle,Girls,Dresses,Maxi Dress,Holiday,New,512,30962.07,60.47,643,425,0.4433,6.3
FY2025-01,2025,Feb,ECOM,Ecommerce,ST-0007,Cherry Blossom Blouse,Cherry Blossom,Girls,Tops,Blouse,Spring,Carryover,347,20569.49,59.28,374,151,0.4813,4.3
FY2025-01,2025,Feb,STORE,Retail Stores,ST-0007,Cherry Blossom Blouse,Cherry Blossom,Girls,Tops,Blouse,Spring,Carryover,62,3532.67,56.98,65,40,0.4882,4.2
FY2025-01,2025,Feb,WHSL,Wholesale,ST-0007,Cherry Blossom Blouse,Cherry Blossom,Girls,Tops,Blouse,Spring,Carryover,439,18961.64,43.19,915,323,0.3242,8.3
FY2025-02,2025,Mar,ECOM,Ecommerce,ST-0007,Cherry Blossom Blouse,Cherry Blossom,Girls,Tops,Blouse,Spring,Carryover,233,13519.67,58.02,321,252,0.4206,6.9
FY2025-02,2025,Mar,STORE,Retail Stores,ST-0007,Cherry Blossom Blouse,Cherry Blossom,Girls,Tops,Blouse,Spring,Carryover,123,7262.33,59.04,166,86,0.4256,6.7
FY2025-02,2025,Mar,WHSL,Wholesale,ST-0007,Cherry Blossom Blouse,Cherry Blossom,Girls,Tops,Blouse,Spring,Carryover,143,6176.57,43.19,137,38,0.5107,4.8
FY2025-03,2025,Apr,ECOM,Ecommerce,ST-0007,Cherry Blossom Blouse,Cherry Blossom,Girls,Tops,Blouse,Spring,Carryover,135,7171.2,53.12,221,75,0.3792,6.5
FY2025-03,2025,Apr,STORE,Retail Stores,ST-0007,Cherry Blossom Blouse,Cherry Blossom,Girls,Tops,Blouse,Spring,Carryover,39,2239.58,57.43,80,23,0.3277,8.2
FY2025-03,2025,Apr,WHSL,Wholesale,ST-0007,Cherry Blossom Blouse,Cherry Blossom,Girls,Tops,Blouse,Spring,Carryover,236,10193.5,43.19,294,56,0.4453,5.0
FY2026-01,2026,Feb,ECOM,Ecommerce,ST-0007,Cherry Blossom Blouse,Cherry Blossom,Girls,Tops,Blouse,Spring,Carryover,272,15714.79,57.77,227,186,0.5451,3.3
FY2026-01,2026,Feb,STORE,Retail Stores,ST-0007,Cherry Blossom Blouse,Cherry Blossom,Girls,Tops,Blouse,Spring,Carryover,121,6658.76,55.03,214,92,0.3612,7.1
FY2026-01,2026,Feb,WHSL,Wholesale,ST-0007,Cherry Blossom Blouse,Cherry Blossom,Girls,Tops,Blouse,Spring,Carryover,245,10582.24,43.19,174,88,0.5847,2.8
FY2026-02,2026,Mar,ECOM,Ecommerce,ST-0007,Cherry Blossom Blouse,Cherry Blossom,Girls,Tops,Blouse,Spring,Carryover,666,35327.2,53.04,1129,205,0.371,8.5
FY2026-02,2026,Mar,STORE,Retail Stores,ST-0007,Cherry Blossom Blouse,Cherry Blossom,Girls,Tops,Blouse,Spring,Carryover,171,9336.08,54.6,228,98,0.4286,6.7
FY2026-02,2026,Mar,WHSL,Wholesale,ST-0007,Cherry Blossom Blouse,Cherry Blossom,Girls,Tops,Blouse,Spring,Carryover,114,4923.98,43.19,214,17,0.3476,9.4
FY2026-03,2026,Apr,ECOM,Ecommerce,ST-0007,Cherry Blossom Blouse,Cherry Blossom,Girls,Tops,Blouse,Spring,Carryover,259,14237.84,54.97,322,158,0.4458,5.0
FY2026-03,2026,Apr,STORE,Retail Stores,ST-0007,Cherry Blossom Blouse,Cherry Blossom,Girls,Tops,Blouse,Spring,Carryover,282,15157.74,53.75,294,16,0.4896,4.2
FY2026-03,2026,Apr,WHSL,Wholesale,ST-0007,Cherry Blossom Blouse,Cherry Blossom,Girls,Tops,Blouse,Spring,Carryover,252,10884.59,43.19,368,147,0.4065,5.8
FY2025-04,2025,May,ECOM,Ecommerce,ST-0008,Seashell Blouse,Seashell,Girls,Tops,Blouse,Summer,New,401,21512.39,53.65,571,30,0.4126,5.7
FY2025-04,2025,May,STORE,Retail Stores,ST-0008,Seashell Blouse,Seashell,Girls,Tops,Blouse,Summer,New,86,5063.44,58.88,174,101,0.3308,8.1
FY2025-04,2025,May,WHSL,Wholesale,ST-0008,Seashell Blouse,Seashell,Girls,Tops,Blouse,Summer,New,194,8379.4,43.19,359,298,0.3508,7.4
FY2025-05,2025,Jun,ECOM,Ecommerce,ST-0008,Seashell Blouse,Seashell,Girls,Tops,Blouse,Summer,New,306,16890.75,55.2,611,322,0.3337,10.0
FY2025-05,2025,Jun,STORE,Retail Stores,ST-0008,Seashell Blouse,Seashell,Girls,Tops,Blouse,Summer,New,82,4858.56,59.25,69,17,0.543,4.2
FY2025-05,2025,Jun,WHSL,Wholesale,ST-0008,Seashell Blouse,Seashell,Girls,Tops,Blouse,Summer,New,248,10711.81,43.19,439,253,0.361,8.9
FY2025-06,2025,Jul,ECOM,Ecommerce,ST-0008,Seashell Blouse,Seashell,Girls,Tops,Blouse,Summer,New,280,15724.08,56.16,285,22,0.4956,4.1
FY2025-06,2025,Jul,STORE,Retail Stores,ST-0008,Seashell Blouse,Seashell,Girls,Tops,Blouse,Summer,New,166,9613.83,57.91,171,30,0.4926,4.1
FY2025-06,2025,Jul,WHSL,Wholesale,ST-0008,Seashell Blouse,Seashell,Girls,Tops,Blouse,Summer,New,422,18227.36,43.19,612,538,0.4081,5.8
FY2026-04,2026,May,ECOM,Ecommerce,ST-0008,Seashell Blouse,Seashell,Girls,Tops,Blouse,Summer,New,430,22338.4,51.95,894,300,0.3248,8.3
FY2026-04,2026,May,STORE,Retail Stores,ST-0008,Seashell Blouse,Seashell,Girls,Tops,Blouse,Summer,New,103,5661.96,54.97,86,55,0.545,3.3
FY2026-04,2026,May,WHSL,Wholesale,ST-0008,Seashell Blouse,Seashell,Girls,Tops,Blouse,Summer,New,192,8293.02,43.19,379,316,0.3363,7.9
FY2026-05,2026,Jun,ECOM,Ecommerce,ST-0008,Seashell Blouse,Seashell,Girls,Tops,Blouse,Summer,New,312,16175.85,51.85,245,110,0.5601,3.9
FY2026-05,2026,Jun,STORE,Retail Stores,ST-0008,Seashell Blouse,Seashell,Girls,Tops,Blouse,Summer,New,80,4252.42,53.16,58,17,0.5797,3.6
FY2026-05,2026,Jun,WHSL,Wholesale,ST-0008,Seashell Blouse,Seashell,Girls,Tops,Blouse,Summer,New,269,11618.86,43.19,449,72,0.3747,8.3
FY2026-06,2026,Jul,ECOM,Ecommerce,ST-0008,Seashell Blouse,Seashell,Girls,Tops,Blouse,Summer,New,251,14738.7,58.72,509,57,0.3303,8.1
FY2026-06,2026,Jul,STORE,Retail Stores,ST-0008,Seashell Blouse,Seashell,Girls,Tops,Blouse,Summer,New,291,17225.29,59.19,642,359,0.3119,8.8
FY2026-06,2026,Jul,WHSL,Wholesale,ST-0008,Seashell Blouse,Seashell,Girls,Tops,Blouse,Summer,New,206,8897.72,43.19,185,38,0.5269,3.6
FY2025-07,2025,Aug,ECOM,Ecommerce,ST-0009,Acorn Toile Blouse,Acorn Toile,Girls,Tops,Blouse,Fall,New,182,8933.01,49.08,294,186,0.3824,6.5
FY2025-07,2025,Aug,STORE,Retail Stores,ST-0009,Acorn Toile Blouse,Acorn Toile,Girls,Tops,Blouse,Fall,New,250,12434.26,49.74,181,159,0.58,2.9
FY2025-07,2025,Aug,WHSL,Wholesale,ST-0009,Acorn Toile Blouse,Acorn Toile,Girls,Tops,Blouse,Fall,New,373,14499.55,38.87,494,41,0.4302,5.3
FY2025-08,2025,Sep,ECOM,Ecommerce,ST-0009,Acorn Toile Blouse,Acorn Toile,Girls,Tops,Blouse,Fall,New,480,23568.78,49.1,1111,625,0.3017,11.6
FY2025-08,2025,Sep,STORE,Retail Stores,ST-0009,Acorn Toile Blouse,Acorn Toile,Girls,Tops,Blouse,Fall,New,229,11964.12,52.25,396,285,0.3664,8.6
FY2025-08,2025,Sep,WHSL,Wholesale,ST-0009,Acorn Toile Blouse,Acorn Toile,Girls,Tops,Blouse,Fall,New,174,6763.87,38.87,350,159,0.3321,10.1
FY2025-09,2025,Oct,ECOM,Ecommerce,ST-0009,Acorn Toile Blouse,Acorn Toile,Girls,Tops,Blouse,Fall,New,5,246.14,49.23,10,5,0.3333,8.0
FY2025-09,2025,Oct,STORE,Retail Stores,ST-0009,Acorn Toile Blouse,Acorn Toile,Girls,Tops,Blouse,Fall,New,292,14260.84,48.84,455,311,0.3909,6.2
FY2025-09,2025,Oct,WHSL,Wholesale,ST-0009,Acorn Toile Blouse,Acorn Toile,Girls,Tops,Blouse,Fall,New,139,5403.32,38.87,219,28,0.3883,6.3
FY2026-07,2026,Aug,ECOM,Ecommerce,ST-0009,Acorn Toile Blouse,Acorn Toile,Girls,Tops,Blouse,Fall,New,476,24489.17,51.45,958,658,0.3319,8.1
FY2026-07,2026,Aug,STORE,Retail Stores,ST-0009,Acorn Toile Blouse,Acorn Toile,Girls,Tops,Blouse,Fall,New,113,6046.61,53.51,183,44,0.3818,6.5
FY2026-07,2026,Aug,WHSL,Wholesale,ST-0009,Acorn Toile Blouse,Acorn Toile,Girls,Tops,Blouse,Fall,New,37,1438.29,38.87,51,23,0.4205,5.5
FY2026-08,2026,Sep,ECOM,Ecommerce,ST-0009,Acorn Toile Blouse,Acorn Toile,Girls,Tops,Blouse,Fall,New,426,19994.53,46.94,673,7,0.3876,7.9
FY2026-08,2026,Sep,STORE,Retail Stores,ST-0009,Acorn Toile Blouse,Acorn Toile,Girls,Tops,Blouse,Fall,New,192,9577.49,49.88,298,181,0.3918,7.8
FY2026-08,2026,Sep,WHSL,Wholesale,ST-0009,Acorn Toile Blouse,Acorn Toile,Girls,Tops,Blouse,Fall,New,71,2759.97,38.87,78,38,0.4765,5.5
FY2026-09,2026,Oct,ECOM,Ecommerce,ST-0009,Acorn Toile Blouse,Acorn Toile,Girls,Tops,Blouse,Fall,New,443,20917.63,47.22,437,161,0.5034,3.9
FY2026-09,2026,Oct,STORE,Retail Stores,ST-0009,Acorn Toile Blouse,Acorn Toile,Girls,Tops,Blouse,Fall,New,220,11656.91,52.99,160,54,0.5789,2.9
FY2026-09,2026,Oct,WHSL,Wholesale,ST-0009,Acorn Toile Blouse,Acorn Toile,Girls,Tops,Blouse,Fall,New,158,6141.9,38.87,266,198,0.3726,6.7
FY2025-09,2025,Oct,ECOM,Ecommerce,ST-0010,Holiday Holly Blouse,Holiday Holly,Girls,Tops,Blouse,Holiday,New,445,22243.43,49.99,992,702,0.3097,8.9
FY2025-09,2025,Oct,STORE,Retail Stores,ST-0010,Holiday Holly Blouse,Holiday Holly,Girls,Tops,Blouse,Holiday,New,243,11855.02,48.79,300,78,0.4475,4.9
FY2025-09,2025,Oct,WHSL,Wholesale,ST-0010,Holiday Holly Blouse,Holiday Holly,Girls,Tops,Blouse,Holiday,New,120,4491.94,37.43,218,6,0.355,7.3
FY2025-10,2025,Nov,ECOM,Ecommerce,ST-0010,Holiday Holly Blouse,Holiday Holly,Girls,Tops,Blouse,Holiday,New,108,4918.83,45.54,243,98,0.3077,9.0
FY2025-10,2025,Nov,STORE,Retail Stores,ST-0010,Holiday Holly Blouse,Holiday Holly,Girls,Tops,Blouse,Holiday,New,277,12836.5,46.34,407,168,0.405,5.9
FY2025-10,2025,Nov,WHSL,Wholesale,ST-0010,Holiday Holly Blouse,Holiday Holly,Girls,Tops,Blouse,Holiday,New,196,7336.83,37.43,235,129,0.4548,4.8
FY2025-11,2025,Dec,ECOM,Ecommerce,ST-0010,Holiday Holly Blouse,Holiday Holly,Girls,Tops,Blouse,Holiday,New,280,12878.6,45.99,668,383,0.2954,11.9
FY2025-11,2025,Dec,STORE,Retail Stores,ST-0010,Holiday Holly Blouse,Holiday Holly,Girls,Tops,Blouse,Holiday,New,237,11863.71,50.06,542,178,0.3042,11.4
FY2025-11,2025,Dec,WHSL,Wholesale,ST-0010,Holiday Holly Blouse,Holiday Holly,Girls,Tops,Blouse,Holiday,New,330,12352.82,37.43,369,144,0.4721,5.6
FY2026-09,2026,Oct,ECOM,Ecommerce,ST-0010,Holiday Holly Blouse,Holiday Holly,Girls,Tops,Blouse,Holiday,New,200,9438.58,47.19,417,373,0.3241,8.3
FY2026-09,2026,Oct,STORE,Retail Stores,ST-0010,Holiday Holly Blouse,Holiday Holly,Girls,Tops,Blouse,Holiday,New,274,12723.13,46.43,543,355,0.3354,7.9
FY2026-09,2026,Oct,WHSL,Wholesale,ST-0010,Holiday Holly Blouse,Holiday Holly,Girls,Tops,Blouse,Holiday,New,272,10181.72,37.43,451,125,0.3762,6.6
FY2026-10,2026,Nov,ECOM,Ecommerce,ST-0010,Holiday Holly Blouse,Holiday Holly,Girls,Tops,Blouse,Holiday,New,39,1992.89,51.1,56,29,0.4105,5.7
FY2026-10,2026,Nov,STORE,Retail Stores,ST-0010,Holiday Holly Blouse,Holiday Holly,Girls,Tops,Blouse,Holiday,New,146,7439.76,50.96,115,53,0.5594,3.2
FY2026-10,2026,Nov,WHSL,Wholesale,ST-0010,Holiday Holly Blouse,Holiday Holly,Girls,Tops,Blouse,Holiday,New,278,10406.32,37.43,628,416,0.3068,9.0
FY2026-11,2026,Dec,ECOM,Ecommerce,ST-0010,Holiday Holly Blouse,Holiday Holly,Girls,Tops,Blouse,Holiday,New,293,14324.29,48.89,448,27,0.3954,7.6
FY2026-11,2026,Dec,STORE,Retail Stores,ST-0010,Holiday Holly Blouse,Holiday Holly,Girls,Tops,Blouse,Holiday,New,152,6832.93,44.95,189,83,0.4457,6.2
FY2026-11,2026,Dec,WHSL,Wholesale,ST-0010,Holiday Holly Blouse,Holiday Holly,Girls,Tops,Blouse,Holiday,New,352,13176.35,37.43,360,5,0.4944,5.1
FY2025-04,2025,May,ECOM,Ecommerce,ST-0011,Lemon Grove Tee,Lemon Grove,Girls,Tops,Tee,Summer,New,297,15131.15,50.95,371,104,0.4446,5.0
FY2025-04,2025,May,STORE,Retail Stores,ST-0011,Lemon Grove Tee,Lemon Grove,Girls,Tops,Tee,Summer,New,188,9199.73,48.93,146,104,0.5629,3.1
FY2025-04,2025,May,WHSL,Wholesale,ST-0011,Lemon Grove Tee,Lemon Grove,Girls,Tops,Tee,Summer,New,192,7187.1,37.43,400,237,0.3243,8.3
FY2025-05,2025,Jun,ECOM,Ecommerce,ST-0011,Lemon Grove Tee,Lemon Grove,Girls,Tops,Tee,Summer,New,280,12528.13,44.74,461,363,0.3779,8.2
FY2025-05,2025,Jun,STORE,Retail Stores,ST-0011,Lemon Grove Tee,Lemon Grove,Girls,Tops,Tee,Summer,New,192,9803.48,51.06,402,207,0.3232,10.5
FY2025-05,2025,Jun,WHSL,Wholesale,ST-0011,Lemon Grove Tee,Lemon Grove,Girls,Tops,Tee,Summer,New,110,4117.61,37.43,104,56,0.514,4.7
FY2025-06,2025,Jul,ECOM,Ecommerce,ST-0011,Lemon Grove Tee,Lemon Grove,Girls,Tops,Tee,Summer,New,321,14678.76,45.73,367,112,0.4666,4.6
FY2025-06,2025,Jul,STORE,Retail Stores,ST-0011,Lemon Grove Tee,Lemon Grove,Girls,Tops,Tee,Summer,New,259,12861.13,49.66,315,20,0.4512,4.9
FY2025-06,2025,Jul,WHSL,Wholesale,ST-0011,Lemon Grove Tee,Lemon Grove,Girls,Tops,Tee,Summer,New,233,8721.84,37.43,223,159,0.511,3.8
FY2026-04,2026,May,ECOM,Ecommerce,ST-0011,Lemon Grove Tee,Lemon Grove,Girls,Tops,Tee,Summer,New,372,18748.52,50.4,318,278,0.5391,3.4
FY2026-04,2026,May,STORE,Retail Stores,ST-0011,Lemon Grove Tee,Lemon Grove,Girls,Tops,Tee,Summer,New,138,7131.86,51.68,209,83,0.3977,6.1
FY2026-04,2026,May,WHSL,Wholesale,ST-0011,Lemon Grove Tee,Lemon Grove,Girls,Tops,Tee,Summer,New,244,9133.6,37.43,246,182,0.498,4.0
FY2026-05,2026,Jun,ECOM,Ecommerce,ST-0011,Lemon Grove Tee,Lemon Grove,Girls,Tops,Tee,Summer,New,321,15063.4,46.93,513,362,0.3849,8.0
FY2026-05,2026,Jun,STORE,Retail Stores,ST-0011,Lemon Grove Tee,Lemon Grove,Girls,Tops,Tee,Summer,New,110,5119.43,46.54,173,10,0.3887,7.9
FY2026-05,2026,Jun,WHSL,Wholesale,ST-0011,Lemon Grove Tee,Lemon Grove,Girls,Tops,Tee,Summer,New,0,0.0,37.43,0,0,0.0,0.0
FY2026-06,2026,Jul,ECOM,Ecommerce,ST-0011,Lemon Grove Tee,Lemon Grove,Girls,Tops,Tee,Summer,New,478,24708.09,51.69,621,84,0.4349,5.2
FY2026-06,2026,Jul,STORE,Retail Stores,ST-0011,Lemon Grove Tee,Lemon Grove,Girls,Tops,Tee,Summer,New,282,14236.51,50.48,426,131,0.3983,6.0
FY2026-06,2026,Jul,WHSL,Wholesale,ST-0011,Lemon Grove Tee,Lemon Grove,Girls,Tops,Tee,Summer,New,403,15085.42,37.43,285,89,0.5858,2.8
FY2025-07,2025,Aug,ECOM,Ecommerce,ST-0012,Wildflower Tee,Wildflower,Girls,Tops,Tee,Fall,New,295,13848.77,46.94,617,498,0.3235,8.4
FY2025-07,2025,Aug,STORE,Retail Stores,ST-0012,Wildflower Tee,Wildflower,Girls,Tops,Tee,Fall,New,246,12598.63,51.21,182,39,0.5748,3.0
FY2025-07,2025,Aug,WHSL,Wholesale,ST-0012,Wildflower Tee,Wildflower,Girls,Tops,Tee,Fall,New,406,15197.72,37.43,453,129,0.4726,4.5
FY2025-08,2025,Sep,ECOM,Ecommerce,ST-0012,Wildflower Tee,Wildflower,Girls,Tops,Tee,Fall,New,436,20131.04,46.17,930,193,0.3192,10.7
FY2025-08,2025,Sep,STORE,Retail Stores,ST-0012,Wildflower Tee,Wildflower,Girls,Tops,Tee,Fall,New,256,13102.07,51.18,410,312,0.3844,8.0
FY2025-08,2025,Sep,WHSL,Wholesale,ST-0012,Wildflower Tee,Wildflower,Girls,Tops,Tee,Fall,New,20,748.66,37.43,29,23,0.4082,7.2
FY2025-09,2025,Oct,ECOM,Ecommerce,ST-0012,Wildflower Tee,Wildflower,Girls,Tops,Tee,Fall,New,272,13864.27,50.97,540,227,0.335,7.9
FY2025-09,2025,Oct,STORE,Retail Stores,ST-0012,Wildflower Tee,Wildflower,Girls,Tops,Tee,Fall,New,178,9209.2,51.74,132,41,0.5742,3.0
FY2025-09,2025,Oct,WHSL,Wholesale,ST-0012,Wildflower Tee,Wildflower,Girls,Tops,Tee,Fall,New,210,7860.89,37.43,445,105,0.3206,8.5
FY2026-07,2026,Aug,ECOM,Ecommerce,ST-0012,Wildflower Tee,Wildflower,Girls,Tops,Tee,Fall,New,366,18262.94,49.9,701,526,0.343,7.7
FY2026-07,2026,Aug,STORE,Retail Stores,ST-0012,Wildflower Tee,Wildflower,Girls,Tops,Tee,Fall,New,128,5871.72,45.87,268,111,0.3232,8.4
FY2026-07,2026,Aug,WHSL,Wholesale,ST-0012,Wildflower Tee,Wildflower,Girls,Tops,Tee,Fall,New,185,6925.07,37.43,372,61,0.3321,8.0
FY2026-08,2026,Sep,ECOM,Ecommerce,ST-0012,Wildflower Tee,Wildflower,Girls,Tops,Tee,Fall,New,209,10472.95,50.11,170,70,0.5515,4.1
FY2026-08,2026,Sep,STORE,Retail Stores,ST-0012,Wildflower Tee,Wildflower,Girls,Tops,Tee,Fall,New,156,7222.29,46.3,328,107,0.3223,10.5
FY2026-08,2026,Sep,WHSL,Wholesale,ST-0012,Wildflower Tee,Wildflower,Girls,Tops,Tee,Fall,New,356,13326.08,37.43,350,62,0.5042,4.9
FY2026-09,2026,Oct,ECOM,Ecommerce,ST-0012,Wildflower Tee,Wildflower,Girls,Tops,Tee,Fall,New,181,9111.36,50.34,326,161,0.357,7.2
FY2026-09,2026,Oct,STORE,Retail Stores,ST-0012,Wildflower Tee,Wildflower,Girls,Tops,Tee,Fall,New,224,11006.77,49.14,369,274,0.3777,6.6
FY2026-09,2026,Oct,WHSL,Wholesale,ST-0012,Wildflower Tee,Wildflower,Girls,Tops,Tee,Fall,New,14,524.06,37.43,32,26,0.3043,9.1
FY2025-01,2025,Feb,ECOM,Ecommerce,ST-0013,Hydrangea Cardigan,Hydrangea,Girls,Tops,Cardigan,Spring,New,458,22773.05,49.72,1000,470,0.3141,8.7
FY2025-01,2025,Feb,STORE,Retail Stores,ST-0013,Hydrangea Cardigan,Hydrangea,Girls,Tops,Cardigan,Spring,New,255,12054.86,47.27,518,446,0.3299,8.1
FY2025-01,2025,Feb,WHSL,Wholesale,ST-0013,Hydrangea Cardigan,Hydrangea,Girls,Tops,Cardigan,Spring,New,263,9466.11,35.99,494,308,0.3474,7.5
FY2025-02,2025,Mar,ECOM,Ecommerce,ST-0013,Hydrangea Cardigan,Hydrangea,Girls,Tops,Cardigan,Spring,New,355,15970.39,44.99,429,317,0.4528,6.0
FY2025-02,2025,Mar,STORE,Retail Stores,ST-0013,Hydrangea Cardigan,Hydrangea,Girls,Tops,Cardigan,Spring,New,137,6790.57,49.57,165,15,0.4536,6.0
FY2025-02,2025,Mar,WHSL,Wholesale,ST-0013,Hydrangea Cardigan,Hydrangea,Girls,Tops,Cardigan,Spring,New,184,6622.68,35.99,320,204,0.3651,8.7
FY2025-03,2025,Apr,ECOM,Ecommerce,ST-0013,Hydrangea Cardigan,Hydrangea,Girls,Tops,Cardigan,Spring,New,342,16024.5,46.86,254,173,0.5738,3.0
FY2025-03,2025,Apr,STORE,Retail Stores,ST-0013,Hydrangea Cardigan,Hydrangea,Girls,Tops,Cardigan,Spring,New,141,6119.41,43.4,158,15,0.4716,4.5
FY2025-03,2025,Apr,WHSL,Wholesale,ST-0013,Hydrangea Cardigan,Hydrangea,Girls,Tops,Cardigan,Spring,New,168,6046.79,35.99,273,170,0.381,6.5
FY2026-01,2026,Feb,ECOM,Ecommerce,ST-0013,Hydrangea Cardigan,Hydrangea,Girls,Tops,Cardigan,Spring,New,125,5424.3,43.39,264,206,0.3213,8.4
FY2026-01,2026,Feb,STORE,Retail Stores,ST-0013,Hydrangea Cardigan,Hydrangea,Girls,Tops,Cardigan,Spring,New,205,9138.64,44.58,378,232,0.3516,7.4
FY2026-01,2026,Feb,WHSL,Wholesale,ST-0013,Hydrangea Cardigan,Hydrangea,Girls,Tops,Cardigan,Spring,New,254,9142.17,35.99,422,6,0.3757,6.6
FY2026-02,2026,Mar,ECOM,Ecommerce,ST-0013,Hydrangea Cardigan,Hydrangea,Girls,Tops,Cardigan,Spring,New,332,15317.77,46.14,726,421,0.3138,10.9
FY2026-02,2026,Mar,STORE,Retail Stores,ST-0013,Hydrangea Cardigan,Hydrangea,Girls,Tops,Cardigan,Spring,New,156,7565.81,48.5,223,57,0.4116,7.1
FY2026-02,2026,Mar,WHSL,Wholesale,ST-0013,Hydrangea Cardigan,Hydrangea,Girls,Tops,Cardigan,Spring,New,121,4355.13,35.99,237,107,0.338,9.8
FY2026-03,2026,Apr,ECOM,Ecommerce,ST-0013,Hydrangea Cardigan,Hydrangea,Girls,Tops,Cardigan,Spring,New,242,10531.42,43.52,446,238,0.3517,7.4
FY2026-03,2026,Apr,STORE,Retail Stores,ST-0013,Hydrangea Cardigan,Hydrangea,Girls,Tops,Cardigan,Spring,New,347,16778.89,48.35,311,167,0.5274,3.6
FY2026-03,2026,Apr,WHSL,Wholesale,ST-0013,Hydrangea Cardigan,Hydrangea,Girls,Tops,Cardigan,Spring,New,178,6406.72,35.99,166,13,0.5174,3.7
FY2025-07,2025,Aug,ECOM,Ecommerce,ST-0014,Acorn Toile Cardigan,Acorn Toile,Girls,Tops,Cardigan,Fall,New,310,19068.76,61.51,239,17,0.5647,3.1
FY2025-07,2025,Aug,STORE,Retail Stores,ST-0014,Acorn Toile Cardigan,Acorn Toile,Girls,Tops,Cardigan,Fall,New,95,5106.09,53.75,85,42,0.5278,3.6
FY2025-07,2025,Aug,WHSL,Wholesale,ST-0014,Acorn Toile Cardigan,Acorn Toile,Girls,Tops,Cardigan,Fall,New,260,11604.53,44.63,286,64,0.4762,4.4
FY2025-08,2025,Sep,ECOM,Ecommerce,ST-0014,Acorn Toile Cardigan,Acorn Toile,Girls,Tops,Cardigan,Fall,New,578,31602.75,54.68,983,612,0.3703,8.5
FY2025-08,2025,Sep,STORE,Retail Stores,ST-0014,Acorn Toile Cardigan,Acorn Toile,Girls,Tops,Cardigan,Fall,New,116,6989.58,60.25,134,12,0.464,5.8
FY2025-08,2025,Sep,WHSL,Wholesale,ST-0014,Acorn Toile Cardigan,Acorn Toile,Girls,Tops,Cardigan,Fall,New,421,18790.41,44.63,804,642,0.3437,9.5
FY2025-09,2025,Oct,ECOM,Ecommerce,ST-0014,Acorn Toile Cardigan,Acorn Toile,Girls,Tops,Cardigan,Fall,New,379,20593.23,54.34,269,81,0.5849,2.8
FY2025-09,2025,Oct,STORE,Retail Stores,ST-0014,Acorn Toile Cardigan,Acorn Toile,Girls,Tops,Cardigan,Fall,New,123,7347.25,59.73,200,161,0.3808,6.5
FY2025-09,2025,Oct,WHSL,Wholesale,ST-0014,Acorn Toile Cardigan,Acorn Toile,Girls,Tops,Cardigan,Fall,New,145,6471.76,44.63,228,176,0.3887,6.3
FY2026-07,2026,Aug,ECOM,Ecommerce,ST-0014,Acorn Toile Cardigan,Acorn Toile,Girls,Tops,Cardigan,Fall,New,395,24291.27,61.5,751,531,0.3447,7.6
FY2026-07,2026,Aug,STORE,Retail Stores,ST-0014,Acorn Toile Cardigan,Acorn Toile,Girls,Tops,Cardigan,Fall,New,197,11914.75,60.48,164,145,0.5457,3.3
FY2026-07,2026,Aug,WHSL,Wholesale,ST-0014,Acorn Toile Cardigan,Acorn Toile,Girls,Tops,Cardigan,Fall,New,113,5043.51,44.63,218,137,0.3414,7.7
FY2026-08,2026,Sep,ECOM,Ecommerce,ST-0014,Acorn Toile Cardigan,Acorn Toile,Girls,Tops,Cardigan,Fall,New,135,7410.61,54.89,165,37,0.45,6.1
FY2026-08,2026,Sep,STORE,Retail Stores,ST-0014,Acorn Toile Cardigan,Acorn Toile,Girls,Tops,Cardigan,Fall,New,165,9130.24,55.33,117,17,0.5851,3.5
FY2026-08,2026,Sep,WHSL,Wholesale,ST-0014,Acorn Toile Cardigan,Acorn Toile,Girls,Tops,Cardigan,Fall,New,394,17585.32,44.63,624,50,0.387,7.9
FY2026-09,2026,Oct,ECOM,Ecommerce,ST-0014,Acorn Toile Cardigan,Acorn Toile,Girls,Tops,Cardigan,Fall,New,614,36816.73,59.96,1057,866,0.3674,6.9
FY2026-09,2026,Oct,STORE,Retail Stores,ST-0014,Acorn Toile Cardigan,Acorn Toile,Girls,Tops,Cardigan,Fall,New,297,16794.55,56.55,626,456,0.3218,8.4
FY2026-09,2026,Oct,WHSL,Wholesale,ST-0014,Acorn Toile Cardigan,Acorn Toile,Girls,Tops,Cardigan,Fall,New,122,5445.2,44.63,181,7,0.4026,5.9
FY2025-09,2025,Oct,ECOM,Ecommerce,ST-0015,Winter Fair Isle Cardigan,Winter Fair Isle,Girls,Tops,Cardigan,Holiday,Carryover,89,4480.32,50.34,145,42,0.3803,6.5
FY2025-09,2025,Oct,STORE,Retail Stores,ST-0015,Winter Fair Isle Cardigan,Winter Fair Isle,Girls,Tops,Cardigan,Holiday,Carryover,154,7776.27,50.5,187,73,0.4516,4.9
FY2025-09,2025,Oct,WHSL,Wholesale,ST-0015,Winter Fair Isle Cardigan,Winter Fair Isle,Girls,Tops,Cardigan,Holiday,Carryover,210,7860.89,37.43,378,292,0.3571,7.2
FY2025-10,2025,Nov,ECOM,Ecommerce,ST-0015,Winter Fair Isle Cardigan,Winter Fair Isle,Girls,Tops,Cardigan,Holiday,Carryover,191,9535.39,49.92,168,39,0.532,3.5
FY2025-10,2025,Nov,STORE,Retail Stores,ST-0015,Winter Fair Isle Cardigan,Winter Fair Isle,Girls,Tops,Cardigan,Holiday,Carryover,176,8341.3,47.39,357,163,0.3302,8.1
FY2025-10,2025,Nov,WHSL,Wholesale,ST-0015,Winter Fair Isle Cardigan,Winter Fair Isle,Girls,Tops,Cardigan,Holiday,Carryover,352,13176.35,37.43,319,65,0.5246,3.6
FY2025-11,2025,Dec,ECOM,Ecommerce,ST-0015,Winter Fair Isle Cardigan,Winter Fair Isle,Girls,Tops,Cardigan,Holiday,Carryover,320,16634.3,51.98,487,436,0.3965,7.6
FY2025-11,2025,Dec,STORE,Retail Stores,ST-0015,Winter Fair Isle Cardigan,Winter Fair Isle,Girls,Tops,Cardigan,Holiday,Carryover,115,5964.31,51.86,96,74,0.545,4.2
FY2025-11,2025,Dec,WHSL,Wholesale,ST-0015,Winter Fair Isle Cardigan,Winter Fair Isle,Girls,Tops,Cardigan,Holiday,Carryover,339,12689.72,37.43,507,252,0.4007,7.5
FY2026-09,2026,Oct,ECOM,Ecommerce,ST-0015,Winter Fair Isle Cardigan,Winter Fair Isle,Girls,Tops,Cardigan,Holiday,Carryover,281,13000.99,46.27,413,321,0.4049,5.9
FY2026-09,2026,Oct,STORE,Retail Stores,ST-0015,Winter Fair Isle Cardigan,Winter Fair Isle,Girls,Tops,Cardigan,Holiday,Carryover,334,15053.63,45.07,531,128,0.3861,6.4
FY2026-09,2026,Oct,WHSL,Wholesale,ST-0015,Winter Fair Isle Cardigan,Winter Fair Isle,Girls,Tops,Cardigan,Holiday,Carryover,199,7449.13,37.43,302,88,0.3972,6.1
FY2026-10,2026,Nov,ECOM,Ecommerce,ST-0015,Winter Fair Isle Cardigan,Winter Fair Isle,Girls,Tops,Cardigan,Holiday,Carryover,372,17370.67,46.7,630,403,0.3713,6.8
FY2026-10,2026,Nov,STORE,Retail Stores,ST-0015,Winter Fair Isle Cardigan,Winter Fair Isle,Girls,Tops,Cardigan,Holiday,Carryover,165,7414.44,44.94,302,121,0.3533,7.3
FY2026-10,2026,Nov,WHSL,Wholesale,ST-0015,Winter Fair Isle Cardigan,Winter Fair Isle,Girls,Tops,Cardigan,Holiday,Carryover,214,8010.62,37.43,426,296,0.3344,8.0
FY2026-11,2026,Dec,ECOM,Ecommerce,ST-0015,Winter Fair Isle Cardigan,Winter Fair Isle,Girls,Tops,Cardigan,Holiday,Carryover,362,18471.12,51.03,843,10,0.3004,11.6
FY2026-11,2026,Dec,STORE,Retail Stores,ST-0015,Winter Fair Isle Cardigan,Winter Fair Isle,Girls,Tops,Cardigan,Holiday,Carryover,171,7743.47,45.28,299,244,0.3638,8.7
FY2026-11,2026,Dec,WHSL,Wholesale,ST-0015,Winter Fair Isle Cardigan,Winter Fair Isle,Girls,Tops,Cardigan,Holiday,Carryover,355,13288.64,37.43,837,441,0.2978,11.8
FY2025-01,2025,Feb,ECOM,Ecommerce,ST-0016,Cherry Blossom Short,Cherry Blossom,Girls,Bottoms,Short,Spring,Carryover,199,10221.09,51.36,157,70,0.559,3.2
FY2025-01,2025,Feb,STORE,Retail Stores,ST-0016,Cherry Blossom Short,Cherry Blossom,Girls,Bottoms,Short,Spring,Carryover,115,6109.79,53.13,141,11,0.4492,4.9
FY2025-01,2025,Feb,WHSL,Wholesale,ST-0016,Cherry Blossom Short,Cherry Blossom,Girls,Bottoms,Short,Spring,Carryover,138,5364.45,38.87,284,178,0.327,8.2
FY2025-02,2025,Mar,ECOM,Ecommerce,ST-0016,Cherry Blossom Short,Cherry Blossom,Girls,Bottoms,Short,Spring,Carryover,261,12874.48,49.33,293,154,0.4711,5.6
FY2025-02,2025,Mar,STORE,Retail Stores,ST-0016,Cherry Blossom Short,Cherry Blossom,Girls,Bottoms,Short,Spring,Carryover,132,6394.83,48.45,226,4,0.3687,8.6
FY2025-02,2025,Mar,WHSL,Wholesale,ST-0016,Cherry Blossom Short,Cherry Blossom,Girls,Bottoms,Short,Spring,Carryover,340,13216.75,38.87,805,227,0.2969,11.8
FY2025-03,2025,Apr,ECOM,Ecommerce,ST-0016,Cherry Blossom Short,Cherry Blossom,Girls,Bottoms,Short,Spring,Carryover,300,14327.61,47.76,434,228,0.4087,5.8
FY2025-03,2025,Apr,STORE,Retail Stores,ST-0016,Cherry Blossom Short,Cherry Blossom,Girls,Bottoms,Short,Spring,Carryover,121,5845.67,48.31,248,78,0.3279,8.2
FY2025-03,2025,Apr,WHSL,Wholesale,ST-0016,Cherry Blossom Short,Cherry Blossom,Girls,Bottoms,Short,Spring,Carryover,380,14771.66,38.87,909,643,0.2948,9.6
FY2026-01,2026,Feb,ECOM,Ecommerce,ST-0016,Cherry Blossom Short,Cherry Blossom,Girls,Bottoms,Short,Spring,Carryover,332,16496.17,49.69,320,61,0.5092,3.9
FY2026-01,2026,Feb,STORE,Retail Stores,ST-0016,Cherry Blossom Short,Cherry Blossom,Girls,Bottoms,Short,Spring,Carryover,69,3358.72,48.68,79,52,0.4662,4.6
FY2026-01,2026,Feb,WHSL,Wholesale,ST-0016,Cherry Blossom Short,Cherry Blossom,Girls,Bottoms,Short,Spring,Carryover,125,4859.1,38.87,214,159,0.3687,6.8
FY2026-02,2026,Mar,ECOM,Ecommerce,ST-0016,Cherry Blossom Short,Cherry Blossom,Girls,Bottoms,Short,Spring,Carryover,421,21591.13,51.29,651,75,0.3927,7.7
FY2026-02,2026,Mar,STORE,Retail Stores,ST-0016,Cherry Blossom Short,Cherry Blossom,Girls,Bottoms,Short,Spring,Carryover,119,6107.14,51.32,203,117,0.3696,8.5
FY2026-02,2026,Mar,WHSL,Wholesale,ST-0016,Cherry Blossom Short,Cherry Blossom,Girls,Bottoms,Short,Spring,Carryover,247,9601.58,38.87,479,398,0.3402,9.7
FY2026-03,2026,Apr,ECOM,Ecommerce,ST-0016,Cherry Blossom Short,Cherry Blossom,Girls,Bottoms,Short,Spring,Carryover,69,3427.5,49.67,65,4,0.5149,3.8
FY2026-03,2026,Apr,STORE,Retail Stores,ST-0016,Cherry Blossom Short,Cherry Blossom,Girls,Bottoms,Short,Spring,Carryover,169,8118.49,48.04,270,115,0.385,6.4
FY2026-03,2026,Apr,WHSL,Wholesale,ST-0016,Cherry Blossom Short,Cherry Blossom,Girls,Bottoms,Short,Spring,Carryover,256,9951.44,38.87,577,434,0.3073,9.0
FY2025-04,2025,May,ECOM,Ecommerce,ST-0017,Seashell Short,Seashell,Girls,Bottoms,Short,Summer,New,521,21096.27,40.49,1030,667,0.3359,7.9
FY2025-04,2025,May,STORE,Retail Stores,ST-0017,Seashell Short,Seashell,Girls,Bottoms,Short,Summer,New,174,6814.32,39.16,283,252,0.3807,6.5
FY2025-04,2025,May,WHSL,Wholesale,ST-0017,Seashell Short,Seashell,Girls,Bottoms,Short,Summer,New,316,10008.6,31.67,542,350,0.3683,6.9
FY2025-05,2025,Jun,ECOM,Ecommerce,ST-0017,Seashell Short,Seashell,Girls,Bottoms,Short,Summer,New,303,13038.17,43.03,257,161,0.5411,4.2
FY2025-05,2025,Jun,STORE,Retail Stores,ST-0017,Seashell Short,Seashell,Girls,Bottoms,Short,Summer,New,69,2637.96,38.23,108,42,0.3898,7.8
FY2025-05,2025,Jun,WHSL,Wholesale,ST-0017,Seashell Short,Seashell,Girls,Bottoms,Short,Summer,New,199,6302.89,31.67,462,362,0.3011,11.6
FY2025-06,2025,Jul,ECOM,Ecommerce,ST-0017,Seashell Short,Seashell,Girls,Bottoms,Short,Summer,New,387,15598.62,40.31,271,11,0.5881,2.8
FY2025-06,2025,Jul,STORE,Retail Stores,ST-0017,Seashell Short,Seashell,Girls,Bottoms,Short,Summer,New,184,7008.49,38.09,207,82,0.4706,4.5
FY2025-06,2025,Jul,WHSL,Wholesale,ST-0017,Seashell Short,Seashell,Girls,Bottoms,Short,Summer,New,312,9881.91,31.67,505,426,0.3819,6.5
FY2026-04,2026,May,ECOM,Ecommerce,ST-0017,Seashell Short,Seashell,Girls,Bottoms,Short,Summer,New,260,11361.59,43.7,576,142,0.311,8.9
FY2026-04,2026,May,STORE,Retail Stores,ST-0017,Seashell Short,Seashell,Girls,Bottoms,Short,Summer,New,192,7541.18,39.28,293,38,0.3959,6.1
FY2026-04,2026,May,WHSL,Wholesale,ST-0017,Seashell Short,Seashell,Girls,Bottoms,Short,Summer,New,108,3420.66,31.67,191,8,0.3612,7.1
FY2026-05,2026,Jun,ECOM,Ecommerce,ST-0017,Seashell Short,Seashell,Girls,Bottoms,Short,Summer,New,616,26315.88,42.72,929,756,0.3987,7.5
FY2026-05,2026,Jun,STORE,Retail Stores,ST-0017,Seashell Short,Seashell,Girls,Bottoms,Short,Summer,New,239,9735.52,40.73,365,193,0.3957,7.6
FY2026-05,2026,Jun,WHSL,Wholesale,ST-0017,Seashell Short,Seashell,Girls,Bottoms,Short,Summer,New,382,12099.01,31.67,462,56,0.4526,6.0
FY2026-06,2026,Jul,ECOM,Ecommerce,ST-0017,Seashell Short,Seashell,Girls,Bottoms,Short,Summer,New,299,11586.03,38.75,403,217,0.4259,5.4
FY2026-06,2026,Jul,STORE,Retail Stores,ST-0017,Seashell Short,Seashell,Girls,Bottoms,Short,Summer,New,149,6213.12,41.7,260,113,0.3643,7.0
FY2026-06,2026,Jul,WHSL,Wholesale,ST-0017,Seashell Short,Seashell,Girls,Bottoms,Short,Summer,New,225,7126.38,31.67,169,46,0.5711,3.0
FY2025-07,2025,Aug,ECOM,Ecommerce,ST-0018,Acorn Toile Short,Acorn Toile,Girls,Bottoms,Short,Fall,New,211,9892.53,46.88,487,116,0.3023,9.2
FY2025-07,2025,Aug,STORE,Retail Stores,ST-0018,Acorn Toile Short,Acorn Toile,Girls,Bottoms,Short,Fall,New,84,4233.82,50.4,179,68,0.3194,8.5
FY2025-07,2025,Aug,WHSL,Wholesale,ST-0018,Acorn Toile Short,Acorn Toile,Girls,Bottoms,Short,Fall,New,160,5989.25,37.43,136,101,0.5405,3.4
FY2025-08,2025,Sep,ECOM,Ecommerce,ST-0018,Acorn Toile Short,Acorn Toile,Girls,Bottoms,Short,Fall,New,305,13762.63,45.12,225,106,0.5755,3.7
FY2025-08,2025,Sep,STORE,Retail Stores,ST-0018,Acorn Toile Short,Acorn Toile,Girls,Bottoms,Short,Fall,New,201,9624.72,47.88,221,88,0.4763,5.5
FY2025-08,2025,Sep,WHSL,Wholesale,ST-0018,Acorn Toile Short,Acorn Toile,Girls,Bottoms,Short,Fall,New,133,4978.56,37.43,144,2,0.4801,5.4
FY2025-09,2025,Oct,ECOM,Ecommerce,ST-0018,Acorn Toile Short,Acorn Toile,Girls,Bottoms,Short,Fall,New,251,12073.7,48.1,557,298,0.3106,8.9
FY2025-09,2025,Oct,STORE,Retail Stores,ST-0018,Acorn Toile Short,Acorn Toile,Girls,Bottoms,Short,Fall,New,215,10270.56,47.77,455,263,0.3209,8.5
FY2025-09,2025,Oct,WHSL,Wholesale,ST-0018,Acorn Toile Short,Acorn Toile,Girls,Bottoms,Short,Fall,New,372,13925.0,37.43,683,25,0.3526,7.3
FY2026-07,2026,Aug,ECOM,Ecommerce,ST-0018,Acorn Toile Short,Acorn Toile,Girls,Bottoms,Short,Fall,New,468,21574.06,46.1,718,217,0.3946,6.1
FY2026-07,2026,Aug,STORE,Retail Stores,ST-0018,Acorn Toile Short,Acorn Toile,Girls,Bottoms,Short,Fall,New,172,8380.63,48.72,410,123,0.2955,9.5
FY2026-07,2026,Aug,WHSL,Wholesale,ST-0018,Acorn Toile Short,Acorn Toile,Girls,Bottoms,Short,Fall,New,504,18866.13,37.43,822,426,0.3801,6.5
FY2026-08,2026,Sep,ECOM,Ecommerce,ST-0018,Acorn Toile Short,Acorn Toile,Girls,Bottoms,Short,Fall,New,243,11983.94,49.32,259,47,0.4841,5.3
FY2026-08,2026,Sep,STORE,Retail Stores,ST-0018,Acorn Toile Short,Acorn Toile,Girls,Bottoms,Short,Fall,New,294,15155.91,51.55,500,224,0.3703,8.5
FY2026-08,2026,Sep,WHSL,Wholesale,ST-0018,Acorn Toile Short,Acorn Toile,Girls,Bottoms,Short,Fall,New,315,11791.33,37.43,630,117,0.3333,10.0
FY2026-09,2026,Oct,ECOM,Ecommerce,ST-0018,Acorn Toile Short,Acorn Toile,Girls,Bottoms,Short,Fall,New,121,5539.36,45.78,284,32,0.2988,9.4
FY2026-09,2026,Oct,STORE,Retail Stores,ST-0018,Acorn Toile Short,Acorn Toile,Girls,Bottoms,Short,Fall,New,204,10452.73,51.24,350,247,0.3682,6.9
FY2026-09,2026,Oct,WHSL,Wholesale,ST-0018,Acorn Toile Short,Acorn Toile,Girls,Bottoms,Short,Fall,New,247,9245.9,37.43,547,309,0.3111,8.9
FY2025-01,2025,Feb,ECOM,Ecommerce,ST-0019,Garden Trellis Legging,Garden Trellis,Girls,Bottoms,Legging,Spring,New,291,11645.18,40.02,310,114,0.4842,4.3
FY2025-01,2025,Feb,STORE,Retail Stores,ST-0019,Garden Trellis Legging,Garden Trellis,Girls,Bottoms,Legging,Spring,New,243,9221.98,37.95,452,347,0.3496,7.4
FY2025-01,2025,Feb,WHSL,Wholesale,ST-0019,Garden Trellis Legging,Garden Trellis,Girls,Bottoms,Legging,Spring,New,15,475.09,31.67,16,10,0.4839,4.3
FY2025-02,2025,Mar,ECOM,Ecommerce,ST-0019,Garden Trellis Legging,Garden Trellis,Girls,Bottoms,Legging,Spring,New,326,14303.15,43.87,611,534,0.3479,9.4
FY2025-02,2025,Mar,STORE,Retail Stores,ST-0019,Garden Trellis Legging,Garden Trellis,Girls,Bottoms,Legging,Spring,New,290,12352.58,42.6,388,41,0.4277,6.7
FY2025-02,2025,Mar,WHSL,Wholesale,ST-0019,Garden Trellis Legging,Garden Trellis,Girls,Bottoms,Legging,Spring,New,232,7348.09,31.67,248,221,0.4833,5.3
FY2025-03,2025,Apr,ECOM,Ecommerce,ST-0019,Garden Trellis Legging,Garden Trellis,Girls,Bottoms,Legging,Spring,New,647,26431.51,40.85,1262,869,0.3389,7.8
FY2025-03,2025,Apr,STORE,Retail Stores,ST-0019,Garden Trellis Legging,Garden Trellis,Girls,Bottoms,Legging,Spring,New,295,12913.55,43.77,401,237,0.4239,5.4
FY2025-03,2025,Apr,WHSL,Wholesale,ST-0019,Garden Trellis Legging,Garden Trellis,Girls,Bottoms,Legging,Spring,New,124,3927.43,31.67,91,67,0.5767,2.9
FY2026-01,2026,Feb,ECOM,Ecommerce,ST-0019,Garden Trellis Legging,Garden Trellis,Girls,Bottoms,Legging,Spring,New,93,4086.89,43.95,187,15,0.3321,8.0
FY2026-01,2026,Feb,STORE,Retail Stores,ST-0019,Garden Trellis Legging,Garden Trellis,Girls,Bottoms,Legging,Spring,New,108,4253.13,39.38,154,117,0.4122,5.7
FY2026-01,2026,Feb,WHSL,Wholesale,ST-0019,Garden Trellis Legging,Garden Trellis,Girls,Bottoms,Legging,Spring,New,177,5606.09,31.67,331,147,0.3484,7.5
FY2026-02,2026,Mar,ECOM,Ecommerce,ST-0019,Garden Trellis Legging,Garden Trellis,Girls,Bottoms,Legging,Spring,New,333,12893.75,38.72,692,223,0.3249,10.4
FY2026-02,2026,Mar,STORE,Retail Stores,ST-0019,Garden Trellis Legging,Garden Trellis,Girls,Bottoms,Legging,Spring,New,195,7909.91,40.56,273,107,0.4167,7.0
FY2026-02,2026,Mar,WHSL,Wholesale,ST-0019,Garden Trellis Legging,Garden Trellis,Girls,Bottoms,Legging,Spring,New,325,10293.66,31.67,336,216,0.4917,5.2
FY2026-03,2026,Apr,ECOM,Ecommerce,ST-0019,Garden Trellis Legging,Garden Trellis,Girls,Bottoms,Legging,Spring,New,367,14116.25,38.46,743,232,0.3306,8.1
FY2026-03,2026,Apr,STORE,Retail Stores,ST-0019,Garden Trellis Legging,Garden Trellis,Girls,Bottoms,Legging,Spring,New,181,7825.63,43.24,185,106,0.4945,4.1
FY2026-03,2026,Apr,WHSL,Wholesale,ST-0019,Garden Trellis Legging,Garden Trellis,Girls,Bottoms,Legging,Spring,New,309,9786.9,31.67,497,275,0.3834,6.4
FY2025-07,2025,Aug,ECOM,Ecommerce,ST-0020,Acorn Toile Legging,Acorn Toile,Girls,Bottoms,Legging,Fall,New,315,14468.9,45.93,266,214,0.5422,3.4
FY2025-07,2025,Aug,STORE,Retail Stores,ST-0020,Acorn Toile Legging,Acorn Toile,Girls,Bottoms,Legging,Fall,New,152,6887.01,45.31,313,144,0.3269,8.2
FY2025-07,2025,Aug,WHSL,Wholesale,ST-0020,Acorn Toile Legging,Acorn Toile,Girls,Bottoms,Legging,Fall,New,203,7306.54,35.99,315,68,0.3919,6.2
FY2025-08,2025,Sep,ECOM,Ecommerce,ST-0020,Acorn Toile Legging,Acorn Toile,Girls,Bottoms,Legging,Fall,New,295,14504.64,49.17,632,554,0.3182,10.7
FY2025-08,2025,Sep,STORE,Retail Stores,ST-0020,Acorn Toile Legging,Acorn Toile,Girls,Bottoms,Legging,Fall,New,124,5954.68,48.02,88,24,0.5849,3.5
FY2025-08,2025,Sep,WHSL,Wholesale,ST-0020,Acorn Toile Legging,Acorn Toile,Girls,Bottoms,Legging,Fall,New,249,8962.21,35.99,539,459,0.316,10.8
FY2025-09,2025,Oct,ECOM,Ecommerce,ST-0020,Acorn Toile Legging,Acorn Toile,Girls,Bottoms,Legging,Fall,New,515,22996.37,44.65,1058,590,0.3274,8.2
FY2025-09,2025,Oct,STORE,Retail Stores,ST-0020,Acorn Toile Legging,Acorn Toile,Girls,Bottoms,Legging,Fall,New,338,16856.84,49.87,611,358,0.3562,7.2
FY2025-09,2025,Oct,WHSL,Wholesale,ST-0020,Acorn Toile Legging,Acorn Toile,Girls,Bottoms,Legging,Fall,New,174,6262.75,35.99,123,7,0.5859,2.8
FY2026-07,2026,Aug,ECOM,Ecommerce,ST-0020,Acorn Toile Legging,Acorn Toile,Girls,Bottoms,Legging,Fall,New,408,19030.34,46.64,956,442,0.2991,9.4
FY2026-07,2026,Aug,STORE,Retail Stores,ST-0020,Acorn Toile Legging,Acorn Toile,Girls,Bottoms,Legging,Fall,New,44,2001.91,45.5,56,49,0.44,5.1
FY2026-07,2026,Aug,WHSL,Wholesale,ST-0020,Acorn Toile Legging,Acorn Toile,Girls,Bottoms,Legging,Fall,New,196,7054.59,35.99,154,56,0.56,3.1
FY2026-08,2026,Sep,ECOM,Ecommerce,ST-0020,Acorn Toile Legging,Acorn Toile,Girls,Bottoms,Legging,Fall,New,48,2255.52,46.99,78,34,0.381,8.1
FY2026-08,2026,Sep,STORE,Retail Stores,ST-0020,Acorn Toile Legging,Acorn Toile,Girls,Bottoms,Legging,Fall,New,149,6776.8,45.48,350,33,0.2986,11.7
FY2026-08,2026,Sep,WHSL,Wholesale,ST-0020,Acorn Toile Legging,Acorn Toile,Girls,Bottoms,Legging,Fall,New,417,15009.0,35.99,332,101,0.5567,4.0
FY2026-09,2026,Oct,ECOM,Ecommerce,ST-0020,Acorn Toile Legging,Acorn Toile,Girls,Bottoms,Legging,Fall,New,305,13122.98,43.03,673,505,0.3119,8.8
FY2026-09,2026,Oct,STORE,Retail Stores,ST-0020,Acorn Toile Legging,Acorn Toile,Girls,Bottoms,Legging,Fall,New,220,10149.91,46.14,204,105,0.5189,3.7
FY2026-09,2026,Oct,WHSL,Wholesale,ST-0020,Acorn Toile Legging,Acorn Toile,Girls,Bottoms,Legging,Fall,New,200,7198.56,35.99,367,186,0.3527,7.3
FY2025-04,2025,May,ECOM,Ecommerce,ST-0021,Seashell Skirt,Seashell,Girls,Bottoms,Skirt,Summer,New,207,8878.71,42.89,386,196,0.3491,7.5
FY2025-04,2025,May,STORE,Retail Stores,ST-0021,Seashell Skirt,Seashell,Girls,Bottoms,Skirt,Summer,New,90,3688.94,40.99,92,62,0.4945,4.1
FY2025-04,2025,May,WHSL,Wholesale,ST-0021,Seashell Skirt,Seashell,Girls,Bottoms,Skirt,Summer,New,246,8145.75,33.11,432,22,0.3628,7.0
FY2025-05,2025,Jun,ECOM,Ecommerce,ST-0021,Seashell Skirt,Seashell,Girls,Bottoms,Skirt,Summer,New,520,23253.68,44.72,1019,207,0.3379,9.8
FY2025-05,2025,Jun,STORE,Retail Stores,ST-0021,Seashell Skirt,Seashell,Girls,Bottoms,Skirt,Summer,New,148,6725.36,45.44,124,47,0.5441,4.2
FY2025-05,2025,Jun,WHSL,Wholesale,ST-0021,Seashell Skirt,Seashell,Girls,Bottoms,Skirt,Summer,New,327,10827.89,33.11,675,275,0.3263,10.3
FY2025-06,2025,Jul,ECOM,Ecommerce,ST-0021,Seashell Skirt,Seashell,Girls,Bottoms,Skirt,Summer,New,378,16747.66,44.31,345,129,0.5228,3.7
FY2025-06,2025,Jul,STORE,Retail Stores,ST-0021,Seashell Skirt,Seashell,Girls,Bottoms,Skirt,Summer,New,50,2101.57,42.03,51,43,0.495,4.1
FY2025-06,2025,Jul,WHSL,Wholesale,ST-0021,Seashell Skirt,Seashell,Girls,Bottoms,Skirt,Summer,New,265,8774.89,33.11,397,279,0.4003,6.0
FY2026-04,2026,May,ECOM,Ecommerce,ST-0021,Seashell Skirt,Seashell,Girls,Bottoms,Skirt,Summer,New,215,8993.07,41.83,511,227,0.2961,9.5
FY2026-04,2026,May,STORE,Retail Stores,ST-0021,Seashell Skirt,Seashell,Girls,Bottoms,Skirt,Summer,New,259,10712.09,41.36,470,300,0.3553,7.3
FY2026-04,2026,May,WHSL,Wholesale,ST-0021,Seashell Skirt,Seashell,Girls,Bottoms,Skirt,Summer,New,327,10827.89,33.11,741,386,0.3062,9.1
FY2026-05,2026,Jun,ECOM,Ecommerce,ST-0021,Seashell Skirt,Seashell,Girls,Bottoms,Skirt,Summer,New,237,10153.33,42.84,220,93,0.5186,4.6
FY2026-05,2026,Jun,STORE,Retail Stores,ST-0021,Seashell Skirt,Seashell,Girls,Bottoms,Skirt,Summer,New,199,8763.39,44.04,440,195,0.3114,11.1
FY2026-05,2026,Jun,WHSL,Wholesale,ST-0021,Seashell Skirt,Seashell,Girls,Bottoms,Skirt,Summer,New,292,9668.94,33.11,683,251,0.2995,11.7
FY2026-06,2026,Jul,ECOM,Ecommerce,ST-0021,Seashell Skirt,Seashell,Girls,Bottoms,Skirt,Summer,New,164,7061.06,43.06,216,142,0.4316,5.3
FY2026-06,2026,Jul,STORE,Retail Stores,ST-0021,Seashell Skirt,Seashell,Girls,Bottoms,Skirt,Summer,New,293,11986.62,40.91,236,208,0.5539,3.2
FY2026-06,2026,Jul,WHSL,Wholesale,ST-0021,Seashell Skirt,Seashell,Girls,Bottoms,Skirt,Summer,New,106,3509.96,33.11,127,77,0.4549,4.8
FY2025-01,2025,Feb,ECOM,Ecommerce,ST-0022,Cherry Blossom Two-Piece Set,Cherry Blossom,Girls,Sets,Two-Piece Set,Spring,New,333,21976.07,65.99,771,567,0.3016,9.3
FY2025-01,2025,Feb,STORE,Retail Stores,ST-0022,Cherry Blossom Two-Piece Set,Cherry Blossom,Girls,Sets,Two-Piece Set,Spring,New,86,5892.68,68.52,65,21,0.5695,3.0
FY2025-01,2025,Feb,WHSL,Wholesale,ST-0022,Cherry Blossom Two-Piece Set,Cherry Blossom,Girls,Sets,Two-Piece Set,Spring,New,243,13295.21,54.71,249,129,0.4939,4.1
FY2025-02,2025,Mar,ECOM,Ecommerce,ST-0022,Cherry Blossom Two-Piece Set,Cherry Blossom,Girls,Sets,Two-Piece Set,Spring,New,446,33624.18,75.39,708,503,0.3865,7.9
FY2025-02,2025,Mar,STORE,Retail Stores,ST-0022,Cherry Blossom Two-Piece Set,Cherry Blossom,Girls,Sets,Two-Piece Set,Spring,New,210,15121.88,72.01,501,264,0.2954,11.9
FY2025-02,2025,Mar,WHSL,Wholesale,ST-0022,Cherry Blossom Two-Piece Set,Cherry Blossom,Girls,Sets,Two-Piece Set,Spring,New,255,13951.76,54.71,332,182,0.4344,6.5
FY2025-03,2025,Apr,ECOM,Ecommerce,ST-0022,Cherry Blossom Two-Piece Set,Cherry Blossom,Girls,Sets,Two-Piece Set,Spring,New,319,21671.43,67.94,371,57,0.4623,4.7
FY2025-03,2025,Apr,STORE,Retail Stores,ST-0022,Cherry Blossom Two-Piece Set,Cherry Blossom,Girls,Sets,Two-Piece Set,Spring,New,39,2876.85,73.77,45,22,0.4643,4.6
FY2025-03,2025,Apr,WHSL,Wholesale,ST-0022,Cherry Blossom Two-Piece Set,Cherry Blossom,Girls,Sets,Two-Piece Set,Spring,New,172,9410.6,54.71,336,153,0.3386,7.8
FY2026-01,2026,Feb,ECOM,Ecommerce,ST-0022,Cherry Blossom Two-Piece Set,Cherry Blossom,Girls,Sets,Two-Piece Set,Spring,New,436,32536.11,74.62,727,489,0.3749,6.7
FY2026-01,2026,Feb,STORE,Retail Stores,ST-0022,Cherry Blossom Two-Piece Set,Cherry Blossom,Girls,Sets,Two-Piece Set,Spring,New,126,8516.7,67.59,268,14,0.3198,8.5
FY2026-01,2026,Feb,WHSL,Wholesale,ST-0022,Cherry Blossom Two-Piece Set,Cherry Blossom,Girls,Sets,Two-Piece Set,Spring,New,58,3173.34,54.71,92,15,0.3867,6.3
FY2026-02,2026,Mar,ECOM,Ecommerce,ST-0022,Cherry Blossom Two-Piece Set,Cherry Blossom,Girls,Sets,Two-Piece Set,Spring,New,437,30003.22,68.66,880,664,0.3318,10.1
FY2026-02,2026,Mar,STORE,Retail Stores,ST-0022,Cherry Blossom Two-Piece Set,Cherry Blossom,Girls,Sets,Two-Piece Set,Spring,New,153,11007.27,71.94,259,114,0.3714,8.5
FY2026-02,2026,Mar,WHSL,Wholesale,ST-0022,Cherry Blossom Two-Piece Set,Cherry Blossom,Girls,Sets,Two-Piece Set,Spring,New,245,13404.64,54.71,425,149,0.3657,8.7
FY2026-03,2026,Apr,ECOM,Ecommerce,ST-0022,Cherry Blossom Two-Piece Set,Cherry Blossom,Girls,Sets,Two-Piece Set,Spring,New,113,8487.13,75.11,207,183,0.3531,7.3
FY2026-03,2026,Apr,STORE,Retail Stores,ST-0022,Cherry Blossom Two-Piece Set,Cherry Blossom,Girls,Sets,Two-Piece Set,Spring,New,43,2914.42,67.78,33,17,0.5658,3.1
FY2026-03,2026,Apr,WHSL,Wholesale,ST-0022,Cherry Blossom Two-Piece Set,Cherry Blossom,Girls,Sets,Two-Piece Set,Spring,New,414,22651.1,54.71,592,251,0.4115,5.7
FY2025-07,2025,Aug,ECOM,Ecommerce,ST-0023,Acorn Toile Two-Piece Set,Acorn Toile,Girls,Sets,Two-Piece Set,Fall,New,287,20521.49,71.5,490,288,0.3694,6.8
FY2025-07,2025,Aug,STORE,Retail Stores,ST-0023,Acorn Toile Two-Piece Set,Acorn Toile,Girls,Sets,Two-Piece Set,Fall,New,245,18660.75,76.17,326,171,0.4291,5.3
FY2025-07,2025,Aug,WHSL,Wholesale,ST-0023,Acorn Toile Two-Piece Set,Acorn Toile,Girls,Sets,Two-Piece Set,Fall,New,319,17912.74,56.15,653,210,0.3282,8.2
FY2025-08,2025,Sep,ECOM,Ecommerce,ST-0023,Acorn Toile Two-Piece Set,Acorn Toile,Girls,Sets,Two-Piece Set,Fall,New,258,18532.01,71.83,562,136,0.3146,10.9
FY2025-08,2025,Sep,STORE,Retail Stores,ST-0023,Acorn Toile Two-Piece Set,Acorn Toile,Girls,Sets,Two-Piece Set,Fall,New,59,4383.96,74.3,45,13,0.5673,3.8
FY2025-08,2025,Sep,WHSL,Wholesale,ST-0023,Acorn Toile Two-Piece Set,Acorn Toile,Girls,Sets,Two-Piece Set,Fall,New,104,5839.89,56.15,238,90,0.3041,11.4
FY2025-09,2025,Oct,ECOM,Ecommerce,ST-0023,Acorn Toile Two-Piece Set,Acorn Toile,Girls,Sets,Two-Piece Set,Fall,New,185,14019.91,75.78,286,126,0.3928,6.2
FY2025-09,2025,Oct,STORE,Retail Stores,ST-0023,Acorn Toile Two-Piece Set,Acorn Toile,Girls,Sets,Two-Piece Set,Fall,New,262,19834.65,75.7,498,84,0.3447,7.6
FY2025-09,2025,Oct,WHSL,Wholesale,ST-0023,Acorn Toile Two-Piece Set,Acorn Toile,Girls,Sets,Two-Piece Set,Fall,New,386,21674.98,56.15,802,437,0.3249,8.3
FY2026-07,2026,Aug,ECOM,Ecommerce,ST-0023,Acorn Toile Two-Piece Set,Acorn Toile,Girls,Sets,Two-Piece Set,Fall,New,441,33449.31,75.85,354,137,0.5547,3.2
FY2026-07,2026,Aug,STORE,Retail Stores,ST-0023,Acorn Toile Two-Piece Set,Acorn Toile,Girls,Sets,Two-Piece Set,Fall,New,223,16035.53,71.91,477,70,0.3186,8.6
FY2026-07,2026,Aug,WHSL,Wholesale,ST-0023,Acorn Toile Two-Piece Set,Acorn Toile,Girls,Sets,Two-Piece Set,Fall,New,412,23134.95,56.15,385,296,0.5169,3.7
FY2026-08,2026,Sep,ECOM,Ecommerce,ST-0023,Acorn Toile Two-Piece Set,Acorn Toile,Girls,Sets,Two-Piece Set,Fall,New,323,24855.73,76.95,430,123,0.429,6.7
FY2026-08,2026,Sep,STORE,Retail Stores,ST-0023,Acorn Toile Two-Piece Set,Acorn Toile,Girls,Sets,Two-Piece Set,Fall,New,68,5264.4,77.42,72,42,0.4857,5.3
FY2026-08,2026,Sep,WHSL,Wholesale,ST-0023,Acorn Toile Two-Piece Set,Acorn Toile,Girls,Sets,Two-Piece Set,Fall,New,235,13195.91,56.15,451,321,0.3426,9.6
FY2026-09,2026,Oct,ECOM,Ecommerce,ST-0023,Acorn Toile Two-Piece Set,Acorn Toile,Girls,Sets,Two-Piece Set,Fall,New,427,29089.94,68.13,975,161,0.3046,9.1
FY2026-09,2026,Oct,STORE,Retail Stores,ST-0023,Acorn Toile Two-Piece Set,Acorn Toile,Girls,Sets,Two-Piece Set,Fall,New,247,17835.37,72.21,535,4,0.3159,8.7
FY2026-09,2026,Oct,WHSL,Wholesale,ST-0023,Acorn Toile Two-Piece Set,Acorn Toile,Girls,Sets,Two-Piece Set,Fall,New,130,7299.86,56.15,236,76,0.3552,7.3
FY2025-09,2025,Oct,ECOM,Ecommerce,ST-0024,Winter Fair Isle Two-Piece Set,Winter Fair Isle,Girls,Sets,Two-Piece Set,Holiday,Carryover,386,26567.03,68.83,880,586,0.3049,9.1
FY2025-09,2025,Oct,STORE,Retail Stores,ST-0024,Winter Fair Isle Two-Piece Set,Winter Fair Isle,Girls,Sets,Two-Piece Set,Holiday,Carryover,150,11153.2,74.35,203,160,0.4249,5.4
FY2025-09,2025,Oct,WHSL,Wholesale,ST-0024,Winter Fair Isle Two-Piece Set,Winter Fair Isle,Girls,Sets,Two-Piece Set,Holiday,Carryover,206,11864.12,57.59,257,115,0.4449,5.0
FY2025-10,2025,Nov,ECOM,Ecommerce,ST-0024,Winter Fair Isle Two-Piece Set,Winter Fair Isle,Girls,Sets,Two-Piece Set,Holiday,Carryover,237,17253.54,72.8,537,246,0.3062,9.1
FY2025-10,2025,Nov,STORE,Retail Stores,ST-0024,Winter Fair Isle Two-Piece Set,Winter Fair Isle,Girls,Sets,Two-Piece Set,Holiday,Carryover,232,16948.26,73.05,523,306,0.3073,9.0
FY2025-10,2025,Nov,WHSL,Wholesale,ST-0024,Winter Fair Isle Two-Piece Set,Winter Fair Isle,Girls,Sets,Two-Piece Set,Holiday,Carryover,21,1209.45,57.59,40,21,0.3443,7.6
FY2025-11,2025,Dec,ECOM,Ecommerce,ST-0024,Winter Fair Isle Two-Piece Set,Winter Fair Isle,Girls,Sets,Two-Piece Set,Holiday,Carryover,415,29436.18,70.93,685,589,0.3773,8.3
FY2025-11,2025,Dec,STORE,Retail Stores,ST-0024,Winter Fair Isle Two-Piece Set,Winter Fair Isle,Girls,Sets,Two-Piece Set,Holiday,Carryover,240,17775.62,74.07,422,113,0.3625,8.8
FY2025-11,2025,Dec,WHSL,Wholesale,ST-0024,Winter Fair Isle Two-Piece Set,Winter Fair Isle,Girls,Sets,Two-Piece Set,Holiday,Carryover,322,18544.88,57.59,719,239,0.3093,11.2
FY2026-09,2026,Oct,ECOM,Ecommerce,ST-0024,Winter Fair Isle Two-Piece Set,Winter Fair Isle,Girls,Sets,Two-Piece Set,Holiday,Carryover,297,21308.19,71.74,595,46,0.333,8.0
FY2026-09,2026,Oct,STORE,Retail Stores,ST-0024,Winter Fair Isle Two-Piece Set,Winter Fair Isle,Girls,Sets,Two-Piece Set,Holiday,Carryover,111,8466.11,76.27,137,105,0.4476,4.9
FY2026-09,2026,Oct,WHSL,Wholesale,ST-0024,Winter Fair Isle Two-Piece Set,Winter Fair Isle,Girls,Sets,Two-Piece Set,Holiday,Carryover,169,9733.18,57.59,119,54,0.5868,2.8
FY2026-10,2026,Nov,ECOM,Ecommerce,ST-0024,Winter Fair Isle Two-Piece Set,Winter Fair Isle,Girls,Sets,Two-Piece Set,Holiday,Carryover,727,57791.19,79.49,601,196,0.5474,3.3
FY2026-10,2026,Nov,STORE,Retail Stores,ST-0024,Winter Fair Isle Two-Piece Set,Winter Fair Isle,Girls,Sets,Two-Piece Set,Holiday,Carryover,115,7960.79,69.22,118,76,0.4936,4.1
FY2026-10,2026,Nov,WHSL,Wholesale,ST-0024,Winter Fair Isle Two-Piece Set,Winter Fair Isle,Girls,Sets,Two-Piece Set,Holiday,Carryover,277,15953.21,57.59,412,108,0.402,5.9
FY2026-11,2026,Dec,ECOM,Ecommerce,ST-0024,Winter Fair Isle Two-Piece Set,Winter Fair Isle,Girls,Sets,Two-Piece Set,Holiday,Carryover,39,3013.9,77.28,62,25,0.3861,7.9
FY2026-11,2026,Dec,STORE,Retail Stores,ST-0024,Winter Fair Isle Two-Piece Set,Winter Fair Isle,Girls,Sets,Two-Piece Set,Holiday,Carryover,69,5334.68,77.31,97,65,0.4157,7.0
FY2026-11,2026,Dec,WHSL,Wholesale,ST-0024,Winter Fair Isle Two-Piece Set,Winter Fair Isle,Girls,Sets,Two-Piece Set,Holiday,Carryover,0,0.0,57.59,0,0,0.0,0.0
FY2025-01,2025,Feb,ECOM,Ecommerce,ST-0025,Hydrangea Romper,Hydrangea,Girls,Sets,Romper,Spring,New,177,10435.97,58.96,198,51,0.472,4.5
FY2025-01,2025,Feb,STORE,Retail Stores,ST-0025,Hydrangea Romper,Hydrangea,Girls,Sets,Romper,Spring,New,42,2313.74,55.09,84,62,0.3333,8.0
FY2025-01,2025,Feb,WHSL,Wholesale,ST-0025,Hydrangea Romper,Hydrangea,Girls,Sets,Romper,Spring,New,136,6070.06,44.63,136,27,0.5,4.0
FY2025-02,2025,Mar,ECOM,Ecommerce,ST-0025,Hydrangea Romper,Hydrangea,Girls,Sets,Romper,Spring,New,480,28774.22,59.95,1127,185,0.2987,11.7
FY2025-02,2025,Mar,STORE,Retail Stores,ST-0025,Hydrangea Romper,Hydrangea,Girls,Sets,Romper,Spring,New,165,10143.64,61.48,384,207,0.3005,11.6
FY2025-02,2025,Mar,WHSL,Wholesale,ST-0025,Hydrangea Romper,Hydrangea,Girls,Sets,Romper,Spring,New,218,9729.95,44.63,168,143,0.5648,3.9
FY2025-03,2025,Apr,ECOM,Ecommerce,ST-0025,Hydrangea Romper,Hydrangea,Girls,Sets,Romper,Spring,New,251,14962.96,59.61,562,99,0.3087,9.0
FY2025-03,2025,Apr,STORE,Retail Stores,ST-0025,Hydrangea Romper,Hydrangea,Girls,Sets,Romper,Spring,New,340,18869.98,55.5,667,510,0.3376,7.8
FY2025-03,2025,Apr,WHSL,Wholesale,ST-0025,Hydrangea Romper,Hydrangea,Girls,Sets,Romper,Spring,New,150,6694.92,44.63,351,309,0.2994,9.4
FY2026-01,2026,Feb,ECOM,Ecommerce,ST-0025,Hydrangea Romper,Hydrangea,Girls,Sets,Romper,Spring,New,40,2280.18,57.0,76,57,0.3448,7.6
FY2026-01,2026,Feb,STORE,Retail Stores,ST-0025,Hydrangea Romper,Hydrangea,Girls,Sets,Romper,Spring,New,305,17025.34,55.82,242,204,0.5576,3.2
FY2026-01,2026,Feb,WHSL,Wholesale,ST-0025,Hydrangea Romper,Hydrangea,Girls,Sets,Romper,Spring,New,222,9908.48,44.63,194,142,0.5337,3.5
FY2026-02,2026,Mar,ECOM,Ecommerce,ST-0025,Hydrangea Romper,Hydrangea,Girls,Sets,Romper,Spring,New,180,10006.67,55.59,130,55,0.5806,3.6
FY2026-02,2026,Mar,STORE,Retail Stores,ST-0025,Hydrangea Romper,Hydrangea,Girls,Sets,Romper,Spring,New,68,3809.65,56.02,138,67,0.3301,10.1
FY2026-02,2026,Mar,WHSL,Wholesale,ST-0025,Hydrangea Romper,Hydrangea,Girls,Sets,Romper,Spring,New,37,1651.41,44.63,55,46,0.4022,7.4
FY2026-03,2026,Apr,ECOM,Ecommerce,ST-0025,Hydrangea Romper,Hydrangea,Girls,Sets,Romper,Spring,New,266,15115.91,56.83,253,211,0.5125,3.8
FY2026-03,2026,Apr,STORE,Retail Stores,ST-0025,Hydrangea Romper,Hydrangea,Girls,Sets,Romper,Spring,New,187,10894.15,58.26,263,81,0.4156,5.6
FY2026-03,2026,Apr,WHSL,Wholesale,ST-0025,Hydrangea Romper,Hydrangea,Girls,Sets,Romper,Spring,New,23,1026.55,44.63,38,27,0.377,6.6
FY2025-04,2025,May,ECOM,Ecommerce,ST-0026,Palm Frond Romper,Palm Frond,Girls,Sets,Romper,Summer,New,391,29438.9,75.29,672,293,0.3678,6.9
FY2025-04,2025,May,STORE,Retail Stores,ST-0026,Palm Frond Romper,Palm Frond,Girls,Sets,Romper,Summer,New,236,16669.61,70.63,247,55,0.4886,4.2
FY2025-04,2025,May,WHSL,Wholesale,ST-0026,Palm Frond Romper,Palm Frond,Girls,Sets,Romper,Summer,New,127,7314.29,57.59,159,46,0.4441,5.0
FY2025-05,2025,Jun,ECOM,Ecommerce,ST-0026,Palm Frond Romper,Palm Frond,Girls,Sets,Romper,Summer,New,222,16225.65,73.09,400,51,0.3569,9.0
FY2025-05,2025,Jun,STORE,Retail Stores,ST-0026,Palm Frond Romper,Palm Frond,Girls,Sets,Romper,Summer,New,286,19790.91,69.2,581,26,0.3299,10.2
FY2025-05,2025,Jun,WHSL,Wholesale,ST-0026,Palm Frond Romper,Palm Frond,Girls,Sets,Romper,Summer,New,110,6335.21,57.59,246,36,0.309,11.2
FY2025-06,2025,Jul,ECOM,Ecommerce,ST-0026,Palm Frond Romper,Palm Frond,Girls,Sets,Romper,Summer,New,527,39090.03,74.17,498,390,0.5141,3.8
FY2025-06,2025,Jul,STORE,Retail Stores,ST-0026,Palm Frond Romper,Palm Frond,Girls,Sets,Romper,Summer,New,171,12055.28,70.5,387,234,0.3065,9.1
FY2025-06,2025,Jul,WHSL,Wholesale,ST-0026,Palm Frond Romper,Palm Frond,Girls,Sets,Romper,Summer,New,389,22403.6,57.59,639,272,0.3784,6.6
FY2026-04,2026,May,ECOM,Ecommerce,ST-0026,Palm Frond Romper,Palm Frond,Girls,Sets,Romper,Summer,New,458,33260.22,72.62,757,293,0.377,6.6
FY2026-04,2026,May,STORE,Retail Stores,ST-0026,Palm Frond Romper,Palm Frond,Girls,Sets,Romper,Summer,New,169,11682.48,69.13,315,121,0.3492,7.5
FY2026-04,2026,May,WHSL,Wholesale,ST-0026,Palm Frond Romper,Palm Frond,Girls,Sets,Romper,Summer,New,250,14398.2,57.59,329,61,0.4318,5.3
FY2026-05,2026,Jun,ECOM,Ecommerce,ST-0026,Palm Frond Romper,Palm Frond,Girls,Sets,Romper,Summer,New,278,19483.37,70.08,441,289,0.3866,7.9
FY2026-05,2026,Jun,STORE,Retail Stores,ST-0026,Palm Frond Romper,Palm Frond,Girls,Sets,Romper,Summer,New,0,0.0,74.1,0,0,0.0,0.0
FY2026-05,2026,Jun,WHSL,Wholesale,ST-0026,Palm Frond Romper,Palm Frond,Girls,Sets,Romper,Summer,New,299,17220.25,57.59,486,103,0.3809,8.1
FY2026-06,2026,Jul,ECOM,Ecommerce,ST-0026,Palm Frond Romper,Palm Frond,Girls,Sets,Romper,Summer,New,341,24967.16,73.22,737,244,0.3163,8.6
FY2026-06,2026,Jul,STORE,Retail Stores,ST-0026,Palm Frond Romper,Palm Frond,Girls,Sets,Romper,Summer,New,260,19722.31,75.86,319,11,0.4491,4.9
FY2026-06,2026,Jul,WHSL,Wholesale,ST-0026,Palm Frond Romper,Palm Frond,Girls,Sets,Romper,Summer,New,217,12497.64,57.59,251,182,0.4637,4.6
FY2025-09,2025,Oct,ECOM,Ecommerce,ST-0027,Candy Cane Stripe Romper,Candy Cane Stripe,Girls,Sets,Romper,Holiday,New,303,17301.29,57.1,389,258,0.4379,5.1
FY2025-09,2025,Oct,STORE,Retail Stores,ST-0027,Candy Cane Stripe Romper,Candy Cane Stripe,Girls,Sets,Romper,Holiday,New,126,7679.04,60.94,95,6,0.5701,3.0
FY2025-09,2025,Oct,WHSL,Wholesale,ST-0027,Candy Cane Stripe Romper,Candy Cane Stripe,Girls,Sets,Romper,Holiday,New,140,6450.19,46.07,113,32,0.5534,3.2
FY2025-10,2025,Nov,ECOM,Ecommerce,ST-0027,Candy Cane Stripe Romper,Candy Cane Stripe,Girls,Sets,Romper,Holiday,New,329,19428.72,59.05,426,253,0.4358,5.2
FY2025-10,2025,Nov,STORE,Retail Stores,ST-0027,Candy Cane Stripe Romper,Candy Cane Stripe,Girls,Sets,Romper,Holiday,New,278,16102.66,57.92,337,257,0.452,4.8
FY2025-10,2025,Nov,WHSL,Wholesale,ST-0027,Candy Cane Stripe Romper,Candy Cane Stripe,Girls,Sets,Romper,Holiday,New,469,21608.14,46.07,457,305,0.5065,3.9
FY2025-11,2025,Dec,ECOM,Ecommerce,ST-0027,Candy Cane Stripe Romper,Candy Cane Stripe,Girls,Sets,Romper,Holiday,New,189,11648.89,61.63,221,15,0.461,5.8
FY2025-11,2025,Dec,STORE,Retail Stores,ST-0027,Candy Cane Stripe Romper,Candy Cane Stripe,Girls,Sets,Romper,Holiday,New,0,0.0,58.88,0,0,0.0,0.0
FY2025-11,2025,Dec,WHSL,Wholesale,ST-0027,Candy Cane Stripe Romper,Candy Cane Stripe,Girls,Sets,Romper,Holiday,New,342,15756.9,46.07,693,375,0.3304,10.1
FY2026-09,2026,Oct,ECOM,Ecommerce,ST-0027,Candy Cane Stripe Romper,Candy Cane Stripe,Girls,Sets,Romper,Holiday,New,593,34185.66,57.65,970,163,0.3794,6.5
FY2026-09,2026,Oct,STORE,Retail Stores,ST-0027,Candy Cane Stripe Romper,Candy Cane Stripe,Girls,Sets,Romper,Holiday,New,98,6072.82,61.97,206,55,0.3224,8.4
FY2026-09,2026,Oct,WHSL,Wholesale,ST-0027,Candy Cane Stripe Romper,Candy Cane Stripe,Girls,Sets,Romper,Holiday,New,191,8799.9,46.07,411,262,0.3173,8.6
FY2026-10,2026,Nov,ECOM,Ecommerce,ST-0027,Candy Cane Stripe Romper,Candy Cane Stripe,Girls,Sets,Romper,Holiday,New,420,25504.23,60.72,482,298,0.4656,4.6
FY2026-10,2026,Nov,STORE,Retail Stores,ST-0027,Candy Cane Stripe Romper,Candy Cane Stripe,Girls,Sets,Romper,Holiday,New,141,8019.13,56.87,280,42,0.3349,7.9
FY2026-10,2026,Nov,WHSL,Wholesale,ST-0027,Candy Cane Stripe Romper,Candy Cane Stripe,Girls,Sets,Romper,Holiday,New,320,14743.3,46.07,278,245,0.5351,3.5
FY2026-11,2026,Dec,ECOM,Ecommerce,ST-0027,Candy Cane Stripe Romper,Candy Cane Stripe,Girls,Sets,Romper,Holiday,New,452,25404.53,56.2,890,165,0.3368,9.8
FY2026-11,2026,Dec,STORE,Retail Stores,ST-0027,Candy Cane Stripe Romper,Candy Cane Stripe,Girls,Sets,Romper,Holiday,New,286,17231.46,60.25,364,272,0.44,6.4
FY2026-11,2026,Dec,WHSL,Wholesale,ST-0027,Candy Cane Stripe Romper,Candy Cane Stripe,Girls,Sets,Romper,Holiday,New,0,0.0,46.07,0,0,0.0,0.0
FY2025-01,2025,Feb,ECOM,Ecommerce,ST-0028,Tulip Garden One-Piece,Tulip Garden,Girls,Swim,One-Piece,Spring,New,219,11125.99,50.8,440,318,0.3323,8.0
FY2025-01,2025,Feb,STORE,Retail Stores,ST-0028,Tulip Garden One-Piece,Tulip Garden,Girls,Swim,One-Piece,Spring,New,221,11693.67,52.91,210,94,0.5128,3.8
FY2025-01,2025,Feb,WHSL,Wholesale,ST-0028,Tulip Garden One-Piece,Tulip Garden,Girls,Swim,One-Piece,Spring,New,252,10521.71,41.75,227,13,0.5261,3.6
FY2025-02,2025,Mar,ECOM,Ecommerce,ST-0028,Tulip Garden One-Piece,Tulip Garden,Girls,Swim,One-Piece,Spring,New,166,9401.08,56.63,321,215,0.3409,9.7
FY2025-02,2025,Mar,STORE,Retail Stores,ST-0028,Tulip Garden One-Piece,Tulip Garden,Girls,Swim,One-Piece,Spring,New,244,12637.95,51.79,526,433,0.3169,10.8
FY2025-02,2025,Mar,WHSL,Wholesale,ST-0028,Tulip Garden One-Piece,Tulip Garden,Girls,Swim,One-Piece,Spring,New,231,9644.9,41.75,225,128,0.5066,4.9
FY2025-03,2025,Apr,ECOM,Ecommerce,ST-0028,Tulip Garden One-Piece,Tulip Garden,Girls,Swim,One-Piece,Spring,New,571,30817.45,53.97,587,68,0.4931,4.1
FY2025-03,2025,Apr,STORE,Retail Stores,ST-0028,Tulip Garden One-Piece,Tulip Garden,Girls,Swim,One-Piece,Spring,New,81,4546.86,56.13,125,77,0.3932,6.2
FY2025-03,2025,Apr,WHSL,Wholesale,ST-0028,Tulip Garden One-Piece,Tulip Garden,Girls,Swim,One-Piece,Spring,New,316,13193.88,41.75,535,165,0.3713,6.8
FY2026-01,2026,Feb,ECOM,Ecommerce,ST-0028,Tulip Garden One-Piece,Tulip Garden,Girls,Swim,One-Piece,Spring,New,420,22234.5,52.94,984,612,0.2991,9.4
FY2026-01,2026,Feb,STORE,Retail Stores,ST-0028,Tulip Garden One-Piece,Tulip Garden,Girls,Swim,One-Piece,Spring,New,62,3359.73,54.19,128,76,0.3263,8.3
FY2026-01,2026,Feb,WHSL,Wholesale,ST-0028,Tulip Garden One-Piece,Tulip Garden,Girls,Swim,One-Piece,Spring,New,187,7807.77,41.75,170,144,0.5238,3.6
FY2026-02,2026,Mar,ECOM,Ecommerce,ST-0028,Tulip Garden One-Piece,Tulip Garden,Girls,Swim,One-Piece,Spring,New,245,14175.13,57.86,398,37,0.381,8.1
FY2026-02,2026,Mar,STORE,Retail Stores,ST-0028,Tulip Garden One-Piece,Tulip Garden,Girls,Swim,One-Piece,Spring,New,32,1612.66,50.4,75,24,0.2991,11.7
FY2026-02,2026,Mar,WHSL,Wholesale,ST-0028,Tulip Garden One-Piece,Tulip Garden,Girls,Swim,One-Piece,Spring,New,36,1503.1,41.75,73,61,0.3303,10.1
FY2026-03,2026,Apr,ECOM,Ecommerce,ST-0028,Tulip Garden One-Piece,Tulip Garden,Girls,Swim,One-Piece,Spring,New,99,5183.07,52.35,128,2,0.4361,5.2
FY2026-03,2026,Apr,STORE,Retail Stores,ST-0028,Tulip Garden One-Piece,Tulip Garden,Girls,Swim,One-Piece,Spring,New,97,5451.44,56.2,197,120,0.3299,8.1
FY2026-03,2026,Apr,WHSL,Wholesale,ST-0028,Tulip Garden One-Piece,Tulip Garden,Girls,Swim,One-Piece,Spring,New,135,5636.63,41.75,150,116,0.4737,4.4
FY2025-01,2025,Feb,ECOM,Ecommerce,ST-0029,Hydrangea Rash Guard Set,Hydrangea,Girls,Swim,Rash Guard Set,Spring,New,501,27914.79,55.72,421,225,0.5434,3.4
FY2025-01,2025,Feb,STORE,Retail Stores,ST-0029,Hydrangea Rash Guard Set,Hydrangea,Girls,Swim,Rash Guard Set,Spring,New,130,6730.7,51.77,289,133,0.3103,8.9
FY2025-01,2025,Feb,WHSL,Wholesale,ST-0029,Hydrangea Rash Guard Set,Hydrangea,Girls,Swim,Rash Guard Set,Spring,New,270,11662.06,43.19,242,132,0.5273,3.6
FY2025-02,2025,Mar,ECOM,Ecommerce,ST-0029,Hydrangea Rash Guard Set,Hydrangea,Girls,Swim,Rash Guard Set,Spring,New,503,27710.44,55.09,1101,802,0.3136,10.9
FY2025-02,2025,Mar,STORE,Retail Stores,ST-0029,Hydrangea Rash Guard Set,Hydrangea,Girls,Swim,Rash Guard Set,Spring,New,53,2841.9,53.62,72,38,0.424,6.8
FY2025-02,2025,Mar,WHSL,Wholesale,ST-0029,Hydrangea Rash Guard Set,Hydrangea,Girls,Swim,Rash Guard Set,Spring,New,105,4535.24,43.19,186,4,0.3608,8.9
FY2025-03,2025,Apr,ECOM,Ecommerce,ST-0029,Hydrangea Rash Guard Set,Hydrangea,Girls,Swim,Rash Guard Set,Spring,New,287,16534.35,57.61,616,195,0.3178,8.6
FY2025-03,2025,Apr,STORE,Retail Stores,ST-0029,Hydrangea Rash Guard Set,Hydrangea,Girls,Swim,Rash Guard Set,Spring,New,128,7133.81,55.73,214,154,0.3743,6.7
FY2025-03,2025,Apr,WHSL,Wholesale,ST-0029,Hydrangea Rash Guard Set,Hydrangea,Girls,Swim,Rash Guard Set,Spring,New,197,8508.98,43.19,403,236,0.3283,8.2
FY2026-01,2026,Feb,ECOM,Ecommerce,ST-0029,Hydrangea Rash Guard Set,Hydrangea,Girls,Swim,Rash Guard Set,Spring,New,289,14994.77,51.89,425,339,0.4048,5.9
FY2026-01,2026,Feb,STORE,Retail Stores,ST-0029,Hydrangea Rash Guard Set,Hydrangea,Girls,Swim,Rash Guard Set,Spring,New,174,9364.53,53.82,362,107,0.3246,8.3
FY2026-01,2026,Feb,WHSL,Wholesale,ST-0029,Hydrangea Rash Guard Set,Hydrangea,Girls,Swim,Rash Guard Set,Spring,New,302,13044.23,43.19,354,53,0.4604,4.7
FY2026-02,2026,Mar,ECOM,Ecommerce,ST-0029,Hydrangea Rash Guard Set,Hydrangea,Girls,Swim,Rash Guard Set,Spring,New,207,12258.99,59.22,311,148,0.3996,7.5
FY2026-02,2026,Mar,STORE,Retail Stores,ST-0029,Hydrangea Rash Guard Set,Hydrangea,Girls,Swim,Rash Guard Set,Spring,New,61,3230.64,52.96,136,90,0.3096,11.1
FY2026-02,2026,Mar,WHSL,Wholesale,ST-0029,Hydrangea Rash Guard Set,Hydrangea,Girls,Swim,Rash Guard Set,Spring,New,280,12093.98,43.19,308,114,0.4762,5.5
FY2026-03,2026,Apr,ECOM,Ecommerce,ST-0029,Hydrangea Rash Guard Set,Hydrangea,Girls,Swim,Rash Guard Set,Spring,New,279,14446.49,51.78,570,133,0.3286,8.2
FY2026-03,2026,Apr,STORE,Retail Stores,ST-0029,Hydrangea Rash Guard Set,Hydrangea,Girls,Swim,Rash Guard Set,Spring,New,132,7183.42,54.42,302,229,0.3041,9.2
FY2026-03,2026,Apr,WHSL,Wholesale,ST-0029,Hydrangea Rash Guard Set,Hydrangea,Girls,Swim,Rash Guard Set,Spring,New,434,18745.68,43.19,307,263,0.5857,2.8
FY2025-04,2025,May,ECOM,Ecommerce,ST-0030,Nantucket Stripe Rash Guard Set,Nantucket Stripe,Girls,Swim,Rash Guard Set,Summer,New,214,10666.03,49.84,404,135,0.3463,7.6
FY2025-04,2025,May,STORE,Retail Stores,ST-0030,Nantucket Stripe Rash Guard Set,Nantucket Stripe,Girls,Swim,Rash Guard Set,Summer,New,160,7729.62,48.31,194,111,0.452,4.8
FY2025-04,2025,May,WHSL,Wholesale,ST-0030,Nantucket Stripe Rash Guard Set,Nantucket Stripe,Girls,Swim,Rash Guard Set,Summer,New,303,11342.14,37.43,219,45,0.5805,2.9
FY2025-05,2025,Jun,ECOM,Ecommerce,ST-0030,Nantucket Stripe Rash Guard Set,Nantucket Stripe,Girls,Swim,Rash Guard Set,Summer,New,352,17922.21,50.92,371,148,0.4869,5.3
FY2025-05,2025,Jun,STORE,Retail Stores,ST-0030,Nantucket Stripe Rash Guard Set,Nantucket Stripe,Girls,Swim,Rash Guard Set,Summer,New,367,19020.87,51.83,556,398,0.3976,7.6
FY2025-05,2025,Jun,WHSL,Wholesale,ST-0030,Nantucket Stripe Rash Guard Set,Nantucket Stripe,Girls,Swim,Rash Guard Set,Summer,New,245,9171.04,37.43,399,354,0.3804,8.1
FY2025-06,2025,Jul,ECOM,Ecommerce,ST-0030,Nantucket Stripe Rash Guard Set,Nantucket Stripe,Girls,Swim,Rash Guard Set,Summer,New,335,16321.76,48.72,599,227,0.3587,7.2
FY2025-06,2025,Jul,STORE,Retail Stores,ST-0030,Nantucket Stripe Rash Guard Set,Nantucket Stripe,Girls,Swim,Rash Guard Set,Summer,New,41,2001.14,48.81,58,15,0.4141,5.7
FY2025-06,2025,Jul,WHSL,Wholesale,ST-0030,Nantucket Stripe Rash Guard Set,Nantucket Stripe,Girls,Swim,Rash Guard Set,Summer,New,155,5802.08,37.43,161,14,0.4905,4.2
FY2026-04,2026,May,ECOM,Ecommerce,ST-0030,Nantucket Stripe Rash Guard Set,Nantucket Stripe,Girls,Swim,Rash Guard Set,Summer,New,307,15867.15,51.68,358,152,0.4617,4.7
FY2026-04,2026,May,STORE,Retail Stores,ST-0030,Nantucket Stripe Rash Guard Set,Nantucket Stripe,Girls,Swim,Rash Guard Set,Summer,New,143,6455.5,45.14,294,9,0.3272,8.2
FY2026-04,2026,May,WHSL,Wholesale,ST-0030,Nantucket Stripe Rash Guard Set,Nantucket Stripe,Girls,Swim,Rash Guard Set,Summer,New,251,9395.63,37.43,283,81,0.47,4.5
FY2026-05,2026,Jun,ECOM,Ecommerce,ST-0030,Nantucket Stripe Rash Guard Set,Nantucket Stripe,Girls,Swim,Rash Guard Set,Summer,New,237,11859.97,50.04,342,275,0.4093,7.2
FY2026-05,2026,Jun,STORE,Retail Stores,ST-0030,Nantucket Stripe Rash Guard Set,Nantucket Stripe,Girls,Swim,Rash Guard Set,Summer,New,190,9484.01,49.92,437,352,0.303,11.5
FY2026-05,2026,Jun,WHSL,Wholesale,ST-0030,Nantucket Stripe Rash Guard Set,Nantucket Stripe,Girls,Swim,Rash Guard Set,Summer,New,194,7261.96,37.43,281,147,0.4084,7.2
FY2026-06,2026,Jul,ECOM,Ecommerce,ST-0030,Nantucket Stripe Rash Guard Set,Nantucket Stripe,Girls,Swim,Rash Guard Set,Summer,New,334,15558.38,46.58,402,152,0.4538,4.8
FY2026-06,2026,Jul,STORE,Retail Stores,ST-0030,Nantucket Stripe Rash Guard Set,Nantucket Stripe,Girls,Swim,Rash Guard Set,Summer,New,117,5938.09,50.75,205,137,0.3634,7.0
FY2026-06,2026,Jul,WHSL,Wholesale,ST-0030,Nantucket Stripe Rash Guard Set,Nantucket Stripe,Girls,Swim,Rash Guard Set,Summer,New,532,19914.25,37.43,1244,390,0.2995,9.4
FY2025-04,2025,May,ECOM,Ecommerce,ST-0031,Strawberry Fields PJ Set,Strawberry Fields,Girls,Sleepwear,PJ Set,Summer,Carryover,327,14266.18,43.63,691,94,0.3212,8.5
FY2025-04,2025,May,STORE,Retail Stores,ST-0031,Strawberry Fields PJ Set,Strawberry Fields,Girls,Sleepwear,PJ Set,Summer,Carryover,108,4943.69,45.77,80,56,0.5745,3.0
FY2025-04,2025,May,WHSL,Wholesale,ST-0031,Strawberry Fields PJ Set,Strawberry Fields,Girls,Sleepwear,PJ Set,Summer,Carryover,347,12489.5,35.99,539,77,0.3916,6.2
FY2025-05,2025,Jun,ECOM,Ecommerce,ST-0031,Strawberry Fields PJ Set,Strawberry Fields,Girls,Sleepwear,PJ Set,Summer,Carryover,210,9077.19,43.22,390,154,0.35,9.3
FY2025-05,2025,Jun,STORE,Retail Stores,ST-0031,Strawberry Fields PJ Set,Strawberry Fields,Girls,Sleepwear,PJ Set,Summer,Carryover,219,9840.13,44.93,444,38,0.3303,10.1
FY2025-05,2025,Jun,WHSL,Wholesale,ST-0031,Strawberry Fields PJ Set,Strawberry Fields,Girls,Sleepwear,PJ Set,Summer,Carryover,263,9466.11,35.99,570,144,0.3157,10.8
FY2025-06,2025,Jul,ECOM,Ecommerce,ST-0031,Strawberry Fields PJ Set,Strawberry Fields,Girls,Sleepwear,PJ Set,Summer,Carryover,459,21592.41,47.04,842,196,0.3528,7.3
FY2025-06,2025,Jul,STORE,Retail Stores,ST-0031,Strawberry Fields PJ Set,Strawberry Fields,Girls,Sleepwear,PJ Set,Summer,Carryover,233,11520.87,49.45,379,340,0.3807,6.5
FY2025-06,2025,Jul,WHSL,Wholesale,ST-0031,Strawberry Fields PJ Set,Strawberry Fields,Girls,Sleepwear,PJ Set,Summer,Carryover,334,12021.6,35.99,328,188,0.5045,3.9
FY2026-04,2026,May,ECOM,Ecommerce,ST-0031,Strawberry Fields PJ Set,Strawberry Fields,Girls,Sleepwear,PJ Set,Summer,Carryover,141,6100.22,43.26,313,101,0.3106,8.9
FY2026-04,2026,May,STORE,Retail Stores,ST-0031,Strawberry Fields PJ Set,Strawberry Fields,Girls,Sleepwear,PJ Set,Summer,Carryover,176,7915.53,44.97,419,345,0.2958,9.5
FY2026-04,2026,May,WHSL,Wholesale,ST-0031,Strawberry Fields PJ Set,Strawberry Fields,Girls,Sleepwear,PJ Set,Summer,Carryover,273,9826.03,35.99,199,162,0.5784,2.9
FY2026-05,2026,Jun,ECOM,Ecommerce,ST-0031,Strawberry Fields PJ Set,Strawberry Fields,Girls,Sleepwear,PJ Set,Summer,Carryover,558,26827.1,48.08,613,284,0.4765,5.5
FY2026-05,2026,Jun,STORE,Retail Stores,ST-0031,Strawberry Fields PJ Set,Strawberry Fields,Girls,Sleepwear,PJ Set,Summer,Carryover,93,4012.71,43.15,78,56,0.5439,4.2
FY2026-05,2026,Jun,WHSL,Wholesale,ST-0031,Strawberry Fields PJ Set,Strawberry Fields,Girls,Sleepwear,PJ Set,Summer,Carryover,303,10905.82,35.99,500,34,0.3773,8.3
FY2026-06,2026,Jul,ECOM,Ecommerce,ST-0031,Strawberry Fields PJ Set,Strawberry Fields,Girls,Sleepwear,PJ Set,Summer,Carryover,244,12178.1,49.91,540,220,0.3112,8.9
FY2026-06,2026,Jul,STORE,Retail Stores,ST-0031,Strawberry Fields PJ Set,Strawberry Fields,Girls,Sleepwear,PJ Set,Summer,Carryover,40,1986.15,49.65,40,34,0.5,4.0
FY2026-06,2026,Jul,WHSL,Wholesale,ST-0031,Strawberry Fields PJ Set,Strawberry Fields,Girls,Sleepwear,PJ Set,Summer,Carryover,245,8818.24,35.99,253,205,0.492,4.1
FY2025-07,2025,Aug,ECOM,Ecommerce,ST-0032,Pomegranate PJ Set,Pomegranate,Girls,Sleepwear,PJ Set,Fall,New,357,18301.8,51.27,761,490,0.3193,8.5
FY2025-07,2025,Aug,STORE,Retail Stores,ST-0032,Pomegranate PJ Set,Pomegranate,Girls,Sleepwear,PJ Set,Fall,New,232,11995.92,51.71,450,323,0.3402,7.8
FY2025-07,2025,Aug,WHSL,Wholesale,ST-0032,Pomegranate PJ Set,Pomegranate,Girls,Sleepwear,PJ Set,Fall,New,394,14748.52,37.43,705,236,0.3585,7.2
FY2025-08,2025,Sep,ECOM,Ecommerce,ST-0032,Pomegranate PJ Set,Pomegranate,Girls,Sleepwear,PJ Set,Fall,New,227,10938.85,48.19,351,227,0.3927,7.7
FY2025-08,2025,Sep,STORE,Retail Stores,ST-0032,Pomegranate PJ Set,Pomegranate,Girls,Sleepwear,PJ Set,Fall,New,154,7751.39,50.33,197,101,0.4387,6.4
FY2025-08,2025,Sep,WHSL,Wholesale,ST-0032,Pomegranate PJ Set,Pomegranate,Girls,Sleepwear,PJ Set,Fall,New,179,6700.47,37.43,353,281,0.3365,9.9
FY2025-09,2025,Oct,ECOM,Ecommerce,ST-0032,Pomegranate PJ Set,Pomegranate,Girls,Sleepwear,PJ Set,Fall,New,313,14565.88,46.54,414,49,0.4305,5.3
FY2025-09,2025,Oct,STORE,Retail Stores,ST-0032,Pomegranate PJ Set,Pomegranate,Girls,Sleepwear,PJ Set,Fall,New,198,9122.16,46.07,270,80,0.4231,5.5
FY2025-09,2025,Oct,WHSL,Wholesale,ST-0032,Pomegranate PJ Set,Pomegranate,Girls,Sleepwear,PJ Set,Fall,New,141,5278.02,37.43,150,109,0.4845,4.3
FY2026-07,2026,Aug,ECOM,Ecommerce,ST-0032,Pomegranate PJ Set,Pomegranate,Girls,Sleepwear,PJ Set,Fall,New,468,23750.81,50.75,657,94,0.416,5.6
FY2026-07,2026,Aug,STORE,Retail Stores,ST-0032,Pomegranate PJ Set,Pomegranate,Girls,Sleepwear,PJ Set,Fall,New,234,11752.82,50.23,384,13,0.3786,6.6
FY2026-07,2026,Aug,WHSL,Wholesale,ST-0032,Pomegranate PJ Set,Pomegranate,Girls,Sleepwear,PJ Set,Fall,New,353,13213.78,37.43,364,49,0.4923,4.1
FY2026-08,2026,Sep,ECOM,Ecommerce,ST-0032,Pomegranate PJ Set,Pomegranate,Girls,Sleepwear,PJ Set,Fall,New,369,18724.23,50.74,549,22,0.402,7.4
FY2026-08,2026,Sep,STORE,Retail Stores,ST-0032,Pomegranate PJ Set,Pomegranate,Girls,Sleepwear,PJ Set,Fall,New,235,12053.86,51.29,524,448,0.3096,11.1
FY2026-08,2026,Sep,WHSL,Wholesale,ST-0032,Pomegranate PJ Set,Pomegranate,Girls,Sleepwear,PJ Set,Fall,New,34,1272.72,37.43,70,24,0.3269,10.3
FY2026-09,2026,Oct,ECOM,Ecommerce,ST-0032,Pomegranate PJ Set,Pomegranate,Girls,Sleepwear,PJ Set,Fall,New,306,14377.41,46.98,538,142,0.3626,7.0
FY2026-09,2026,Oct,STORE,Retail Stores,ST-0032,Pomegranate PJ Set,Pomegranate,Girls,Sleepwear,PJ Set,Fall,New,72,3506.58,48.7,68,61,0.5143,3.8
FY2026-09,2026,Oct,WHSL,Wholesale,ST-0032,Pomegranate PJ Set,Pomegranate,Girls,Sleepwear,PJ Set,Fall,New,283,10593.48,37.43,264,91,0.5174,3.7
FY2025-09,2025,Oct,ECOM,Ecommerce,ST-0033,Snowdrop PJ Set,Snowdrop,Girls,Sleepwear,PJ Set,Holiday,New,309,16297.56,52.74,420,245,0.4239,5.4
FY2025-09,2025,Oct,STORE,Retail Stores,ST-0033,Snowdrop PJ Set,Snowdrop,Girls,Sleepwear,PJ Set,Holiday,New,62,2914.81,47.01,120,95,0.3407,7.7
FY2025-09,2025,Oct,WHSL,Wholesale,ST-0033,Snowdrop PJ Set,Snowdrop,Girls,Sleepwear,PJ Set,Holiday,New,262,10184.67,38.87,555,29,0.3207,8.5
FY2025-10,2025,Nov,ECOM,Ecommerce,ST-0033,Snowdrop PJ Set,Snowdrop,Girls,Sleepwear,PJ Set,Holiday,New,349,16385.27,46.95,663,463,0.3449,7.6
FY2025-10,2025,Nov,STORE,Retail Stores,ST-0033,Snowdrop PJ Set,Snowdrop,Girls,Sleepwear,PJ Set,Holiday,New,126,6516.32,51.72,248,7,0.3369,7.9
FY2025-10,2025,Nov,WHSL,Wholesale,ST-0033,Snowdrop PJ Set,Snowdrop,Girls,Sleepwear,PJ Set,Holiday,New,111,4314.88,38.87,181,67,0.3801,6.5
FY2025-11,2025,Dec,ECOM,Ecommerce,ST-0033,Snowdrop PJ Set,Snowdrop,Girls,Sleepwear,PJ Set,Holiday,New,314,14655.62,46.67,520,62,0.3765,8.3
FY2025-11,2025,Dec,STORE,Retail Stores,ST-0033,Snowdrop PJ Set,Snowdrop,Girls,Sleepwear,PJ Set,Holiday,New,232,12215.33,52.65,181,150,0.5617,3.9
FY2025-11,2025,Dec,WHSL,Wholesale,ST-0033,Snowdrop PJ Set,Snowdrop,Girls,Sleepwear,PJ Set,Holiday,New,225,8746.38,38.87,207,128,0.5208,4.6
FY2026-09,2026,Oct,ECOM,Ecommerce,ST-0033,Snowdrop PJ Set,Snowdrop,Girls,Sleepwear,PJ Set,Holiday,New,222,10603.86,47.77,165,98,0.5736,3.0
FY2026-09,2026,Oct,STORE,Retail Stores,ST-0033,Snowdrop PJ Set,Snowdrop,Girls,Sleepwear,PJ Set,Holiday,New,133,7007.06,52.68,235,206,0.3614,7.1
FY2026-09,2026,Oct,WHSL,Wholesale,ST-0033,Snowdrop PJ Set,Snowdrop,Girls,Sleepwear,PJ Set,Holiday,New,66,2565.6,38.87,67,48,0.4962,4.1
FY2026-10,2026,Nov,ECOM,Ecommerce,ST-0033,Snowdrop PJ Set,Snowdrop,Girls,Sleepwear,PJ Set,Holiday,New,371,19861.08,53.53,365,280,0.5041,3.9
FY2026-10,2026,Nov,STORE,Retail Stores,ST-0033,Snowdrop PJ Set,Snowdrop,Girls,Sleepwear,PJ Set,Holiday,New,234,11429.02,48.84,448,237,0.3431,7.7
FY2026-10,2026,Nov,WHSL,Wholesale,ST-0033,Snowdrop PJ Set,Snowdrop,Girls,Sleepwear,PJ Set,Holiday,New,328,12750.28,38.87,242,75,0.5754,3.0
FY2026-11,2026,Dec,ECOM,Ecommerce,ST-0033,Snowdrop PJ Set,Snowdrop,Girls,Sleepwear,PJ Set,Holiday,New,41,2010.99,49.05,66,17,0.3832,8.0
FY2026-11,2026,Dec,STORE,Retail Stores,ST-0033,Snowdrop PJ Set,Snowdrop,Girls,Sleepwear,PJ Set,Holiday,New,241,12462.08,51.71,545,362,0.3066,11.3
FY2026-11,2026,Dec,WHSL,Wholesale,ST-0033,Snowdrop PJ Set,Snowdrop,Girls,Sleepwear,PJ Set,Holiday,New,9,349.86,38.87,12,0,0.4286,6.7
FY2025-01,2025,Feb,ECOM,Ecommerce,ST-0034,Cherry Blossom Nightgown,Cherry Blossom,Girls,Sleepwear,Nightgown,Spring,New,247,12669.6,51.29,426,126,0.367,6.9
FY2025-01,2025,Feb,STORE,Retail Stores,ST-0034,Cherry Blossom Nightgown,Cherry Blossom,Girls,Sleepwear,Nightgown,Spring,New,157,8166.39,52.02,117,73,0.573,3.0
FY2025-01,2025,Feb,WHSL,Wholesale,ST-0034,Cherry Blossom Nightgown,Cherry Blossom,Girls,Sleepwear,Nightgown,Spring,New,151,6304.67,41.75,126,27,0.5451,3.3
FY2025-02,2025,Mar,ECOM,Ecommerce,ST-0034,Cherry Blossom Nightgown,Cherry Blossom,Girls,Sleepwear,Nightgown,Spring,New,0,0.0,55.05,0,0,0.0,0.0
FY2025-02,2025,Mar,STORE,Retail Stores,ST-0034,Cherry Blossom Nightgown,Cherry Blossom,Girls,Sleepwear,Nightgown,Spring,New,243,12765.37,52.53,472,213,0.3399,9.7
FY2025-02,2025,Mar,WHSL,Wholesale,ST-0034,Cherry Blossom Nightgown,Cherry Blossom,Girls,Sleepwear,Nightgown,Spring,New,480,20041.34,41.75,727,129,0.3977,7.6
FY2025-03,2025,Apr,ECOM,Ecommerce,ST-0034,Cherry Blossom Nightgown,Cherry Blossom,Girls,Sleepwear,Nightgown,Spring,New,186,10496.79,56.43,390,240,0.3229,8.4
FY2025-03,2025,Apr,STORE,Retail Stores,ST-0034,Cherry Blossom Nightgown,Cherry Blossom,Girls,Sleepwear,Nightgown,Spring,New,110,6190.52,56.28,229,156,0.3245,8.3
FY2025-03,2025,Apr,WHSL,Wholesale,ST-0034,Cherry Blossom Nightgown,Cherry Blossom,Girls,Sleepwear,Nightgown,Spring,New,154,6429.93,41.75,338,286,0.313,8.8
FY2026-01,2026,Feb,ECOM,Ecommerce,ST-0034,Cherry Blossom Nightgown,Cherry Blossom,Girls,Sleepwear,Nightgown,Spring,New,379,20079.25,52.98,712,231,0.3474,7.5
FY2026-01,2026,Feb,STORE,Retail Stores,ST-0034,Cherry Blossom Nightgown,Cherry Blossom,Girls,Sleepwear,Nightgown,Spring,New,184,9798.87,53.25,198,167,0.4817,4.3
FY2026-01,2026,Feb,WHSL,Wholesale,ST-0034,Cherry Blossom Nightgown,Cherry Blossom,Girls,Sleepwear,Nightgown,Spring,New,218,9102.11,41.75,469,339,0.3173,8.6
FY2026-02,2026,Mar,ECOM,Ecommerce,ST-0034,Cherry Blossom Nightgown,Cherry Blossom,Girls,Sleepwear,Nightgown,Spring,New,130,7089.71,54.54,212,21,0.3801,8.2
FY2026-02,2026,Mar,STORE,Retail Stores,ST-0034,Cherry Blossom Nightgown,Cherry Blossom,Girls,Sleepwear,Nightgown,Spring,New,195,10817.25,55.47,187,110,0.5105,4.8
FY2026-02,2026,Mar,WHSL,Wholesale,ST-0034,Cherry Blossom Nightgown,Cherry Blossom,Girls,Sleepwear,Nightgown,Spring,New,171,7139.73,41.75,261,105,0.3958,7.6
FY2026-03,2026,Apr,ECOM,Ecommerce,ST-0034,Cherry Blossom Nightgown,Cherry Blossom,Girls,Sleepwear,Nightgown,Spring,New,384,19254.29,50.14,536,102,0.4174,5.6
FY2026-03,2026,Apr,STORE,Retail Stores,ST-0034,Cherry Blossom Nightgown,Cherry Blossom,Girls,Sleepwear,Nightgown,Spring,New,92,4739.2,51.51,178,38,0.3407,7.7
FY2026-03,2026,Apr,WHSL,Wholesale,ST-0034,Cherry Blossom Nightgown,Cherry Blossom,Girls,Sleepwear,Nightgown,Spring,New,280,11690.78,41.75,621,252,0.3108,8.9
FY2025-04,2025,May,ECOM,Ecommerce,ST-0035,Palm Frond Nightgown,Palm Frond,Girls,Sleepwear,Nightgown,Summer,New,499,25369.92,50.84,1156,230,0.3015,9.3
FY2025-04,2025,May,STORE,Retail Stores,ST-0035,Palm Frond Nightgown,Palm Frond,Girls,Sleepwear,Nightgown,Summer,New,221,10555.65,47.76,159,122,0.5816,2.9
FY2025-04,2025,May,WHSL,Wholesale,ST-0035,Palm Frond Nightgown,Palm Frond,Girls,Sleepwear,Nightgown,Summer,New,142,5519.94,38.87,204,11,0.4104,5.7
FY2025-05,2025,Jun,ECOM,Ecommerce,ST-0035,Palm Frond Nightgown,Palm Frond,Girls,Sleepwear,Nightgown,Summer,New,188,9662.88,51.4,234,69,0.4455,6.2
FY2025-05,2025,Jun,STORE,Retail Stores,ST-0035,Palm Frond Nightgown,Palm Frond,Girls,Sleepwear,Nightgown,Summer,New,139,6655.06,47.88,148,32,0.4843,5.3
FY2025-05,2025,Jun,WHSL,Wholesale,ST-0035,Palm Frond Nightgown,Palm Frond,Girls,Sleepwear,Nightgown,Summer,New,1,38.87,38.87,2,1,0.3333,10.0
FY2025-06,2025,Jul,ECOM,Ecommerce,ST-0035,Palm Frond Nightgown,Palm Frond,Girls,Sleepwear,Nightgown,Summer,New,399,21219.22,53.18,428,366,0.4825,4.3
FY2025-06,2025,Jul,STORE,Retail Stores,ST-0035,Palm Frond Nightgown,Palm Frond,Girls,Sleepwear,Nightgown,Summer,New,299,15276.97,51.09,293,177,0.5051,3.9
FY2025-06,2025,Jul,WHSL,Wholesale,ST-0035,Palm Frond Nightgown,Palm Frond,Girls,Sleepwear,Nightgown,Summer,New,309,12011.7,38.87,599,354,0.3403,7.8
FY2026-04,2026,May,ECOM,Ecommerce,ST-0035,Palm Frond Nightgown,Palm Frond,Girls,Sleepwear,Nightgown,Summer,New,378,17634.44,46.65,561,277,0.4026,5.9
FY2026-04,2026,May,STORE,Retail Stores,ST-0035,Palm Frond Nightgown,Palm Frond,Girls,Sleepwear,Nightgown,Summer,New,156,7978.79,51.15,250,70,0.3842,6.4
FY2026-04,2026,May,WHSL,Wholesale,ST-0035,Palm Frond Nightgown,Palm Frond,Girls,Sleepwear,Nightgown,Summer,New,415,16132.21,38.87,515,160,0.4462,5.0
FY2026-05,2026,Jun,ECOM,Ecommerce,ST-0035,Palm Frond Nightgown,Palm Frond,Girls,Sleepwear,Nightgown,Summer,New,235,11502.01,48.94,417,133,0.3604,8.9
FY2026-05,2026,Jun,STORE,Retail Stores,ST-0035,Palm Frond Nightgown,Palm Frond,Girls,Sleepwear,Nightgown,Summer,New,227,11970.08,52.73,485,417,0.3188,10.7
FY2026-05,2026,Jun,WHSL,Wholesale,ST-0035,Palm Frond Nightgown,Palm Frond,Girls,Sleepwear,Nightgown,Summer,New,304,11817.33,38.87,581,213,0.3435,9.6
FY2026-06,2026,Jul,ECOM,Ecommerce,ST-0035,Palm Frond Nightgown,Palm Frond,Girls,Sleepwear,Nightgown,Summer,New,65,3164.78,48.69,46,26,0.5856,2.8
FY2026-06,2026,Jul,STORE,Retail Stores,ST-0035,Palm Frond Nightgown,Palm Frond,Girls,Sleepwear,Nightgown,Summer,New,155,8029.22,51.8,299,126,0.3414,7.7
FY2026-06,2026,Jul,WHSL,Wholesale,ST-0035,Palm Frond Nightgown,Palm Frond,Girls,Sleepwear,Nightgown,Summer,New,192,7463.58,38.87,367,309,0.3435,7.6
FY2025-07,2025,Aug,ECOM,Ecommerce,ST-0036,Autumn Gingham Nightgown,Autumn Gingham,Girls,Sleepwear,Nightgown,Fall,New,274,12349.91,45.07,511,66,0.349,7.5
FY2025-07,2025,Aug,STORE,Retail Stores,ST-0036,Autumn Gingham Nightgown,Autumn Gingham,Girls,Sleepwear,Nightgown,Fall,New,116,4659.76,40.17,240,177,0.3258,8.3
FY2025-07,2025,Aug,WHSL,Wholesale,ST-0036,Autumn Gingham Nightgown,Autumn Gingham,Girls,Sleepwear,Nightgown,Fall,New,335,11092.79,33.11,642,354,0.3429,7.7
FY2025-08,2025,Sep,ECOM,Ecommerce,ST-0036,Autumn Gingham Nightgown,Autumn Gingham,Girls,Sleepwear,Nightgown,Fall,New,498,21645.06,43.46,416,94,0.5449,4.2
FY2025-08,2025,Sep,STORE,Retail Stores,ST-0036,Autumn Gingham Nightgown,Autumn Gingham,Girls,Sleepwear,Nightgown,Fall,New,54,2200.16,40.74,53,34,0.5047,4.9
FY2025-08,2025,Sep,WHSL,Wholesale,ST-0036,Autumn Gingham Nightgown,Autumn Gingham,Girls,Sleepwear,Nightgown,Fall,New,422,13973.6,33.11,342,175,0.5524,4.1
FY2025-09,2025,Oct,ECOM,Ecommerce,ST-0036,Autumn Gingham Nightgown,Autumn Gingham,Girls,Sleepwear,Nightgown,Fall,New,441,18911.15,42.88,960,540,0.3148,8.7
FY2025-09,2025,Oct,STORE,Retail Stores,ST-0036,Autumn Gingham Nightgown,Autumn Gingham,Girls,Sleepwear,Nightgown,Fall,New,145,6428.45,44.33,256,212,0.3616,7.1
FY2025-09,2025,Oct,WHSL,Wholesale,ST-0036,Autumn Gingham Nightgown,Autumn Gingham,Girls,Sleepwear,Nightgown,Fall,New,196,6490.11,33.11,142,46,0.5799,2.9
FY2026-07,2026,Aug,ECOM,Ecommerce,ST-0036,Autumn Gingham Nightgown,Autumn Gingham,Girls,Sleepwear,Nightgown,Fall,New,491,20929.42,42.63,780,411,0.3863,6.4
FY2026-07,2026,Aug,STORE,Retail Stores,ST-0036,Autumn Gingham Nightgown,Autumn Gingham,Girls,Sleepwear,Nightgown,Fall,New,141,6033.14,42.79,104,37,0.5755,3.0
FY2026-07,2026,Aug,WHSL,Wholesale,ST-0036,Autumn Gingham Nightgown,Autumn Gingham,Girls,Sleepwear,Nightgown,Fall,New,275,9106.02,33.11,315,247,0.4661,4.6
FY2026-08,2026,Sep,ECOM,Ecommerce,ST-0036,Autumn Gingham Nightgown,Autumn Gingham,Girls,Sleepwear,Nightgown,Fall,New,290,12680.97,43.73,304,118,0.4882,5.2
FY2026-08,2026,Sep,STORE,Retail Stores,ST-0036,Autumn Gingham Nightgown,Autumn Gingham,Girls,Sleepwear,Nightgown,Fall,New,180,7997.76,44.43,268,38,0.4018,7.4
FY2026-08,2026,Sep,WHSL,Wholesale,ST-0036,Autumn Gingham Nightgown,Autumn Gingham,Girls,Sleepwear,Nightgown,Fall,New,109,3609.3,33.11,167,68,0.3949,7.7
FY2026-09,2026,Oct,ECOM,Ecommerce,ST-0036,Autumn Gingham Nightgown,Autumn Gingham,Girls,Sleepwear,Nightgown,Fall,New,302,13816.39,45.75,613,197,0.3301,8.1
FY2026-09,2026,Oct,STORE,Retail Stores,ST-0036,Autumn Gingham Nightgown,Autumn Gingham,Girls,Sleepwear,Nightgown,Fall,New,287,12526.61,43.65,673,40,0.299,9.4
FY2026-09,2026,Oct,WHSL,Wholesale,ST-0036,Autumn Gingham Nightgown,Autumn Gingham,Girls,Sleepwear,Nightgown,Fall,New,299,9900.73,33.11,551,2,0.3518,7.4
FY2025-09,2025,Oct,ECOM,Ecommerce,ST-0037,Holiday Holly Nightgown,Holiday Holly,Girls,Sleepwear,Nightgown,Holiday,Carryover,100,5804.15,58.04,214,36,0.3185,8.6
FY2025-09,2025,Oct,STORE,Retail Stores,ST-0037,Holiday Holly Nightgown,Holiday Holly,Girls,Sleepwear,Nightgown,Holiday,Carryover,319,17810.08,55.83,450,321,0.4148,5.6
FY2025-09,2025,Oct,WHSL,Wholesale,ST-0037,Holiday Holly Nightgown,Holiday Holly,Girls,Sleepwear,Nightgown,Holiday,Carryover,277,11964.41,43.19,647,348,0.2998,9.3
FY2025-10,2025,Nov,ECOM,Ecommerce,ST-0037,Holiday Holly Nightgown,Holiday Holly,Girls,Sleepwear,Nightgown,Holiday,Carryover,315,16961.63,53.85,299,239,0.513,3.8
FY2025-10,2025,Nov,STORE,Retail Stores,ST-0037,Holiday Holly Nightgown,Holiday Holly,Girls,Sleepwear,Nightgown,Holiday,Carryover,105,5916.98,56.35,99,5,0.5147,3.8
FY2025-10,2025,Nov,WHSL,Wholesale,ST-0037,Holiday Holly Nightgown,Holiday Holly,Girls,Sleepwear,Nightgown,Holiday,Carryover,372,16067.72,43.19,720,408,0.3407,7.7
FY2025-11,2025,Dec,ECOM,Ecommerce,ST-0037,Holiday Holly Nightgown,Holiday Holly,Girls,Sleepwear,Nightgown,Holiday,Carryover,457,25113.1,54.95,618,139,0.4251,6.8
FY2025-11,2025,Dec,STORE,Retail Stores,ST-0037,Holiday Holly Nightgown,Holiday Holly,Girls,Sleepwear,Nightgown,Holiday,Carryover,118,6280.01,53.22,240,114,0.3296,10.2
FY2025-11,2025,Dec,WHSL,Wholesale,ST-0037,Holiday Holly Nightgown,Holiday Holly,Girls,Sleepwear,Nightgown,Holiday,Carryover,144,6219.76,43.19,178,68,0.4472,6.2
FY2026-09,2026,Oct,ECOM,Ecommerce,ST-0037,Holiday Holly Nightgown,Holiday Holly,Girls,Sleepwear,Nightgown,Holiday,Carryover,362,19032.59,52.58,728,8,0.3321,8.0
FY2026-09,2026,Oct,STORE,Retail Stores,ST-0037,Holiday Holly Nightgown,Holiday Holly,Girls,Sleepwear,Nightgown,Holiday,Carryover,2,106.2,53.1,4,2,0.3333,8.0
FY2026-09,2026,Oct,WHSL,Wholesale,ST-0037,Holiday Holly Nightgown,Holiday Holly,Girls,Sleepwear,Nightgown,Holiday,Carryover,272,11748.44,43.19,523,375,0.3421,7.7
FY2026-10,2026,Nov,ECOM,Ecommerce,ST-0037,Holiday Holly Nightgown,Holiday Holly,Girls,Sleepwear,Nightgown,Holiday,Carryover,253,14672.14,57.99,238,124,0.5153,3.8
FY2026-10,2026,Nov,STORE,Retail Stores,ST-0037,Holiday Holly Nightgown,Holiday Holly,Girls,Sleepwear,Nightgown,Holiday,Carryover,15,865.94,57.73,32,9,0.3191,8.5
FY2026-10,2026,Nov,WHSL,Wholesale,ST-0037,Holiday Holly Nightgown,Holiday Holly,Girls,Sleepwear,Nightgown,Holiday,Carryover,165,7126.81,43.19,387,251,0.2989,9.4
FY2026-11,2026,Dec,ECOM,Ecommerce,ST-0037,Holiday Holly Nightgown,Holiday Holly,Girls,Sleepwear,Nightgown,Holiday,Carryover,231,12079.79,52.29,466,163,0.3314,10.1
FY2026-11,2026,Dec,STORE,Retail Stores,ST-0037,Holiday Holly Nightgown,Holiday Holly,Girls,Sleepwear,Nightgown,Holiday,Carryover,299,16376.81,54.77,630,419,0.3219,10.5
FY2026-11,2026,Dec,WHSL,Wholesale,ST-0037,Holiday Holly Nightgown,Holiday Holly,Girls,Sleepwear,Nightgown,Holiday,Carryover,197,8508.98,43.19,459,27,0.3003,11.6
FY2025-09,2025,Oct,ECOM,Ecommerce,ST-0038,Snowdrop Quilted Jacket,Snowdrop,Girls,Outerwear,Quilted Jacket,Holiday,New,436,47799.28,109.63,414,267,0.5129,3.8
FY2025-09,2025,Oct,STORE,Retail Stores,ST-0038,Snowdrop Quilted Jacket,Snowdrop,Girls,Outerwear,Quilted Jacket,Holiday,New,311,34103.77,109.66,402,117,0.4362,5.2
FY2025-09,2025,Oct,WHSL,Wholesale,ST-0038,Snowdrop Quilted Jacket,Snowdrop,Girls,Outerwear,Quilted Jacket,Holiday,New,236,21408.22,90.71,383,143,0.3813,6.5
FY2025-10,2025,Nov,ECOM,Ecommerce,ST-0038,Snowdrop Quilted Jacket,Snowdrop,Girls,Outerwear,Quilted Jacket,Holiday,New,175,20706.05,118.32,169,41,0.5087,3.9
FY2025-10,2025,Nov,STORE,Retail Stores,ST-0038,Snowdrop Quilted Jacket,Snowdrop,Girls,Outerwear,Quilted Jacket,Holiday,New,143,16565.05,115.84,155,118,0.4799,4.3
FY2025-10,2025,Nov,WHSL,Wholesale,ST-0038,Snowdrop Quilted Jacket,Snowdrop,Girls,Outerwear,Quilted Jacket,Holiday,New,422,38280.8,90.71,423,147,0.4994,4.0
FY2025-11,2025,Dec,ECOM,Ecommerce,ST-0038,Snowdrop Quilted Jacket,Snowdrop,Girls,Outerwear,Quilted Jacket,Holiday,New,148,17004.17,114.89,134,1,0.5248,4.5
FY2025-11,2025,Dec,STORE,Retail Stores,ST-0038,Snowdrop Quilted Jacket,Snowdrop,Girls,Outerwear,Quilted Jacket,Holiday,New,230,27942.45,121.49,520,276,0.3067,11.3
FY2025-11,2025,Dec,WHSL,Wholesale,ST-0038,Snowdrop Quilted Jacket,Snowdrop,Girls,Outerwear,Quilted Jacket,Holiday,New,154,13969.77,90.71,352,149,0.3043,11.4
FY2026-09,2026,Oct,ECOM,Ecommerce,ST-0038,Snowdrop Quilted Jacket,Snowdrop,Girls,Outerwear,Quilted Jacket,Holiday,New,633,68907.22,108.86,767,10,0.4521,4.8
FY2026-09,2026,Oct,STORE,Retail Stores,ST-0038,Snowdrop Quilted Jacket,Snowdrop,Girls,Outerwear,Quilted Jacket,Holiday,New,317,38160.67,120.38,687,614,0.3157,8.7
FY2026-09,2026,Oct,WHSL,Wholesale,ST-0038,Snowdrop Quilted Jacket,Snowdrop,Girls,Outerwear,Quilted Jacket,Holiday,New,279,25308.87,90.71,608,373,0.3145,8.7
FY2026-10,2026,Nov,ECOM,Ecommerce,ST-0038,Snowdrop Quilted Jacket,Snowdrop,Girls,Outerwear,Quilted Jacket,Holiday,New,88,10175.96,115.64,127,38,0.4093,5.8
FY2026-10,2026,Nov,STORE,Retail Stores,ST-0038,Snowdrop Quilted Jacket,Snowdrop,Girls,Outerwear,Quilted Jacket,Holiday,New,117,12840.85,109.75,169,58,0.4091,5.8
FY2026-10,2026,Nov,WHSL,Wholesale,ST-0038,Snowdrop Quilted Jacket,Snowdrop,Girls,Outerwear,Quilted Jacket,Holiday,New,243,22043.21,90.71,392,254,0.3827,6.5
FY2026-11,2026,Dec,ECOM,Ecommerce,ST-0038,Snowdrop Quilted Jacket,Snowdrop,Girls,Outerwear,Quilted Jacket,Holiday,New,257,29479.77,114.71,237,88,0.5202,4.6
FY2026-11,2026,Dec,STORE,Retail Stores,ST-0038,Snowdrop Quilted Jacket,Snowdrop,Girls,Outerwear,Quilted Jacket,Holiday,New,279,32125.1,115.14,660,193,0.2971,11.8
FY2026-11,2026,Dec,WHSL,Wholesale,ST-0038,Snowdrop Quilted Jacket,Snowdrop,Girls,Outerwear,Quilted Jacket,Holiday,New,270,24492.46,90.71,557,210,0.3265,10.3
FY2025-04,2025,May,ECOM,Ecommerce,ST-0039,Seashell Button-Down,Seashell,Boys,Tops,Button-Down,Summer,New,179,9318.45,52.06,265,120,0.4032,5.9
FY2025-04,2025,May,STORE,Retail Stores,ST-0039,Seashell Button-Down,Seashell,Boys,Tops,Button-Down,Summer,New,199,10488.39,52.71,439,306,0.3119,8.8
FY2025-04,2025,May,WHSL,Wholesale,ST-0039,Seashell Button-Down,Seashell,Boys,Tops,Button-Down,Summer,New,276,10728.89,38.87,411,312,0.4017,6.0
FY2025-05,2025,Jun,ECOM,Ecommerce,ST-0039,Seashell Button-Down,Seashell,Boys,Tops,Button-Down,Summer,New,362,17072.57,47.16,686,62,0.3454,9.5
FY2025-05,2025,Jun,STORE,Retail Stores,ST-0039,Seashell Button-Down,Seashell,Boys,Tops,Button-Down,Summer,New,152,7621.22,50.14,209,118,0.4211,6.9
FY2025-05,2025,Jun,WHSL,Wholesale,ST-0039,Seashell Button-Down,Seashell,Boys,Tops,Button-Down,Summer,New,165,6414.01,38.87,280,68,0.3708,8.5
FY2025-06,2025,Jul,ECOM,Ecommerce,ST-0039,Seashell Button-Down,Seashell,Boys,Tops,Button-Down,Summer,New,137,6549.06,47.8,233,30,0.3703,6.8
FY2025-06,2025,Jul,STORE,Retail Stores,ST-0039,Seashell Button-Down,Seashell,Boys,Tops,Button-Down,Summer,New,151,7583.26,50.22,210,187,0.4183,5.6
FY2025-06,2025,Jul,WHSL,Wholesale,ST-0039,Seashell Button-Down,Seashell,Boys,Tops,Button-Down,Summer,New,308,11972.82,38.87,706,514,0.3037,9.2
FY2026-04,2026,May,ECOM,Ecommerce,ST-0039,Seashell Button-Down,Seashell,Boys,Tops,Button-Down,Summer,New,425,19934.26,46.9,743,362,0.3639,7.0
FY2026-04,2026,May,STORE,Retail Stores,ST-0039,Seashell Button-Down,Seashell,Boys,Tops,Button-Down,Summer,New,90,4192.29,46.58,209,112,0.301,9.3
FY2026-04,2026,May,WHSL,Wholesale,ST-0039,Seashell Button-Down,Seashell,Boys,Tops,Button-Down,Summer,New,374,14538.43,38.87,483,63,0.4364,5.2
FY2026-05,2026,Jun,ECOM,Ecommerce,ST-0039,Seashell Button-Down,Seashell,Boys,Tops,Button-Down,Summer,New,519,25973.52,50.05,678,138,0.4336,6.5
FY2026-05,2026,Jun,STORE,Retail Stores,ST-0039,Seashell Button-Down,Seashell,Boys,Tops,Button-Down,Summer,New,276,14554.74,52.73,410,222,0.4023,7.4
FY2026-05,2026,Jun,WHSL,Wholesale,ST-0039,Seashell Button-Down,Seashell,Boys,Tops,Button-Down,Summer,New,332,12905.77,38.87,403,83,0.4517,6.1
FY2026-06,2026,Jul,ECOM,Ecommerce,ST-0039,Seashell Button-Down,Seashell,Boys,Tops,Button-Down,Summer,New,253,13047.16,51.57,367,308,0.4081,5.8
FY2026-06,2026,Jul,STORE,Retail Stores,ST-0039,Seashell Button-Down,Seashell,Boys,Tops,Button-Down,Summer,New,157,8212.13,52.31,156,135,0.5016,4.0
FY2026-06,2026,Jul,WHSL,Wholesale,ST-0039,Seashell Button-Down,Seashell,Boys,Tops,Button-Down,Summer,New,335,13022.39,38.87,741,568,0.3113,8.8
FY2025-09,2025,Oct,ECOM,Ecommerce,ST-0040,Candy Cane Stripe Button-Down,Candy Cane Stripe,Boys,Tops,Button-Down,Holiday,New,132,6479.84,49.09,301,265,0.3048,9.1
FY2025-09,2025,Oct,STORE,Retail Stores,ST-0040,Candy Cane Stripe Button-Down,Candy Cane Stripe,Boys,Tops,Button-Down,Holiday,New,158,8055.38,50.98,243,1,0.394,6.2
FY2025-09,2025,Oct,WHSL,Wholesale,ST-0040,Candy Cane Stripe Button-Down,Candy Cane Stripe,Boys,Tops,Button-Down,Holiday,New,305,11856.2,38.87,463,263,0.3971,6.1
FY2025-10,2025,Nov,ECOM,Ecommerce,ST-0040,Candy Cane Stripe Button-Down,Candy Cane Stripe,Boys,Tops,Button-Down,Holiday,New,208,9673.29,46.51,351,305,0.3721,6.8
FY2025-10,2025,Nov,STORE,Retail Stores,ST-0040,Candy Cane Stripe Button-Down,Candy Cane Stripe,Boys,Tops,Button-Down,Holiday,New,192,9819.16,51.14,138,96,0.5818,2.9
FY2025-10,2025,Nov,WHSL,Wholesale,ST-0040,Candy Cane Stripe Button-Down,Candy Cane Stripe,Boys,Tops,Button-Down,Holiday,New,17,660.84,38.87,33,28,0.34,7.8
FY2025-11,2025,Dec,ECOM,Ecommerce,ST-0040,Candy Cane Stripe Button-Down,Candy Cane Stripe,Boys,Tops,Button-Down,Holiday,New,258,13169.08,51.04,239,185,0.5191,4.6
FY2025-11,2025,Dec,STORE,Retail Stores,ST-0040,Candy Cane Stripe Button-Down,Candy Cane Stripe,Boys,Tops,Button-Down,Holiday,New,142,6915.65,48.7,129,82,0.524,4.5
FY2025-11,2025,Dec,WHSL,Wholesale,ST-0040,Candy Cane Stripe Button-Down,Candy Cane Stripe,Boys,Tops,Button-Down,Holiday,New,362,14071.95,38.87,535,91,0.4036,7.4
FY2026-09,2026,Oct,ECOM,Ecommerce,ST-0040,Candy Cane Stripe Button-Down,Candy Cane Stripe,Boys,Tops,Button-Down,Holiday,New,189,8875.64,46.96,301,262,0.3857,6.4
FY2026-09,2026,Oct,STORE,Retail Stores,ST-0040,Candy Cane Stripe Button-Down,Candy Cane Stripe,Boys,Tops,Button-Down,Holiday,New,103,4977.51,48.33,198,46,0.3422,7.7
FY2026-09,2026,Oct,WHSL,Wholesale,ST-0040,Candy Cane Stripe Button-Down,Candy Cane Stripe,Boys,Tops,Button-Down,Holiday,New,100,3887.28,38.87,124,60,0.4464,5.0
FY2026-10,2026,Nov,ECOM,Ecommerce,ST-0040,Candy Cane Stripe Button-Down,Candy Cane Stripe,Boys,Tops,Button-Down,Holiday,New,142,6966.95,49.06,206,99,0.408,5.8
FY2026-10,2026,Nov,STORE,Retail Stores,ST-0040,Candy Cane Stripe Button-Down,Candy Cane Stripe,Boys,Tops,Button-Down,Holiday,New,217,10929.15,50.36,391,283,0.3569,7.2
FY2026-10,2026,Nov,WHSL,Wholesale,ST-0040,Candy Cane Stripe Button-Down,Candy Cane Stripe,Boys,Tops,Button-Down,Holiday,New,441,17142.9,38.87,822,496,0.3492,7.5
FY2026-11,2026,Dec,ECOM,Ecommerce,ST-0040,Candy Cane Stripe Button-Down,Candy Cane Stripe,Boys,Tops,Button-Down,Holiday,New,354,17800.15,50.28,659,201,0.3495,9.3
FY2026-11,2026,Dec,STORE,Retail Stores,ST-0040,Candy Cane Stripe Button-Down,Candy Cane Stripe,Boys,Tops,Button-Down,Holiday,New,210,10159.99,48.38,449,119,0.3187,10.7
FY2026-11,2026,Dec,WHSL,Wholesale,ST-0040,Candy Cane Stripe Button-Down,Candy Cane Stripe,Boys,Tops,Button-Down,Holiday,New,275,10690.02,38.87,544,444,0.3358,9.9
FY2025-01,2025,Feb,ECOM,Ecommerce,ST-0041,Hydrangea Tee,Hydrangea,Boys,Tops,Tee,Spring,New,356,18433.96,51.78,597,350,0.3736,6.7
FY2025-01,2025,Feb,STORE,Retail Stores,ST-0041,Hydrangea Tee,Hydrangea,Boys,Tops,Tee,Spring,New,179,10117.33,56.52,245,195,0.4222,5.5
FY2025-01,2025,Feb,WHSL,Wholesale,ST-0041,Hydrangea Tee,Hydrangea,Boys,Tops,Tee,Spring,New,290,12108.31,41.75,470,58,0.3816,6.5
FY2025-02,2025,Mar,ECOM,Ecommerce,ST-0041,Hydrangea Tee,Hydrangea,Boys,Tops,Tee,Spring,New,274,14124.28,51.55,468,202,0.3693,8.5
FY2025-02,2025,Mar,STORE,Retail Stores,ST-0041,Hydrangea Tee,Hydrangea,Boys,Tops,Tee,Spring,New,82,4712.81,57.47,89,71,0.4795,5.4
FY2025-02,2025,Mar,WHSL,Wholesale,ST-0041,Hydrangea Tee,Hydrangea,Boys,Tops,Tee,Spring,New,386,16116.58,41.75,847,64,0.3131,11.0
FY2025-03,2025,Apr,ECOM,Ecommerce,ST-0041,Hydrangea Tee,Hydrangea,Boys,Tops,Tee,Spring,New,287,15564.77,54.23,361,267,0.4429,5.0
FY2025-03,2025,Apr,STORE,Retail Stores,ST-0041,Hydrangea Tee,Hydrangea,Boys,Tops,Tee,Spring,New,238,12345.16,51.87,377,314,0.387,6.3
FY2025-03,2025,Apr,WHSL,Wholesale,ST-0041,Hydrangea Tee,Hydrangea,Boys,Tops,Tee,Spring,New,329,13736.67,41.75,589,221,0.3584,7.2
FY2026-01,2026,Feb,ECOM,Ecommerce,ST-0041,Hydrangea Tee,Hydrangea,Boys,Tops,Tee,Spring,New,284,15222.84,53.6,474,120,0.3747,6.7
FY2026-01,2026,Feb,STORE,Retail Stores,ST-0041,Hydrangea Tee,Hydrangea,Boys,Tops,Tee,Spring,New,110,5783.34,52.58,174,96,0.3873,6.3
FY2026-01,2026,Feb,WHSL,Wholesale,ST-0041,Hydrangea Tee,Hydrangea,Boys,Tops,Tee,Spring,New,289,12066.56,41.75,671,144,0.301,9.3
FY2026-02,2026,Mar,ECOM,Ecommerce,ST-0041,Hydrangea Tee,Hydrangea,Boys,Tops,Tee,Spring,New,349,19340.32,55.42,614,199,0.3624,8.8
FY2026-02,2026,Mar,STORE,Retail Stores,ST-0041,Hydrangea Tee,Hydrangea,Boys,Tops,Tee,Spring,New,273,15645.1,57.31,629,506,0.3027,11.5
FY2026-02,2026,Mar,WHSL,Wholesale,ST-0041,Hydrangea Tee,Hydrangea,Boys,Tops,Tee,Spring,New,272,11356.76,41.75,220,13,0.5528,4.0
FY2026-03,2026,Apr,ECOM,Ecommerce,ST-0041,Hydrangea Tee,Hydrangea,Boys,Tops,Tee,Spring,New,121,6844.29,56.56,278,207,0.3033,9.2
FY2026-03,2026,Apr,STORE,Retail Stores,ST-0041,Hydrangea Tee,Hydrangea,Boys,Tops,Tee,Spring,New,49,2617.57,53.42,82,54,0.374,6.7
FY2026-03,2026,Apr,WHSL,Wholesale,ST-0041,Hydrangea Tee,Hydrangea,Boys,Tops,Tee,Spring,New,104,4342.29,41.75,167,131,0.3838,6.4
FY2025-04,2025,May,ECOM,Ecommerce,ST-0042,Lemon Grove Tee,Lemon Grove,Boys,Tops,Tee,Summer,New,506,26710.41,52.79,638,429,0.4423,5.0
FY2025-04,2025,May,STORE,Retail Stores,ST-0042,Lemon Grove Tee,Lemon Grove,Boys,Tops,Tee,Summer,New,90,4712.48,52.36,70,29,0.5625,3.1
FY2025-04,2025,May,WHSL,Wholesale,ST-0042,Lemon Grove Tee,Lemon Grove,Boys,Tops,Tee,Summer,New,70,2922.7,41.75,159,12,0.3057,9.1
FY2025-05,2025,Jun,ECOM,Ecommerce,ST-0042,Lemon Grove Tee,Lemon Grove,Boys,Tops,Tee,Summer,New,258,13341.83,51.71,288,9,0.4725,5.6
FY2025-05,2025,Jun,STORE,Retail Stores,ST-0042,Lemon Grove Tee,Lemon Grove,Boys,Tops,Tee,Summer,New,229,12576.51,54.92,505,122,0.312,11.0
FY2025-05,2025,Jun,WHSL,Wholesale,ST-0042,Lemon Grove Tee,Lemon Grove,Boys,Tops,Tee,Summer,New,420,17536.18,41.75,959,789,0.3046,11.4
FY2025-06,2025,Jul,ECOM,Ecommerce,ST-0042,Lemon Grove Tee,Lemon Grove,Boys,Tops,Tee,Summer,New,291,15297.64,52.57,471,96,0.3819,6.5
FY2025-06,2025,Jul,STORE,Retail Stores,ST-0042,Lemon Grove Tee,Lemon Grove,Boys,Tops,Tee,Summer,New,128,7315.07,57.15,275,96,0.3176,8.6
FY2025-06,2025,Jul,WHSL,Wholesale,ST-0042,Lemon Grove Tee,Lemon Grove,Boys,Tops,Tee,Summer,New,39,1628.36,41.75,46,21,0.4588,4.7
FY2026-04,2026,May,ECOM,Ecommerce,ST-0042,Lemon Grove Tee,Lemon Grove,Boys,Tops,Tee,Summer,New,364,20364.6,55.95,347,253,0.512,3.8
FY2026-04,2026,May,STORE,Retail Stores,ST-0042,Lemon Grove Tee,Lemon Grove,Boys,Tops,Tee,Summer,New,112,6338.8,56.6,184,36,0.3784,6.6
FY2026-04,2026,May,WHSL,Wholesale,ST-0042,Lemon Grove Tee,Lemon Grove,Boys,Tops,Tee,Summer,New,196,8183.55,41.75,334,33,0.3698,6.8
FY2026-05,2026,Jun,ECOM,Ecommerce,ST-0042,Lemon Grove Tee,Lemon Grove,Boys,Tops,Tee,Summer,New,355,18142.6,51.11,504,395,0.4133,7.1
FY2026-05,2026,Jun,STORE,Retail Stores,ST-0042,Lemon Grove Tee,Lemon Grove,Boys,Tops,Tee,Summer,New,137,7429.77,54.23,139,1,0.4964,5.1
FY2026-05,2026,Jun,WHSL,Wholesale,ST-0042,Lemon Grove Tee,Lemon Grove,Boys,Tops,Tee,Summer,New,159,6638.7,41.75,351,41,0.3118,11.0
FY2026-06,2026,Jul,ECOM,Ecommerce,ST-0042,Lemon Grove Tee,Lemon Grove,Boys,Tops,Tee,Summer,New,303,16545.57,54.61,618,369,0.329,8.2
FY2026-06,2026,Jul,STORE,Retail Stores,ST-0042,Lemon Grove Tee,Lemon Grove,Boys,Tops,Tee,Summer,New,223,11347.04,50.88,383,18,0.368,6.9
FY2026-06,2026,Jul,WHSL,Wholesale,ST-0042,Lemon Grove Tee,Lemon Grove,Boys,Tops,Tee,Summer,New,239,9978.92,41.75,421,19,0.3621,7.0
FY2025-07,2025,Aug,ECOM,Ecommerce,ST-0043,Pomegranate Tee,Pomegranate,Boys,Tops,Tee,Fall,New,368,18103.44,49.19,418,253,0.4682,4.5
FY2025-07,2025,Aug,STORE,Retail Stores,ST-0043,Pomegranate Tee,Pomegranate,Boys,Tops,Tee,Fall,New,125,6085.6,48.68,278,129,0.3102,8.9
FY2025-07,2025,Aug,WHSL,Wholesale,ST-0043,Pomegranate Tee,Pomegranate,Boys,Tops,Tee,Fall,New,140,5038.99,35.99,145,86,0.4912,4.1
FY2025-08,2025,Sep,ECOM,Ecommerce,ST-0043,Pomegranate Tee,Pomegranate,Boys,Tops,Tee,Fall,New,45,2019.52,44.88,34,26,0.5696,3.8
FY2025-08,2025,Sep,STORE,Retail Stores,ST-0043,Pomegranate Tee,Pomegranate,Boys,Tops,Tee,Fall,New,255,12068.21,47.33,516,395,0.3307,10.1
FY2025-08,2025,Sep,WHSL,Wholesale,ST-0043,Pomegranate Tee,Pomegranate,Boys,Tops,Tee,Fall,New,145,5218.96,35.99,342,181,0.2977,11.8
FY2025-09,2025,Oct,ECOM,Ecommerce,ST-0043,Pomegranate Tee,Pomegranate,Boys,Tops,Tee,Fall,New,306,14221.23,46.47,351,284,0.4658,4.6
FY2025-09,2025,Oct,STORE,Retail Stores,ST-0043,Pomegranate Tee,Pomegranate,Boys,Tops,Tee,Fall,New,92,4181.91,45.46,66,6,0.5823,2.9
FY2025-09,2025,Oct,WHSL,Wholesale,ST-0043,Pomegranate Tee,Pomegranate,Boys,Tops,Tee,Fall,New,482,17348.53,35.99,834,541,0.3663,6.9
FY2026-07,2026,Aug,ECOM,Ecommerce,ST-0043,Pomegranate Tee,Pomegranate,Boys,Tops,Tee,Fall,New,184,8496.21,46.18,305,176,0.3763,6.6
FY2026-07,2026,Aug,STORE,Retail Stores,ST-0043,Pomegranate Tee,Pomegranate,Boys,Tops,Tee,Fall,New,200,9764.92,48.82,332,107,0.3759,6.6
FY2026-07,2026,Aug,WHSL,Wholesale,ST-0043,Pomegranate Tee,Pomegranate,Boys,Tops,Tee,Fall,New,366,13173.36,35.99,732,542,0.3333,8.0
FY2026-08,2026,Sep,ECOM,Ecommerce,ST-0043,Pomegranate Tee,Pomegranate,Boys,Tops,Tee,Fall,New,396,18378.96,46.41,598,524,0.3984,7.6
FY2026-08,2026,Sep,STORE,Retail Stores,ST-0043,Pomegranate Tee,Pomegranate,Boys,Tops,Tee,Fall,New,146,6833.45,46.8,188,141,0.4371,6.4
FY2026-08,2026,Sep,WHSL,Wholesale,ST-0043,Pomegranate Tee,Pomegranate,Boys,Tops,Tee,Fall,New,311,11193.76,35.99,690,198,0.3107,11.1
FY2026-09,2026,Oct,ECOM,Ecommerce,ST-0043,Pomegranate Tee,Pomegranate,Boys,Tops,Tee,Fall,New,379,17017.67,44.9,729,278,0.3421,7.7
FY2026-09,2026,Oct,STORE,Retail Stores,ST-0043,Pomegranate Tee,Pomegranate,Boys,Tops,Tee,Fall,New,29,1310.6,45.19,48,12,0.3766,6.6
FY2026-09,2026,Oct,WHSL,Wholesale,ST-0043,Pomegranate Tee,Pomegranate,Boys,Tops,Tee,Fall,New,336,12093.58,35.99,679,406,0.331,8.1
FY2025-09,2025,Oct,ECOM,Ecommerce,ST-0044,Snowdrop Tee,Snowdrop,Boys,Tops,Tee,Holiday,New,135,6491.72,48.09,103,38,0.5672,3.1
FY2025-09,2025,Oct,STORE,Retail Stores,ST-0044,Snowdrop Tee,Snowdrop,Boys,Tops,Tee,Holiday,New,233,11452.9,49.15,540,140,0.3014,9.3
FY2025-09,2025,Oct,WHSL,Wholesale,ST-0044,Snowdrop Tee,Snowdrop,Boys,Tops,Tee,Holiday,New,423,15834.07,37.43,661,561,0.3902,6.3
FY2025-10,2025,Nov,ECOM,Ecommerce,ST-0044,Snowdrop Tee,Snowdrop,Boys,Tops,Tee,Holiday,New,476,21696.02,45.58,800,384,0.373,6.7
FY2025-10,2025,Nov,STORE,Retail Stores,ST-0044,Snowdrop Tee,Snowdrop,Boys,Tops,Tee,Holiday,New,204,9994.67,48.99,200,149,0.505,3.9
FY2025-10,2025,Nov,WHSL,Wholesale,ST-0044,Snowdrop Tee,Snowdrop,Boys,Tops,Tee,Holiday,New,191,7149.66,37.43,327,261,0.3687,6.8
FY2025-11,2025,Dec,ECOM,Ecommerce,ST-0044,Snowdrop Tee,Snowdrop,Boys,Tops,Tee,Holiday,New,164,8217.57,50.11,388,177,0.2971,11.8
FY2025-11,2025,Dec,STORE,Retail Stores,ST-0044,Snowdrop Tee,Snowdrop,Boys,Tops,Tee,Holiday,New,80,3978.38,49.73,158,109,0.3361,9.9
FY2025-11,2025,Dec,WHSL,Wholesale,ST-0044,Snowdrop Tee,Snowdrop,Boys,Tops,Tee,Holiday,New,191,7149.66,37.43,311,181,0.3805,8.1
FY2026-09,2026,Oct,ECOM,Ecommerce,ST-0044,Snowdrop Tee,Snowdrop,Boys,Tops,Tee,Holiday,New,180,8618.18,47.88,338,72,0.3475,7.5
FY2026-09,2026,Oct,STORE,Retail Stores,ST-0044,Snowdrop Tee,Snowdrop,Boys,Tops,Tee,Holiday,New,196,9259.62,47.24,256,159,0.4336,5.2
FY2026-09,2026,Oct,WHSL,Wholesale,ST-0044,Snowdrop Tee,Snowdrop,Boys,Tops,Tee,Holiday,New,228,8534.68,37.43,200,42,0.5327,3.5
FY2026-10,2026,Nov,ECOM,Ecommerce,ST-0044,Snowdrop Tee,Snowdrop,Boys,Tops,Tee,Holiday,New,318,14365.92,45.18,535,11,0.3728,6.7
FY2026-10,2026,Nov,STORE,Retail Stores,ST-0044,Snowdrop Tee,Snowdrop,Boys,Tops,Tee,Holiday,New,187,8670.19,46.36,218,154,0.4617,4.7
FY2026-10,2026,Nov,WHSL,Wholesale,ST-0044,Snowdrop Tee,Snowdrop,Boys,Tops,Tee,Holiday,New,255,9545.36,37.43,374,262,0.4054,5.9
FY2026-11,2026,Dec,ECOM,Ecommerce,ST-0044,Snowdrop Tee,Snowdrop,Boys,Tops,Tee,Holiday,New,159,8235.24,51.79,361,239,0.3058,11.4
FY2026-11,2026,Dec,STORE,Retail Stores,ST-0044,Snowdrop Tee,Snowdrop,Boys,Tops,Tee,Holiday,New,90,4078.78,45.32,94,24,0.4891,5.2
FY2026-11,2026,Dec,WHSL,Wholesale,ST-0044,Snowdrop Tee,Snowdrop,Boys,Tops,Tee,Holiday,New,467,17481.12,37.43,734,376,0.3888,7.9
FY2025-01,2025,Feb,ECOM,Ecommerce,ST-0045,Hydrangea Polo,Hydrangea,Boys,Tops,Polo,Spring,New,201,10466.2,52.07,211,82,0.4879,4.2
FY2025-01,2025,Feb,STORE,Retail Stores,ST-0045,Hydrangea Polo,Hydrangea,Boys,Tops,Polo,Spring,New,236,12294.44,52.1,460,269,0.3391,7.8
FY2025-01,2025,Feb,WHSL,Wholesale,ST-0045,Hydrangea Polo,Hydrangea,Boys,Tops,Polo,Spring,New,167,7213.2,43.19,247,14,0.4034,5.9
FY2025-02,2025,Mar,ECOM,Ecommerce,ST-0045,Hydrangea Polo,Hydrangea,Boys,Tops,Polo,Spring,New,124,6633.72,53.5,176,134,0.4133,7.1
FY2025-02,2025,Mar,STORE,Retail Stores,ST-0045,Hydrangea Polo,Hydrangea,Boys,Tops,Polo,Spring,New,97,5062.04,52.19,191,64,0.3368,9.8
FY2025-02,2025,Mar,WHSL,Wholesale,ST-0045,Hydrangea Polo,Hydrangea,Boys,Tops,Polo,Spring,New,379,16370.07,43.19,481,36,0.4407,6.3
FY2025-03,2025,Apr,ECOM,Ecommerce,ST-0045,Hydrangea Polo,Hydrangea,Boys,Tops,Polo,Spring,New,67,3898.29,58.18,117,50,0.3641,7.0
FY2025-03,2025,Apr,STORE,Retail Stores,ST-0045,Hydrangea Polo,Hydrangea,Boys,Tops,Polo,Spring,New,135,7705.47,57.08,287,233,0.3199,8.5
FY2025-03,2025,Apr,WHSL,Wholesale,ST-0045,Hydrangea Polo,Hydrangea,Boys,Tops,Polo,Spring,New,173,7472.35,43.19,130,83,0.571,3.0
FY2026-01,2026,Feb,ECOM,Ecommerce,ST-0045,Hydrangea Polo,Hydrangea,Boys,Tops,Polo,Spring,New,284,15537.73,54.71,277,56,0.5062,3.9
FY2026-01,2026,Feb,STORE,Retail Stores,ST-0045,Hydrangea Polo,Hydrangea,Boys,Tops,Polo,Spring,New,280,15092.12,53.9,617,77,0.3122,8.8
FY2026-01,2026,Feb,WHSL,Wholesale,ST-0045,Hydrangea Polo,Hydrangea,Boys,Tops,Polo,Spring,New,431,18616.1,43.19,375,54,0.5347,3.5
FY2026-02,2026,Mar,ECOM,Ecommerce,ST-0045,Hydrangea Polo,Hydrangea,Boys,Tops,Polo,Spring,New,380,21314.91,56.09,396,202,0.4897,5.2
FY2026-02,2026,Mar,STORE,Retail Stores,ST-0045,Hydrangea Polo,Hydrangea,Boys,Tops,Polo,Spring,New,136,8158.36,59.99,282,31,0.3254,10.4
FY2026-02,2026,Mar,WHSL,Wholesale,ST-0045,Hydrangea Polo,Hydrangea,Boys,Tops,Polo,Spring,New,346,14944.71,43.19,486,321,0.4159,7.0
FY2026-03,2026,Apr,ECOM,Ecommerce,ST-0045,Hydrangea Polo,Hydrangea,Boys,Tops,Polo,Spring,New,233,13318.05,57.16,538,81,0.3022,9.2
FY2026-03,2026,Apr,STORE,Retail Stores,ST-0045,Hydrangea Polo,Hydrangea,Boys,Tops,Polo,Spring,New,210,12075.38,57.5,289,25,0.4208,5.5
FY2026-03,2026,Apr,WHSL,Wholesale,ST-0045,Hydrangea Polo,Hydrangea,Boys,Tops,Polo,Spring,New,316,13648.92,43.19,734,588,0.301,9.3
FY2025-04,2025,May,ECOM,Ecommerce,ST-0046,Lemon Grove Polo,Lemon Grove,Boys,Tops,Polo,Summer,New,137,7566.15,55.23,201,51,0.4053,5.9
FY2025-04,2025,May,STORE,Retail Stores,ST-0046,Lemon Grove Polo,Lemon Grove,Boys,Tops,Polo,Summer,New,194,10807.08,55.71,328,221,0.3716,6.8
FY2025-04,2025,May,WHSL,Wholesale,ST-0046,Lemon Grove Polo,Lemon Grove,Boys,Tops,Polo,Summer,New,181,8078.54,44.63,241,107,0.4289,5.3
FY2025-05,2025,Jun,ECOM,Ecommerce,ST-0046,Lemon Grove Polo,Lemon Grove,Boys,Tops,Polo,Summer,New,364,19455.85,53.45,789,606,0.3157,10.8
FY2025-05,2025,Jun,STORE,Retail Stores,ST-0046,Lemon Grove Polo,Lemon Grove,Boys,Tops,Polo,Summer,New,176,9437.98,53.62,407,260,0.3019,11.6
FY2025-05,2025,Jun,WHSL,Wholesale,ST-0046,Lemon Grove Polo,Lemon Grove,Boys,Tops,Polo,Summer,New,292,13032.78,44.63,359,56,0.4485,6.1
FY2025-06,2025,Jul,ECOM,Ecommerce,ST-0046,Lemon Grove Polo,Lemon Grove,Boys,Tops,Polo,Summer,New,445,26174.08,58.82,486,214,0.478,4.4
FY2025-06,2025,Jul,STORE,Retail Stores,ST-0046,Lemon Grove Polo,Lemon Grove,Boys,Tops,Polo,Summer,New,272,15596.01,57.34,300,164,0.4755,4.4
FY2025-06,2025,Jul,WHSL,Wholesale,ST-0046,Lemon Grove Polo,Lemon Grove,Boys,Tops,Polo,Summer,New,101,4507.91,44.63,118,3,0.4612,4.7
FY2026-04,2026,May,ECOM,Ecommerce,ST-0046,Lemon Grove Polo,Lemon Grove,Boys,Tops,Polo,Summer,New,394,21546.6,54.69,916,352,0.3008,9.3
FY2026-04,2026,May,STORE,Retail Stores,ST-0046,Lemon Grove Polo,Lemon Grove,Boys,Tops,Polo,Summer,New,66,3942.29,59.73,95,15,0.4099,5.8
FY2026-04,2026,May,WHSL,Wholesale,ST-0046,Lemon Grove Polo,Lemon Grove,Boys,Tops,Polo,Summer,New,290,12943.51,44.63,499,198,0.3676,6.9
FY2026-05,2026,Jun,ECOM,Ecommerce,ST-0046,Lemon Grove Polo,Lemon Grove,Boys,Tops,Polo,Summer,New,405,23132.53,57.12,383,67,0.514,4.7
FY2026-05,2026,Jun,STORE,Retail Stores,ST-0046,Lemon Grove Polo,Lemon Grove,Boys,Tops,Polo,Summer,New,219,11707.23,53.46,420,322,0.3427,9.6
FY2026-05,2026,Jun,WHSL,Wholesale,ST-0046,Lemon Grove Polo,Lemon Grove,Boys,Tops,Polo,Summer,New,107,4775.71,44.63,82,53,0.5661,3.8
FY2026-06,2026,Jul,ECOM,Ecommerce,ST-0046,Lemon Grove Polo,Lemon Grove,Boys,Tops,Polo,Summer,New,473,26622.83,56.29,388,103,0.5494,3.3
FY2026-06,2026,Jul,STORE,Retail Stores,ST-0046,Lemon Grove Polo,Lemon Grove,Boys,Tops,Polo,Summer,New,241,14561.14,60.42,344,92,0.412,5.7
FY2026-06,2026,Jul,WHSL,Wholesale,ST-0046,Lemon Grove Polo,Lemon Grove,Boys,Tops,Polo,Summer,New,266,11872.32,44.63,487,26,0.3533,7.3
FY2025-07,2025,Aug,ECOM,Ecommerce,ST-0047,Wildflower Polo,Wildflower,Boys,Tops,Polo,Fall,Carryover,370,16936.93,45.78,654,337,0.3613,7.1
FY2025-07,2025,Aug,STORE,Retail Stores,ST-0047,Wildflower Polo,Wildflower,Boys,Tops,Polo,Fall,Carryover,128,6140.27,47.97,291,173,0.3055,9.1
FY2025-07,2025,Aug,WHSL,Wholesale,ST-0047,Wildflower Polo,Wildflower,Boys,Tops,Polo,Fall,Carryover,100,3743.28,37.43,99,61,0.5025,4.0
FY2025-08,2025,Sep,ECOM,Ecommerce,ST-0047,Wildflower Polo,Wildflower,Boys,Tops,Polo,Fall,Carryover,253,12879.94,50.91,250,83,0.503,4.9
FY2025-08,2025,Sep,STORE,Retail Stores,ST-0047,Wildflower Polo,Wildflower,Boys,Tops,Polo,Fall,Carryover,110,5045.95,45.87,188,6,0.3691,8.5
FY2025-08,2025,Sep,WHSL,Wholesale,ST-0047,Wildflower Polo,Wildflower,Boys,Tops,Polo,Fall,Carryover,257,9620.23,37.43,391,272,0.3966,7.6
FY2025-09,2025,Oct,ECOM,Ecommerce,ST-0047,Wildflower Polo,Wildflower,Boys,Tops,Polo,Fall,Carryover,361,18537.68,51.35,620,405,0.368,6.9
FY2025-09,2025,Oct,STORE,Retail Stores,ST-0047,Wildflower Polo,Wildflower,Boys,Tops,Polo,Fall,Carryover,77,3734.88,48.5,155,38,0.3319,8.1
FY2025-09,2025,Oct,WHSL,Wholesale,ST-0047,Wildflower Polo,Wildflower,Boys,Tops,Polo,Fall,Carryover,231,8646.98,37.43,352,314,0.3962,6.1
FY2026-07,2026,Aug,ECOM,Ecommerce,ST-0047,Wildflower Polo,Wildflower,Boys,Tops,Polo,Fall,Carryover,193,9535.85,49.41,269,226,0.4177,5.6
FY2026-07,2026,Aug,STORE,Retail Stores,ST-0047,Wildflower Polo,Wildflower,Boys,Tops,Polo,Fall,Carryover,223,10375.22,46.53,365,80,0.3793,6.5
FY2026-07,2026,Aug,WHSL,Wholesale,ST-0047,Wildflower Polo,Wildflower,Boys,Tops,Polo,Fall,Carryover,180,6737.9,37.43,184,71,0.4945,4.1
FY2026-08,2026,Sep,ECOM,Ecommerce,ST-0047,Wildflower Polo,Wildflower,Boys,Tops,Polo,Fall,Carryover,388,17809.45,45.9,868,331,0.3089,11.2
FY2026-08,2026,Sep,STORE,Retail Stores,ST-0047,Wildflower Polo,Wildflower,Boys,Tops,Polo,Fall,Carryover,125,5911.86,47.29,179,62,0.4112,7.2
FY2026-08,2026,Sep,WHSL,Wholesale,ST-0047,Wildflower Polo,Wildflower,Boys,Tops,Polo,Fall,Carryover,227,8497.25,37.43,270,226,0.4567,5.9
FY2026-09,2026,Oct,ECOM,Ecommerce,ST-0047,Wildflower Polo,Wildflower,Boys,Tops,Polo,Fall,Carryover,442,22656.09,51.26,1061,657,0.2941,9.6
FY2026-09,2026,Oct,STORE,Retail Stores,ST-0047,Wildflower Polo,Wildflower,Boys,Tops,Polo,Fall,Carryover,181,8206.79,45.34,385,325,0.3198,8.5
FY2026-09,2026,Oct,WHSL,Wholesale,ST-0047,Wildflower Polo,Wildflower,Boys,Tops,Polo,Fall,Carryover,187,6999.93,37.43,268,135,0.411,5.7
FY2025-09,2025,Oct,ECOM,Ecommerce,ST-0048,Candy Cane Stripe Polo,Candy Cane Stripe,Boys,Tops,Polo,Holiday,New,246,12829.23,52.15,455,402,0.3509,7.4
FY2025-09,2025,Oct,STORE,Retail Stores,ST-0048,Candy Cane Stripe Polo,Candy Cane Stripe,Boys,Tops,Polo,Holiday,New,179,9081.79,50.74,330,230,0.3517,7.4
FY2025-09,2025,Oct,WHSL,Wholesale,ST-0048,Candy Cane Stripe Polo,Candy Cane Stripe,Boys,Tops,Polo,Holiday,New,48,1935.01,40.31,89,71,0.3504,7.4
FY2025-10,2025,Nov,ECOM,Ecommerce,ST-0048,Candy Cane Stripe Polo,Candy Cane Stripe,Boys,Tops,Polo,Holiday,New,119,6651.15,55.89,212,96,0.3595,7.1
FY2025-10,2025,Nov,STORE,Retail Stores,ST-0048,Candy Cane Stripe Polo,Candy Cane Stripe,Boys,Tops,Polo,Holiday,New,130,6812.31,52.4,253,103,0.3394,7.8
FY2025-10,2025,Nov,WHSL,Wholesale,ST-0048,Candy Cane Stripe Polo,Candy Cane Stripe,Boys,Tops,Polo,Holiday,New,268,10803.83,40.31,371,147,0.4194,5.5
FY2025-11,2025,Dec,ECOM,Ecommerce,ST-0048,Candy Cane Stripe Polo,Candy Cane Stripe,Boys,Tops,Polo,Holiday,New,395,20691.71,52.38,525,274,0.4293,6.6
FY2025-11,2025,Dec,STORE,Retail Stores,ST-0048,Candy Cane Stripe Polo,Candy Cane Stripe,Boys,Tops,Polo,Holiday,New,146,7359.83,50.41,292,184,0.3333,10.0
FY2025-11,2025,Dec,WHSL,Wholesale,ST-0048,Candy Cane Stripe Polo,Candy Cane Stripe,Boys,Tops,Polo,Holiday,New,243,9796.01,40.31,342,261,0.4154,7.0
FY2026-09,2026,Oct,ECOM,Ecommerce,ST-0048,Candy Cane Stripe Polo,Candy Cane Stripe,Boys,Tops,Polo,Holiday,New,415,20180.28,48.63,440,148,0.4854,4.2
FY2026-09,2026,Oct,STORE,Retail Stores,ST-0048,Candy Cane Stripe Polo,Candy Cane Stripe,Boys,Tops,Polo,Holiday,New,187,9311.15,49.79,383,275,0.3281,8.2
FY2026-09,2026,Oct,WHSL,Wholesale,ST-0048,Candy Cane Stripe Polo,Candy Cane Stripe,Boys,Tops,Polo,Holiday,New,280,11287.58,40.31,655,105,0.2995,9.4
FY2026-10,2026,Nov,ECOM,Ecommerce,ST-0048,Candy Cane Stripe Polo,Candy Cane Stripe,Boys,Tops,Polo,Holiday,New,451,23443.56,51.98,474,343,0.4876,4.2
FY2026-10,2026,Nov,STORE,Retail Stores,ST-0048,Candy Cane Stripe Polo,Candy Cane Stripe,Boys,Tops,Polo,Holiday,New,188,10071.0,53.57,451,312,0.2942,9.6
FY2026-10,2026,Nov,WHSL,Wholesale,ST-0048,Candy Cane Stripe Polo,Candy Cane Stripe,Boys,Tops,Polo,Holiday,New,199,8022.25,40.31,337,184,0.3713,6.8
FY2026-11,2026,Dec,ECOM,Ecommerce,ST-0048,Candy Cane Stripe Polo,Candy Cane Stripe,Boys,Tops,Polo,Holiday,New,380,20760.11,54.63,597,475,0.3889,7.9
FY2026-11,2026,Dec,STORE,Retail Stores,ST-0048,Candy Cane Stripe Polo,Candy Cane Stripe,Boys,Tops,Polo,Holiday,New,0,0.0,50.82,0,0,0.0,0.0
FY2026-11,2026,Dec,WHSL,Wholesale,ST-0048,Candy Cane Stripe Polo,Candy Cane Stripe,Boys,Tops,Polo,Holiday,New,307,12376.03,40.31,389,173,0.4411,6.3
FY2025-01,2025,Feb,ECOM,Ecommerce,ST-0049,Cherry Blossom Short,Cherry Blossom,Boys,Bottoms,Short,Spring,Carryover,149,6176.99,41.46,155,90,0.4901,4.2
FY2025-01,2025,Feb,STORE,Retail Stores,ST-0049,Cherry Blossom Short,Cherry Blossom,Boys,Bottoms,Short,Spring,Carryover,163,6591.95,40.44,355,99,0.3147,8.7
FY2025-01,2025,Feb,WHSL,Wholesale,ST-0049,Cherry Blossom Short,Cherry Blossom,Boys,Bottoms,Short,Spring,Carryover,249,7886.53,31.67,251,127,0.498,4.0
FY2025-02,2025,Mar,ECOM,Ecommerce,ST-0049,Cherry Blossom Short,Cherry Blossom,Boys,Bottoms,Short,Spring,Carryover,266,10124.18,38.06,503,141,0.3459,9.5
FY2025-02,2025,Mar,STORE,Retail Stores,ST-0049,Cherry Blossom Short,Cherry Blossom,Boys,Bottoms,Short,Spring,Carryover,169,7379.04,43.66,247,187,0.4062,7.3
FY2025-02,2025,Mar,WHSL,Wholesale,ST-0049,Cherry Blossom Short,Cherry Blossom,Boys,Bottoms,Short,Spring,Carryover,75,2375.46,31.67,112,19,0.4011,7.5
FY2025-03,2025,Apr,ECOM,Ecommerce,ST-0049,Cherry Blossom Short,Cherry Blossom,Boys,Bottoms,Short,Spring,Carryover,114,4707.36,41.29,105,21,0.5205,3.7
FY2025-03,2025,Apr,STORE,Retail Stores,ST-0049,Cherry Blossom Short,Cherry Blossom,Boys,Bottoms,Short,Spring,Carryover,198,8234.19,41.59,204,44,0.4925,4.1
FY2025-03,2025,Apr,WHSL,Wholesale,ST-0049,Cherry Blossom Short,Cherry Blossom,Boys,Bottoms,Short,Spring,Carryover,59,1868.7,31.67,104,58,0.362,7.1
FY2026-01,2026,Feb,ECOM,Ecommerce,ST-0049,Cherry Blossom Short,Cherry Blossom,Boys,Bottoms,Short,Spring,Carryover,288,12127.92,42.11,478,188,0.376,6.6
FY2026-01,2026,Feb,STORE,Retail Stores,ST-0049,Cherry Blossom Short,Cherry Blossom,Boys,Bottoms,Short,Spring,Carryover,265,10247.02,38.67,284,89,0.4827,4.3
FY2026-01,2026,Feb,WHSL,Wholesale,ST-0049,Cherry Blossom Short,Cherry Blossom,Boys,Bottoms,Short,Spring,Carryover,217,6873.0,31.67,397,330,0.3534,7.3
FY2026-02,2026,Mar,ECOM,Ecommerce,ST-0049,Cherry Blossom Short,Cherry Blossom,Boys,Bottoms,Short,Spring,Carryover,131,5423.01,41.4,211,92,0.383,8.1
FY2026-02,2026,Mar,STORE,Retail Stores,ST-0049,Cherry Blossom Short,Cherry Blossom,Boys,Bottoms,Short,Spring,Carryover,166,6461.79,38.93,232,164,0.4171,7.0
FY2026-02,2026,Mar,WHSL,Wholesale,ST-0049,Cherry Blossom Short,Cherry Blossom,Boys,Bottoms,Short,Spring,Carryover,218,6904.67,31.67,170,101,0.5619,3.9
FY2026-03,2026,Apr,ECOM,Ecommerce,ST-0049,Cherry Blossom Short,Cherry Blossom,Boys,Bottoms,Short,Spring,Carryover,507,21848.87,43.09,427,148,0.5428,3.4
FY2026-03,2026,Apr,STORE,Retail Stores,ST-0049,Cherry Blossom Short,Cherry Blossom,Boys,Bottoms,Short,Spring,Carryover,192,7285.01,37.94,199,114,0.491,4.1
FY2026-03,2026,Apr,WHSL,Wholesale,ST-0049,Cherry Blossom Short,Cherry Blossom,Boys,Bottoms,Short,Spring,Carryover,326,10325.33,31.67,610,308,0.3483,7.5
FY2025-04,2025,May,ECOM,Ecommerce,ST-0050,Palm Frond Short,Palm Frond,Boys,Bottoms,Short,Summer,New,309,15038.42,48.67,236,76,0.567,3.1
FY2025-04,2025,May,STORE,Retail Stores,ST-0050,Palm Frond Short,Palm Frond,Boys,Bottoms,Short,Summer,New,134,6538.77,48.8,258,204,0.3418,7.7
FY2025-04,2025,May,WHSL,Wholesale,ST-0050,Palm Frond Short,Palm Frond,Boys,Bottoms,Short,Summer,New,220,8235.22,37.43,481,256,0.3138,8.7
FY2025-05,2025,Jun,ECOM,Ecommerce,ST-0050,Palm Frond Short,Palm Frond,Boys,Bottoms,Short,Summer,New,267,13118.72,49.13,610,486,0.3044,11.4
FY2025-05,2025,Jun,STORE,Retail Stores,ST-0050,Palm Frond Short,Palm Frond,Boys,Bottoms,Short,Summer,New,285,13323.65,46.75,636,521,0.3094,11.2
FY2025-05,2025,Jun,WHSL,Wholesale,ST-0050,Palm Frond Short,Palm Frond,Boys,Bottoms,Short,Summer,New,179,6700.47,37.43,201,136,0.4711,5.6
FY2025-06,2025,Jul,ECOM,Ecommerce,ST-0050,Palm Frond Short,Palm Frond,Boys,Bottoms,Short,Summer,New,496,25140.75,50.69,769,514,0.3921,6.2
FY2025-06,2025,Jul,STORE,Retail Stores,ST-0050,Palm Frond Short,Palm Frond,Boys,Bottoms,Short,Summer,New,308,14957.22,48.56,408,15,0.4302,5.3
FY2025-06,2025,Jul,WHSL,Wholesale,ST-0050,Palm Frond Short,Palm Frond,Boys,Bottoms,Short,Summer,New,147,5502.62,37.43,214,110,0.4072,5.8
FY2026-04,2026,May,ECOM,Ecommerce,ST-0050,Palm Frond Short,Palm Frond,Boys,Bottoms,Short,Summer,New,405,18496.98,45.67,948,624,0.2993,9.4
FY2026-04,2026,May,STORE,Retail Stores,ST-0050,Palm Frond Short,Palm Frond,Boys,Bottoms,Short,Summer,New,190,8823.68,46.44,411,150,0.3161,8.7
FY2026-04,2026,May,WHSL,Wholesale,ST-0050,Palm Frond Short,Palm Frond,Boys,Bottoms,Short,Summer,New,195,7299.4,37.43,432,277,0.311,8.9
FY2026-05,2026,Jun,ECOM,Ecommerce,ST-0050,Palm Frond Short,Palm Frond,Boys,Bottoms,Short,Summer,New,239,12231.28,51.18,480,293,0.3324,10.0
FY2026-05,2026,Jun,STORE,Retail Stores,ST-0050,Palm Frond Short,Palm Frond,Boys,Bottoms,Short,Summer,New,190,9380.8,49.37,228,117,0.4545,6.0
FY2026-05,2026,Jun,WHSL,Wholesale,ST-0050,Palm Frond Short,Palm Frond,Boys,Bottoms,Short,Summer,New,321,12015.93,37.43,615,2,0.3429,9.6
FY2026-06,2026,Jul,ECOM,Ecommerce,ST-0050,Palm Frond Short,Palm Frond,Boys,Bottoms,Short,Summer,New,297,14146.84,47.63,415,90,0.4171,5.6
FY2026-06,2026,Jul,STORE,Retail Stores,ST-0050,Palm Frond Short,Palm Frond,Boys,Bottoms,Short,Summer,New,226,11275.86,49.89,196,79,0.5355,3.5
FY2026-06,2026,Jul,WHSL,Wholesale,ST-0050,Palm Frond Short,Palm Frond,Boys,Bottoms,Short,Summer,New,138,5165.73,37.43,223,168,0.3823,6.5
FY2025-07,2025,Aug,ECOM,Ecommerce,ST-0051,Autumn Gingham Short,Autumn Gingham,Boys,Bottoms,Short,Fall,New,239,9240.53,38.66,545,339,0.3048,9.1
FY2025-07,2025,Aug,STORE,Retail Stores,ST-0051,Autumn Gingham Short,Autumn Gingham,Boys,Bottoms,Short,Fall,New,320,12027.18,37.58,642,530,0.3326,8.0
FY2025-07,2025,Aug,WHSL,Wholesale,ST-0051,Autumn Gingham Short,Autumn Gingham,Boys,Bottoms,Short,Fall,New,372,11246.6,30.23,431,127,0.4633,4.6
FY2025-08,2025,Sep,ECOM,Ecommerce,ST-0051,Autumn Gingham Short,Autumn Gingham,Boys,Bottoms,Short,Fall,New,258,9670.84,37.48,408,259,0.3874,7.9
FY2025-08,2025,Sep,STORE,Retail Stores,ST-0051,Autumn Gingham Short,Autumn Gingham,Boys,Bottoms,Short,Fall,New,200,7741.69,38.71,170,48,0.5405,4.2
FY2025-08,2025,Sep,WHSL,Wholesale,ST-0051,Autumn Gingham Short,Autumn Gingham,Boys,Bottoms,Short,Fall,New,385,11639.63,30.23,535,337,0.4185,6.9
FY2025-09,2025,Oct,ECOM,Ecommerce,ST-0051,Autumn Gingham Short,Autumn Gingham,Boys,Bottoms,Short,Fall,New,185,6754.76,36.51,436,137,0.2979,9.4
FY2025-09,2025,Oct,STORE,Retail Stores,ST-0051,Autumn Gingham Short,Autumn Gingham,Boys,Bottoms,Short,Fall,New,135,5583.65,41.36,191,82,0.4141,5.7
FY2025-09,2025,Oct,WHSL,Wholesale,ST-0051,Autumn Gingham Short,Autumn Gingham,Boys,Bottoms,Short,Fall,New,174,5260.51,30.23,223,2,0.4383,5.1
FY2026-07,2026,Aug,ECOM,Ecommerce,ST-0051,Autumn Gingham Short,Autumn Gingham,Boys,Bottoms,Short,Fall,New,235,9227.47,39.27,454,58,0.3411,7.7
FY2026-07,2026,Aug,STORE,Retail Stores,ST-0051,Autumn Gingham Short,Autumn Gingham,Boys,Bottoms,Short,Fall,New,11,448.15,40.74,13,2,0.4583,4.7
FY2026-07,2026,Aug,WHSL,Wholesale,ST-0051,Autumn Gingham Short,Autumn Gingham,Boys,Bottoms,Short,Fall,New,186,5623.3,30.23,233,88,0.4439,5.0
FY2026-08,2026,Sep,ECOM,Ecommerce,ST-0051,Autumn Gingham Short,Autumn Gingham,Boys,Bottoms,Short,Fall,New,507,20643.74,40.72,768,247,0.3976,7.6
FY2026-08,2026,Sep,STORE,Retail Stores,ST-0051,Autumn Gingham Short,Autumn Gingham,Boys,Bottoms,Short,Fall,New,136,5440.03,40.0,188,120,0.4198,6.9
FY2026-08,2026,Sep,WHSL,Wholesale,ST-0051,Autumn Gingham Short,Autumn Gingham,Boys,Bottoms,Short,Fall,New,520,15721.06,30.23,378,232,0.5791,3.6
FY2026-09,2026,Oct,ECOM,Ecommerce,ST-0051,Autumn Gingham Short,Autumn Gingham,Boys,Bottoms,Short,Fall,New,342,13314.87,38.93,608,343,0.36,7.1
FY2026-09,2026,Oct,STORE,Retail Stores,ST-0051,Autumn Gingham Short,Autumn Gingham,Boys,Bottoms,Short,Fall,New,246,9374.03,38.11,557,344,0.3064,9.1
FY2026-09,2026,Oct,WHSL,Wholesale,ST-0051,Autumn Gingham Short,Autumn Gingham,Boys,Bottoms,Short,Fall,New,199,6016.33,30.23,270,187,0.4243,5.4
FY2025-01,2025,Feb,ECOM,Ecommerce,ST-0052,Garden Trellis Pant,Garden Trellis,Boys,Bottoms,Pant,Spring,New,424,19271.36,45.45,802,136,0.3458,7.6
FY2025-01,2025,Feb,STORE,Retail Stores,ST-0052,Garden Trellis Pant,Garden Trellis,Boys,Bottoms,Pant,Spring,New,107,5266.64,49.22,134,21,0.444,5.0
FY2025-01,2025,Feb,WHSL,Wholesale,ST-0052,Garden Trellis Pant,Garden Trellis,Boys,Bottoms,Pant,Spring,New,23,827.83,35.99,32,9,0.4182,5.6
FY2025-02,2025,Mar,ECOM,Ecommerce,ST-0052,Garden Trellis Pant,Garden Trellis,Boys,Bottoms,Pant,Spring,New,438,21349.6,48.74,385,282,0.5322,4.4
FY2025-02,2025,Mar,STORE,Retail Stores,ST-0052,Garden Trellis Pant,Garden Trellis,Boys,Bottoms,Pant,Spring,New,196,9765.98,49.83,140,66,0.5833,3.6
FY2025-02,2025,Mar,WHSL,Wholesale,ST-0052,Garden Trellis Pant,Garden Trellis,Boys,Bottoms,Pant,Spring,New,350,12597.48,35.99,499,176,0.4122,7.1
FY2025-03,2025,Apr,ECOM,Ecommerce,ST-0052,Garden Trellis Pant,Garden Trellis,Boys,Bottoms,Pant,Spring,New,255,11184.23,43.86,572,350,0.3083,9.0
FY2025-03,2025,Apr,STORE,Retail Stores,ST-0052,Garden Trellis Pant,Garden Trellis,Boys,Bottoms,Pant,Spring,New,108,5047.78,46.74,154,89,0.4122,5.7
FY2025-03,2025,Apr,WHSL,Wholesale,ST-0052,Garden Trellis Pant,Garden Trellis,Boys,Bottoms,Pant,Spring,New,269,9682.06,35.99,589,183,0.3135,8.8
FY2026-01,2026,Feb,ECOM,Ecommerce,ST-0052,Garden Trellis Pant,Garden Trellis,Boys,Bottoms,Pant,Spring,New,244,10538.92,43.19,420,126,0.3675,6.9
FY2026-01,2026,Feb,STORE,Retail Stores,ST-0052,Garden Trellis Pant,Garden Trellis,Boys,Bottoms,Pant,Spring,New,253,11651.67,46.05,511,294,0.3312,8.1
FY2026-01,2026,Feb,WHSL,Wholesale,ST-0052,Garden Trellis Pant,Garden Trellis,Boys,Bottoms,Pant,Spring,New,278,10006.0,35.99,256,171,0.5206,3.7
FY2026-02,2026,Mar,ECOM,Ecommerce,ST-0052,Garden Trellis Pant,Garden Trellis,Boys,Bottoms,Pant,Spring,New,468,23103.98,49.37,608,382,0.4349,6.5
FY2026-02,2026,Mar,STORE,Retail Stores,ST-0052,Garden Trellis Pant,Garden Trellis,Boys,Bottoms,Pant,Spring,New,186,8632.91,46.41,188,74,0.4973,5.1
FY2026-02,2026,Mar,WHSL,Wholesale,ST-0052,Garden Trellis Pant,Garden Trellis,Boys,Bottoms,Pant,Spring,New,268,9646.07,35.99,275,76,0.4936,5.1
FY2026-03,2026,Apr,ECOM,Ecommerce,ST-0052,Garden Trellis Pant,Garden Trellis,Boys,Bottoms,Pant,Spring,New,283,13368.77,47.24,320,103,0.4693,4.5
FY2026-03,2026,Apr,STORE,Retail Stores,ST-0052,Garden Trellis Pant,Garden Trellis,Boys,Bottoms,Pant,Spring,New,151,6639.16,43.97,322,108,0.3192,8.5
FY2026-03,2026,Apr,WHSL,Wholesale,ST-0052,Garden Trellis Pant,Garden Trellis,Boys,Bottoms,Pant,Spring,New,375,13497.3,35.99,527,279,0.4157,5.6
FY2025-04,2025,May,ECOM,Ecommerce,ST-0053,Strawberry Fields Pant,Strawberry Fields,Boys,Bottoms,Pant,Summer,New,340,14830.1,43.62,595,103,0.3636,7.0
FY2025-04,2025,May,STORE,Retail Stores,ST-0053,Strawberry Fields Pant,Strawberry Fields,Boys,Bottoms,Pant,Summer,New,169,7178.44,42.48,168,130,0.5015,4.0
FY2025-04,2025,May,WHSL,Wholesale,ST-0053,Strawberry Fields Pant,Strawberry Fields,Boys,Bottoms,Pant,Summer,New,85,2692.19,31.67,141,126,0.3761,6.6
FY2025-05,2025,Jun,ECOM,Ecommerce,ST-0053,Strawberry Fields Pant,Strawberry Fields,Boys,Bottoms,Pant,Summer,New,331,12890.78,38.94,310,239,0.5164,4.7
FY2025-05,2025,Jun,STORE,Retail Stores,ST-0053,Strawberry Fields Pant,Strawberry Fields,Boys,Bottoms,Pant,Summer,New,131,5139.09,39.23,257,16,0.3376,9.8
FY2025-05,2025,Jun,WHSL,Wholesale,ST-0053,Strawberry Fields Pant,Strawberry Fields,Boys,Bottoms,Pant,Summer,New,0,0.0,31.67,0,0,0.0,0.0
FY2025-06,2025,Jul,ECOM,Ecommerce,ST-0053,Strawberry Fields Pant,Strawberry Fields,Boys,Bottoms,Pant,Summer,New,272,10313.64,37.92,517,59,0.3447,7.6
FY2025-06,2025,Jul,STORE,Retail Stores,ST-0053,Strawberry Fields Pant,Strawberry Fields,Boys,Bottoms,Pant,Summer,New,50,2067.49,41.35,65,43,0.4348,5.2
FY2025-06,2025,Jul,WHSL,Wholesale,ST-0053,Strawberry Fields Pant,Strawberry Fields,Boys,Bottoms,Pant,Summer,New,200,6334.56,31.67,291,1,0.4073,5.8
FY2026-04,2026,May,ECOM,Ecommerce,ST-0053,Strawberry Fields Pant,Strawberry Fields,Boys,Bottoms,Pant,Summer,New,411,17790.3,43.29,566,176,0.4207,5.5
FY2026-04,2026,May,STORE,Retail Stores,ST-0053,Strawberry Fields Pant,Strawberry Fields,Boys,Bottoms,Pant,Summer,New,120,5039.79,42.0,96,50,0.5556,3.2
FY2026-04,2026,May,WHSL,Wholesale,ST-0053,Strawberry Fields Pant,Strawberry Fields,Boys,Bottoms,Pant,Summer,New,265,8393.29,31.67,363,88,0.422,5.5
FY2026-05,2026,Jun,ECOM,Ecommerce,ST-0053,Strawberry Fields Pant,Strawberry Fields,Boys,Bottoms,Pant,Summer,New,430,18313.34,42.59,494,179,0.4654,5.7
FY2026-05,2026,Jun,STORE,Retail Stores,ST-0053,Strawberry Fields Pant,Strawberry Fields,Boys,Bottoms,Pant,Summer,New,75,2992.43,39.9,112,89,0.4011,7.5
FY2026-05,2026,Jun,WHSL,Wholesale,ST-0053,Strawberry Fields Pant,Strawberry Fields,Boys,Bottoms,Pant,Summer,New,327,10357.01,31.67,435,333,0.4291,6.7
FY2026-06,2026,Jul,ECOM,Ecommerce,ST-0053,Strawberry Fields Pant,Strawberry Fields,Boys,Bottoms,Pant,Summer,New,425,17595.42,41.4,852,442,0.3328,8.0
FY2026-06,2026,Jul,STORE,Retail Stores,ST-0053,Strawberry Fields Pant,Strawberry Fields,Boys,Bottoms,Pant,Summer,New,209,8925.44,42.71,441,94,0.3215,8.4
FY2026-06,2026,Jul,WHSL,Wholesale,ST-0053,Strawberry Fields Pant,Strawberry Fields,Boys,Bottoms,Pant,Summer,New,203,6429.58,31.67,240,151,0.4582,4.7
FY2025-07,2025,Aug,ECOM,Ecommerce,ST-0054,Acorn Toile Pant,Acorn Toile,Boys,Bottoms,Pant,Fall,New,534,26527.89,49.68,1006,724,0.3468,7.5
FY2025-07,2025,Aug,STORE,Retail Stores,ST-0054,Acorn Toile Pant,Acorn Toile,Boys,Bottoms,Pant,Fall,New,307,14105.0,45.94,405,296,0.4312,5.3
FY2025-07,2025,Aug,WHSL,Wholesale,ST-0054,Acorn Toile Pant,Acorn Toile,Boys,Bottoms,Pant,Fall,New,217,8122.92,37.43,394,112,0.3552,7.3
FY2025-08,2025,Sep,ECOM,Ecommerce,ST-0054,Acorn Toile Pant,Acorn Toile,Boys,Bottoms,Pant,Fall,New,283,13139.01,46.43,621,473,0.3131,11.0
FY2025-08,2025,Sep,STORE,Retail Stores,ST-0054,Acorn Toile Pant,Acorn Toile,Boys,Bottoms,Pant,Fall,New,195,10034.01,51.46,386,338,0.3356,9.9
FY2025-08,2025,Sep,WHSL,Wholesale,ST-0054,Acorn Toile Pant,Acorn Toile,Boys,Bottoms,Pant,Fall,New,49,1834.21,37.43,89,26,0.3551,9.1
FY2025-09,2025,Oct,ECOM,Ecommerce,ST-0054,Acorn Toile Pant,Acorn Toile,Boys,Bottoms,Pant,Fall,New,529,24268.08,45.88,1122,694,0.3204,8.5
FY2025-09,2025,Oct,STORE,Retail Stores,ST-0054,Acorn Toile Pant,Acorn Toile,Boys,Bottoms,Pant,Fall,New,139,7058.83,50.78,253,8,0.3546,7.3
FY2025-09,2025,Oct,WHSL,Wholesale,ST-0054,Acorn Toile Pant,Acorn Toile,Boys,Bottoms,Pant,Fall,New,233,8721.84,37.43,477,91,0.3282,8.2
FY2026-07,2026,Aug,ECOM,Ecommerce,ST-0054,Acorn Toile Pant,Acorn Toile,Boys,Bottoms,Pant,Fall,New,191,9329.64,48.85,178,89,0.5176,3.7
FY2026-07,2026,Aug,STORE,Retail Stores,ST-0054,Acorn Toile Pant,Acorn Toile,Boys,Bottoms,Pant,Fall,New,320,16296.3,50.93,301,161,0.5153,3.8
FY2026-07,2026,Aug,WHSL,Wholesale,ST-0054,Acorn Toile Pant,Acorn Toile,Boys,Bottoms,Pant,Fall,New,434,16245.84,37.43,651,14,0.4,6.0
FY2026-08,2026,Sep,ECOM,Ecommerce,ST-0054,Acorn Toile Pant,Acorn Toile,Boys,Bottoms,Pant,Fall,New,201,9786.09,48.69,467,306,0.3009,11.6
FY2026-08,2026,Sep,STORE,Retail Stores,ST-0054,Acorn Toile Pant,Acorn Toile,Boys,Bottoms,Pant,Fall,New,147,7521.09,51.16,256,15,0.3648,8.7
FY2026-08,2026,Sep,WHSL,Wholesale,ST-0054,Acorn Toile Pant,Acorn Toile,Boys,Bottoms,Pant,Fall,New,408,15272.58,37.43,886,622,0.3153,10.9
FY2026-09,2026,Oct,ECOM,Ecommerce,ST-0054,Acorn Toile Pant,Acorn Toile,Boys,Bottoms,Pant,Fall,New,357,17016.56,47.67,614,90,0.3677,6.9
FY2026-09,2026,Oct,STORE,Retail Stores,ST-0054,Acorn Toile Pant,Acorn Toile,Boys,Bottoms,Pant,Fall,New,171,8785.17,51.38,146,7,0.5394,3.4
FY2026-09,2026,Oct,WHSL,Wholesale,ST-0054,Acorn Toile Pant,Acorn Toile,Boys,Bottoms,Pant,Fall,New,417,15609.48,37.43,924,546,0.311,8.9
FY2025-09,2025,Oct,ECOM,Ecommerce,ST-0055,Candy Cane Stripe Pant,Candy Cane Stripe,Boys,Bottoms,Pant,Holiday,Carryover,429,17795.81,41.48,313,62,0.5782,2.9
FY2025-09,2025,Oct,STORE,Retail Stores,ST-0055,Candy Cane Stripe Pant,Candy Cane Stripe,Boys,Bottoms,Pant,Holiday,Carryover,102,4402.66,43.16,232,205,0.3054,9.1
FY2025-09,2025,Oct,WHSL,Wholesale,ST-0055,Candy Cane Stripe Pant,Candy Cane Stripe,Boys,Bottoms,Pant,Holiday,Carryover,386,12781.54,33.11,300,3,0.5627,3.1
FY2025-10,2025,Nov,ECOM,Ecommerce,ST-0055,Candy Cane Stripe Pant,Candy Cane Stripe,Boys,Bottoms,Pant,Holiday,Carryover,605,26232.64,43.36,855,603,0.4144,5.7
FY2025-10,2025,Nov,STORE,Retail Stores,ST-0055,Candy Cane Stripe Pant,Candy Cane Stripe,Boys,Bottoms,Pant,Holiday,Carryover,139,5521.37,39.72,225,202,0.3819,6.5
FY2025-10,2025,Nov,WHSL,Wholesale,ST-0055,Candy Cane Stripe Pant,Candy Cane Stripe,Boys,Bottoms,Pant,Holiday,Carryover,305,10099.4,33.11,621,125,0.3294,8.1
FY2025-11,2025,Dec,ECOM,Ecommerce,ST-0055,Candy Cane Stripe Pant,Candy Cane Stripe,Boys,Bottoms,Pant,Holiday,Carryover,332,14903.49,44.89,407,34,0.4493,6.1
FY2025-11,2025,Dec,STORE,Retail Stores,ST-0055,Candy Cane Stripe Pant,Candy Cane Stripe,Boys,Bottoms,Pant,Holiday,Carryover,142,5651.48,39.8,289,146,0.3295,10.2
FY2025-11,2025,Dec,WHSL,Wholesale,ST-0055,Candy Cane Stripe Pant,Candy Cane Stripe,Boys,Bottoms,Pant,Holiday,Carryover,157,5198.71,33.11,174,57,0.4743,5.5
FY2026-09,2026,Oct,ECOM,Ecommerce,ST-0055,Candy Cane Stripe Pant,Candy Cane Stripe,Boys,Bottoms,Pant,Holiday,Carryover,377,16696.84,44.29,542,373,0.4102,5.8
FY2026-09,2026,Oct,STORE,Retail Stores,ST-0055,Candy Cane Stripe Pant,Candy Cane Stripe,Boys,Bottoms,Pant,Holiday,Carryover,240,10683.42,44.51,391,113,0.3803,6.5
FY2026-09,2026,Oct,WHSL,Wholesale,ST-0055,Candy Cane Stripe Pant,Candy Cane Stripe,Boys,Bottoms,Pant,Holiday,Carryover,244,8079.52,33.11,545,125,0.3093,8.9
FY2026-10,2026,Nov,ECOM,Ecommerce,ST-0055,Candy Cane Stripe Pant,Candy Cane Stripe,Boys,Bottoms,Pant,Holiday,Carryover,226,9210.73,40.76,371,300,0.3786,6.6
FY2026-10,2026,Nov,STORE,Retail Stores,ST-0055,Candy Cane Stripe Pant,Candy Cane Stripe,Boys,Bottoms,Pant,Holiday,Carryover,226,10371.57,45.89,233,170,0.4924,4.1
FY2026-10,2026,Nov,WHSL,Wholesale,ST-0055,Candy Cane Stripe Pant,Candy Cane Stripe,Boys,Bottoms,Pant,Holiday,Carryover,367,12152.4,33.11,356,17,0.5076,3.9
FY2026-11,2026,Dec,ECOM,Ecommerce,ST-0055,Candy Cane Stripe Pant,Candy Cane Stripe,Boys,Bottoms,Pant,Holiday,Carryover,451,18077.67,40.08,536,324,0.4569,5.9
FY2026-11,2026,Dec,STORE,Retail Stores,ST-0055,Candy Cane Stripe Pant,Candy Cane Stripe,Boys,Bottoms,Pant,Holiday,Carryover,144,6357.87,44.15,290,154,0.3318,10.1
FY2026-11,2026,Dec,WHSL,Wholesale,ST-0055,Candy Cane Stripe Pant,Candy Cane Stripe,Boys,Bottoms,Pant,Holiday,Carryover,410,13576.25,33.11,597,527,0.4071,7.3
FY2025-01,2025,Feb,ECOM,Ecommerce,ST-0056,Tulip Garden Two-Piece Set,Tulip Garden,Boys,Sets,Two-Piece Set,Spring,New,351,20806.92,59.28,301,55,0.5383,3.4
FY2025-01,2025,Feb,STORE,Retail Stores,ST-0056,Tulip Garden Two-Piece Set,Tulip Garden,Boys,Sets,Two-Piece Set,Spring,New,181,12087.1,66.78,163,126,0.5262,3.6
FY2025-01,2025,Feb,WHSL,Wholesale,ST-0056,Tulip Garden Two-Piece Set,Tulip Garden,Boys,Sets,Two-Piece Set,Spring,New,22,1076.96,48.95,38,32,0.3667,6.9
FY2025-02,2025,Mar,ECOM,Ecommerce,ST-0056,Tulip Garden Two-Piece Set,Tulip Garden,Boys,Sets,Two-Piece Set,Spring,New,200,13529.53,67.65,303,3,0.3976,7.6
FY2025-02,2025,Mar,STORE,Retail Stores,ST-0056,Tulip Garden Two-Piece Set,Tulip Garden,Boys,Sets,Two-Piece Set,Spring,New,226,14868.23,65.79,209,40,0.5195,4.6
FY2025-02,2025,Mar,WHSL,Wholesale,ST-0056,Tulip Garden Two-Piece Set,Tulip Garden,Boys,Sets,Two-Piece Set,Spring,New,328,16056.52,48.95,472,36,0.41,7.2
FY2025-03,2025,Apr,ECOM,Ecommerce,ST-0056,Tulip Garden Two-Piece Set,Tulip Garden,Boys,Sets,Two-Piece Set,Spring,New,294,18048.49,61.39,305,60,0.4908,4.1
FY2025-03,2025,Apr,STORE,Retail Stores,ST-0056,Tulip Garden Two-Piece Set,Tulip Garden,Boys,Sets,Two-Piece Set,Spring,New,69,4421.27,64.08,148,120,0.318,8.6
FY2025-03,2025,Apr,WHSL,Wholesale,ST-0056,Tulip Garden Two-Piece Set,Tulip Garden,Boys,Sets,Two-Piece Set,Spring,New,275,13462.02,48.95,410,155,0.4015,6.0
FY2026-01,2026,Feb,ECOM,Ecommerce,ST-0056,Tulip Garden Two-Piece Set,Tulip Garden,Boys,Sets,Two-Piece Set,Spring,New,756,48377.61,63.99,1431,611,0.3457,7.6
FY2026-01,2026,Feb,STORE,Retail Stores,ST-0056,Tulip Garden Two-Piece Set,Tulip Garden,Boys,Sets,Two-Piece Set,Spring,New,200,12408.84,62.04,352,276,0.3623,7.0
FY2026-01,2026,Feb,WHSL,Wholesale,ST-0056,Tulip Garden Two-Piece Set,Tulip Garden,Boys,Sets,Two-Piece Set,Spring,New,337,16497.09,48.95,456,175,0.425,5.4
FY2026-02,2026,Mar,ECOM,Ecommerce,ST-0056,Tulip Garden Two-Piece Set,Tulip Garden,Boys,Sets,Two-Piece Set,Spring,New,375,22895.83,61.06,529,371,0.4148,7.1
FY2026-02,2026,Mar,STORE,Retail Stores,ST-0056,Tulip Garden Two-Piece Set,Tulip Garden,Boys,Sets,Two-Piece Set,Spring,New,155,9616.95,62.04,212,134,0.4223,6.8
FY2026-02,2026,Mar,WHSL,Wholesale,ST-0056,Tulip Garden Two-Piece Set,Tulip Garden,Boys,Sets,Two-Piece Set,Spring,New,346,16937.67,48.95,602,385,0.365,8.7
FY2026-03,2026,Apr,ECOM,Ecommerce,ST-0056,Tulip Garden Two-Piece Set,Tulip Garden,Boys,Sets,Two-Piece Set,Spring,New,320,20689.13,64.65,517,210,0.3823,6.5
FY2026-03,2026,Apr,STORE,Retail Stores,ST-0056,Tulip Garden Two-Piece Set,Tulip Garden,Boys,Sets,Two-Piece Set,Spring,New,177,11360.07,64.18,279,42,0.3882,6.3
FY2026-03,2026,Apr,WHSL,Wholesale,ST-0056,Tulip Garden Two-Piece Set,Tulip Garden,Boys,Sets,Two-Piece Set,Spring,New,409,20021.7,48.95,466,195,0.4674,4.6
FY2025-07,2025,Aug,ECOM,Ecommerce,ST-0057,Wildflower Two-Piece Set,Wildflower,Boys,Sets,Two-Piece Set,Fall,New,132,7067.57,53.54,264,141,0.3333,8.0
FY2025-07,2025,Aug,STORE,Retail Stores,ST-0057,Wildflower Two-Piece Set,Wildflower,Boys,Sets,Two-Piece Set,Fall,New,255,15247.44,59.79,413,371,0.3817,6.5
FY2025-07,2025,Aug,WHSL,Wholesale,ST-0057,Wildflower Two-Piece Set,Wildflower,Boys,Sets,Two-Piece Set,Fall,New,196,8748.03,44.63,225,197,0.4656,4.6
FY2025-08,2025,Sep,ECOM,Ecommerce,ST-0057,Wildflower Two-Piece Set,Wildflower,Boys,Sets,Two-Piece Set,Fall,New,155,8522.86,54.99,315,45,0.3298,10.2
FY2025-08,2025,Sep,STORE,Retail Stores,ST-0057,Wildflower Two-Piece Set,Wildflower,Boys,Sets,Two-Piece Set,Fall,New,90,5451.02,60.57,189,10,0.3226,10.5
FY2025-08,2025,Sep,WHSL,Wholesale,ST-0057,Wildflower Two-Piece Set,Wildflower,Boys,Sets,Two-Piece Set,Fall,New,229,10220.91,44.63,433,144,0.3459,9.5
FY2025-09,2025,Oct,ECOM,Ecommerce,ST-0057,Wildflower Two-Piece Set,Wildflower,Boys,Sets,Two-Piece Set,Fall,New,325,18454.65,56.78,245,4,0.5702,3.0
FY2025-09,2025,Oct,STORE,Retail Stores,ST-0057,Wildflower Two-Piece Set,Wildflower,Boys,Sets,Two-Piece Set,Fall,New,34,2081.01,61.21,30,10,0.5312,3.5
FY2025-09,2025,Oct,WHSL,Wholesale,ST-0057,Wildflower Two-Piece Set,Wildflower,Boys,Sets,Two-Piece Set,Fall,New,283,12631.08,44.63,676,435,0.2951,9.6
FY2026-07,2026,Aug,ECOM,Ecommerce,ST-0057,Wildflower Two-Piece Set,Wildflower,Boys,Sets,Two-Piece Set,Fall,New,312,19245.0,61.68,320,82,0.4937,4.1
FY2026-07,2026,Aug,STORE,Retail Stores,ST-0057,Wildflower Two-Piece Set,Wildflower,Boys,Sets,Two-Piece Set,Fall,New,182,10826.31,59.49,202,91,0.474,4.4
FY2026-07,2026,Aug,WHSL,Wholesale,ST-0057,Wildflower Two-Piece Set,Wildflower,Boys,Sets,Two-Piece Set,Fall,New,366,16335.6,44.63,589,27,0.3832,6.4
FY2026-08,2026,Sep,ECOM,Ecommerce,ST-0057,Wildflower Two-Piece Set,Wildflower,Boys,Sets,Two-Piece Set,Fall,New,401,21973.76,54.8,762,388,0.3448,9.5
FY2026-08,2026,Sep,STORE,Retail Stores,ST-0057,Wildflower Two-Piece Set,Wildflower,Boys,Sets,Two-Piece Set,Fall,New,164,9222.55,56.24,222,12,0.4249,6.8
FY2026-08,2026,Sep,WHSL,Wholesale,ST-0057,Wildflower Two-Piece Set,Wildflower,Boys,Sets,Two-Piece Set,Fall,New,0,0.0,44.63,0,0,0.0,0.0
FY2026-09,2026,Oct,ECOM,Ecommerce,ST-0057,Wildflower Two-Piece Set,Wildflower,Boys,Sets,Two-Piece Set,Fall,New,227,13122.14,57.81,367,242,0.3822,6.5
FY2026-09,2026,Oct,STORE,Retail Stores,ST-0057,Wildflower Two-Piece Set,Wildflower,Boys,Sets,Two-Piece Set,Fall,New,264,14383.35,54.48,305,129,0.464,4.6
FY2026-09,2026,Oct,WHSL,Wholesale,ST-0057,Wildflower Two-Piece Set,Wildflower,Boys,Sets,Two-Piece Set,Fall,New,135,6025.43,44.63,148,106,0.477,4.4
FY2025-09,2025,Oct,ECOM,Ecommerce,ST-0058,Holiday Holly Two-Piece Set,Holiday Holly,Boys,Sets,Two-Piece Set,Holiday,New,517,37636.13,72.8,991,812,0.3428,7.7
FY2025-09,2025,Oct,STORE,Retail Stores,ST-0058,Holiday Holly Two-Piece Set,Holiday Holly,Boys,Sets,Two-Piece Set,Holiday,New,165,11302.74,68.5,343,94,0.3248,8.3
FY2025-09,2025,Oct,WHSL,Wholesale,ST-0058,Holiday Holly Two-Piece Set,Holiday Holly,Boys,Sets,Two-Piece Set,Holiday,New,141,7917.54,56.15,311,222,0.3119,8.8
FY2025-10,2025,Nov,ECOM,Ecommerce,ST-0058,Holiday Holly Two-Piece Set,Holiday Holly,Boys,Sets,Two-Piece Set,Holiday,New,307,23333.62,76.01,493,39,0.3837,6.4
FY2025-10,2025,Nov,STORE,Retail Stores,ST-0058,Holiday Holly Two-Piece Set,Holiday Holly,Boys,Sets,Two-Piece Set,Holiday,New,76,5133.1,67.54,84,11,0.475,4.4
FY2025-10,2025,Nov,WHSL,Wholesale,ST-0058,Holiday Holly Two-Piece Set,Holiday Holly,Boys,Sets,Two-Piece Set,Holiday,New,223,12522.07,56.15,469,43,0.3223,8.4
FY2025-11,2025,Dec,ECOM,Ecommerce,ST-0058,Holiday Holly Two-Piece Set,Holiday Holly,Boys,Sets,Two-Piece Set,Holiday,New,484,36670.27,75.77,945,329,0.3387,9.8
FY2025-11,2025,Dec,STORE,Retail Stores,ST-0058,Holiday Holly Two-Piece Set,Holiday Holly,Boys,Sets,Two-Piece Set,Holiday,New,11,810.56,73.69,8,3,0.5789,3.6
FY2025-11,2025,Dec,WHSL,Wholesale,ST-0058,Holiday Holly Two-Piece Set,Holiday Holly,Boys,Sets,Two-Piece Set,Holiday,New,229,12858.99,56.15,334,171,0.4067,7.3
FY2026-09,2026,Oct,ECOM,Ecommerce,ST-0058,Holiday Holly Two-Piece Set,Holiday Holly,Boys,Sets,Two-Piece Set,Holiday,New,631,45078.54,71.44,585,218,0.5189,3.7
FY2026-09,2026,Oct,STORE,Retail Stores,ST-0058,Holiday Holly Two-Piece Set,Holiday Holly,Boys,Sets,Two-Piece Set,Holiday,New,60,4265.05,71.08,113,97,0.3468,7.5
FY2026-09,2026,Oct,WHSL,Wholesale,ST-0058,Holiday Holly Two-Piece Set,Holiday Holly,Boys,Sets,Two-Piece Set,Holiday,New,206,11567.48,56.15,155,8,0.5706,3.0
FY2026-10,2026,Nov,ECOM,Ecommerce,ST-0058,Holiday Holly Two-Piece Set,Holiday Holly,Boys,Sets,Two-Piece Set,Holiday,New,154,11161.35,72.48,228,176,0.4031,5.9
FY2026-10,2026,Nov,STORE,Retail Stores,ST-0058,Holiday Holly Two-Piece Set,Holiday Holly,Boys,Sets,Two-Piece Set,Holiday,New,158,10992.29,69.57,198,98,0.4438,5.0
FY2026-10,2026,Nov,WHSL,Wholesale,ST-0058,Holiday Holly Two-Piece Set,Holiday Holly,Boys,Sets,Two-Piece Set,Holiday,New,308,17295.06,56.15,642,424,0.3242,8.3
FY2026-11,2026,Dec,ECOM,Ecommerce,ST-0058,Holiday Holly Two-Piece Set,Holiday Holly,Boys,Sets,Two-Piece Set,Holiday,New,256,18237.63,71.24,594,418,0.3012,11.6
FY2026-11,2026,Dec,STORE,Retail Stores,ST-0058,Holiday Holly Two-Piece Set,Holiday Holly,Boys,Sets,Two-Piece Set,Holiday,New,210,15405.35,73.36,439,387,0.3236,10.5
FY2026-11,2026,Dec,WHSL,Wholesale,ST-0058,Holiday Holly Two-Piece Set,Holiday Holly,Boys,Sets,Two-Piece Set,Holiday,New,180,10107.5,56.15,336,91,0.3488,9.3
FY2025-01,2025,Feb,ECOM,Ecommerce,ST-0059,Hydrangea Swim Trunk,Hydrangea,Boys,Swim,Swim Trunk,Spring,New,157,8510.61,54.21,179,78,0.4673,4.6
FY2025-01,2025,Feb,STORE,Retail Stores,ST-0059,Hydrangea Swim Trunk,Hydrangea,Boys,Swim,Swim Trunk,Spring,New,101,5494.65,54.4,230,132,0.3051,9.1
FY2025-01,2025,Feb,WHSL,Wholesale,ST-0059,Hydrangea Swim Trunk,Hydrangea,Boys,Swim,Swim Trunk,Spring,New,228,9519.64,41.75,452,27,0.3353,7.9
FY2025-02,2025,Mar,ECOM,Ecommerce,ST-0059,Hydrangea Swim Trunk,Hydrangea,Boys,Swim,Swim Trunk,Spring,New,307,17258.34,56.22,521,339,0.3708,8.5
FY2025-02,2025,Mar,STORE,Retail Stores,ST-0059,Hydrangea Swim Trunk,Hydrangea,Boys,Swim,Swim Trunk,Spring,New,136,7504.22,55.18,294,18,0.3163,10.8
FY2025-02,2025,Mar,WHSL,Wholesale,ST-0059,Hydrangea Swim Trunk,Hydrangea,Boys,Swim,Swim Trunk,Spring,New,441,18412.98,41.75,893,339,0.3306,10.1
FY2025-03,2025,Apr,ECOM,Ecommerce,ST-0059,Hydrangea Swim Trunk,Hydrangea,Boys,Swim,Swim Trunk,Spring,New,499,25599.59,51.3,585,492,0.4603,4.7
FY2025-03,2025,Apr,STORE,Retail Stores,ST-0059,Hydrangea Swim Trunk,Hydrangea,Boys,Swim,Swim Trunk,Spring,New,339,17758.78,52.39,306,272,0.5256,3.6
FY2025-03,2025,Apr,WHSL,Wholesale,ST-0059,Hydrangea Swim Trunk,Hydrangea,Boys,Swim,Swim Trunk,Spring,New,281,11732.54,41.75,532,109,0.3456,7.6
FY2026-01,2026,Feb,ECOM,Ecommerce,ST-0059,Hydrangea Swim Trunk,Hydrangea,Boys,Swim,Swim Trunk,Spring,New,224,12936.9,57.75,355,57,0.3869,6.3
FY2026-01,2026,Feb,STORE,Retail Stores,ST-0059,Hydrangea Swim Trunk,Hydrangea,Boys,Swim,Swim Trunk,Spring,New,114,5929.56,52.01,215,169,0.3465,7.5
FY2026-01,2026,Feb,WHSL,Wholesale,ST-0059,Hydrangea Swim Trunk,Hydrangea,Boys,Swim,Swim Trunk,Spring,New,234,9770.16,41.75,451,288,0.3416,7.7
FY2026-02,2026,Mar,ECOM,Ecommerce,ST-0059,Hydrangea Swim Trunk,Hydrangea,Boys,Swim,Swim Trunk,Spring,New,369,18905.03,51.23,735,599,0.3342,10.0
FY2026-02,2026,Mar,STORE,Retail Stores,ST-0059,Hydrangea Swim Trunk,Hydrangea,Boys,Swim,Swim Trunk,Spring,New,246,12317.31,50.07,233,0,0.5136,4.7
FY2026-02,2026,Mar,WHSL,Wholesale,ST-0059,Hydrangea Swim Trunk,Hydrangea,Boys,Swim,Swim Trunk,Spring,New,180,7515.5,41.75,358,296,0.3346,9.9
FY2026-03,2026,Apr,ECOM,Ecommerce,ST-0059,Hydrangea Swim Trunk,Hydrangea,Boys,Swim,Swim Trunk,Spring,New,282,14135.47,50.13,604,401,0.3183,8.6
FY2026-03,2026,Apr,STORE,Retail Stores,ST-0059,Hydrangea Swim Trunk,Hydrangea,Boys,Swim,Swim Trunk,Spring,New,194,10721.06,55.26,180,102,0.5187,3.7
FY2026-03,2026,Apr,WHSL,Wholesale,ST-0059,Hydrangea Swim Trunk,Hydrangea,Boys,Swim,Swim Trunk,Spring,New,298,12442.33,41.75,266,124,0.5284,3.6
FY2025-04,2025,May,ECOM,Ecommerce,ST-0060,Nantucket Stripe Swim Trunk,Nantucket Stripe,Boys,Swim,Swim Trunk,Summer,Carryover,151,8499.72,56.29,346,196,0.3038,9.2
FY2025-04,2025,May,STORE,Retail Stores,ST-0060,Nantucket Stripe Swim Trunk,Nantucket Stripe,Boys,Swim,Swim Trunk,Summer,Carryover,89,5589.41,62.8,110,67,0.4472,4.9
FY2025-04,2025,May,WHSL,Wholesale,ST-0060,Nantucket Stripe Swim Trunk,Nantucket Stripe,Boys,Swim,Swim Trunk,Summer,Carryover,289,13315.04,46.07,637,185,0.3121,8.8
FY2025-05,2025,Jun,ECOM,Ecommerce,ST-0060,Nantucket Stripe Swim Trunk,Nantucket Stripe,Boys,Swim,Swim Trunk,Summer,Carryover,210,12154.69,57.88,280,154,0.4286,6.7
FY2025-05,2025,Jun,STORE,Retail Stores,ST-0060,Nantucket Stripe Swim Trunk,Nantucket Stripe,Boys,Swim,Swim Trunk,Summer,Carryover,122,7255.08,59.47,234,39,0.3427,9.6
FY2025-05,2025,Jun,WHSL,Wholesale,ST-0060,Nantucket Stripe Swim Trunk,Nantucket Stripe,Boys,Swim,Swim Trunk,Summer,Carryover,293,13499.33,46.07,531,279,0.3556,9.1
FY2025-06,2025,Jul,ECOM,Ecommerce,ST-0060,Nantucket Stripe Swim Trunk,Nantucket Stripe,Boys,Swim,Swim Trunk,Summer,Carryover,0,0.0,58.36,0,0,0.0,0.0
FY2025-06,2025,Jul,STORE,Retail Stores,ST-0060,Nantucket Stripe Swim Trunk,Nantucket Stripe,Boys,Swim,Swim Trunk,Summer,Carryover,147,9103.31,61.93,173,141,0.4594,4.7
FY2025-06,2025,Jul,WHSL,Wholesale,ST-0060,Nantucket Stripe Swim Trunk,Nantucket Stripe,Boys,Swim,Swim Trunk,Summer,Carryover,152,7003.07,46.07,289,66,0.3447,7.6
FY2026-04,2026,May,ECOM,Ecommerce,ST-0060,Nantucket Stripe Swim Trunk,Nantucket Stripe,Boys,Swim,Swim Trunk,Summer,Carryover,344,21099.73,61.34,410,311,0.4562,4.8
FY2026-04,2026,May,STORE,Retail Stores,ST-0060,Nantucket Stripe Swim Trunk,Nantucket Stripe,Boys,Swim,Swim Trunk,Summer,Carryover,363,21812.95,60.09,649,39,0.3587,7.2
FY2026-04,2026,May,WHSL,Wholesale,ST-0060,Nantucket Stripe Swim Trunk,Nantucket Stripe,Boys,Swim,Swim Trunk,Summer,Carryover,238,10965.33,46.07,355,130,0.4013,6.0
FY2026-05,2026,Jun,ECOM,Ecommerce,ST-0060,Nantucket Stripe Swim Trunk,Nantucket Stripe,Boys,Swim,Swim Trunk,Summer,Carryover,375,23696.27,63.19,766,290,0.3287,10.2
FY2026-05,2026,Jun,STORE,Retail Stores,ST-0060,Nantucket Stripe Swim Trunk,Nantucket Stripe,Boys,Swim,Swim Trunk,Summer,Carryover,149,9315.15,62.52,263,119,0.3617,8.8
FY2026-05,2026,Jun,WHSL,Wholesale,ST-0060,Nantucket Stripe Swim Trunk,Nantucket Stripe,Boys,Swim,Swim Trunk,Summer,Carryover,282,12992.53,46.07,411,251,0.4069,7.3
FY2026-06,2026,Jul,ECOM,Ecommerce,ST-0060,Nantucket Stripe Swim Trunk,Nantucket Stripe,Boys,Swim,Swim Trunk,Summer,Carryover,288,17130.97,59.48,452,300,0.3892,6.3
FY2026-06,2026,Jul,STORE,Retail Stores,ST-0060,Nantucket Stripe Swim Trunk,Nantucket Stripe,Boys,Swim,Swim Trunk,Summer,Carryover,222,12787.56,57.6,183,143,0.5481,3.3
FY2026-06,2026,Jul,WHSL,Wholesale,ST-0060,Nantucket Stripe Swim Trunk,Nantucket Stripe,Boys,Swim,Swim Trunk,Summer,Carryover,441,20318.1,46.07,957,448,0.3155,8.7
FY2025-01,2025,Feb,ECOM,Ecommerce,ST-0061,Garden Trellis Rash Guard Set,Garden Trellis,Boys,Swim,Rash Guard Set,Spring,New,193,10049.17,52.07,409,204,0.3206,8.5
FY2025-01,2025,Feb,STORE,Retail Stores,ST-0061,Garden Trellis Rash Guard Set,Garden Trellis,Boys,Swim,Rash Guard Set,Spring,New,79,4521.09,57.23,91,34,0.4647,4.6
FY2025-01,2025,Feb,WHSL,Wholesale,ST-0061,Garden Trellis Rash Guard Set,Garden Trellis,Boys,Swim,Rash Guard Set,Spring,New,9,388.74,43.19,8,3,0.5294,3.6
FY2025-02,2025,Mar,ECOM,Ecommerce,ST-0061,Garden Trellis Rash Guard Set,Garden Trellis,Boys,Swim,Rash Guard Set,Spring,New,176,9919.76,56.36,268,225,0.3964,7.6
FY2025-02,2025,Mar,STORE,Retail Stores,ST-0061,Garden Trellis Rash Guard Set,Garden Trellis,Boys,Swim,Rash Guard Set,Spring,New,231,13445.0,58.2,167,84,0.5804,3.6
FY2025-02,2025,Mar,WHSL,Wholesale,ST-0061,Garden Trellis Rash Guard Set,Garden Trellis,Boys,Swim,Rash Guard Set,Spring,New,155,6694.88,43.19,341,163,0.3125,11.0
FY2025-03,2025,Apr,ECOM,Ecommerce,ST-0061,Garden Trellis Rash Guard Set,Garden Trellis,Boys,Swim,Rash Guard Set,Spring,New,431,25451.81,59.05,553,115,0.438,5.1
FY2025-03,2025,Apr,STORE,Retail Stores,ST-0061,Garden Trellis Rash Guard Set,Garden Trellis,Boys,Swim,Rash Guard Set,Spring,New,150,8802.58,58.68,345,44,0.303,9.2
FY2025-03,2025,Apr,WHSL,Wholesale,ST-0061,Garden Trellis Rash Guard Set,Garden Trellis,Boys,Swim,Rash Guard Set,Spring,New,321,13864.89,43.19,636,562,0.3354,7.9
FY2026-01,2026,Feb,ECOM,Ecommerce,ST-0061,Garden Trellis Rash Guard Set,Garden Trellis,Boys,Swim,Rash Guard Set,Spring,New,284,15437.43,54.36,223,82,0.5602,3.1
FY2026-01,2026,Feb,STORE,Retail Stores,ST-0061,Garden Trellis Rash Guard Set,Garden Trellis,Boys,Swim,Rash Guard Set,Spring,New,139,7793.73,56.07,231,165,0.3757,6.6
FY2026-01,2026,Feb,WHSL,Wholesale,ST-0061,Garden Trellis Rash Guard Set,Garden Trellis,Boys,Swim,Rash Guard Set,Spring,New,437,18875.25,43.19,786,284,0.3573,7.2
FY2026-02,2026,Mar,ECOM,Ecommerce,ST-0061,Garden Trellis Rash Guard Set,Garden Trellis,Boys,Swim,Rash Guard Set,Spring,New,343,18702.77,54.53,575,356,0.3736,8.4
FY2026-02,2026,Mar,STORE,Retail Stores,ST-0061,Garden Trellis Rash Guard Set,Garden Trellis,Boys,Swim,Rash Guard Set,Spring,New,171,9872.56,57.73,395,97,0.3021,11.5
FY2026-02,2026,Mar,WHSL,Wholesale,ST-0061,Garden Trellis Rash Guard Set,Garden Trellis,Boys,Swim,Rash Guard Set,Spring,New,388,16758.81,43.19,864,687,0.3099,11.1
FY2026-03,2026,Apr,ECOM,Ecommerce,ST-0061,Garden Trellis Rash Guard Set,Garden Trellis,Boys,Swim,Rash Guard Set,Spring,New,507,27318.0,53.88,768,64,0.3976,6.1
FY2026-03,2026,Apr,STORE,Retail Stores,ST-0061,Garden Trellis Rash Guard Set,Garden Trellis,Boys,Swim,Rash Guard Set,Spring,New,256,14454.97,56.46,501,261,0.3382,7.8
FY2026-03,2026,Apr,WHSL,Wholesale,ST-0061,Garden Trellis Rash Guard Set,Garden Trellis,Boys,Swim,Rash Guard Set,Spring,New,228,9847.96,43.19,514,320,0.3073,9.0
FY2025-04,2025,May,ECOM,Ecommerce,ST-0062,Seashell Rash Guard Set,Seashell,Boys,Swim,Rash Guard Set,Summer,New,403,19182.13,47.6,631,402,0.3897,6.3
FY2025-04,2025,May,STORE,Retail Stores,ST-0062,Seashell Rash Guard Set,Seashell,Boys,Swim,Rash Guard Set,Summer,New,194,9951.16,51.29,373,292,0.3422,7.7
FY2025-04,2025,May,WHSL,Wholesale,ST-0062,Seashell Rash Guard Set,Seashell,Boys,Swim,Rash Guard Set,Summer,New,494,19203.16,38.87,1159,4,0.2989,9.4
FY2025-05,2025,Jun,ECOM,Ecommerce,ST-0062,Seashell Rash Guard Set,Seashell,Boys,Swim,Rash Guard Set,Summer,New,412,19699.16,47.81,958,370,0.3007,11.6
FY2025-05,2025,Jun,STORE,Retail Stores,ST-0062,Seashell Rash Guard Set,Seashell,Boys,Swim,Rash Guard Set,Summer,New,101,5081.23,50.31,131,71,0.4353,6.5
FY2025-05,2025,Jun,WHSL,Wholesale,ST-0062,Seashell Rash Guard Set,Seashell,Boys,Swim,Rash Guard Set,Summer,New,168,6530.63,38.87,280,149,0.375,8.3
FY2025-06,2025,Jul,ECOM,Ecommerce,ST-0062,Seashell Rash Guard Set,Seashell,Boys,Swim,Rash Guard Set,Summer,New,0,0.0,49.36,0,0,0.0,0.0
FY2025-06,2025,Jul,STORE,Retail Stores,ST-0062,Seashell Rash Guard Set,Seashell,Boys,Swim,Rash Guard Set,Summer,New,291,14983.31,51.49,549,151,0.3464,7.5
FY2025-06,2025,Jul,WHSL,Wholesale,ST-0062,Seashell Rash Guard Set,Seashell,Boys,Swim,Rash Guard Set,Summer,New,285,11078.75,38.87,277,29,0.5071,3.9
FY2026-04,2026,May,ECOM,Ecommerce,ST-0062,Seashell Rash Guard Set,Seashell,Boys,Swim,Rash Guard Set,Summer,New,299,15368.31,51.4,479,221,0.3843,6.4
FY2026-04,2026,May,STORE,Retail Stores,ST-0062,Seashell Rash Guard Set,Seashell,Boys,Swim,Rash Guard Set,Summer,New,137,7003.65,51.12,240,15,0.3634,7.0
FY2026-04,2026,May,WHSL,Wholesale,ST-0062,Seashell Rash Guard Set,Seashell,Boys,Swim,Rash Guard Set,Summer,New,382,14849.41,38.87,616,277,0.3828,6.5
FY2026-05,2026,Jun,ECOM,Ecommerce,ST-0062,Seashell Rash Guard Set,Seashell,Boys,Swim,Rash Guard Set,Summer,New,163,7609.75,46.69,341,29,0.3234,10.5
FY2026-05,2026,Jun,STORE,Retail Stores,ST-0062,Seashell Rash Guard Set,Seashell,Boys,Swim,Rash Guard Set,Summer,New,132,6247.05,47.33,128,95,0.5077,4.8
FY2026-05,2026,Jun,WHSL,Wholesale,ST-0062,Seashell Rash Guard Set,Seashell,Boys,Swim,Rash Guard Set,Summer,New,447,17376.14,38.87,1023,772,0.3041,11.4
FY2026-06,2026,Jul,ECOM,Ecommerce,ST-0062,Seashell Rash Guard Set,Seashell,Boys,Swim,Rash Guard Set,Summer,New,501,26533.27,52.96,407,14,0.5518,3.2
FY2026-06,2026,Jul,STORE,Retail Stores,ST-0062,Seashell Rash Guard Set,Seashell,Boys,Swim,Rash Guard Set,Summer,New,196,9138.09,46.62,257,202,0.4327,5.2
FY2026-06,2026,Jul,WHSL,Wholesale,ST-0062,Seashell Rash Guard Set,Seashell,Boys,Swim,Rash Guard Set,Summer,New,369,14344.06,38.87,574,348,0.3913,6.2
FY2025-04,2025,May,ECOM,Ecommerce,ST-0063,Strawberry Fields PJ Set,Strawberry Fields,Boys,Sleepwear,PJ Set,Summer,New,243,11678.65,48.06,516,378,0.3202,8.5
FY2025-04,2025,May,STORE,Retail Stores,ST-0063,Strawberry Fields PJ Set,Strawberry Fields,Boys,Sleepwear,PJ Set,Summer,New,296,14444.9,48.8,229,27,0.5638,3.1
FY2025-04,2025,May,WHSL,Wholesale,ST-0063,Strawberry Fields PJ Set,Strawberry Fields,Boys,Sleepwear,PJ Set,Summer,New,43,1671.53,38.87,59,10,0.4216,5.5
FY2025-05,2025,Jun,ECOM,Ecommerce,ST-0063,Strawberry Fields PJ Set,Strawberry Fields,Boys,Sleepwear,PJ Set,Summer,New,516,27607.28,53.5,796,244,0.3933,7.7
FY2025-05,2025,Jun,STORE,Retail Stores,ST-0063,Strawberry Fields PJ Set,Strawberry Fields,Boys,Sleepwear,PJ Set,Summer,New,154,7279.49,47.27,215,80,0.4173,7.0
FY2025-05,2025,Jun,WHSL,Wholesale,ST-0063,Strawberry Fields PJ Set,Strawberry Fields,Boys,Sleepwear,PJ Set,Summer,New,345,13411.12,38.87,688,342,0.334,10.0
FY2025-06,2025,Jul,ECOM,Ecommerce,ST-0063,Strawberry Fields PJ Set,Strawberry Fields,Boys,Sleepwear,PJ Set,Summer,New,137,6656.89,48.59,299,198,0.3142,8.7
FY2025-06,2025,Jul,STORE,Retail Stores,ST-0063,Strawberry Fields PJ Set,Strawberry Fields,Boys,Sleepwear,PJ Set,Summer,New,241,11851.32,49.18,365,44,0.3977,6.1
FY2025-06,2025,Jul,WHSL,Wholesale,ST-0063,Strawberry Fields PJ Set,Strawberry Fields,Boys,Sleepwear,PJ Set,Summer,New,266,10340.16,38.87,277,12,0.4899,4.2
FY2026-04,2026,May,ECOM,Ecommerce,ST-0063,Strawberry Fields PJ Set,Strawberry Fields,Boys,Sleepwear,PJ Set,Summer,New,126,6163.92,48.92,214,62,0.3706,6.8
FY2026-04,2026,May,STORE,Retail Stores,ST-0063,Strawberry Fields PJ Set,Strawberry Fields,Boys,Sleepwear,PJ Set,Summer,New,209,10798.81,51.67,270,77,0.4363,5.2
FY2026-04,2026,May,WHSL,Wholesale,ST-0063,Strawberry Fields PJ Set,Strawberry Fields,Boys,Sleepwear,PJ Set,Summer,New,141,5481.06,38.87,322,264,0.3045,9.1
FY2026-05,2026,Jun,ECOM,Ecommerce,ST-0063,Strawberry Fields PJ Set,Strawberry Fields,Boys,Sleepwear,PJ Set,Summer,New,400,18818.97,47.05,927,241,0.3014,11.6
FY2026-05,2026,Jun,STORE,Retail Stores,ST-0063,Strawberry Fields PJ Set,Strawberry Fields,Boys,Sleepwear,PJ Set,Summer,New,49,2396.31,48.9,67,48,0.4224,6.8
FY2026-05,2026,Jun,WHSL,Wholesale,ST-0063,Strawberry Fields PJ Set,Strawberry Fields,Boys,Sleepwear,PJ Set,Summer,New,63,2448.99,38.87,91,30,0.4091,7.2
FY2026-06,2026,Jul,ECOM,Ecommerce,ST-0063,Strawberry Fields PJ Set,Strawberry Fields,Boys,Sleepwear,PJ Set,Summer,New,182,8775.16,48.22,138,115,0.5687,3.0
FY2026-06,2026,Jul,STORE,Retail Stores,ST-0063,Strawberry Fields PJ Set,Strawberry Fields,Boys,Sleepwear,PJ Set,Summer,New,200,10445.87,52.23,260,187,0.4348,5.2
FY2026-06,2026,Jul,WHSL,Wholesale,ST-0063,Strawberry Fields PJ Set,Strawberry Fields,Boys,Sleepwear,PJ Set,Summer,New,204,7930.05,38.87,391,218,0.3429,7.7
FY2025-07,2025,Aug,ECOM,Ecommerce,ST-0064,Wildflower PJ Set,Wildflower,Boys,Sleepwear,PJ Set,Fall,New,333,15516.1,46.59,554,376,0.3754,6.7
FY2025-07,2025,Aug,STORE,Retail Stores,ST-0064,Wildflower PJ Set,Wildflower,Boys,Sleepwear,PJ Set,Fall,New,192,10322.49,53.76,425,230,0.3112,8.9
FY2025-07,2025,Aug,WHSL,Wholesale,ST-0064,Wildflower PJ Set,Wildflower,Boys,Sleepwear,PJ Set,Fall,New,169,6569.5,38.87,124,53,0.5768,2.9
FY2025-08,2025,Sep,ECOM,Ecommerce,ST-0064,Wildflower PJ Set,Wildflower,Boys,Sleepwear,PJ Set,Fall,New,271,13233.37,48.83,245,59,0.5252,4.5
FY2025-08,2025,Sep,STORE,Retail Stores,ST-0064,Wildflower PJ Set,Wildflower,Boys,Sleepwear,PJ Set,Fall,New,161,7485.0,46.49,240,46,0.4015,7.5
FY2025-08,2025,Sep,WHSL,Wholesale,ST-0064,Wildflower PJ Set,Wildflower,Boys,Sleepwear,PJ Set,Fall,New,563,21885.39,38.87,448,330,0.5569,4.0
FY2025-09,2025,Oct,ECOM,Ecommerce,ST-0064,Wildflower PJ Set,Wildflower,Boys,Sleepwear,PJ Set,Fall,New,324,16766.11,51.75,408,125,0.4426,5.0
FY2025-09,2025,Oct,STORE,Retail Stores,ST-0064,Wildflower PJ Set,Wildflower,Boys,Sleepwear,PJ Set,Fall,New,118,5882.85,49.85,185,15,0.3894,6.3
FY2025-09,2025,Oct,WHSL,Wholesale,ST-0064,Wildflower PJ Set,Wildflower,Boys,Sleepwear,PJ Set,Fall,New,234,9096.24,38.87,283,90,0.4526,4.8
FY2026-07,2026,Aug,ECOM,Ecommerce,ST-0064,Wildflower PJ Set,Wildflower,Boys,Sleepwear,PJ Set,Fall,New,105,5372.44,51.17,227,6,0.3163,8.6
FY2026-07,2026,Aug,STORE,Retail Stores,ST-0064,Wildflower PJ Set,Wildflower,Boys,Sleepwear,PJ Set,Fall,New,148,7229.77,48.85,205,27,0.4193,5.5
FY2026-07,2026,Aug,WHSL,Wholesale,ST-0064,Wildflower PJ Set,Wildflower,Boys,Sleepwear,PJ Set,Fall,New,59,2293.5,38.87,49,30,0.5463,3.3
FY2026-08,2026,Sep,ECOM,Ecommerce,ST-0064,Wildflower PJ Set,Wildflower,Boys,Sleepwear,PJ Set,Fall,New,261,12475.99,47.8,562,91,0.3171,10.8
FY2026-08,2026,Sep,STORE,Retail Stores,ST-0064,Wildflower PJ Set,Wildflower,Boys,Sleepwear,PJ Set,Fall,New,113,5787.15,51.21,252,127,0.3096,11.2
FY2026-08,2026,Sep,WHSL,Wholesale,ST-0064,Wildflower PJ Set,Wildflower,Boys,Sleepwear,PJ Set,Fall,New,348,13527.73,38.87,535,391,0.3941,7.7
FY2026-09,2026,Oct,ECOM,Ecommerce,ST-0064,Wildflower PJ Set,Wildflower,Boys,Sleepwear,PJ Set,Fall,New,466,23673.68,50.8,528,135,0.4688,4.5
FY2026-09,2026,Oct,STORE,Retail Stores,ST-0064,Wildflower PJ Set,Wildflower,Boys,Sleepwear,PJ Set,Fall,New,101,4864.61,48.16,242,86,0.2945,9.6
FY2026-09,2026,Oct,WHSL,Wholesale,ST-0064,Wildflower PJ Set,Wildflower,Boys,Sleepwear,PJ Set,Fall,New,408,15860.1,38.87,358,46,0.5326,3.5
FY2025-01,2025,Feb,ECOM,Ecommerce,ST-0065,Tulip Garden Bubble,Tulip Garden,Baby,Rompers,Bubble,Spring,New,102,4802.4,47.08,166,28,0.3806,6.5
FY2025-01,2025,Feb,STORE,Retail Stores,ST-0065,Tulip Garden Bubble,Tulip Garden,Baby,Rompers,Bubble,Spring,New,207,10453.97,50.5,247,32,0.4559,4.8
FY2025-01,2025,Feb,WHSL,Wholesale,ST-0065,Tulip Garden Bubble,Tulip Garden,Baby,Rompers,Bubble,Spring,New,123,4604.23,37.43,215,37,0.3639,7.0
FY2025-02,2025,Mar,ECOM,Ecommerce,ST-0065,Tulip Garden Bubble,Tulip Garden,Baby,Rompers,Bubble,Spring,New,452,20260.06,44.82,403,155,0.5287,4.5
FY2025-02,2025,Mar,STORE,Retail Stores,ST-0065,Tulip Garden Bubble,Tulip Garden,Baby,Rompers,Bubble,Spring,New,242,11608.23,47.97,456,233,0.3467,9.4
FY2025-02,2025,Mar,WHSL,Wholesale,ST-0065,Tulip Garden Bubble,Tulip Garden,Baby,Rompers,Bubble,Spring,New,391,14636.22,37.43,630,61,0.383,8.1
FY2025-03,2025,Apr,ECOM,Ecommerce,ST-0065,Tulip Garden Bubble,Tulip Garden,Baby,Rompers,Bubble,Spring,New,384,19598.78,51.04,782,369,0.3293,8.1
FY2025-03,2025,Apr,STORE,Retail Stores,ST-0065,Tulip Garden Bubble,Tulip Garden,Baby,Rompers,Bubble,Spring,New,0,0.0,47.44,0,0,0.0,0.0
FY2025-03,2025,Apr,WHSL,Wholesale,ST-0065,Tulip Garden Bubble,Tulip Garden,Baby,Rompers,Bubble,Spring,New,335,12539.99,37.43,525,243,0.3895,6.3
FY2026-01,2026,Feb,ECOM,Ecommerce,ST-0065,Tulip Garden Bubble,Tulip Garden,Baby,Rompers,Bubble,Spring,New,290,13115.54,45.23,454,82,0.3898,6.3
FY2026-01,2026,Feb,STORE,Retail Stores,ST-0065,Tulip Garden Bubble,Tulip Garden,Baby,Rompers,Bubble,Spring,New,185,8678.67,46.91,429,95,0.3013,9.3
FY2026-01,2026,Feb,WHSL,Wholesale,ST-0065,Tulip Garden Bubble,Tulip Garden,Baby,Rompers,Bubble,Spring,New,381,14261.9,37.43,818,702,0.3178,8.6
FY2026-02,2026,Mar,ECOM,Ecommerce,ST-0065,Tulip Garden Bubble,Tulip Garden,Baby,Rompers,Bubble,Spring,New,71,3578.92,50.41,163,93,0.3034,11.5
FY2026-02,2026,Mar,STORE,Retail Stores,ST-0065,Tulip Garden Bubble,Tulip Garden,Baby,Rompers,Bubble,Spring,New,185,9170.93,49.57,267,14,0.4093,7.2
FY2026-02,2026,Mar,WHSL,Wholesale,ST-0065,Tulip Garden Bubble,Tulip Garden,Baby,Rompers,Bubble,Spring,New,78,2919.76,37.43,90,75,0.4643,5.8
FY2026-03,2026,Apr,ECOM,Ecommerce,ST-0065,Tulip Garden Bubble,Tulip Garden,Baby,Rompers,Bubble,Spring,New,352,17554.63,49.87,669,535,0.3448,7.6
FY2026-03,2026,Apr,STORE,Retail Stores,ST-0065,Tulip Garden Bubble,Tulip Garden,Baby,Rompers,Bubble,Spring,New,144,7362.39,51.13,177,6,0.4486,4.9
FY2026-03,2026,Apr,WHSL,Wholesale,ST-0065,Tulip Garden Bubble,Tulip Garden,Baby,Rompers,Bubble,Spring,New,212,7935.75,37.43,406,42,0.343,7.7
FY2025-04,2025,May,ECOM,Ecommerce,ST-0066,Seashell Bubble,Seashell,Baby,Rompers,Bubble,Summer,New,371,15720.47,42.37,657,581,0.3609,7.1
FY2025-04,2025,May,STORE,Retail Stores,ST-0066,Seashell Bubble,Seashell,Baby,Rompers,Bubble,Summer,New,166,7449.51,44.88,275,105,0.3764,6.6
FY2025-04,2025,May,WHSL,Wholesale,ST-0066,Seashell Bubble,Seashell,Baby,Rompers,Bubble,Summer,New,30,993.38,33.11,66,28,0.3125,8.8
FY2025-05,2025,Jun,ECOM,Ecommerce,ST-0066,Seashell Bubble,Seashell,Baby,Rompers,Bubble,Summer,New,352,14504.7,41.21,473,60,0.4267,6.7
FY2025-05,2025,Jun,STORE,Retail Stores,ST-0066,Seashell Bubble,Seashell,Baby,Rompers,Bubble,Summer,New,262,11688.95,44.61,392,274,0.4006,7.5
FY2025-05,2025,Jun,WHSL,Wholesale,ST-0066,Seashell Bubble,Seashell,Baby,Rompers,Bubble,Summer,New,406,13443.8,33.11,625,548,0.3938,7.7
FY2025-06,2025,Jul,ECOM,Ecommerce,ST-0066,Seashell Bubble,Seashell,Baby,Rompers,Bubble,Summer,New,286,12633.49,44.17,517,94,0.3562,7.2
FY2025-06,2025,Jul,STORE,Retail Stores,ST-0066,Seashell Bubble,Seashell,Baby,Rompers,Bubble,Summer,New,140,6139.89,43.86,266,35,0.3448,7.6
FY2025-06,2025,Jul,WHSL,Wholesale,ST-0066,Seashell Bubble,Seashell,Baby,Rompers,Bubble,Summer,New,557,18443.83,33.11,1047,366,0.3473,7.5
FY2026-04,2026,May,ECOM,Ecommerce,ST-0066,Seashell Bubble,Seashell,Baby,Rompers,Bubble,Summer,New,300,13614.18,45.38,615,162,0.3279,8.2
FY2026-04,2026,May,STORE,Retail Stores,ST-0066,Seashell Bubble,Seashell,Baby,Rompers,Bubble,Summer,New,133,5889.45,44.28,266,24,0.3333,8.0
FY2026-04,2026,May,WHSL,Wholesale,ST-0066,Seashell Bubble,Seashell,Baby,Rompers,Bubble,Summer,New,265,8774.89,33.11,342,160,0.4366,5.2
FY2026-05,2026,Jun,ECOM,Ecommerce,ST-0066,Seashell Bubble,Seashell,Baby,Rompers,Bubble,Summer,New,207,9168.63,44.29,308,30,0.4019,7.4
FY2026-05,2026,Jun,STORE,Retail Stores,ST-0066,Seashell Bubble,Seashell,Baby,Rompers,Bubble,Summer,New,62,2665.88,43.0,78,38,0.4429,6.3
FY2026-05,2026,Jun,WHSL,Wholesale,ST-0066,Seashell Bubble,Seashell,Baby,Rompers,Bubble,Summer,New,313,10364.31,33.11,644,141,0.3271,10.3
FY2026-06,2026,Jul,ECOM,Ecommerce,ST-0066,Seashell Bubble,Seashell,Baby,Rompers,Bubble,Summer,New,409,17228.35,42.12,825,668,0.3314,8.1
FY2026-06,2026,Jul,STORE,Retail Stores,ST-0066,Seashell Bubble,Seashell,Baby,Rompers,Bubble,Summer,New,263,10861.19,41.3,499,32,0.3451,7.6
FY2026-06,2026,Jul,WHSL,Wholesale,ST-0066,Seashell Bubble,Seashell,Baby,Rompers,Bubble,Summer,New,248,8211.97,33.11,420,246,0.3713,6.8
FY2025-09,2025,Oct,ECOM,Ecommerce,ST-0067,Snowdrop Bubble,Snowdrop,Baby,Rompers,Bubble,Holiday,New,64,3249.22,50.77,77,69,0.4539,4.8
FY2025-09,2025,Oct,STORE,Retail Stores,ST-0067,Snowdrop Bubble,Snowdrop,Baby,Rompers,Bubble,Holiday,New,120,6075.25,50.63,144,31,0.4545,4.8
FY2025-09,2025,Oct,WHSL,Wholesale,ST-0067,Snowdrop Bubble,Snowdrop,Baby,Rompers,Bubble,Holiday,New,39,1516.04,38.87,56,37,0.4105,5.7
FY2025-10,2025,Nov,ECOM,Ecommerce,ST-0067,Snowdrop Bubble,Snowdrop,Baby,Rompers,Bubble,Holiday,New,251,11864.42,47.27,238,189,0.5133,3.8
FY2025-10,2025,Nov,STORE,Retail Stores,ST-0067,Snowdrop Bubble,Snowdrop,Baby,Rompers,Bubble,Holiday,New,0,0.0,53.04,0,0,0.0,0.0
FY2025-10,2025,Nov,WHSL,Wholesale,ST-0067,Snowdrop Bubble,Snowdrop,Baby,Rompers,Bubble,Holiday,New,335,13022.39,38.87,707,311,0.3215,8.4
FY2025-11,2025,Dec,ECOM,Ecommerce,ST-0067,Snowdrop Bubble,Snowdrop,Baby,Rompers,Bubble,Holiday,New,346,17148.31,49.56,637,107,0.352,9.2
FY2025-11,2025,Dec,STORE,Retail Stores,ST-0067,Snowdrop Bubble,Snowdrop,Baby,Rompers,Bubble,Holiday,New,77,3965.88,51.5,131,18,0.3702,8.5
FY2025-11,2025,Dec,WHSL,Wholesale,ST-0067,Snowdrop Bubble,Snowdrop,Baby,Rompers,Bubble,Holiday,New,284,11039.88,38.87,321,222,0.4694,5.7
FY2026-09,2026,Oct,ECOM,Ecommerce,ST-0067,Snowdrop Bubble,Snowdrop,Baby,Rompers,Bubble,Holiday,New,286,14515.79,50.75,643,209,0.3079,9.0
FY2026-09,2026,Oct,STORE,Retail Stores,ST-0067,Snowdrop Bubble,Snowdrop,Baby,Rompers,Bubble,Holiday,New,85,4190.32,49.3,180,82,0.3208,8.5
FY2026-09,2026,Oct,WHSL,Wholesale,ST-0067,Snowdrop Bubble,Snowdrop,Baby,Rompers,Bubble,Holiday,New,93,3615.17,38.87,223,28,0.2943,9.6
FY2026-10,2026,Nov,ECOM,Ecommerce,ST-0067,Snowdrop Bubble,Snowdrop,Baby,Rompers,Bubble,Holiday,New,223,10573.64,47.42,305,36,0.4223,5.5
FY2026-10,2026,Nov,STORE,Retail Stores,ST-0067,Snowdrop Bubble,Snowdrop,Baby,Rompers,Bubble,Holiday,New,123,5757.01,46.8,269,204,0.3138,8.7
FY2026-10,2026,Nov,WHSL,Wholesale,ST-0067,Snowdrop Bubble,Snowdrop,Baby,Rompers,Bubble,Holiday,New,41,1593.78,38.87,86,4,0.3228,8.4
FY2026-11,2026,Dec,ECOM,Ecommerce,ST-0067,Snowdrop Bubble,Snowdrop,Baby,Rompers,Bubble,Holiday,New,342,18428.56,53.88,378,75,0.475,5.5
FY2026-11,2026,Dec,STORE,Retail Stores,ST-0067,Snowdrop Bubble,Snowdrop,Baby,Rompers,Bubble,Holiday,New,151,7378.56,48.86,305,132,0.3311,10.1
FY2026-11,2026,Dec,WHSL,Wholesale,ST-0067,Snowdrop Bubble,Snowdrop,Baby,Rompers,Bubble,Holiday,New,217,8435.4,38.87,274,104,0.442,6.3
FY2025-04,2025,May,ECOM,Ecommerce,ST-0068,Strawberry Fields Coverall,Strawberry Fields,Baby,Rompers,Coverall,Summer,New,207,10660.33,51.5,157,66,0.5687,3.0
FY2025-04,2025,May,STORE,Retail Stores,ST-0068,Strawberry Fields Coverall,Strawberry Fields,Baby,Rompers,Coverall,Summer,New,83,4061.28,48.93,197,20,0.2964,9.5
FY2025-04,2025,May,WHSL,Wholesale,ST-0068,Strawberry Fields Coverall,Strawberry Fields,Baby,Rompers,Coverall,Summer,New,105,4081.64,38.87,181,14,0.3671,6.9
FY2025-05,2025,Jun,ECOM,Ecommerce,ST-0068,Strawberry Fields Coverall,Strawberry Fields,Baby,Rompers,Coverall,Summer,New,331,16821.86,50.82,409,214,0.4473,6.2
FY2025-05,2025,Jun,STORE,Retail Stores,ST-0068,Strawberry Fields Coverall,Strawberry Fields,Baby,Rompers,Coverall,Summer,New,204,10305.92,50.52,367,302,0.3573,9.0
FY2025-05,2025,Jun,WHSL,Wholesale,ST-0068,Strawberry Fields Coverall,Strawberry Fields,Baby,Rompers,Coverall,Summer,New,355,13799.84,38.87,831,330,0.2993,11.7
FY2025-06,2025,Jul,ECOM,Ecommerce,ST-0068,Strawberry Fields Coverall,Strawberry Fields,Baby,Rompers,Coverall,Summer,New,403,18845.84,46.76,374,37,0.5187,3.7
FY2025-06,2025,Jul,STORE,Retail Stores,ST-0068,Strawberry Fields Coverall,Strawberry Fields,Baby,Rompers,Coverall,Summer,New,171,8534.93,49.91,376,34,0.3126,8.8
FY2025-06,2025,Jul,WHSL,Wholesale,ST-0068,Strawberry Fields Coverall,Strawberry Fields,Baby,Rompers,Coverall,Summer,New,204,7930.05,38.87,189,52,0.5191,3.7
FY2026-04,2026,May,ECOM,Ecommerce,ST-0068,Strawberry Fields Coverall,Strawberry Fields,Baby,Rompers,Coverall,Summer,New,318,15154.9,47.66,426,163,0.4274,5.4
FY2026-04,2026,May,STORE,Retail Stores,ST-0068,Strawberry Fields Coverall,Strawberry Fields,Baby,Rompers,Coverall,Summer,New,349,17350.23,49.71,519,68,0.4021,5.9
FY2026-04,2026,May,WHSL,Wholesale,ST-0068,Strawberry Fields Coverall,Strawberry Fields,Baby,Rompers,Coverall,Summer,New,289,11234.24,38.87,498,330,0.3672,6.9
FY2026-05,2026,Jun,ECOM,Ecommerce,ST-0068,Strawberry Fields Coverall,Strawberry Fields,Baby,Rompers,Coverall,Summer,New,271,14408.07,53.17,355,276,0.4329,6.5
FY2026-05,2026,Jun,STORE,Retail Stores,ST-0068,Strawberry Fields Coverall,Strawberry Fields,Baby,Rompers,Coverall,Summer,New,248,13180.62,53.15,408,40,0.378,8.2
FY2026-05,2026,Jun,WHSL,Wholesale,ST-0068,Strawberry Fields Coverall,Strawberry Fields,Baby,Rompers,Coverall,Summer,New,158,6141.9,38.87,355,122,0.308,11.2
FY2026-06,2026,Jul,ECOM,Ecommerce,ST-0068,Strawberry Fields Coverall,Strawberry Fields,Baby,Rompers,Coverall,Summer,New,227,11409.0,50.26,534,343,0.2983,9.4
FY2026-06,2026,Jul,STORE,Retail Stores,ST-0068,Strawberry Fields Coverall,Strawberry Fields,Baby,Rompers,Coverall,Summer,New,211,9903.72,46.94,169,144,0.5553,3.2
FY2026-06,2026,Jul,WHSL,Wholesale,ST-0068,Strawberry Fields Coverall,Strawberry Fields,Baby,Rompers,Coverall,Summer,New,450,17492.76,38.87,844,155,0.3478,7.5
FY2025-07,2025,Aug,ECOM,Ecommerce,ST-0069,Autumn Gingham Coverall,Autumn Gingham,Baby,Rompers,Coverall,Fall,New,192,8336.26,43.42,215,55,0.4717,4.5
FY2025-07,2025,Aug,STORE,Retail Stores,ST-0069,Autumn Gingham Coverall,Autumn Gingham,Baby,Rompers,Coverall,Fall,New,104,4957.12,47.66,177,120,0.3701,6.8
FY2025-07,2025,Aug,WHSL,Wholesale,ST-0069,Autumn Gingham Coverall,Autumn Gingham,Baby,Rompers,Coverall,Fall,New,459,15859.74,34.55,651,260,0.4135,5.7
FY2025-08,2025,Sep,ECOM,Ecommerce,ST-0069,Autumn Gingham Coverall,Autumn Gingham,Baby,Rompers,Coverall,Fall,New,317,14392.53,45.4,407,171,0.4378,6.4
FY2025-08,2025,Sep,STORE,Retail Stores,ST-0069,Autumn Gingham Coverall,Autumn Gingham,Baby,Rompers,Coverall,Fall,New,304,13571.66,44.64,502,329,0.3772,8.3
FY2025-08,2025,Sep,WHSL,Wholesale,ST-0069,Autumn Gingham Coverall,Autumn Gingham,Baby,Rompers,Coverall,Fall,New,256,8845.52,34.55,286,96,0.4723,5.6
FY2025-09,2025,Oct,ECOM,Ecommerce,ST-0069,Autumn Gingham Coverall,Autumn Gingham,Baby,Rompers,Coverall,Fall,New,220,9669.89,43.95,444,169,0.3313,8.1
FY2025-09,2025,Oct,STORE,Retail Stores,ST-0069,Autumn Gingham Coverall,Autumn Gingham,Baby,Rompers,Coverall,Fall,New,199,8561.2,43.02,263,80,0.4307,5.3
FY2025-09,2025,Oct,WHSL,Wholesale,ST-0069,Autumn Gingham Coverall,Autumn Gingham,Baby,Rompers,Coverall,Fall,New,169,5839.42,34.55,355,245,0.3225,8.4
FY2026-07,2026,Aug,ECOM,Ecommerce,ST-0069,Autumn Gingham Coverall,Autumn Gingham,Baby,Rompers,Coverall,Fall,New,300,14348.24,47.83,339,248,0.4695,4.5
FY2026-07,2026,Aug,STORE,Retail Stores,ST-0069,Autumn Gingham Coverall,Autumn Gingham,Baby,Rompers,Coverall,Fall,New,55,2632.0,47.85,100,45,0.3548,7.3
FY2026-07,2026,Aug,WHSL,Wholesale,ST-0069,Autumn Gingham Coverall,Autumn Gingham,Baby,Rompers,Coverall,Fall,New,23,794.71,34.55,46,8,0.3333,8.0
FY2026-08,2026,Sep,ECOM,Ecommerce,ST-0069,Autumn Gingham Coverall,Autumn Gingham,Baby,Rompers,Coverall,Fall,New,467,20603.31,44.12,806,180,0.3668,8.6
FY2026-08,2026,Sep,STORE,Retail Stores,ST-0069,Autumn Gingham Coverall,Autumn Gingham,Baby,Rompers,Coverall,Fall,New,22,916.59,41.66,33,28,0.4,7.5
FY2026-08,2026,Sep,WHSL,Wholesale,ST-0069,Autumn Gingham Coverall,Autumn Gingham,Baby,Rompers,Coverall,Fall,New,171,5908.53,34.55,402,232,0.2984,11.8
FY2026-09,2026,Oct,ECOM,Ecommerce,ST-0069,Autumn Gingham Coverall,Autumn Gingham,Baby,Rompers,Coverall,Fall,New,521,22550.66,43.28,811,414,0.3911,6.2
FY2026-09,2026,Oct,STORE,Retail Stores,ST-0069,Autumn Gingham Coverall,Autumn Gingham,Baby,Rompers,Coverall,Fall,New,150,6780.25,45.2,222,105,0.4032,5.9
FY2026-09,2026,Oct,WHSL,Wholesale,ST-0069,Autumn Gingham Coverall,Autumn Gingham,Baby,Rompers,Coverall,Fall,New,132,4560.97,34.55,141,33,0.4835,4.3
FY2025-09,2025,Oct,ECOM,Ecommerce,ST-0070,Winter Fair Isle Coverall,Winter Fair Isle,Baby,Rompers,Coverall,Holiday,New,281,12640.78,44.98,529,186,0.3469,7.5
FY2025-09,2025,Oct,STORE,Retail Stores,ST-0070,Winter Fair Isle Coverall,Winter Fair Isle,Baby,Rompers,Coverall,Holiday,New,177,8172.74,46.17,184,79,0.4903,4.2
FY2025-09,2025,Oct,WHSL,Wholesale,ST-0070,Winter Fair Isle Coverall,Winter Fair Isle,Baby,Rompers,Coverall,Holiday,New,185,6392.27,34.55,328,172,0.3606,7.1
FY2025-10,2025,Nov,ECOM,Ecommerce,ST-0070,Winter Fair Isle Coverall,Winter Fair Isle,Baby,Rompers,Coverall,Holiday,New,399,17110.91,42.88,380,4,0.5122,3.8
FY2025-10,2025,Nov,STORE,Retail Stores,ST-0070,Winter Fair Isle Coverall,Winter Fair Isle,Baby,Rompers,Coverall,Holiday,New,262,12523.67,47.8,575,364,0.313,8.8
FY2025-10,2025,Nov,WHSL,Wholesale,ST-0070,Winter Fair Isle Coverall,Winter Fair Isle,Baby,Rompers,Coverall,Holiday,New,99,3420.73,34.55,122,17,0.448,4.9
FY2025-11,2025,Dec,ECOM,Ecommerce,ST-0070,Winter Fair Isle Coverall,Winter Fair Isle,Baby,Rompers,Coverall,Holiday,New,310,13991.83,45.13,647,63,0.3239,10.4
FY2025-11,2025,Dec,STORE,Retail Stores,ST-0070,Winter Fair Isle Coverall,Winter Fair Isle,Baby,Rompers,Coverall,Holiday,New,171,8152.99,47.68,126,8,0.5758,3.7
FY2025-11,2025,Dec,WHSL,Wholesale,ST-0070,Winter Fair Isle Coverall,Winter Fair Isle,Baby,Rompers,Coverall,Holiday,New,281,9709.34,34.55,316,185,0.4707,5.6
FY2026-09,2026,Oct,ECOM,Ecommerce,ST-0070,Winter Fair Isle Coverall,Winter Fair Isle,Baby,Rompers,Coverall,Holiday,New,489,22100.87,45.2,960,66,0.3375,7.9
FY2026-09,2026,Oct,STORE,Retail Stores,ST-0070,Winter Fair Isle Coverall,Winter Fair Isle,Baby,Rompers,Coverall,Holiday,New,190,9035.55,47.56,184,89,0.508,3.9
FY2026-09,2026,Oct,WHSL,Wholesale,ST-0070,Winter Fair Isle Coverall,Winter Fair Isle,Baby,Rompers,Coverall,Holiday,New,270,9329.26,34.55,401,350,0.4024,5.9
FY2026-10,2026,Nov,ECOM,Ecommerce,ST-0070,Winter Fair Isle Coverall,Winter Fair Isle,Baby,Rompers,Coverall,Holiday,New,420,17352.12,41.31,793,208,0.3462,7.6
FY2026-10,2026,Nov,STORE,Retail Stores,ST-0070,Winter Fair Isle Coverall,Winter Fair Isle,Baby,Rompers,Coverall,Holiday,New,231,10888.77,47.14,241,100,0.4894,4.2
FY2026-10,2026,Nov,WHSL,Wholesale,ST-0070,Winter Fair Isle Coverall,Winter Fair Isle,Baby,Rompers,Coverall,Holiday,New,301,10400.39,34.55,591,466,0.3374,7.9
FY2026-11,2026,Dec,ECOM,Ecommerce,ST-0070,Winter Fair Isle Coverall,Winter Fair Isle,Baby,Rompers,Coverall,Holiday,New,383,16256.92,42.45,637,50,0.3755,8.3
FY2026-11,2026,Dec,STORE,Retail Stores,ST-0070,Winter Fair Isle Coverall,Winter Fair Isle,Baby,Rompers,Coverall,Holiday,New,200,8553.91,42.77,468,110,0.2994,11.7
FY2026-11,2026,Dec,WHSL,Wholesale,ST-0070,Winter Fair Isle Coverall,Winter Fair Isle,Baby,Rompers,Coverall,Holiday,New,446,15410.55,34.55,529,433,0.4574,5.9
FY2025-01,2025,Feb,ECOM,Ecommerce,ST-0071,Tulip Garden Two-Piece Set,Tulip Garden,Baby,Sets,Two-Piece Set,Spring,New,463,25886.46,55.91,888,278,0.3427,7.7
FY2025-01,2025,Feb,STORE,Retail Stores,ST-0071,Tulip Garden Two-Piece Set,Tulip Garden,Baby,Sets,Two-Piece Set,Spring,New,43,2736.69,63.64,80,41,0.3496,7.4
FY2025-01,2025,Feb,WHSL,Wholesale,ST-0071,Tulip Garden Two-Piece Set,Tulip Garden,Baby,Sets,Two-Piece Set,Spring,New,254,11702.49,46.07,494,171,0.3396,7.8
FY2025-02,2025,Mar,ECOM,Ecommerce,ST-0071,Tulip Garden Two-Piece Set,Tulip Garden,Baby,Sets,Two-Piece Set,Spring,New,144,8101.68,56.26,284,238,0.3364,9.9
FY2025-02,2025,Mar,STORE,Retail Stores,ST-0071,Tulip Garden Two-Piece Set,Tulip Garden,Baby,Sets,Two-Piece Set,Spring,New,145,8893.77,61.34,226,165,0.3908,7.8
FY2025-02,2025,Mar,WHSL,Wholesale,ST-0071,Tulip Garden Two-Piece Set,Tulip Garden,Baby,Sets,Two-Piece Set,Spring,New,84,3870.12,46.07,160,123,0.3443,9.5
FY2025-03,2025,Apr,ECOM,Ecommerce,ST-0071,Tulip Garden Two-Piece Set,Tulip Garden,Baby,Sets,Two-Piece Set,Spring,New,268,15738.49,58.73,311,40,0.4629,4.6
FY2025-03,2025,Apr,STORE,Retail Stores,ST-0071,Tulip Garden Two-Piece Set,Tulip Garden,Baby,Sets,Two-Piece Set,Spring,New,200,11559.38,57.8,434,158,0.3155,8.7
FY2025-03,2025,Apr,WHSL,Wholesale,ST-0071,Tulip Garden Two-Piece Set,Tulip Garden,Baby,Sets,Two-Piece Set,Spring,New,338,15572.61,46.07,444,260,0.4322,5.3
FY2026-01,2026,Feb,ECOM,Ecommerce,ST-0071,Tulip Garden Two-Piece Set,Tulip Garden,Baby,Sets,Two-Piece Set,Spring,New,136,7640.54,56.18,215,6,0.3875,6.3
FY2026-01,2026,Feb,STORE,Retail Stores,ST-0071,Tulip Garden Two-Piece Set,Tulip Garden,Baby,Sets,Two-Piece Set,Spring,New,230,13740.34,59.74,299,219,0.4348,5.2
FY2026-01,2026,Feb,WHSL,Wholesale,ST-0071,Tulip Garden Two-Piece Set,Tulip Garden,Baby,Sets,Two-Piece Set,Spring,New,471,21700.29,46.07,1098,852,0.3002,9.3
FY2026-02,2026,Mar,ECOM,Ecommerce,ST-0071,Tulip Garden Two-Piece Set,Tulip Garden,Baby,Sets,Two-Piece Set,Spring,New,100,5804.19,58.04,237,70,0.2967,11.8
FY2026-02,2026,Mar,STORE,Retail Stores,ST-0071,Tulip Garden Two-Piece Set,Tulip Garden,Baby,Sets,Two-Piece Set,Spring,New,174,10367.51,59.58,383,20,0.3124,11.0
FY2026-02,2026,Mar,WHSL,Wholesale,ST-0071,Tulip Garden Two-Piece Set,Tulip Garden,Baby,Sets,Two-Piece Set,Spring,New,240,11057.47,46.07,424,185,0.3614,8.8
FY2026-03,2026,Apr,ECOM,Ecommerce,ST-0071,Tulip Garden Two-Piece Set,Tulip Garden,Baby,Sets,Two-Piece Set,Spring,New,309,17605.61,56.98,640,574,0.3256,8.3
FY2026-03,2026,Apr,STORE,Retail Stores,ST-0071,Tulip Garden Two-Piece Set,Tulip Garden,Baby,Sets,Two-Piece Set,Spring,New,268,14939.51,55.74,328,117,0.4497,4.9
FY2026-03,2026,Apr,WHSL,Wholesale,ST-0071,Tulip Garden Two-Piece Set,Tulip Garden,Baby,Sets,Two-Piece Set,Spring,New,280,12900.38,46.07,644,217,0.303,9.2
FY2025-04,2025,May,ECOM,Ecommerce,ST-0072,Strawberry Fields Two-Piece Set,Strawberry Fields,Baby,Sets,Two-Piece Set,Summer,New,446,19550.61,43.84,652,449,0.4062,5.8
FY2025-04,2025,May,STORE,Retail Stores,ST-0072,Strawberry Fields Two-Piece Set,Strawberry Fields,Baby,Sets,Two-Piece Set,Summer,New,286,13994.93,48.93,398,175,0.4181,5.6
FY2025-04,2025,May,WHSL,Wholesale,ST-0072,Strawberry Fields Two-Piece Set,Strawberry Fields,Baby,Sets,Two-Piece Set,Summer,New,294,10581.88,35.99,487,64,0.3764,6.6
FY2025-05,2025,Jun,ECOM,Ecommerce,ST-0072,Strawberry Fields Two-Piece Set,Strawberry Fields,Baby,Sets,Two-Piece Set,Summer,New,236,10443.52,44.25,485,3,0.3273,10.3
FY2025-05,2025,Jun,STORE,Retail Stores,ST-0072,Strawberry Fields Two-Piece Set,Strawberry Fields,Baby,Sets,Two-Piece Set,Summer,New,151,6561.73,43.46,278,91,0.352,9.2
FY2025-05,2025,Jun,WHSL,Wholesale,ST-0072,Strawberry Fields Two-Piece Set,Strawberry Fields,Baby,Sets,Two-Piece Set,Summer,New,315,11337.73,35.99,357,254,0.4688,5.7
FY2025-06,2025,Jul,ECOM,Ecommerce,ST-0072,Strawberry Fields Two-Piece Set,Strawberry Fields,Baby,Sets,Two-Piece Set,Summer,New,396,18459.37,46.61,647,294,0.3797,6.5
FY2025-06,2025,Jul,STORE,Retail Stores,ST-0072,Strawberry Fields Two-Piece Set,Strawberry Fields,Baby,Sets,Two-Piece Set,Summer,New,68,3349.39,49.26,54,5,0.5574,3.2
FY2025-06,2025,Jul,WHSL,Wholesale,ST-0072,Strawberry Fields Two-Piece Set,Strawberry Fields,Baby,Sets,Two-Piece Set,Summer,New,206,7414.52,35.99,258,103,0.444,5.0
FY2026-04,2026,May,ECOM,Ecommerce,ST-0072,Strawberry Fields Two-Piece Set,Strawberry Fields,Baby,Sets,Two-Piece Set,Summer,New,201,9267.62,46.11,254,6,0.4418,5.1
FY2026-04,2026,May,STORE,Retail Stores,ST-0072,Strawberry Fields Two-Piece Set,Strawberry Fields,Baby,Sets,Two-Piece Set,Summer,New,154,7689.04,49.93,353,176,0.3037,9.2
FY2026-04,2026,May,WHSL,Wholesale,ST-0072,Strawberry Fields Two-Piece Set,Strawberry Fields,Baby,Sets,Two-Piece Set,Summer,New,163,5866.83,35.99,233,110,0.4116,5.7
FY2026-05,2026,Jun,ECOM,Ecommerce,ST-0072,Strawberry Fields Two-Piece Set,Strawberry Fields,Baby,Sets,Two-Piece Set,Summer,New,219,10475.26,47.83,485,228,0.3111,11.1
FY2026-05,2026,Jun,STORE,Retail Stores,ST-0072,Strawberry Fields Two-Piece Set,Strawberry Fields,Baby,Sets,Two-Piece Set,Summer,New,62,2832.01,45.68,59,30,0.5124,4.8
FY2026-05,2026,Jun,WHSL,Wholesale,ST-0072,Strawberry Fields Two-Piece Set,Strawberry Fields,Baby,Sets,Two-Piece Set,Summer,New,257,9250.15,35.99,219,177,0.5399,4.3
FY2026-06,2026,Jul,ECOM,Ecommerce,ST-0072,Strawberry Fields Two-Piece Set,Strawberry Fields,Baby,Sets,Two-Piece Set,Summer,New,466,20311.13,43.59,467,213,0.4995,4.0
FY2026-06,2026,Jul,STORE,Retail Stores,ST-0072,Strawberry Fields Two-Piece Set,Strawberry Fields,Baby,Sets,Two-Piece Set,Summer,New,235,10878.46,46.29,220,168,0.5165,3.7
FY2026-06,2026,Jul,WHSL,Wholesale,ST-0072,Strawberry Fields Two-Piece Set,Strawberry Fields,Baby,Sets,Two-Piece Set,Summer,New,163,5866.83,35.99,259,211,0.3863,6.4
FY2025-04,2025,May,ECOM,Ecommerce,ST-0073,Seashell Footie,Seashell,Baby,Sleepwear,Footie,Summer,New,384,15975.31,41.6,667,110,0.3654,6.9
FY2025-04,2025,May,STORE,Retail Stores,ST-0073,Seashell Footie,Seashell,Baby,Sleepwear,Footie,Summer,New,62,2398.31,38.68,82,30,0.4306,5.3
FY2025-04,2025,May,WHSL,Wholesale,ST-0073,Seashell Footie,Seashell,Baby,Sleepwear,Footie,Summer,New,151,4565.15,30.23,210,56,0.4183,5.6
FY2025-05,2025,Jun,ECOM,Ecommerce,ST-0073,Seashell Footie,Seashell,Baby,Sleepwear,Footie,Summer,New,300,11736.1,39.12,361,283,0.4539,6.0
FY2025-05,2025,Jun,STORE,Retail Stores,ST-0073,Seashell Footie,Seashell,Baby,Sleepwear,Footie,Summer,New,241,9712.26,40.3,378,266,0.3893,7.8
FY2025-05,2025,Jun,WHSL,Wholesale,ST-0073,Seashell Footie,Seashell,Baby,Sleepwear,Footie,Summer,New,312,9432.63,30.23,712,263,0.3047,11.4
FY2025-06,2025,Jul,ECOM,Ecommerce,ST-0073,Seashell Footie,Seashell,Baby,Sleepwear,Footie,Summer,New,0,0.0,38.52,0,0,0.0,0.0
FY2025-06,2025,Jul,STORE,Retail Stores,ST-0073,Seashell Footie,Seashell,Baby,Sleepwear,Footie,Summer,New,115,4216.73,36.67,258,102,0.3083,9.0
FY2025-06,2025,Jul,WHSL,Wholesale,ST-0073,Seashell Footie,Seashell,Baby,Sleepwear,Footie,Summer,New,162,4897.71,30.23,266,130,0.3785,6.6
FY2026-04,2026,May,ECOM,Ecommerce,ST-0073,Seashell Footie,Seashell,Baby,Sleepwear,Footie,Summer,New,218,7934.9,36.4,436,298,0.3333,8.0
FY2026-04,2026,May,STORE,Retail Stores,ST-0073,Seashell Footie,Seashell,Baby,Sleepwear,Footie,Summer,New,13,519.32,39.95,17,11,0.4333,5.2
FY2026-04,2026,May,WHSL,Wholesale,ST-0073,Seashell Footie,Seashell,Baby,Sleepwear,Footie,Summer,New,165,4988.41,30.23,163,146,0.503,4.0
FY2026-05,2026,Jun,ECOM,Ecommerce,ST-0073,Seashell Footie,Seashell,Baby,Sleepwear,Footie,Summer,New,559,21471.28,38.41,418,357,0.5722,3.7
FY2026-05,2026,Jun,STORE,Retail Stores,ST-0073,Seashell Footie,Seashell,Baby,Sleepwear,Footie,Summer,New,26,1000.89,38.5,26,20,0.5,5.0
FY2026-05,2026,Jun,WHSL,Wholesale,ST-0073,Seashell Footie,Seashell,Baby,Sleepwear,Footie,Summer,New,250,7558.2,30.23,198,20,0.558,4.0
FY2026-06,2026,Jul,ECOM,Ecommerce,ST-0073,Seashell Footie,Seashell,Baby,Sleepwear,Footie,Summer,New,288,11845.88,41.13,515,208,0.3587,7.2
FY2026-06,2026,Jul,STORE,Retail Stores,ST-0073,Seashell Footie,Seashell,Baby,Sleepwear,Footie,Summer,New,233,9678.28,41.54,313,110,0.4267,5.4
FY2026-06,2026,Jul,WHSL,Wholesale,ST-0073,Seashell Footie,Seashell,Baby,Sleepwear,Footie,Summer,New,397,12002.42,30.23,312,22,0.5599,3.1
FY2025-07,2025,Aug,ECOM,Ecommerce,ST-0074,Pomegranate Footie,Pomegranate,Baby,Sleepwear,Footie,Fall,New,400,16571.65,41.43,418,35,0.489,4.2
FY2025-07,2025,Aug,STORE,Retail Stores,ST-0074,Pomegranate Footie,Pomegranate,Baby,Sleepwear,Footie,Fall,New,164,6261.99,38.18,184,108,0.4713,4.5
FY2025-07,2025,Aug,WHSL,Wholesale,ST-0074,Pomegranate Footie,Pomegranate,Baby,Sleepwear,Footie,Fall,New,231,6983.78,30.23,498,358,0.3169,8.6
FY2025-08,2025,Sep,ECOM,Ecommerce,ST-0074,Pomegranate Footie,Pomegranate,Baby,Sleepwear,Footie,Fall,New,476,19657.08,41.3,932,269,0.3381,9.8
FY2025-08,2025,Sep,STORE,Retail Stores,ST-0074,Pomegranate Footie,Pomegranate,Baby,Sleepwear,Footie,Fall,New,81,3281.96,40.52,126,37,0.3913,7.8
FY2025-08,2025,Sep,WHSL,Wholesale,ST-0074,Pomegranate Footie,Pomegranate,Baby,Sleepwear,Footie,Fall,New,232,7014.01,30.23,481,342,0.3254,10.4
FY2025-09,2025,Oct,ECOM,Ecommerce,ST-0074,Pomegranate Footie,Pomegranate,Baby,Sleepwear,Footie,Fall,New,158,5871.46,37.16,350,264,0.311,8.9
FY2025-09,2025,Oct,STORE,Retail Stores,ST-0074,Pomegranate Footie,Pomegranate,Baby,Sleepwear,Footie,Fall,New,288,10921.38,37.92,453,205,0.3887,6.3
FY2025-09,2025,Oct,WHSL,Wholesale,ST-0074,Pomegranate Footie,Pomegranate,Baby,Sleepwear,Footie,Fall,New,304,9190.77,30.23,553,275,0.3547,7.3
FY2026-07,2026,Aug,ECOM,Ecommerce,ST-0074,Pomegranate Footie,Pomegranate,Baby,Sleepwear,Footie,Fall,New,321,12625.3,39.33,712,253,0.3107,8.9
FY2026-07,2026,Aug,STORE,Retail Stores,ST-0074,Pomegranate Footie,Pomegranate,Baby,Sleepwear,Footie,Fall,New,36,1468.81,40.8,30,19,0.5455,3.3
FY2026-07,2026,Aug,WHSL,Wholesale,ST-0074,Pomegranate Footie,Pomegranate,Baby,Sleepwear,Footie,Fall,New,231,6983.78,30.23,193,28,0.5448,3.3
FY2026-08,2026,Sep,ECOM,Ecommerce,ST-0074,Pomegranate Footie,Pomegranate,Baby,Sleepwear,Footie,Fall,New,263,9988.47,37.98,381,34,0.4084,7.2
FY2026-08,2026,Sep,STORE,Retail Stores,ST-0074,Pomegranate Footie,Pomegranate,Baby,Sleepwear,Footie,Fall,New,178,7412.0,41.64,279,82,0.3895,7.8
FY2026-08,2026,Sep,WHSL,Wholesale,ST-0074,Pomegranate Footie,Pomegranate,Baby,Sleepwear,Footie,Fall,New,310,9372.17,30.23,697,513,0.3078,11.2
FY2026-09,2026,Oct,ECOM,Ecommerce,ST-0074,Pomegranate Footie,Pomegranate,Baby,Sleepwear,Footie,Fall,New,345,13435.14,38.94,285,3,0.5476,3.3
FY2026-09,2026,Oct,STORE,Retail Stores,ST-0074,Pomegranate Footie,Pomegranate,Baby,Sleepwear,Footie,Fall,New,229,8293.62,36.22,537,256,0.299,9.4
FY2026-09,2026,Oct,WHSL,Wholesale,ST-0074,Pomegranate Footie,Pomegranate,Baby,Sleepwear,Footie,Fall,New,0,0.0,30.23,0,0,0.0,0.0
FY2025-01,2025,Feb,ECOM,Ecommerce,ST-0075,Tulip Garden PJ Set,Tulip Garden,Baby,Sleepwear,PJ Set,Spring,New,431,19084.61,44.28,650,33,0.3987,6.0
FY2025-01,2025,Feb,STORE,Retail Stores,ST-0075,Tulip Garden PJ Set,Tulip Garden,Baby,Sleepwear,PJ Set,Spring,New,132,6192.74,46.91,171,93,0.4356,5.2
FY2025-01,2025,Feb,WHSL,Wholesale,ST-0075,Tulip Garden PJ Set,Tulip Garden,Baby,Sleepwear,PJ Set,Spring,New,426,14719.49,34.55,440,211,0.4919,4.1
FY2025-02,2025,Mar,ECOM,Ecommerce,ST-0075,Tulip Garden PJ Set,Tulip Garden,Baby,Sleepwear,PJ Set,Spring,New,280,12309.87,43.96,447,260,0.3851,8.0
FY2025-02,2025,Mar,STORE,Retail Stores,ST-0075,Tulip Garden PJ Set,Tulip Garden,Baby,Sleepwear,PJ Set,Spring,New,156,6575.01,42.15,249,93,0.3852,8.0
FY2025-02,2025,Mar,WHSL,Wholesale,ST-0075,Tulip Garden PJ Set,Tulip Garden,Baby,Sleepwear,PJ Set,Spring,New,457,15790.63,34.55,637,345,0.4177,7.0
FY2025-03,2025,Apr,ECOM,Ecommerce,ST-0075,Tulip Garden PJ Set,Tulip Garden,Baby,Sleepwear,PJ Set,Spring,New,416,19455.74,46.77,323,206,0.5629,3.1
FY2025-03,2025,Apr,STORE,Retail Stores,ST-0075,Tulip Garden PJ Set,Tulip Garden,Baby,Sleepwear,PJ Set,Spring,New,197,9112.64,46.26,392,338,0.3345,8.0
FY2025-03,2025,Apr,WHSL,Wholesale,ST-0075,Tulip Garden PJ Set,Tulip Garden,Baby,Sleepwear,PJ Set,Spring,New,537,18554.85,34.55,1057,73,0.3369,7.9
FY2026-01,2026,Feb,ECOM,Ecommerce,ST-0075,Tulip Garden PJ Set,Tulip Garden,Baby,Sleepwear,PJ Set,Spring,New,246,10429.75,42.4,213,52,0.5359,3.5
FY2026-01,2026,Feb,STORE,Retail Stores,ST-0075,Tulip Garden PJ Set,Tulip Garden,Baby,Sleepwear,PJ Set,Spring,New,125,5323.16,42.59,164,146,0.4325,5.2
FY2026-01,2026,Feb,WHSL,Wholesale,ST-0075,Tulip Garden PJ Set,Tulip Garden,Baby,Sleepwear,PJ Set,Spring,New,397,13717.46,34.55,329,287,0.5468,3.3
FY2026-02,2026,Mar,ECOM,Ecommerce,ST-0075,Tulip Garden PJ Set,Tulip Garden,Baby,Sleepwear,PJ Set,Spring,New,415,19667.39,47.39,473,110,0.4673,5.7
FY2026-02,2026,Mar,STORE,Retail Stores,ST-0075,Tulip Garden PJ Set,Tulip Garden,Baby,Sleepwear,PJ Set,Spring,New,174,8001.14,45.98,263,69,0.3982,7.6
FY2026-02,2026,Mar,WHSL,Wholesale,ST-0075,Tulip Garden PJ Set,Tulip Garden,Baby,Sleepwear,PJ Set,Spring,New,392,13544.7,34.55,581,272,0.4029,7.4
FY2026-03,2026,Apr,ECOM,Ecommerce,ST-0075,Tulip Garden PJ Set,Tulip Garden,Baby,Sleepwear,PJ Set,Spring,New,337,15145.0,44.94,377,275,0.472,4.5
FY2026-03,2026,Apr,STORE,Retail Stores,ST-0075,Tulip Garden PJ Set,Tulip Garden,Baby,Sleepwear,PJ Set,Spring,New,35,1620.88,46.31,40,27,0.4667,4.6
FY2026-03,2026,Apr,WHSL,Wholesale,ST-0075,Tulip Garden PJ Set,Tulip Garden,Baby,Sleepwear,PJ Set,Spring,New,319,11022.34,34.55,413,308,0.4358,5.2
FY2025-04,2025,May,ECOM,Ecommerce,ST-0076,Lemon Grove PJ Set,Lemon Grove,Baby,Sleepwear,PJ Set,Summer,Carryover,400,16012.44,40.03,302,186,0.5698,3.0
FY2025-04,2025,May,STORE,Retail Stores,ST-0076,Lemon Grove PJ Set,Lemon Grove,Baby,Sleepwear,PJ Set,Summer,Carryover,134,5357.04,39.98,264,50,0.3367,7.9
FY2025-04,2025,May,WHSL,Wholesale,ST-0076,Lemon Grove PJ Set,Lemon Grove,Baby,Sleepwear,PJ Set,Summer,Carryover,165,5226.01,31.67,284,175,0.3675,6.9
FY2025-05,2025,Jun,ECOM,Ecommerce,ST-0076,Lemon Grove PJ Set,Lemon Grove,Baby,Sleepwear,PJ Set,Summer,Carryover,393,17016.46,43.3,409,279,0.49,5.2
FY2025-05,2025,Jun,STORE,Retail Stores,ST-0076,Lemon Grove PJ Set,Lemon Grove,Baby,Sleepwear,PJ Set,Summer,Carryover,221,8801.16,39.82,465,85,0.3222,10.5
FY2025-05,2025,Jun,WHSL,Wholesale,ST-0076,Lemon Grove PJ Set,Lemon Grove,Baby,Sleepwear,PJ Set,Summer,Carryover,137,4339.17,31.67,114,19,0.5458,4.2
FY2025-06,2025,Jul,ECOM,Ecommerce,ST-0076,Lemon Grove PJ Set,Lemon Grove,Baby,Sleepwear,PJ Set,Summer,Carryover,149,6372.76,42.77,324,266,0.315,8.7
FY2025-06,2025,Jul,STORE,Retail Stores,ST-0076,Lemon Grove PJ Set,Lemon Grove,Baby,Sleepwear,PJ Set,Summer,Carryover,148,5770.78,38.99,297,265,0.3326,8.0
FY2025-06,2025,Jul,WHSL,Wholesale,ST-0076,Lemon Grove PJ Set,Lemon Grove,Baby,Sleepwear,PJ Set,Summer,Carryover,171,5416.05,31.67,126,91,0.5758,2.9
FY2026-04,2026,May,ECOM,Ecommerce,ST-0076,Lemon Grove PJ Set,Lemon Grove,Baby,Sleepwear,PJ Set,Summer,Carryover,312,13447.75,43.1,506,254,0.3814,6.5
FY2026-04,2026,May,STORE,Retail Stores,ST-0076,Lemon Grove PJ Set,Lemon Grove,Baby,Sleepwear,PJ Set,Summer,Carryover,266,11544.35,43.4,305,220,0.4658,4.6
FY2026-04,2026,May,WHSL,Wholesale,ST-0076,Lemon Grove PJ Set,Lemon Grove,Baby,Sleepwear,PJ Set,Summer,Carryover,350,11085.48,31.67,465,130,0.4294,5.3
FY2026-05,2026,Jun,ECOM,Ecommerce,ST-0076,Lemon Grove PJ Set,Lemon Grove,Baby,Sleepwear,PJ Set,Summer,Carryover,160,6105.2,38.16,383,334,0.2947,12.0
FY2026-05,2026,Jun,STORE,Retail Stores,ST-0076,Lemon Grove PJ Set,Lemon Grove,Baby,Sleepwear,PJ Set,Summer,Carryover,196,8592.38,43.84,411,296,0.3229,10.5
FY2026-05,2026,Jun,WHSL,Wholesale,ST-0076,Lemon Grove PJ Set,Lemon Grove,Baby,Sleepwear,PJ Set,Summer,Carryover,350,11085.48,31.67,616,252,0.3623,8.8
FY2026-06,2026,Jul,ECOM,Ecommerce,ST-0076,Lemon Grove PJ Set,Lemon Grove,Baby,Sleepwear,PJ Set,Summer,Carryover,293,12533.05,42.77,241,88,0.5487,3.3
FY2026-06,2026,Jul,STORE,Retail Stores,ST-0076,Lemon Grove PJ Set,Lemon Grove,Baby,Sleepwear,PJ Set,Summer,Carryover,258,11196.05,43.4,296,191,0.4657,4.6
FY2026-06,2026,Jul,WHSL,Wholesale,ST-0076,Lemon Grove PJ Set,Lemon Grove,Baby,Sleepwear,PJ Set,Summer,Carryover,327,10357.01,31.67,604,453,0.3512,7.4
FY2025-07,2025,Aug,ECOM,Ecommerce,ST-0077,Pomegranate PJ Set,Pomegranate,Baby,Sleepwear,PJ Set,Fall,New,442,19567.69,44.27,644,458,0.407,5.8
FY2025-07,2025,Aug,STORE,Retail Stores,ST-0077,Pomegranate PJ Set,Pomegranate,Baby,Sleepwear,PJ Set,Fall,New,116,5241.04,45.18,130,59,0.4715,4.5
FY2025-07,2025,Aug,WHSL,Wholesale,ST-0077,Pomegranate PJ Set,Pomegranate,Baby,Sleepwear,PJ Set,Fall,New,245,8112.64,33.11,225,168,0.5213,3.7
FY2025-08,2025,Sep,ECOM,Ecommerce,ST-0077,Pomegranate PJ Set,Pomegranate,Baby,Sleepwear,PJ Set,Fall,New,460,19077.93,41.47,949,312,0.3265,10.3
FY2025-08,2025,Sep,STORE,Retail Stores,ST-0077,Pomegranate PJ Set,Pomegranate,Baby,Sleepwear,PJ Set,Fall,New,132,5684.49,43.06,202,158,0.3952,7.7
FY2025-08,2025,Sep,WHSL,Wholesale,ST-0077,Pomegranate PJ Set,Pomegranate,Baby,Sleepwear,PJ Set,Fall,New,173,5728.51,33.11,205,25,0.4577,5.9
FY2025-09,2025,Oct,ECOM,Ecommerce,ST-0077,Pomegranate PJ Set,Pomegranate,Baby,Sleepwear,PJ Set,Fall,New,593,24675.53,41.61,1155,427,0.3392,7.8
FY2025-09,2025,Oct,STORE,Retail Stores,ST-0077,Pomegranate PJ Set,Pomegranate,Baby,Sleepwear,PJ Set,Fall,New,252,10856.9,43.08,226,177,0.5272,3.6
FY2025-09,2025,Oct,WHSL,Wholesale,ST-0077,Pomegranate PJ Set,Pomegranate,Baby,Sleepwear,PJ Set,Fall,New,361,11953.72,33.11,768,443,0.3198,8.5
FY2026-07,2026,Aug,ECOM,Ecommerce,ST-0077,Pomegranate PJ Set,Pomegranate,Baby,Sleepwear,PJ Set,Fall,New,457,19488.11,42.64,384,45,0.5434,3.4
FY2026-07,2026,Aug,STORE,Retail Stores,ST-0077,Pomegranate PJ Set,Pomegranate,Baby,Sleepwear,PJ Set,Fall,New,251,10665.83,42.49,247,198,0.504,3.9
FY2026-07,2026,Aug,WHSL,Wholesale,ST-0077,Pomegranate PJ Set,Pomegranate,Baby,Sleepwear,PJ Set,Fall,New,362,11986.83,33.11,316,66,0.5339,3.5
FY2026-08,2026,Sep,ECOM,Ecommerce,ST-0077,Pomegranate PJ Set,Pomegranate,Baby,Sleepwear,PJ Set,Fall,New,689,30218.71,43.86,982,205,0.4123,7.1
FY2026-08,2026,Sep,STORE,Retail Stores,ST-0077,Pomegranate PJ Set,Pomegranate,Baby,Sleepwear,PJ Set,Fall,New,175,7336.0,41.92,365,211,0.3241,10.4
FY2026-08,2026,Sep,WHSL,Wholesale,ST-0077,Pomegranate PJ Set,Pomegranate,Baby,Sleepwear,PJ Set,Fall,New,310,10264.97,33.11,531,144,0.3686,8.6
FY2026-09,2026,Oct,ECOM,Ecommerce,ST-0077,Pomegranate PJ Set,Pomegranate,Baby,Sleepwear,PJ Set,Fall,New,404,16213.11,40.13,649,400,0.3837,6.4
FY2026-09,2026,Oct,STORE,Retail Stores,ST-0077,Pomegranate PJ Set,Pomegranate,Baby,Sleepwear,PJ Set,Fall,New,41,1703.91,41.56,59,13,0.41,5.8
FY2026-09,2026,Oct,WHSL,Wholesale,ST-0077,Pomegranate PJ Set,Pomegranate,Baby,Sleepwear,PJ Set,Fall,New,273,9039.79,33.11,540,442,0.3358,7.9
FY2025-01,2025,Feb,ECOM,Ecommerce,ST-0078,Tulip Garden Bonnet,Tulip Garden,Baby,Accessories,Bonnet,Spring,New,332,8814.0,26.55,382,28,0.465,4.6
FY2025-01,2025,Feb,STORE,Retail Stores,ST-0078,Tulip Garden Bonnet,Tulip Garden,Baby,Accessories,Bonnet,Spring,New,111,3175.36,28.61,138,39,0.4458,5.0
FY2025-01,2025,Feb,WHSL,Wholesale,ST-0078,Tulip Garden Bonnet,Tulip Garden,Baby,Accessories,Bonnet,Spring,New,217,4685.64,21.59,211,127,0.507,3.9
FY2025-02,2025,Mar,ECOM,Ecommerce,ST-0078,Tulip Garden Bonnet,Tulip Garden,Baby,Accessories,Bonnet,Spring,New,337,9024.07,26.78,662,108,0.3373,9.8
FY2025-02,2025,Mar,STORE,Retail Stores,ST-0078,Tulip Garden Bonnet,Tulip Garden,Baby,Accessories,Bonnet,Spring,New,50,1458.99,29.18,82,27,0.3788,8.2
FY2025-02,2025,Mar,WHSL,Wholesale,ST-0078,Tulip Garden Bonnet,Tulip Garden,Baby,Accessories,Bonnet,Spring,New,387,8356.41,21.59,608,276,0.3889,7.9
FY2025-03,2025,Apr,ECOM,Ecommerce,ST-0078,Tulip Garden Bonnet,Tulip Garden,Baby,Accessories,Bonnet,Spring,New,459,13152.2,28.65,909,767,0.3355,7.9
FY2025-03,2025,Apr,STORE,Retail Stores,ST-0078,Tulip Garden Bonnet,Tulip Garden,Baby,Accessories,Bonnet,Spring,New,161,4586.34,28.49,226,79,0.416,5.6
FY2025-03,2025,Apr,WHSL,Wholesale,ST-0078,Tulip Garden Bonnet,Tulip Garden,Baby,Accessories,Bonnet,Spring,New,393,8485.97,21.59,469,149,0.4559,4.8
FY2026-01,2026,Feb,ECOM,Ecommerce,ST-0078,Tulip Garden Bonnet,Tulip Garden,Baby,Accessories,Bonnet,Spring,New,2,51.9,25.95,3,1,0.4,6.0
FY2026-01,2026,Feb,STORE,Retail Stores,ST-0078,Tulip Garden Bonnet,Tulip Garden,Baby,Accessories,Bonnet,Spring,New,121,3441.58,28.44,285,219,0.298,9.4
FY2026-01,2026,Feb,WHSL,Wholesale,ST-0078,Tulip Garden Bonnet,Tulip Garden,Baby,Accessories,Bonnet,Spring,New,240,5182.27,21.59,339,222,0.4145,5.6
FY2026-02,2026,Mar,ECOM,Ecommerce,ST-0078,Tulip Garden Bonnet,Tulip Garden,Baby,Accessories,Bonnet,Spring,New,428,11295.05,26.39,749,428,0.3636,8.8
FY2026-02,2026,Mar,STORE,Retail Stores,ST-0078,Tulip Garden Bonnet,Tulip Garden,Baby,Accessories,Bonnet,Spring,New,39,1030.47,26.42,38,25,0.5065,4.9
FY2026-02,2026,Mar,WHSL,Wholesale,ST-0078,Tulip Garden Bonnet,Tulip Garden,Baby,Accessories,Bonnet,Spring,New,199,4296.97,21.59,356,92,0.3586,8.9
FY2026-03,2026,Apr,ECOM,Ecommerce,ST-0078,Tulip Garden Bonnet,Tulip Garden,Baby,Accessories,Bonnet,Spring,New,58,1571.2,27.09,47,40,0.5524,3.2
FY2026-03,2026,Apr,STORE,Retail Stores,ST-0078,Tulip Garden Bonnet,Tulip Garden,Baby,Accessories,Bonnet,Spring,New,209,5801.05,27.76,440,232,0.322,8.4
FY2026-03,2026,Apr,WHSL,Wholesale,ST-0078,Tulip Garden Bonnet,Tulip Garden,Baby,Accessories,Bonnet,Spring,New,382,8248.45,21.59,560,470,0.4055,5.9
FY2025-04,2025,May,ECOM,Ecommerce,ST-0079,Seashell Bonnet,Seashell,Baby,Accessories,Bonnet,Summer,Carryover,107,2460.48,23.0,197,81,0.352,7.4
FY2025-04,2025,May,STORE,Retail Stores,ST-0079,Seashell Bonnet,Seashell,Baby,Accessories,Bonnet,Summer,Carryover,59,1339.78,22.71,61,7,0.4917,4.1
FY2025-04,2025,May,WHSL,Wholesale,ST-0079,Seashell Bonnet,Seashell,Baby,Accessories,Bonnet,Summer,Carryover,251,4696.91,18.71,545,404,0.3153,8.7
FY2025-05,2025,Jun,ECOM,Ecommerce,ST-0079,Seashell Bonnet,Seashell,Baby,Accessories,Bonnet,Summer,Carryover,534,12660.51,23.71,1161,74,0.315,10.9
FY2025-05,2025,Jun,STORE,Retail Stores,ST-0079,Seashell Bonnet,Seashell,Baby,Accessories,Bonnet,Summer,Carryover,164,3796.51,23.15,380,27,0.3015,11.6
FY2025-05,2025,Jun,WHSL,Wholesale,ST-0079,Seashell Bonnet,Seashell,Baby,Accessories,Bonnet,Summer,Carryover,169,3162.46,18.71,209,183,0.4471,6.2
FY2025-06,2025,Jul,ECOM,Ecommerce,ST-0079,Seashell Bonnet,Seashell,Baby,Accessories,Bonnet,Summer,Carryover,450,11650.85,25.89,897,486,0.3341,8.0
FY2025-06,2025,Jul,STORE,Retail Stores,ST-0079,Seashell Bonnet,Seashell,Baby,Accessories,Bonnet,Summer,Carryover,131,3004.39,22.93,199,135,0.397,6.1
FY2025-06,2025,Jul,WHSL,Wholesale,ST-0079,Seashell Bonnet,Seashell,Baby,Accessories,Bonnet,Summer,Carryover,93,1740.29,18.71,219,162,0.2981,9.4
FY2026-04,2026,May,ECOM,Ecommerce,ST-0079,Seashell Bonnet,Seashell,Baby,Accessories,Bonnet,Summer,Carryover,486,12449.02,25.62,1050,10,0.3164,8.6
FY2026-04,2026,May,STORE,Retail Stores,ST-0079,Seashell Bonnet,Seashell,Baby,Accessories,Bonnet,Summer,Carryover,55,1283.27,23.33,93,81,0.3716,6.8
FY2026-04,2026,May,WHSL,Wholesale,ST-0079,Seashell Bonnet,Seashell,Baby,Accessories,Bonnet,Summer,Carryover,328,6137.8,18.71,445,267,0.4243,5.4
FY2026-05,2026,Jun,ECOM,Ecommerce,ST-0079,Seashell Bonnet,Seashell,Baby,Accessories,Bonnet,Summer,Carryover,269,6774.64,25.18,587,127,0.3143,10.9
FY2026-05,2026,Jun,STORE,Retail Stores,ST-0079,Seashell Bonnet,Seashell,Baby,Accessories,Bonnet,Summer,Carryover,266,5967.68,22.43,495,192,0.3495,9.3
FY2026-05,2026,Jun,WHSL,Wholesale,ST-0079,Seashell Bonnet,Seashell,Baby,Accessories,Bonnet,Summer,Carryover,394,7372.84,18.71,775,246,0.337,9.8
FY2026-06,2026,Jul,ECOM,Ecommerce,ST-0079,Seashell Bonnet,Seashell,Baby,Accessories,Bonnet,Summer,Carryover,200,5075.92,25.38,435,318,0.315,8.7
FY2026-06,2026,Jul,STORE,Retail Stores,ST-0079,Seashell Bonnet,Seashell,Baby,Accessories,Bonnet,Summer,Carryover,256,6139.32,23.98,593,83,0.3015,9.3
FY2026-06,2026,Jul,WHSL,Wholesale,ST-0079,Seashell Bonnet,Seashell,Baby,Accessories,Bonnet,Summer,Carryover,72,1347.32,18.71,113,32,0.3892,6.3
FY2025-07,2025,Aug,ECOM,Ecommerce,ST-0080,Pomegranate Bonnet,Pomegranate,Baby,Accessories,Bonnet,Fall,Carryover,401,10817.2,26.98,767,589,0.3433,7.7
FY2025-07,2025,Aug,STORE,Retail Stores,ST-0080,Pomegranate Bonnet,Pomegranate,Baby,Accessories,Bonnet,Fall,Carryover,100,2651.12,26.51,157,125,0.3891,6.3
FY2025-07,2025,Aug,WHSL,Wholesale,ST-0080,Pomegranate Bonnet,Pomegranate,Baby,Accessories,Bonnet,Fall,Carryover,424,8544.79,20.15,575,387,0.4244,5.4
FY2025-08,2025,Sep,ECOM,Ecommerce,ST-0080,Pomegranate Bonnet,Pomegranate,Baby,Accessories,Bonnet,Fall,Carryover,234,5815.01,24.85,331,57,0.4142,7.1
FY2025-08,2025,Sep,STORE,Retail Stores,ST-0080,Pomegranate Bonnet,Pomegranate,Baby,Accessories,Bonnet,Fall,Carryover,120,3009.34,25.08,242,101,0.3315,10.1
FY2025-08,2025,Sep,WHSL,Wholesale,ST-0080,Pomegranate Bonnet,Pomegranate,Baby,Accessories,Bonnet,Fall,Carryover,282,5683.09,20.15,507,267,0.3574,9.0
FY2025-09,2025,Oct,ECOM,Ecommerce,ST-0080,Pomegranate Bonnet,Pomegranate,Baby,Accessories,Bonnet,Fall,Carryover,161,4420.46,27.46,305,100,0.3455,7.6
FY2025-09,2025,Oct,STORE,Retail Stores,ST-0080,Pomegranate Bonnet,Pomegranate,Baby,Accessories,Bonnet,Fall,Carryover,105,2529.14,24.09,105,70,0.5,4.0
FY2025-09,2025,Oct,WHSL,Wholesale,ST-0080,Pomegranate Bonnet,Pomegranate,Baby,Accessories,Bonnet,Fall,Carryover,394,7940.2,20.15,328,276,0.5457,3.3
FY2026-07,2026,Aug,ECOM,Ecommerce,ST-0080,Pomegranate Bonnet,Pomegranate,Baby,Accessories,Bonnet,Fall,Carryover,338,8967.01,26.53,631,196,0.3488,7.5
FY2026-07,2026,Aug,STORE,Retail Stores,ST-0080,Pomegranate Bonnet,Pomegranate,Baby,Accessories,Bonnet,Fall,Carryover,166,4429.21,26.68,136,54,0.5497,3.3
FY2026-07,2026,Aug,WHSL,Wholesale,ST-0080,Pomegranate Bonnet,Pomegranate,Baby,Accessories,Bonnet,Fall,Carryover,128,2579.56,20.15,163,99,0.4399,5.1
FY2026-08,2026,Sep,ECOM,Ecommerce,ST-0080,Pomegranate Bonnet,Pomegranate,Baby,Accessories,Bonnet,Fall,Carryover,598,15665.71,26.2,851,506,0.4127,7.1
FY2026-08,2026,Sep,STORE,Retail Stores,ST-0080,Pomegranate Bonnet,Pomegranate,Baby,Accessories,Bonnet,Fall,Carryover,67,1716.65,25.62,67,53,0.5,5.0
FY2026-08,2026,Sep,WHSL,Wholesale,ST-0080,Pomegranate Bonnet,Pomegranate,Baby,Accessories,Bonnet,Fall,Carryover,313,6307.83,20.15,356,82,0.4679,5.7
FY2026-09,2026,Oct,ECOM,Ecommerce,ST-0080,Pomegranate Bonnet,Pomegranate,Baby,Accessories,Bonnet,Fall,Carryover,539,13576.15,25.19,538,382,0.5005,4.0
FY2026-09,2026,Oct,STORE,Retail Stores,ST-0080,Pomegranate Bonnet,Pomegranate,Baby,Accessories,Bonnet,Fall,Carryover,124,3062.85,24.7,219,73,0.3615,7.1
FY2026-09,2026,Oct,WHSL,Wholesale,ST-0080,Pomegranate Bonnet,Pomegranate,Baby,Accessories,Bonnet,Fall,Carryover,216,4353.0,20.15,487,226,0.3073,9.0
FY2025-09,2025,Oct,ECOM,Ecommerce,ST-0081,Holiday Holly Bonnet,Holiday Holly,Baby,Accessories,Bonnet,Holiday,New,354,9429.54,26.64,707,419,0.3336,8.0
FY2025-09,2025,Oct,STORE,Retail Stores,ST-0081,Holiday Holly Bonnet,Holiday Holly,Baby,Accessories,Bonnet,Holiday,New,45,1150.84,25.57,55,12,0.45,4.9
FY2025-09,2025,Oct,WHSL,Wholesale,ST-0081,Holiday Holly Bonnet,Holiday Holly,Baby,Accessories,Bonnet,Holiday,New,204,4111.17,20.15,339,200,0.3757,6.6
FY2025-10,2025,Nov,ECOM,Ecommerce,ST-0081,Holiday Holly Bonnet,Holiday Holly,Baby,Accessories,Bonnet,Holiday,New,215,5528.33,25.71,301,119,0.4167,5.6
FY2025-10,2025,Nov,STORE,Retail Stores,ST-0081,Holiday Holly Bonnet,Holiday Holly,Baby,Accessories,Bonnet,Holiday,New,207,5087.19,24.58,482,421,0.3004,9.3
FY2025-10,2025,Nov,WHSL,Wholesale,ST-0081,Holiday Holly Bonnet,Holiday Holly,Baby,Accessories,Bonnet,Holiday,New,408,8222.34,20.15,496,51,0.4513,4.9
FY2025-11,2025,Dec,ECOM,Ecommerce,ST-0081,Holiday Holly Bonnet,Holiday Holly,Baby,Accessories,Bonnet,Holiday,New,699,18558.93,26.55,1033,904,0.4036,7.4
FY2025-11,2025,Dec,STORE,Retail Stores,ST-0081,Holiday Holly Bonnet,Holiday Holly,Baby,Accessories,Bonnet,Holiday,New,95,2451.14,25.8,189,124,0.3345,9.9
FY2025-11,2025,Dec,WHSL,Wholesale,ST-0081,Holiday Holly Bonnet,Holiday Holly,Baby,Accessories,Bonnet,Holiday,New,156,3143.84,20.15,197,8,0.4419,6.3
FY2026-09,2026,Oct,ECOM,Ecommerce,ST-0081,Holiday Holly Bonnet,Holiday Holly,Baby,Accessories,Bonnet,Holiday,New,395,10148.81,25.69,792,22,0.3328,8.0
FY2026-09,2026,Oct,STORE,Retail Stores,ST-0081,Holiday Holly Bonnet,Holiday Holly,Baby,Accessories,Bonnet,Holiday,New,194,4838.97,24.94,225,180,0.463,4.6
FY2026-09,2026,Oct,WHSL,Wholesale,ST-0081,Holiday Holly Bonnet,Holiday Holly,Baby,Accessories,Bonnet,Holiday,New,429,8645.55,20.15,962,781,0.3084,9.0
FY2026-10,2026,Nov,ECOM,Ecommerce,ST-0081,Holiday Holly Bonnet,Holiday Holly,Baby,Accessories,Bonnet,Holiday,New,0,0.0,27.36,0,0,0.0,0.0
FY2026-10,2026,Nov,STORE,Retail Stores,ST-0081,Holiday Holly Bonnet,Holiday Holly,Baby,Accessories,Bonnet,Holiday,New,118,2846.73,24.12,176,95,0.4014,6.0
FY2026-10,2026,Nov,WHSL,Wholesale,ST-0081,Holiday Holly Bonnet,Holiday Holly,Baby,Accessories,Bonnet,Holiday,New,236,4756.06,20.15,358,72,0.3973,6.1
FY2026-11,2026,Dec,ECOM,Ecommerce,ST-0081,Holiday Holly Bonnet,Holiday Holly,Baby,Accessories,Bonnet,Holiday,New,495,12210.4,24.67,545,263,0.476,5.5
FY2026-11,2026,Dec,STORE,Retail Stores,ST-0081,Holiday Holly Bonnet,Holiday Holly,Baby,Accessories,Bonnet,Holiday,New,170,4229.64,24.88,194,111,0.467,5.7
FY2026-11,2026,Dec,WHSL,Wholesale,ST-0081,Holiday Holly Bonnet,Holiday Holly,Baby,Accessories,Bonnet,Holiday,New,305,6146.6,20.15,599,410,0.3374,9.8
FY2025-01,2025,Feb,ECOM,Ecommerce,ST-0082,Hydrangea Bib Set,Hydrangea,Baby,Accessories,Bib Set,Spring,New,420,10065.58,23.97,541,52,0.437,5.2
FY2025-01,2025,Feb,STORE,Retail Stores,ST-0082,Hydrangea Bib Set,Hydrangea,Baby,Accessories,Bib Set,Spring,New,182,4650.71,25.55,294,94,0.3824,6.5
FY2025-01,2025,Feb,WHSL,Wholesale,ST-0082,Hydrangea Bib Set,Hydrangea,Baby,Accessories,Bib Set,Spring,New,269,5033.74,18.71,538,137,0.3333,8.0
FY2025-02,2025,Mar,ECOM,Ecommerce,ST-0082,Hydrangea Bib Set,Hydrangea,Baby,Accessories,Bib Set,Spring,New,333,8246.31,24.76,289,60,0.5354,4.3
FY2025-02,2025,Mar,STORE,Retail Stores,ST-0082,Hydrangea Bib Set,Hydrangea,Baby,Accessories,Bib Set,Spring,New,213,5101.52,23.95,437,42,0.3277,10.3
FY2025-02,2025,Mar,WHSL,Wholesale,ST-0082,Hydrangea Bib Set,Hydrangea,Baby,Accessories,Bib Set,Spring,New,208,3892.26,18.71,393,307,0.3461,9.4
FY2025-03,2025,Apr,ECOM,Ecommerce,ST-0082,Hydrangea Bib Set,Hydrangea,Baby,Accessories,Bib Set,Spring,New,185,4238.48,22.91,318,97,0.3678,6.9
FY2025-03,2025,Apr,STORE,Retail Stores,ST-0082,Hydrangea Bib Set,Hydrangea,Baby,Accessories,Bib Set,Spring,New,242,5736.0,23.7,432,244,0.3591,7.1
FY2025-03,2025,Apr,WHSL,Wholesale,ST-0082,Hydrangea Bib Set,Hydrangea,Baby,Accessories,Bib Set,Spring,New,121,2264.25,18.71,240,9,0.3352,7.9
FY2026-01,2026,Feb,ECOM,Ecommerce,ST-0082,Hydrangea Bib Set,Hydrangea,Baby,Accessories,Bib Set,Spring,New,0,0.0,24.67,0,0,0.0,0.0
FY2026-01,2026,Feb,STORE,Retail Stores,ST-0082,Hydrangea Bib Set,Hydrangea,Baby,Accessories,Bib Set,Spring,New,199,4736.39,23.8,219,66,0.4761,4.4
FY2026-01,2026,Feb,WHSL,Wholesale,ST-0082,Hydrangea Bib Set,Hydrangea,Baby,Accessories,Bib Set,Spring,New,473,8851.15,18.71,861,299,0.3546,7.3
FY2026-02,2026,Mar,ECOM,Ecommerce,ST-0082,Hydrangea Bib Set,Hydrangea,Baby,Accessories,Bib Set,Spring,New,244,6124.33,25.1,200,64,0.5495,4.1
FY2026-02,2026,Mar,STORE,Retail Stores,ST-0082,Hydrangea Bib Set,Hydrangea,Baby,Accessories,Bib Set,Spring,New,180,4321.88,24.01,422,271,0.299,11.7
FY2026-02,2026,Mar,WHSL,Wholesale,ST-0082,Hydrangea Bib Set,Hydrangea,Baby,Accessories,Bib Set,Spring,New,206,3854.84,18.71,393,58,0.3439,9.5
FY2026-03,2026,Apr,ECOM,Ecommerce,ST-0082,Hydrangea Bib Set,Hydrangea,Baby,Accessories,Bib Set,Spring,New,253,6442.93,25.47,391,123,0.3929,6.2
FY2026-03,2026,Apr,STORE,Retail Stores,ST-0082,Hydrangea Bib Set,Hydrangea,Baby,Accessories,Bib Set,Spring,New,110,2556.85,23.24,88,28,0.5556,3.2
FY2026-03,2026,Apr,WHSL,Wholesale,ST-0082,Hydrangea Bib Set,Hydrangea,Baby,Accessories,Bib Set,Spring,New,174,3256.03,18.71,142,48,0.5506,3.3
FY2025-09,2025,Oct,ECOM,Ecommerce,ST-0083,Snowdrop Bib Set,Snowdrop,Baby,Accessories,Bib Set,Holiday,Carryover,432,8949.58,20.72,496,196,0.4655,4.6
FY2025-09,2025,Oct,STORE,Retail Stores,ST-0083,Snowdrop Bib Set,Snowdrop,Baby,Accessories,Bib Set,Holiday,Carryover,243,5295.6,21.79,219,14,0.526,3.6
FY2025-09,2025,Oct,WHSL,Wholesale,ST-0083,Snowdrop Bib Set,Snowdrop,Baby,Accessories,Bib Set,Holiday,Carryover,176,3040.01,17.27,209,121,0.4571,4.8
FY2025-10,2025,Nov,ECOM,Ecommerce,ST-0083,Snowdrop Bib Set,Snowdrop,Baby,Accessories,Bib Set,Holiday,Carryover,316,6717.54,21.26,679,409,0.3176,8.6
FY2025-10,2025,Nov,STORE,Retail Stores,ST-0083,Snowdrop Bib Set,Snowdrop,Baby,Accessories,Bib Set,Holiday,Carryover,116,2447.71,21.1,237,124,0.3286,8.2
FY2025-10,2025,Nov,WHSL,Wholesale,ST-0083,Snowdrop Bib Set,Snowdrop,Baby,Accessories,Bib Set,Holiday,Carryover,230,3972.74,17.27,188,22,0.5502,3.3
FY2025-11,2025,Dec,ECOM,Ecommerce,ST-0083,Snowdrop Bib Set,Snowdrop,Baby,Accessories,Bib Set,Holiday,Carryover,226,5035.22,22.28,471,306,0.3242,10.4
FY2025-11,2025,Dec,STORE,Retail Stores,ST-0083,Snowdrop Bib Set,Snowdrop,Baby,Accessories,Bib Set,Holiday,Carryover,380,8608.59,22.65,605,442,0.3858,8.0
FY2025-11,2025,Dec,WHSL,Wholesale,ST-0083,Snowdrop Bib Set,Snowdrop,Baby,Accessories,Bib Set,Holiday,Carryover,325,5613.66,17.27,538,241,0.3766,8.3
FY2026-09,2026,Oct,ECOM,Ecommerce,ST-0083,Snowdrop Bib Set,Snowdrop,Baby,Accessories,Bib Set,Holiday,Carryover,343,8008.1,23.35,789,644,0.303,9.2
FY2026-09,2026,Oct,STORE,Retail Stores,ST-0083,Snowdrop Bib Set,Snowdrop,Baby,Accessories,Bib Set,Holiday,Carryover,189,4076.95,21.57,374,225,0.3357,7.9
FY2026-09,2026,Oct,WHSL,Wholesale,ST-0083,Snowdrop Bib Set,Snowdrop,Baby,Accessories,Bib Set,Holiday,Carryover,427,7375.49,17.27,385,122,0.5259,3.6
FY2026-10,2026,Nov,ECOM,Ecommerce,ST-0083,Snowdrop Bib Set,Snowdrop,Baby,Accessories,Bib Set,Holiday,Carryover,116,2393.82,20.64,271,19,0.2997,9.3
FY2026-10,2026,Nov,STORE,Retail Stores,ST-0083,Snowdrop Bib Set,Snowdrop,Baby,Accessories,Bib Set,Holiday,Carryover,294,6536.92,22.23,250,51,0.5404,3.4
FY2026-10,2026,Nov,WHSL,Wholesale,ST-0083,Snowdrop Bib Set,Snowdrop,Baby,Accessories,Bib Set,Holiday,Carryover,218,3765.47,17.27,248,16,0.4678,4.6
FY2026-11,2026,Dec,ECOM,Ecommerce,ST-0083,Snowdrop Bib Set,Snowdrop,Baby,Accessories,Bib Set,Holiday,Carryover,328,7394.68,22.54,683,438,0.3244,10.4
FY2026-11,2026,Dec,STORE,Retail Stores,ST-0083,Snowdrop Bib Set,Snowdrop,Baby,Accessories,Bib Set,Holiday,Carryover,90,2047.35,22.75,150,132,0.375,8.3
FY2026-11,2026,Dec,WHSL,Wholesale,ST-0083,Snowdrop Bib Set,Snowdrop,Baby,Accessories,Bib Set,Holiday,Carryover,503,8688.22,17.27,961,661,0.3436,9.6
FY2025-01,2025,Feb,ECOM,Ecommerce,ST-0084,Tulip Garden Maxi Dress,Tulip Garden,Women,Dresses,Maxi Dress,Spring,New,366,51784.51,141.49,721,250,0.3367,7.9
FY2025-01,2025,Feb,STORE,Retail Stores,ST-0084,Tulip Garden Maxi Dress,Tulip Garden,Women,Dresses,Maxi Dress,Spring,New,172,25753.55,149.73,172,75,0.5,4.0
FY2025-01,2025,Feb,WHSL,Wholesale,ST-0084,Tulip Garden Maxi Dress,Tulip Garden,Women,Dresses,Maxi Dress,Spring,New,73,8093.71,110.87,139,23,0.3443,7.6
FY2025-02,2025,Mar,ECOM,Ecommerce,ST-0084,Tulip Garden Maxi Dress,Tulip Garden,Women,Dresses,Maxi Dress,Spring,New,202,26920.22,133.27,432,249,0.3186,10.7
FY2025-02,2025,Mar,STORE,Retail Stores,ST-0084,Tulip Garden Maxi Dress,Tulip Garden,Women,Dresses,Maxi Dress,Spring,New,146,20971.69,143.64,129,47,0.5309,4.4
FY2025-03,2025,Apr,ECOM,Ecommerce,ST-0084,Tulip Garden Maxi Dress,Tulip Garden,Women,Dresses,Maxi Dress,Spring,New,511,78309.98,153.25,955,852,0.3486,7.5
FY2025-03,2025,Apr,STORE,Retail Stores,ST-0084,Tulip Garden Maxi Dress,Tulip Garden,Women,Dresses,Maxi Dress,Spring,New,397,57155.38,143.97,649,438,0.3795,6.5
FY2025-03,2025,Apr,WHSL,Wholesale,ST-0084,Tulip Garden Maxi Dress,Tulip Garden,Women,Dresses,Maxi Dress,Spring,New,327,36255.41,110.87,510,174,0.3907,6.2
FY2026-01,2026,Feb,ECOM,Ecommerce,ST-0084,Tulip Garden Maxi Dress,Tulip Garden,Women,Dresses,Maxi Dress,Spring,New,104,14521.31,139.63,153,45,0.4047,5.9
FY2026-01,2026,Feb,STORE,Retail Stores,ST-0084,Tulip Garden Maxi Dress,Tulip Garden,Women,Dresses,Maxi Dress,Spring,New,125,16606.85,132.85,296,229,0.2969,9.5
FY2026-02,2026,Mar,ECOM,Ecommerce,ST-0084,Tulip Garden Maxi Dress,Tulip Garden,Women,Dresses,Maxi Dress,Spring,New,124,17496.52,141.1,149,67,0.4542,6.0
FY2026-02,2026,Mar,STORE,Retail Stores,ST-0084,Tulip Garden Maxi Dress,Tulip Garden,Women,Dresses,Maxi Dress,Spring,New,449,65343.69,145.53,445,17,0.5022,5.0
FY2026-03,2026,Apr,ECOM,Ecommerce,ST-0084,Tulip Garden Maxi Dress,Tulip Garden,Women,Dresses,Maxi Dress,Spring,New,456,66776.81,146.44,993,684,0.3147,8.7
FY2026-03,2026,Apr,STORE,Retail Stores,ST-0084,Tulip Garden Maxi Dress,Tulip Garden,Women,Dresses,Maxi Dress,Spring,New,368,53706.41,145.94,662,503,0.3573,7.2
FY2025-04,2025,May,ECOM,Ecommerce,ST-0085,Strawberry Fields Maxi Dress,Strawberry Fields,Women,Dresses,Maxi Dress,Summer,New,707,101641.94,143.77,591,15,0.5447,3.3
FY2025-04,2025,May,STORE,Retail Stores,ST-0085,Strawberry Fields Maxi Dress,Strawberry Fields,Women,Dresses,Maxi Dress,Summer,New,160,25281.02,158.01,314,271,0.3376,7.8
FY2025-04,2025,May,WHSL,Wholesale,ST-0085,Strawberry Fields Maxi Dress,Strawberry Fields,Women,Dresses,Maxi Dress,Summer,New,627,74934.53,119.51,467,189,0.5731,3.0
FY2025-05,2025,Jun,ECOM,Ecommerce,ST-0085,Strawberry Fields Maxi Dress,Strawberry Fields,Women,Dresses,Maxi Dress,Summer,New,175,28930.68,165.32,147,114,0.5435,4.2
FY2025-05,2025,Jun,STORE,Retail Stores,ST-0085,Strawberry Fields Maxi Dress,Strawberry Fields,Women,Dresses,Maxi Dress,Summer,New,229,37609.07,164.23,476,177,0.3248,10.4
FY2025-06,2025,Jul,ECOM,Ecommerce,ST-0085,Strawberry Fields Maxi Dress,Strawberry Fields,Women,Dresses,Maxi Dress,Summer,New,465,70017.87,150.58,741,559,0.3856,6.4
FY2025-06,2025,Jul,STORE,Retail Stores,ST-0085,Strawberry Fields Maxi Dress,Strawberry Fields,Women,Dresses,Maxi Dress,Summer,New,303,44775.83,147.78,368,226,0.4516,4.9
FY2026-04,2026,May,ECOM,Ecommerce,ST-0085,Strawberry Fields Maxi Dress,Strawberry Fields,Women,Dresses,Maxi Dress,Summer,New,761,121032.42,159.04,1181,656,0.3919,6.2
FY2026-04,2026,May,STORE,Retail Stores,ST-0085,Strawberry Fields Maxi Dress,Strawberry Fields,Women,Dresses,Maxi Dress,Summer,New,143,21085.62,147.45,193,19,0.4256,5.4
FY2026-05,2026,Jun,ECOM,Ecommerce,ST-0085,Strawberry Fields Maxi Dress,Strawberry Fields,Women,Dresses,Maxi Dress,Summer,New,395,59866.77,151.56,831,572,0.3222,10.5
FY2026-05,2026,Jun,STORE,Retail Stores,ST-0085,Strawberry Fields Maxi Dress,Strawberry Fields,Women,Dresses,Maxi Dress,Summer,New,201,29745.76,147.99,302,29,0.3996,7.5
FY2026-06,2026,Jul,ECOM,Ecommerce,ST-0085,Strawberry Fields Maxi Dress,Strawberry Fields,Women,Dresses,Maxi Dress,Summer,New,704,109077.1,154.94,814,238,0.4638,4.6
FY2026-06,2026,Jul,STORE,Retail Stores,ST-0085,Strawberry Fields Maxi Dress,Strawberry Fields,Women,Dresses,Maxi Dress,Summer,New,159,25783.39,162.16,148,132,0.5179,3.7
FY2026-06,2026,Jul,WHSL,Wholesale,ST-0085,Strawberry Fields Maxi Dress,Strawberry Fields,Women,Dresses,Maxi Dress,Summer,New,409,48880.74,119.51,734,32,0.3578,7.2
FY2025-07,2025,Aug,ECOM,Ecommerce,ST-0086,Autumn Gingham Maxi Dress,Autumn Gingham,Women,Dresses,Maxi Dress,Fall,New,456,74693.48,163.8,823,308,0.3565,7.2
FY2025-07,2025,Aug,STORE,Retail Stores,ST-0086,Autumn Gingham Maxi Dress,Autumn Gingham,Women,Dresses,Maxi Dress,Fall,New,204,32723.44,160.41,475,389,0.3004,9.3
FY2025-07,2025,Aug,WHSL,Wholesale,ST-0086,Autumn Gingham Maxi Dress,Autumn Gingham,Women,Dresses,Maxi Dress,Fall,New,227,27129.41,119.51,476,42,0.3229,8.4
FY2025-08,2025,Sep,ECOM,Ecommerce,ST-0086,Autumn Gingham Maxi Dress,Autumn Gingham,Women,Dresses,Maxi Dress,Fall,New,772,117060.83,151.63,746,324,0.5086,4.8
FY2025-08,2025,Sep,STORE,Retail Stores,ST-0086,Autumn Gingham Maxi Dress,Autumn Gingham,Women,Dresses,Maxi Dress,Fall,New,121,19480.83,161.0,267,81,0.3119,11.0
FY2025-08,2025,Sep,WHSL,Wholesale,ST-0086,Autumn Gingham Maxi Dress,Autumn Gingham,Women,Dresses,Maxi Dress,Fall,New,499,59636.89,119.51,719,81,0.4097,7.2
FY2025-09,2025,Oct,ECOM,Ecommerce,ST-0086,Autumn Gingham Maxi Dress,Autumn Gingham,Women,Dresses,Maxi Dress,Fall,New,224,33116.88,147.84,507,11,0.3064,9.1
FY2025-09,2025,Oct,STORE,Retail Stores,ST-0086,Autumn Gingham Maxi Dress,Autumn Gingham,Women,Dresses,Maxi Dress,Fall,New,203,31694.5,156.13,484,187,0.2955,9.5
FY2025-09,2025,Oct,WHSL,Wholesale,ST-0086,Autumn Gingham Maxi Dress,Autumn Gingham,Women,Dresses,Maxi Dress,Fall,New,535,63939.35,119.51,1240,533,0.3014,9.3
FY2026-07,2026,Aug,ECOM,Ecommerce,ST-0086,Autumn Gingham Maxi Dress,Autumn Gingham,Women,Dresses,Maxi Dress,Fall,New,0,0.0,146.48,0,0,0.0,0.0
FY2026-07,2026,Aug,STORE,Retail Stores,ST-0086,Autumn Gingham Maxi Dress,Autumn Gingham,Women,Dresses,Maxi Dress,Fall,New,307,49270.34,160.49,711,576,0.3016,9.3
FY2026-08,2026,Sep,ECOM,Ecommerce,ST-0086,Autumn Gingham Maxi Dress,Autumn Gingham,Women,Dresses,Maxi Dress,Fall,New,551,81858.74,148.56,1035,892,0.3474,9.4
FY2026-08,2026,Sep,STORE,Retail Stores,ST-0086,Autumn Gingham Maxi Dress,Autumn Gingham,Women,Dresses,Maxi Dress,Fall,New,143,21029.33,147.06,200,59,0.4169,7.0
FY2026-09,2026,Oct,ECOM,Ecommerce,ST-0086,Autumn Gingham Maxi Dress,Autumn Gingham,Women,Dresses,Maxi Dress,Fall,New,697,114816.73,164.73,1355,1054,0.3397,7.8
FY2026-09,2026,Oct,STORE,Retail Stores,ST-0086,Autumn Gingham Maxi Dress,Autumn Gingham,Women,Dresses,Maxi Dress,Fall,New,21,3108.85,148.04,47,7,0.3088,9.0
FY2026-09,2026,Oct,WHSL,Wholesale,ST-0086,Autumn Gingham Maxi Dress,Autumn Gingham,Women,Dresses,Maxi Dress,Fall,New,296,35375.79,119.51,626,273,0.321,8.5
FY2025-01,2025,Feb,ECOM,Ecommerce,ST-0087,Ditsy Rose Day Dress,Ditsy Rose,Women,Dresses,Day Dress,Spring,New,519,71620.07,138.0,865,575,0.375,6.7
FY2025-01,2025,Feb,STORE,Retail Stores,ST-0087,Ditsy Rose Day Dress,Ditsy Rose,Women,Dresses,Day Dress,Spring,New,239,32972.35,137.96,307,197,0.4377,5.1
FY2025-02,2025,Mar,ECOM,Ecommerce,ST-0087,Ditsy Rose Day Dress,Ditsy Rose,Women,Dresses,Day Dress,Spring,New,673,82810.41,123.05,1575,1029,0.2994,11.7
FY2025-02,2025,Mar,STORE,Retail Stores,ST-0087,Ditsy Rose Day Dress,Ditsy Rose,Women,Dresses,Day Dress,Spring,New,95,12219.35,128.62,178,111,0.348,9.4
FY2025-03,2025,Apr,ECOM,Ecommerce,ST-0087,Ditsy Rose Day Dress,Ditsy Rose,Women,Dresses,Day Dress,Spring,New,647,88516.63,136.81,534,261,0.5478,3.3
FY2025-03,2025,Apr,STORE,Retail Stores,ST-0087,Ditsy Rose Day Dress,Ditsy Rose,Women,Dresses,Day Dress,Spring,New,236,31984.21,135.53,319,104,0.4252,5.4
FY2025-03,2025,Apr,WHSL,Wholesale,ST-0087,Ditsy Rose Day Dress,Ditsy Rose,Women,Dresses,Day Dress,Spring,New,403,41199.82,102.23,686,331,0.3701,6.8
FY2026-01,2026,Feb,ECOM,Ecommerce,ST-0087,Ditsy Rose Day Dress,Ditsy Rose,Women,Dresses,Day Dress,Spring,New,391,48028.03,122.83,853,448,0.3143,8.7
FY2026-01,2026,Feb,STORE,Retail Stores,ST-0087,Ditsy Rose Day Dress,Ditsy Rose,Women,Dresses,Day Dress,Spring,New,173,22335.42,129.11,320,78,0.3509,7.4
FY2026-01,2026,Feb,WHSL,Wholesale,ST-0087,Ditsy Rose Day Dress,Ditsy Rose,Women,Dresses,Day Dress,Spring,New,524,53569.99,102.23,901,600,0.3677,6.9
FY2026-02,2026,Mar,ECOM,Ecommerce,ST-0087,Ditsy Rose Day Dress,Ditsy Rose,Women,Dresses,Day Dress,Spring,New,371,45656.92,123.06,383,209,0.492,5.2
FY2026-02,2026,Mar,STORE,Retail Stores,ST-0087,Ditsy Rose Day Dress,Ditsy Rose,Women,Dresses,Day Dress,Spring,New,189,24923.41,131.87,154,81,0.551,4.1
FY2026-02,2026,Mar,WHSL,Wholesale,ST-0087,Ditsy Rose Day Dress,Ditsy Rose,Women,Dresses,Day Dress,Spring,New,73,7462.99,102.23,70,34,0.5105,4.8
FY2026-03,2026,Apr,ECOM,Ecommerce,ST-0087,Ditsy Rose Day Dress,Ditsy Rose,Women,Dresses,Day Dress,Spring,New,506,67923.19,134.24,1040,391,0.3273,8.2
FY2026-03,2026,Apr,STORE,Retail Stores,ST-0087,Ditsy Rose Day Dress,Ditsy Rose,Women,Dresses,Day Dress,Spring,New,247,31267.63,126.59,507,200,0.3276,8.2
FY2026-03,2026,Apr,WHSL,Wholesale,ST-0087,Ditsy Rose Day Dress,Ditsy Rose,Women,Dresses,Day Dress,Spring,New,167,17072.88,102.23,190,77,0.4678,4.6
FY2025-04,2025,May,ECOM,Ecommerce,ST-0088,Nantucket Stripe Day Dress,Nantucket Stripe,Women,Dresses,Day Dress,Summer,New,308,41342.72,134.23,672,474,0.3143,8.7
FY2025-04,2025,May,STORE,Retail Stores,ST-0088,Nantucket Stripe Day Dress,Nantucket Stripe,Women,Dresses,Day Dress,Summer,New,203,27220.59,134.09,165,142,0.5516,3.3
FY2025-04,2025,May,WHSL,Wholesale,ST-0088,Nantucket Stripe Day Dress,Nantucket Stripe,Women,Dresses,Day Dress,Summer,New,344,36158.8,105.11,747,493,0.3153,8.7
FY2025-05,2025,Jun,ECOM,Ecommerce,ST-0088,Nantucket Stripe Day Dress,Nantucket Stripe,Women,Dresses,Day Dress,Summer,New,808,117815.29,145.81,894,57,0.4747,5.5
FY2025-05,2025,Jun,STORE,Retail Stores,ST-0088,Nantucket Stripe Day Dress,Nantucket Stripe,Women,Dresses,Day Dress,Summer,New,276,40225.61,145.74,200,122,0.5798,3.6
FY2025-05,2025,Jun,WHSL,Wholesale,ST-0088,Nantucket Stripe Day Dress,Nantucket Stripe,Women,Dresses,Day Dress,Summer,New,563,59178.51,105.11,1121,781,0.3343,10.0
FY2025-06,2025,Jul,ECOM,Ecommerce,ST-0088,Nantucket Stripe Day Dress,Nantucket Stripe,Women,Dresses,Day Dress,Summer,New,443,61073.68,137.86,536,190,0.4525,4.8
FY2025-06,2025,Jul,STORE,Retail Stores,ST-0088,Nantucket Stripe Day Dress,Nantucket Stripe,Women,Dresses,Day Dress,Summer,New,396,56409.68,142.45,703,363,0.3603,7.1
FY2025-06,2025,Jul,WHSL,Wholesale,ST-0088,Nantucket Stripe Day Dress,Nantucket Stripe,Women,Dresses,Day Dress,Summer,New,443,46564.97,105.11,540,372,0.4507,4.9
FY2026-04,2026,May,ECOM,Ecommerce,ST-0088,Nantucket Stripe Day Dress,Nantucket Stripe,Women,Dresses,Day Dress,Summer,New,420,55593.22,132.36,943,134,0.3081,9.0
FY2026-04,2026,May,STORE,Retail Stores,ST-0088,Nantucket Stripe Day Dress,Nantucket Stripe,Women,Dresses,Day Dress,Summer,New,367,53092.39,144.67,368,222,0.4993,4.0
FY2026-05,2026,Jun,ECOM,Ecommerce,ST-0088,Nantucket Stripe Day Dress,Nantucket Stripe,Women,Dresses,Day Dress,Summer,New,239,33229.91,139.04,301,177,0.4426,6.3
FY2026-05,2026,Jun,STORE,Retail Stores,ST-0088,Nantucket Stripe Day Dress,Nantucket Stripe,Women,Dresses,Day Dress,Summer,New,408,55077.48,134.99,636,276,0.3908,7.8
FY2026-05,2026,Jun,WHSL,Wholesale,ST-0088,Nantucket Stripe Day Dress,Nantucket Stripe,Women,Dresses,Day Dress,Summer,New,284,29852.04,105.11,571,416,0.3322,10.1
FY2026-06,2026,Jul,ECOM,Ecommerce,ST-0088,Nantucket Stripe Day Dress,Nantucket Stripe,Women,Dresses,Day Dress,Summer,New,182,24979.19,137.25,405,131,0.3101,8.9
FY2026-06,2026,Jul,STORE,Retail Stores,ST-0088,Nantucket Stripe Day Dress,Nantucket Stripe,Women,Dresses,Day Dress,Summer,New,139,20123.34,144.77,292,65,0.3225,8.4
FY2025-01,2025,Feb,ECOM,Ecommerce,ST-0089,Tulip Garden Blouse,Tulip Garden,Women,Tops,Blouse,Spring,New,161,13131.25,81.56,185,140,0.4653,4.6
FY2025-01,2025,Feb,STORE,Retail Stores,ST-0089,Tulip Garden Blouse,Tulip Garden,Women,Tops,Blouse,Spring,New,133,9970.66,74.97,253,195,0.3446,7.6
FY2025-01,2025,Feb,WHSL,Wholesale,ST-0089,Tulip Garden Blouse,Tulip Garden,Women,Tops,Blouse,Spring,New,241,14920.98,61.91,414,51,0.3679,6.9
FY2025-02,2025,Mar,ECOM,Ecommerce,ST-0089,Tulip Garden Blouse,Tulip Garden,Women,Tops,Blouse,Spring,New,394,30207.42,76.67,907,112,0.3028,11.5
FY2025-02,2025,Mar,STORE,Retail Stores,ST-0089,Tulip Garden Blouse,Tulip Garden,Women,Tops,Blouse,Spring,New,152,12353.06,81.27,115,95,0.5693,3.8
FY2025-03,2025,Apr,ECOM,Ecommerce,ST-0089,Tulip Garden Blouse,Tulip Garden,Women,Tops,Blouse,Spring,New,331,25578.64,77.28,490,300,0.4032,5.9
FY2025-03,2025,Apr,STORE,Retail Stores,ST-0089,Tulip Garden Blouse,Tulip Garden,Women,Tops,Blouse,Spring,New,195,14795.42,75.87,385,35,0.3362,7.9
FY2025-03,2025,Apr,WHSL,Wholesale,ST-0089,Tulip Garden Blouse,Tulip Garden,Women,Tops,Blouse,Spring,New,181,11206.22,61.91,406,188,0.3083,9.0
FY2026-01,2026,Feb,ECOM,Ecommerce,ST-0089,Tulip Garden Blouse,Tulip Garden,Women,Tops,Blouse,Spring,New,464,38956.29,83.96,781,415,0.3727,6.7
FY2026-01,2026,Feb,STORE,Retail Stores,ST-0089,Tulip Garden Blouse,Tulip Garden,Women,Tops,Blouse,Spring,New,255,19488.9,76.43,344,12,0.4257,5.4
FY2026-02,2026,Mar,ECOM,Ecommerce,ST-0089,Tulip Garden Blouse,Tulip Garden,Women,Tops,Blouse,Spring,New,564,42073.04,74.6,458,10,0.5519,4.1
FY2026-02,2026,Mar,STORE,Retail Stores,ST-0089,Tulip Garden Blouse,Tulip Garden,Women,Tops,Blouse,Spring,New,154,12692.98,82.42,337,39,0.3136,10.9
FY2026-03,2026,Apr,ECOM,Ecommerce,ST-0089,Tulip Garden Blouse,Tulip Garden,Women,Tops,Blouse,Spring,New,188,16014.95,85.19,361,152,0.3424,7.7
FY2026-03,2026,Apr,STORE,Retail Stores,ST-0089,Tulip Garden Blouse,Tulip Garden,Women,Tops,Blouse,Spring,New,147,11427.05,77.74,272,97,0.3508,7.4
FY2026-03,2026,Apr,WHSL,Wholesale,ST-0089,Tulip Garden Blouse,Tulip Garden,Women,Tops,Blouse,Spring,New,271,16778.37,61.91,340,174,0.4435,5.0
FY2025-04,2025,May,ECOM,Ecommerce,ST-0090,Palm Frond Blouse,Palm Frond,Women,Tops,Blouse,Summer,New,296,22559.08,76.21,411,39,0.4187,5.6
FY2025-04,2025,May,STORE,Retail Stores,ST-0090,Palm Frond Blouse,Palm Frond,Women,Tops,Blouse,Summer,New,280,21016.07,75.06,630,329,0.3077,9.0
FY2025-04,2025,May,WHSL,Wholesale,ST-0090,Palm Frond Blouse,Palm Frond,Women,Tops,Blouse,Summer,New,158,9554.7,60.47,171,43,0.4802,4.3
FY2025-05,2025,Jun,ECOM,Ecommerce,ST-0090,Palm Frond Blouse,Palm Frond,Women,Tops,Blouse,Summer,New,101,7743.94,76.67,242,203,0.2945,12.0
FY2025-05,2025,Jun,STORE,Retail Stores,ST-0090,Palm Frond Blouse,Palm Frond,Women,Tops,Blouse,Summer,New,225,17881.04,79.47,243,58,0.4808,5.4
FY2025-06,2025,Jul,ECOM,Ecommerce,ST-0090,Palm Frond Blouse,Palm Frond,Women,Tops,Blouse,Summer,New,559,45946.69,82.19,976,544,0.3642,7.0
FY2025-06,2025,Jul,STORE,Retail Stores,ST-0090,Palm Frond Blouse,Palm Frond,Women,Tops,Blouse,Summer,New,228,17847.86,78.28,199,89,0.534,3.5
FY2026-04,2026,May,ECOM,Ecommerce,ST-0090,Palm Frond Blouse,Palm Frond,Women,Tops,Blouse,Summer,New,335,26637.74,79.52,529,467,0.3877,6.3
FY2026-04,2026,May,STORE,Retail Stores,ST-0090,Palm Frond Blouse,Palm Frond,Women,Tops,Blouse,Summer,New,63,4936.82,78.36,109,90,0.3663,6.9
FY2026-05,2026,Jun,ECOM,Ecommerce,ST-0090,Palm Frond Blouse,Palm Frond,Women,Tops,Blouse,Summer,New,279,22988.41,82.4,497,21,0.3595,8.9
FY2026-05,2026,Jun,STORE,Retail Stores,ST-0090,Palm Frond Blouse,Palm Frond,Women,Tops,Blouse,Summer,New,93,6977.8,75.03,168,12,0.3563,9.0
FY2026-06,2026,Jul,ECOM,Ecommerce,ST-0090,Palm Frond Blouse,Palm Frond,Women,Tops,Blouse,Summer,New,275,22336.67,81.22,576,497,0.3231,8.4
FY2026-06,2026,Jul,STORE,Retail Stores,ST-0090,Palm Frond Blouse,Palm Frond,Women,Tops,Blouse,Summer,New,229,17758.5,77.55,422,303,0.3518,7.4
FY2026-06,2026,Jul,WHSL,Wholesale,ST-0090,Palm Frond Blouse,Palm Frond,Women,Tops,Blouse,Summer,New,107,6470.59,60.47,156,115,0.4068,5.8
FY2025-07,2025,Aug,ECOM,Ecommerce,ST-0091,Wildflower Blouse,Wildflower,Women,Tops,Blouse,Fall,New,233,20773.21,89.16,484,213,0.325,8.3
FY2025-07,2025,Aug,STORE,Retail Stores,ST-0091,Wildflower Blouse,Wildflower,Women,Tops,Blouse,Fall,New,154,13809.75,89.67,307,77,0.3341,8.0
FY2025-07,2025,Aug,WHSL,Wholesale,ST-0091,Wildflower Blouse,Wildflower,Women,Tops,Blouse,Fall,New,478,33724.24,70.55,939,440,0.3373,7.9
FY2025-08,2025,Sep,ECOM,Ecommerce,ST-0091,Wildflower Blouse,Wildflower,Women,Tops,Blouse,Fall,New,215,20892.5,97.17,281,155,0.4335,6.5
FY2025-08,2025,Sep,STORE,Retail Stores,ST-0091,Wildflower Blouse,Wildflower,Women,Tops,Blouse,Fall,New,248,23964.51,96.63,323,212,0.4343,6.5
FY2025-08,2025,Sep,WHSL,Wholesale,ST-0091,Wildflower Blouse,Wildflower,Women,Tops,Blouse,Fall,New,116,8184.12,70.55,147,131,0.4411,6.3
FY2025-09,2025,Oct,ECOM,Ecommerce,ST-0091,Wildflower Blouse,Wildflower,Women,Tops,Blouse,Fall,New,122,11618.96,95.24,279,56,0.3042,9.1
FY2025-09,2025,Oct,STORE,Retail Stores,ST-0091,Wildflower Blouse,Wildflower,Women,Tops,Blouse,Fall,New,174,15650.78,89.95,286,61,0.3783,6.6
FY2025-09,2025,Oct,WHSL,Wholesale,ST-0091,Wildflower Blouse,Wildflower,Women,Tops,Blouse,Fall,New,304,21448.05,70.55,584,492,0.3423,7.7
FY2026-07,2026,Aug,ECOM,Ecommerce,ST-0091,Wildflower Blouse,Wildflower,Women,Tops,Blouse,Fall,New,461,42849.67,92.95,676,128,0.4055,5.9
FY2026-07,2026,Aug,STORE,Retail Stores,ST-0091,Wildflower Blouse,Wildflower,Women,Tops,Blouse,Fall,New,208,17761.96,85.39,438,328,0.322,8.4
FY2026-08,2026,Sep,ECOM,Ecommerce,ST-0091,Wildflower Blouse,Wildflower,Women,Tops,Blouse,Fall,New,268,26051.64,97.21,536,101,0.3333,10.0
FY2026-08,2026,Sep,STORE,Retail Stores,ST-0091,Wildflower Blouse,Wildflower,Women,Tops,Blouse,Fall,New,80,6961.94,87.02,182,64,0.3053,11.4
FY2026-09,2026,Oct,ECOM,Ecommerce,ST-0091,Wildflower Blouse,Wildflower,Women,Tops,Blouse,Fall,New,9,790.05,87.78,18,16,0.3333,8.0
FY2026-09,2026,Oct,STORE,Retail Stores,ST-0091,Wildflower Blouse,Wildflower,Women,Tops,Blouse,Fall,New,162,14197.75,87.64,149,126,0.5209,3.7
FY2025-09,2025,Oct,ECOM,Ecommerce,ST-0092,Winter Fair Isle Blouse,Winter Fair Isle,Women,Tops,Blouse,Holiday,New,695,56413.97,81.17,1294,338,0.3494,7.4
FY2025-09,2025,Oct,STORE,Retail Stores,ST-0092,Winter Fair Isle Blouse,Winter Fair Isle,Women,Tops,Blouse,Holiday,New,118,9897.55,83.88,139,46,0.4591,4.7
FY2025-09,2025,Oct,WHSL,Wholesale,ST-0092,Winter Fair Isle Blouse,Winter Fair Isle,Women,Tops,Blouse,Holiday,New,179,12113.43,67.67,262,3,0.4059,5.9
FY2025-10,2025,Nov,ECOM,Ecommerce,ST-0092,Winter Fair Isle Blouse,Winter Fair Isle,Women,Tops,Blouse,Holiday,New,180,15366.92,85.37,338,173,0.3475,7.5
FY2025-10,2025,Nov,STORE,Retail Stores,ST-0092,Winter Fair Isle Blouse,Winter Fair Isle,Women,Tops,Blouse,Holiday,New,97,8238.77,84.94,152,21,0.3896,6.3
FY2025-11,2025,Dec,ECOM,Ecommerce,ST-0092,Winter Fair Isle Blouse,Winter Fair Isle,Women,Tops,Blouse,Holiday,New,328,26640.22,81.22,253,179,0.5645,3.9
FY2025-11,2025,Dec,STORE,Retail Stores,ST-0092,Winter Fair Isle Blouse,Winter Fair Isle,Women,Tops,Blouse,Holiday,New,177,16450.76,92.94,128,41,0.5803,3.6
FY2026-09,2026,Oct,ECOM,Ecommerce,ST-0092,Winter Fair Isle Blouse,Winter Fair Isle,Women,Tops,Blouse,Holiday,New,109,9402.62,86.26,101,48,0.519,3.7
FY2026-09,2026,Oct,STORE,Retail Stores,ST-0092,Winter Fair Isle Blouse,Winter Fair Isle,Women,Tops,Blouse,Holiday,New,36,2921.84,81.16,83,64,0.3025,9.2
FY2026-10,2026,Nov,ECOM,Ecommerce,ST-0092,Winter Fair Isle Blouse,Winter Fair Isle,Women,Tops,Blouse,Holiday,New,455,41122.8,90.38,514,346,0.4696,4.5
FY2026-10,2026,Nov,STORE,Retail Stores,ST-0092,Winter Fair Isle Blouse,Winter Fair Isle,Women,Tops,Blouse,Holiday,New,210,19476.64,92.75,257,146,0.4497,4.9
FY2026-10,2026,Nov,WHSL,Wholesale,ST-0092,Winter Fair Isle Blouse,Winter Fair Isle,Women,Tops,Blouse,Holiday,New,146,9880.23,67.67,320,251,0.3133,8.8
FY2026-11,2026,Dec,ECOM,Ecommerce,ST-0092,Winter Fair Isle Blouse,Winter Fair Isle,Women,Tops,Blouse,Holiday,New,241,20301.22,84.24,546,123,0.3062,11.3
FY2026-11,2026,Dec,STORE,Retail Stores,ST-0092,Winter Fair Isle Blouse,Winter Fair Isle,Women,Tops,Blouse,Holiday,New,50,4434.2,88.68,35,14,0.5882,3.5
FY2025-04,2025,May,ECOM,Ecommerce,ST-0093,Strawberry Fields Tunic,Strawberry Fields,Women,Tops,Tunic,Summer,New,383,31646.12,82.63,627,290,0.3792,6.5
FY2025-04,2025,May,STORE,Retail Stores,ST-0093,Strawberry Fields Tunic,Strawberry Fields,Women,Tops,Tunic,Summer,New,275,21698.03,78.9,643,10,0.2996,9.4
FY2025-04,2025,May,WHSL,Wholesale,ST-0093,Strawberry Fields Tunic,Strawberry Fields,Women,Tops,Tunic,Summer,New,174,10772.83,61.91,171,55,0.5043,3.9
FY2025-05,2025,Jun,ECOM,Ecommerce,ST-0093,Strawberry Fields Tunic,Strawberry Fields,Women,Tops,Tunic,Summer,New,299,22969.58,76.82,467,328,0.3903,7.8
FY2025-05,2025,Jun,STORE,Retail Stores,ST-0093,Strawberry Fields Tunic,Strawberry Fields,Women,Tops,Tunic,Summer,New,82,6638.39,80.96,194,163,0.2971,11.8
FY2025-05,2025,Jun,WHSL,Wholesale,ST-0093,Strawberry Fields Tunic,Strawberry Fields,Women,Tops,Tunic,Summer,New,421,26065.29,61.91,397,239,0.5147,4.7
FY2025-06,2025,Jul,ECOM,Ecommerce,ST-0093,Strawberry Fields Tunic,Strawberry Fields,Women,Tops,Tunic,Summer,New,413,31007.03,75.08,641,444,0.3918,6.2
FY2025-06,2025,Jul,STORE,Retail Stores,ST-0093,Strawberry Fields Tunic,Strawberry Fields,Women,Tops,Tunic,Summer,New,190,14460.93,76.11,181,123,0.5121,3.8
FY2026-04,2026,May,ECOM,Ecommerce,ST-0093,Strawberry Fields Tunic,Strawberry Fields,Women,Tops,Tunic,Summer,New,448,38037.3,84.9,1007,556,0.3079,9.0
FY2026-04,2026,May,STORE,Retail Stores,ST-0093,Strawberry Fields Tunic,Strawberry Fields,Women,Tops,Tunic,Summer,New,81,6916.42,85.39,188,75,0.3011,9.3
FY2026-05,2026,Jun,ECOM,Ecommerce,ST-0093,Strawberry Fields Tunic,Strawberry Fields,Women,Tops,Tunic,Summer,New,239,20497.96,85.77,445,349,0.3494,9.3
FY2026-05,2026,Jun,STORE,Retail Stores,ST-0093,Strawberry Fields Tunic,Strawberry Fields,Women,Tops,Tunic,Summer,New,147,11419.71,77.69,136,79,0.5194,4.6
FY2026-06,2026,Jul,ECOM,Ecommerce,ST-0093,Strawberry Fields Tunic,Strawberry Fields,Women,Tops,Tunic,Summer,New,146,11750.16,80.48,195,27,0.4282,5.3
FY2026-06,2026,Jul,STORE,Retail Stores,ST-0093,Strawberry Fields Tunic,Strawberry Fields,Women,Tops,Tunic,Summer,New,153,11374.96,74.35,153,84,0.5,4.0
FY2025-09,2025,Oct,ECOM,Ecommerce,ST-0094,Snowdrop Tunic,Snowdrop,Women,Tops,Tunic,Holiday,New,440,34955.96,79.45,425,106,0.5087,3.9
FY2025-09,2025,Oct,STORE,Retail Stores,ST-0094,Snowdrop Tunic,Snowdrop,Women,Tops,Tunic,Holiday,New,181,14636.17,80.86,379,283,0.3232,8.4
FY2025-09,2025,Oct,WHSL,Wholesale,ST-0094,Snowdrop Tunic,Snowdrop,Women,Tops,Tunic,Holiday,New,180,10885.1,60.47,410,46,0.3051,9.1
FY2025-10,2025,Nov,ECOM,Ecommerce,ST-0094,Snowdrop Tunic,Snowdrop,Women,Tops,Tunic,Holiday,New,520,42207.56,81.17,712,536,0.4221,5.5
FY2025-10,2025,Nov,STORE,Retail Stores,ST-0094,Snowdrop Tunic,Snowdrop,Women,Tops,Tunic,Holiday,New,157,12273.33,78.17,275,205,0.3634,7.0
FY2025-10,2025,Nov,WHSL,Wholesale,ST-0094,Snowdrop Tunic,Snowdrop,Women,Tops,Tunic,Holiday,New,216,13062.12,60.47,268,153,0.4463,5.0
FY2025-11,2025,Dec,ECOM,Ecommerce,ST-0094,Snowdrop Tunic,Snowdrop,Women,Tops,Tunic,Holiday,New,409,33399.51,81.66,899,44,0.3127,11.0
FY2025-11,2025,Dec,STORE,Retail Stores,ST-0094,Snowdrop Tunic,Snowdrop,Women,Tops,Tunic,Holiday,New,238,19929.33,83.74,373,267,0.3895,7.8
FY2026-09,2026,Oct,ECOM,Ecommerce,ST-0094,Snowdrop Tunic,Snowdrop,Women,Tops,Tunic,Holiday,New,256,19341.24,75.55,421,254,0.3781,6.6
FY2026-09,2026,Oct,STORE,Retail Stores,ST-0094,Snowdrop Tunic,Snowdrop,Women,Tops,Tunic,Holiday,New,95,6980.62,73.48,69,34,0.5793,2.9
FY2026-10,2026,Nov,ECOM,Ecommerce,ST-0094,Snowdrop Tunic,Snowdrop,Women,Tops,Tunic,Holiday,New,314,25250.14,80.41,698,152,0.3103,8.9
FY2026-10,2026,Nov,STORE,Retail Stores,ST-0094,Snowdrop Tunic,Snowdrop,Women,Tops,Tunic,Holiday,New,179,14441.96,80.68,266,232,0.4022,5.9
FY2026-10,2026,Nov,WHSL,Wholesale,ST-0094,Snowdrop Tunic,Snowdrop,Women,Tops,Tunic,Holiday,New,294,17779.0,60.47,606,96,0.3267,8.2
FY2026-11,2026,Dec,ECOM,Ecommerce,ST-0094,Snowdrop Tunic,Snowdrop,Women,Tops,Tunic,Holiday,New,207,16605.04,80.22,323,145,0.3906,7.8
FY2026-11,2026,Dec,STORE,Retail Stores,ST-0094,Snowdrop Tunic,Snowdrop,Women,Tops,Tunic,Holiday,New,67,5550.29,82.84,154,86,0.3032,11.5
FY2026-11,2026,Dec,WHSL,Wholesale,ST-0094,Snowdrop Tunic,Snowdrop,Women,Tops,Tunic,Holiday,New,204,12336.45,60.47,232,154,0.4679,5.7
FY2025-01,2025,Feb,ECOM,Ecommerce,ST-0095,Tulip Garden Short,Tulip Garden,Women,Bottoms,Short,Spring,New,201,14868.6,73.97,318,66,0.3873,6.3
FY2025-01,2025,Feb,STORE,Retail Stores,ST-0095,Tulip Garden Short,Tulip Garden,Women,Bottoms,Short,Spring,New,289,20626.86,71.37,454,268,0.389,6.3
FY2025-01,2025,Feb,WHSL,Wholesale,ST-0095,Tulip Garden Short,Tulip Garden,Women,Bottoms,Short,Spring,New,267,14223.84,53.27,542,16,0.33,8.1
FY2025-02,2025,Mar,ECOM,Ecommerce,ST-0095,Tulip Garden Short,Tulip Garden,Women,Bottoms,Short,Spring,New,296,19130.5,64.63,643,549,0.3152,10.9
FY2025-02,2025,Mar,STORE,Retail Stores,ST-0095,Tulip Garden Short,Tulip Garden,Women,Bottoms,Short,Spring,New,320,21250.05,66.41,474,293,0.403,7.4
FY2025-02,2025,Mar,WHSL,Wholesale,ST-0095,Tulip Garden Short,Tulip Garden,Women,Bottoms,Short,Spring,New,116,6179.64,53.27,168,55,0.4085,7.2
FY2025-03,2025,Apr,ECOM,Ecommerce,ST-0095,Tulip Garden Short,Tulip Garden,Women,Bottoms,Short,Spring,New,276,20175.16,73.1,281,231,0.4955,4.1
FY2025-03,2025,Apr,STORE,Retail Stores,ST-0095,Tulip Garden Short,Tulip Garden,Women,Bottoms,Short,Spring,New,177,12567.6,71.0,327,275,0.3512,7.4
FY2025-03,2025,Apr,WHSL,Wholesale,ST-0095,Tulip Garden Short,Tulip Garden,Women,Bottoms,Short,Spring,New,266,14170.56,53.27,623,491,0.2992,9.4
FY2026-01,2026,Feb,ECOM,Ecommerce,ST-0095,Tulip Garden Short,Tulip Garden,Women,Bottoms,Short,Spring,New,306,19828.96,64.8,505,50,0.3773,6.6
FY2026-01,2026,Feb,STORE,Retail Stores,ST-0095,Tulip Garden Short,Tulip Garden,Women,Bottoms,Short,Spring,New,63,4222.06,67.02,100,66,0.3865,6.3
FY2026-02,2026,Mar,ECOM,Ecommerce,ST-0095,Tulip Garden Short,Tulip Garden,Women,Bottoms,Short,Spring,New,91,6366.44,69.96,188,16,0.3262,10.3
FY2026-02,2026,Mar,STORE,Retail Stores,ST-0095,Tulip Garden Short,Tulip Garden,Women,Bottoms,Short,Spring,New,289,19353.19,66.97,505,320,0.364,8.7
FY2026-03,2026,Apr,ECOM,Ecommerce,ST-0095,Tulip Garden Short,Tulip Garden,Women,Bottoms,Short,Spring,New,5,361.46,72.29,12,9,0.2941,9.6
FY2026-03,2026,Apr,STORE,Retail Stores,ST-0095,Tulip Garden Short,Tulip Garden,Women,Bottoms,Short,Spring,New,24,1627.44,67.81,23,15,0.5106,3.8
FY2025-07,2025,Aug,ECOM,Ecommerce,ST-0096,Pomegranate Short,Pomegranate,Women,Bottoms,Short,Fall,New,192,12125.3,63.15,411,239,0.3184,8.6
FY2025-07,2025,Aug,STORE,Retail Stores,ST-0096,Pomegranate Short,Pomegranate,Women,Bottoms,Short,Fall,New,194,12258.05,63.19,400,273,0.3266,8.2
FY2025-07,2025,Aug,WHSL,Wholesale,ST-0096,Pomegranate Short,Pomegranate,Women,Bottoms,Short,Fall,New,480,24879.74,51.83,666,507,0.4188,5.6
FY2025-08,2025,Sep,ECOM,Ecommerce,ST-0096,Pomegranate Short,Pomegranate,Women,Bottoms,Short,Fall,New,344,22690.34,65.96,522,405,0.3972,7.6
FY2025-08,2025,Sep,STORE,Retail Stores,ST-0096,Pomegranate Short,Pomegranate,Women,Bottoms,Short,Fall,New,67,4526.86,67.57,134,25,0.3333,10.0
FY2025-09,2025,Oct,ECOM,Ecommerce,ST-0096,Pomegranate Short,Pomegranate,Women,Bottoms,Short,Fall,New,402,24927.53,62.01,704,91,0.3635,7.0
FY2025-09,2025,Oct,STORE,Retail Stores,ST-0096,Pomegranate Short,Pomegranate,Women,Bottoms,Short,Fall,New,116,8175.89,70.48,274,208,0.2974,9.4
FY2026-07,2026,Aug,ECOM,Ecommerce,ST-0096,Pomegranate Short,Pomegranate,Women,Bottoms,Short,Fall,New,274,18979.17,69.27,617,330,0.3075,9.0
FY2026-07,2026,Aug,STORE,Retail Stores,ST-0096,Pomegranate Short,Pomegranate,Women,Bottoms,Short,Fall,New,219,15040.11,68.68,263,9,0.4544,4.8
FY2026-07,2026,Aug,WHSL,Wholesale,ST-0096,Pomegranate Short,Pomegranate,Women,Bottoms,Short,Fall,New,166,8604.24,51.83,260,130,0.3897,6.3
FY2026-08,2026,Sep,ECOM,Ecommerce,ST-0096,Pomegranate Short,Pomegranate,Women,Bottoms,Short,Fall,New,441,31657.06,71.78,782,33,0.3606,8.9
FY2026-08,2026,Sep,STORE,Retail Stores,ST-0096,Pomegranate Short,Pomegranate,Women,Bottoms,Short,Fall,New,115,7424.68,64.56,189,100,0.3783,8.2
FY2026-08,2026,Sep,WHSL,Wholesale,ST-0096,Pomegranate Short,Pomegranate,Women,Bottoms,Short,Fall,New,135,6997.43,51.83,168,136,0.4455,6.2
FY2026-09,2026,Oct,ECOM,Ecommerce,ST-0096,Pomegranate Short,Pomegranate,Women,Bottoms,Short,Fall,New,204,13545.35,66.4,328,205,0.3835,6.4
FY2026-09,2026,Oct,STORE,Retail Stores,ST-0096,Pomegranate Short,Pomegranate,Women,Bottoms,Short,Fall,New,194,12825.99,66.11,226,173,0.4619,4.7
FY2026-09,2026,Oct,WHSL,Wholesale,ST-0096,Pomegranate Short,Pomegranate,Women,Bottoms,Short,Fall,New,319,16534.66,51.83,350,145,0.4768,4.4
FY2025-09,2025,Oct,ECOM,Ecommerce,ST-0097,Holiday Holly Short,Holiday Holly,Women,Bottoms,Short,Holiday,New,199,12988.57,65.27,406,145,0.3289,8.2
FY2025-09,2025,Oct,STORE,Retail Stores,ST-0097,Holiday Holly Short,Holiday Holly,Women,Bottoms,Short,Holiday,New,143,9445.43,66.05,197,51,0.4206,5.5
FY2025-09,2025,Oct,WHSL,Wholesale,ST-0097,Holiday Holly Short,Holiday Holly,Women,Bottoms,Short,Holiday,New,299,15067.45,50.39,542,338,0.3555,7.3
FY2025-10,2025,Nov,ECOM,Ecommerce,ST-0097,Holiday Holly Short,Holiday Holly,Women,Bottoms,Short,Holiday,New,408,27666.02,67.81,286,209,0.5879,2.8
FY2025-10,2025,Nov,STORE,Retail Stores,ST-0097,Holiday Holly Short,Holiday Holly,Women,Bottoms,Short,Holiday,New,119,7957.09,66.87,94,84,0.5587,3.2
FY2025-11,2025,Dec,ECOM,Ecommerce,ST-0097,Holiday Holly Short,Holiday Holly,Women,Bottoms,Short,Holiday,New,351,22992.42,65.51,403,304,0.4655,5.7
FY2025-11,2025,Dec,STORE,Retail Stores,ST-0097,Holiday Holly Short,Holiday Holly,Women,Bottoms,Short,Holiday,New,178,11284.0,63.39,344,170,0.341,9.7
FY2025-11,2025,Dec,WHSL,Wholesale,ST-0097,Holiday Holly Short,Holiday Holly,Women,Bottoms,Short,Holiday,New,263,13253.31,50.39,577,215,0.3131,11.0
FY2026-09,2026,Oct,ECOM,Ecommerce,ST-0097,Holiday Holly Short,Holiday Holly,Women,Bottoms,Short,Holiday,New,295,18297.31,62.02,366,264,0.4463,5.0
FY2026-09,2026,Oct,STORE,Retail Stores,ST-0097,Holiday Holly Short,Holiday Holly,Women,Bottoms,Short,Holiday,New,127,8628.79,67.94,233,76,0.3528,7.3
FY2026-09,2026,Oct,WHSL,Wholesale,ST-0097,Holiday Holly Short,Holiday Holly,Women,Bottoms,Short,Holiday,New,379,19098.87,50.39,752,586,0.3351,7.9
FY2026-10,2026,Nov,ECOM,Ecommerce,ST-0097,Holiday Holly Short,Holiday Holly,Women,Bottoms,Short,Holiday,New,187,12218.76,65.34,329,201,0.3624,7.0
FY2026-10,2026,Nov,STORE,Retail Stores,ST-0097,Holiday Holly Short,Holiday Holly,Women,Bottoms,Short,Holiday,New,264,16148.2,61.17,275,95,0.4898,4.2
FY2026-11,2026,Dec,ECOM,Ecommerce,ST-0097,Holiday Holly Short,Holiday Holly,Women,Bottoms,Short,Holiday,New,371,23466.77,63.25,836,42,0.3074,11.3
FY2026-11,2026,Dec,STORE,Retail Stores,ST-0097,Holiday Holly Short,Holiday Holly,Women,Bottoms,Short,Holiday,New,170,10995.71,64.68,390,128,0.3036,11.5
FY2026-11,2026,Dec,WHSL,Wholesale,ST-0097,Holiday Holly Short,Holiday Holly,Women,Bottoms,Short,Holiday,New,455,22928.72,50.39,636,533,0.417,7.0
FY2025-01,2025,Feb,ECOM,Ecommerce,ST-0098,Garden Trellis Pant,Garden Trellis,Women,Bottoms,Pant,Spring,New,551,35475.31,64.38,1216,445,0.3118,8.8
FY2025-01,2025,Feb,STORE,Retail Stores,ST-0098,Garden Trellis Pant,Garden Trellis,Women,Bottoms,Pant,Spring,New,138,9321.6,67.55,142,2,0.4929,4.1
FY2025-02,2025,Mar,ECOM,Ecommerce,ST-0098,Garden Trellis Pant,Garden Trellis,Women,Bottoms,Pant,Spring,New,272,17589.56,64.67,203,119,0.5726,3.7
FY2025-02,2025,Mar,STORE,Retail Stores,ST-0098,Garden Trellis Pant,Garden Trellis,Women,Bottoms,Pant,Spring,New,278,19390.34,69.75,246,75,0.5305,4.4
FY2025-03,2025,Apr,ECOM,Ecommerce,ST-0098,Garden Trellis Pant,Garden Trellis,Women,Bottoms,Pant,Spring,New,129,7981.81,61.87,206,138,0.3851,6.4
FY2025-03,2025,Apr,STORE,Retail Stores,ST-0098,Garden Trellis Pant,Garden Trellis,Women,Bottoms,Pant,Spring,New,176,11097.42,63.05,342,6,0.3398,7.8
FY2026-01,2026,Feb,ECOM,Ecommerce,ST-0098,Garden Trellis Pant,Garden Trellis,Women,Bottoms,Pant,Spring,New,227,14982.75,66.0,325,241,0.4112,5.7
FY2026-01,2026,Feb,STORE,Retail Stores,ST-0098,Garden Trellis Pant,Garden Trellis,Women,Bottoms,Pant,Spring,New,181,12026.37,66.44,148,79,0.5502,3.3
FY2026-01,2026,Feb,WHSL,Wholesale,ST-0098,Garden Trellis Pant,Garden Trellis,Women,Bottoms,Pant,Spring,New,276,13908.41,50.39,321,238,0.4623,4.7
FY2026-02,2026,Mar,ECOM,Ecommerce,ST-0098,Garden Trellis Pant,Garden Trellis,Women,Bottoms,Pant,Spring,New,137,9390.17,68.54,176,70,0.4377,6.4
FY2026-02,2026,Mar,STORE,Retail Stores,ST-0098,Garden Trellis Pant,Garden Trellis,Women,Bottoms,Pant,Spring,New,61,3786.57,62.07,82,69,0.4266,6.7
FY2026-02,2026,Mar,WHSL,Wholesale,ST-0098,Garden Trellis Pant,Garden Trellis,Women,Bottoms,Pant,Spring,New,199,10028.17,50.39,322,63,0.382,8.1
FY2026-03,2026,Apr,ECOM,Ecommerce,ST-0098,Garden Trellis Pant,Garden Trellis,Women,Bottoms,Pant,Spring,New,78,5326.45,68.29,104,37,0.4286,5.3
FY2026-03,2026,Apr,STORE,Retail Stores,ST-0098,Garden Trellis Pant,Garden Trellis,Women,Bottoms,Pant,Spring,New,150,9477.26,63.18,275,114,0.3529,7.3
FY2025-04,2025,May,ECOM,Ecommerce,ST-0099,Strawberry Fields PJ Set,Strawberry Fields,Women,Sleepwear,PJ Set,Summer,New,511,38151.34,74.66,1107,310,0.3158,8.7
FY2025-04,2025,May,STORE,Retail Stores,ST-0099,Strawberry Fields PJ Set,Strawberry Fields,Women,Sleepwear,PJ Set,Summer,New,185,13906.72,75.17,356,292,0.342,7.7
FY2025-05,2025,Jun,ECOM,Ecommerce,ST-0099,Strawberry Fields PJ Set,Strawberry Fields,Women,Sleepwear,PJ Set,Summer,New,86,5812.58,67.59,165,91,0.3426,9.6
FY2025-05,2025,Jun,STORE,Retail Stores,ST-0099,Strawberry Fields PJ Set,Strawberry Fields,Women,Sleepwear,PJ Set,Summer,New,288,19693.58,68.38,253,12,0.5323,4.4
FY2025-05,2025,Jun,WHSL,Wholesale,ST-0099,Strawberry Fields PJ Set,Strawberry Fields,Women,Sleepwear,PJ Set,Summer,New,301,16468.55,54.71,487,281,0.382,8.1
FY2025-06,2025,Jul,ECOM,Ecommerce,ST-0099,Strawberry Fields PJ Set,Strawberry Fields,Women,Sleepwear,PJ Set,Summer,New,257,17195.07,66.91,614,394,0.2951,9.6
FY2025-06,2025,Jul,STORE,Retail Stores,ST-0099,Strawberry Fields PJ Set,Strawberry Fields,Women,Sleepwear,PJ Set,Summer,New,73,5189.59,71.09,156,16,0.3188,8.5
FY2025-06,2025,Jul,WHSL,Wholesale,ST-0099,Strawberry Fields PJ Set,Strawberry Fields,Women,Sleepwear,PJ Set,Summer,New,29,1586.67,54.71,46,8,0.3867,6.3
FY2026-04,2026,May,ECOM,Ecommerce,ST-0099,Strawberry Fields PJ Set,Strawberry Fields,Women,Sleepwear,PJ Set,Summer,New,369,25525.82,69.18,445,42,0.4533,4.8
FY2026-04,2026,May,STORE,Retail Stores,ST-0099,Strawberry Fields PJ Set,Strawberry Fields,Women,Sleepwear,PJ Set,Summer,New,274,18839.6,68.76,373,36,0.4235,5.4
FY2026-05,2026,Jun,ECOM,Ecommerce,ST-0099,Strawberry Fields PJ Set,Strawberry Fields,Women,Sleepwear,PJ Set,Summer,New,508,33535.7,66.02,582,201,0.4661,5.7
FY2026-05,2026,Jun,STORE,Retail Stores,ST-0099,Strawberry Fields PJ Set,Strawberry Fields,Women,Sleepwear,PJ Set,Summer,New,81,5401.17,66.68,121,30,0.401,7.5
FY2026-06,2026,Jul,ECOM,Ecommerce,ST-0099,Strawberry Fields PJ Set,Strawberry Fields,Women,Sleepwear,PJ Set,Summer,New,167,11020.97,65.99,203,126,0.4514,4.9
FY2026-06,2026,Jul,STORE,Retail Stores,ST-0099,Strawberry Fields PJ Set,Strawberry Fields,Women,Sleepwear,PJ Set,Summer,New,163,10695.71,65.62,151,31,0.5191,3.7
FY2025-07,2025,Aug,ECOM,Ecommerce,ST-0100,Acorn Toile PJ Set,Acorn Toile,Women,Sleepwear,PJ Set,Fall,New,0,0.0,86.0,0,0,0.0,0.0
FY2025-07,2025,Aug,STORE,Retail Stores,ST-0100,Acorn Toile PJ Set,Acorn Toile,Women,Sleepwear,PJ Set,Fall,New,370,31943.78,86.33,864,668,0.2998,9.3
FY2025-08,2025,Sep,ECOM,Ecommerce,ST-0100,Acorn Toile PJ Set,Acorn Toile,Women,Sleepwear,PJ Set,Fall,New,64,5006.86,78.23,81,25,0.4414,6.3
FY2025-08,2025,Sep,STORE,Retail Stores,ST-0100,Acorn Toile PJ Set,Acorn Toile,Women,Sleepwear,PJ Set,Fall,New,154,12095.34,78.54,259,186,0.3729,8.4
FY2025-08,2025,Sep,WHSL,Wholesale,ST-0100,Acorn Toile PJ Set,Acorn Toile,Women,Sleepwear,PJ Set,Fall,New,486,30789.46,63.35,765,187,0.3885,7.9
FY2025-09,2025,Oct,ECOM,Ecommerce,ST-0100,Acorn Toile PJ Set,Acorn Toile,Women,Sleepwear,PJ Set,Fall,New,215,18484.69,85.98,302,270,0.4159,5.6
FY2025-09,2025,Oct,STORE,Retail Stores,ST-0100,Acorn Toile PJ Set,Acorn Toile,Women,Sleepwear,PJ Set,Fall,New,244,19820.33,81.23,248,180,0.4959,4.1
FY2025-09,2025,Oct,WHSL,Wholesale,ST-0100,Acorn Toile PJ Set,Acorn Toile,Women,Sleepwear,PJ Set,Fall,New,284,17992.2,63.35,551,171,0.3401,7.8
FY2026-07,2026,Aug,ECOM,Ecommerce,ST-0100,Acorn Toile PJ Set,Acorn Toile,Women,Sleepwear,PJ Set,Fall,New,204,16430.07,80.54,423,369,0.3254,8.3
FY2026-07,2026,Aug,STORE,Retail Stores,ST-0100,Acorn Toile PJ Set,Acorn Toile,Women,Sleepwear,PJ Set,Fall,New,226,18228.09,80.66,480,109,0.3201,8.5
FY2026-08,2026,Sep,ECOM,Ecommerce,ST-0100,Acorn Toile PJ Set,Acorn Toile,Women,Sleepwear,PJ Set,Fall,New,304,24981.84,82.18,397,47,0.4337,6.5
FY2026-08,2026,Sep,STORE,Retail Stores,ST-0100,Acorn Toile PJ Set,Acorn Toile,Women,Sleepwear,PJ Set,Fall,New,279,24284.58,87.04,539,134,0.3411,9.7
FY2026-09,2026,Oct,ECOM,Ecommerce,ST-0100,Acorn Toile PJ Set,Acorn Toile,Women,Sleepwear,PJ Set,Fall,New,373,32074.5,85.99,492,222,0.4312,5.3
FY2026-09,2026,Oct,STORE,Retail Stores,ST-0100,Acorn Toile PJ Set,Acorn Toile,Women,Sleepwear,PJ Set,Fall,New,132,10607.37,80.36,271,131,0.3275,8.2
FY2025-09,2025,Oct,ECOM,Ecommerce,ST-0101,Winter Fair Isle PJ Set,Winter Fair Isle,Women,Sleepwear,PJ Set,Holiday,Carryover,0,0.0,80.97,0,0,0.0,0.0
FY2025-09,2025,Oct,STORE,Retail Stores,ST-0101,Winter Fair Isle PJ Set,Winter Fair Isle,Women,Sleepwear,PJ Set,Holiday,Carryover,249,20034.93,80.46,432,208,0.3656,6.9
FY2025-09,2025,Oct,WHSL,Wholesale,ST-0101,Winter Fair Isle PJ Set,Winter Fair Isle,Women,Sleepwear,PJ Set,Holiday,Carryover,436,25738.3,59.03,603,124,0.4196,5.5
FY2025-10,2025,Nov,ECOM,Ecommerce,ST-0101,Winter Fair Isle PJ Set,Winter Fair Isle,Women,Sleepwear,PJ Set,Holiday,Carryover,48,3448.26,71.84,38,21,0.5581,3.2
FY2025-10,2025,Nov,STORE,Retail Stores,ST-0101,Winter Fair Isle PJ Set,Winter Fair Isle,Women,Sleepwear,PJ Set,Holiday,Carryover,301,22588.12,75.04,350,119,0.4624,4.7
FY2025-10,2025,Nov,WHSL,Wholesale,ST-0101,Winter Fair Isle PJ Set,Winter Fair Isle,Women,Sleepwear,PJ Set,Holiday,Carryover,241,14226.9,59.03,235,113,0.5063,3.9
FY2025-11,2025,Dec,ECOM,Ecommerce,ST-0101,Winter Fair Isle PJ Set,Winter Fair Isle,Women,Sleepwear,PJ Set,Holiday,Carryover,246,19194.19,78.03,360,102,0.4059,7.3
FY2025-11,2025,Dec,STORE,Retail Stores,ST-0101,Winter Fair Isle PJ Set,Winter Fair Isle,Women,Sleepwear,PJ Set,Holiday,Carryover,232,17566.53,75.72,453,346,0.3387,9.8
FY2025-11,2025,Dec,WHSL,Wholesale,ST-0101,Winter Fair Isle PJ Set,Winter Fair Isle,Women,Sleepwear,PJ Set,Holiday,Carryover,313,18477.27,59.03,560,258,0.3585,8.9
FY2026-09,2026,Oct,ECOM,Ecommerce,ST-0101,Winter Fair Isle PJ Set,Winter Fair Isle,Women,Sleepwear,PJ Set,Holiday,Carryover,133,9400.72,70.68,151,5,0.4683,4.5
FY2026-09,2026,Oct,STORE,Retail Stores,ST-0101,Winter Fair Isle PJ Set,Winter Fair Isle,Women,Sleepwear,PJ Set,Holiday,Carryover,136,9768.54,71.83,322,89,0.2969,9.5
FY2026-09,2026,Oct,WHSL,Wholesale,ST-0101,Winter Fair Isle PJ Set,Winter Fair Isle,Women,Sleepwear,PJ Set,Holiday,Carryover,411,24262.48,59.03,695,394,0.3716,6.8
FY2026-10,2026,Nov,ECOM,Ecommerce,ST-0101,Winter Fair Isle PJ Set,Winter Fair Isle,Women,Sleepwear,PJ Set,Holiday,Carryover,119,9156.33,76.94,149,94,0.444,5.0
FY2026-10,2026,Nov,STORE,Retail Stores,ST-0101,Winter Fair Isle PJ Set,Winter Fair Isle,Women,Sleepwear,PJ Set,Holiday,Carryover,218,17814.8,81.72,157,27,0.5813,2.9
FY2026-11,2026,Dec,ECOM,Ecommerce,ST-0101,Winter Fair Isle PJ Set,Winter Fair Isle,Women,Sleepwear,PJ Set,Holiday,Carryover,269,21607.92,80.33,498,172,0.3507,9.3
FY2026-11,2026,Dec,STORE,Retail Stores,ST-0101,Winter Fair Isle PJ Set,Winter Fair Isle,Women,Sleepwear,PJ Set,Holiday,Carryover,159,12065.52,75.88,136,89,0.539,4.3
